# Blender 4.1.1
# www.blender.org
mtllib startText.mtl
o テキスト.001
v -1.620881 -0.090375 -0.100000
v -1.620881 -0.159217 -0.100000
v -1.620589 -0.165731 -0.100000
v -1.619712 -0.171678 -0.100000
v -1.618251 -0.177060 -0.100000
v -1.616205 -0.181874 -0.100000
v -1.613574 -0.186122 -0.100000
v -1.610359 -0.189804 -0.100000
v -1.606560 -0.192920 -0.100000
v -1.602175 -0.195469 -0.100000
v -1.597207 -0.197451 -0.100000
v -1.591653 -0.198867 -0.100000
v -1.585516 -0.199717 -0.100000
v -1.578793 -0.200000 -0.100000
v -1.449919 -0.200000 -0.100000
v -1.443196 -0.199717 -0.100000
v -1.437058 -0.198867 -0.100000
v -1.431505 -0.197451 -0.100000
v -1.426536 -0.195469 -0.100000
v -1.422152 -0.192920 -0.100000
v -1.418353 -0.189804 -0.100000
v -1.415138 -0.186122 -0.100000
v -1.412507 -0.181874 -0.100000
v -1.410461 -0.177060 -0.100000
v -1.409000 -0.171678 -0.100000
v -1.408123 -0.165731 -0.100000
v -1.407831 -0.159217 -0.100000
v -1.407831 0.088744 -0.100000
v -1.408123 0.095258 -0.100000
v -1.409000 0.101205 -0.100000
v -1.410461 0.106587 -0.100000
v -1.412507 0.111401 -0.100000
v -1.415138 0.115649 -0.100000
v -1.418353 0.119331 -0.100000
v -1.422152 0.122447 -0.100000
v -1.426536 0.124996 -0.100000
v -1.431505 0.126978 -0.100000
v -1.437058 0.128394 -0.100000
v -1.443196 0.129244 -0.100000
v -1.449919 0.129527 -0.100000
v -1.578793 0.129527 -0.100000
v -1.585516 0.129244 -0.100000
v -1.591653 0.128394 -0.100000
v -1.597207 0.126978 -0.100000
v -1.602175 0.124996 -0.100000
v -1.606560 0.122447 -0.100000
v -1.610359 0.119331 -0.100000
v -1.613574 0.115649 -0.100000
v -1.616205 0.111401 -0.100000
v -1.618251 0.106587 -0.100000
v -1.619712 0.101205 -0.100000
v -1.620589 0.095258 -0.100000
v -1.620881 0.088744 -0.100000
v -1.620881 -0.032300 -0.100000
v -1.600327 -0.052855 -0.100000
v -1.479282 -0.052855 -0.100000
v -1.479282 -0.145188 -0.100000
v -1.549429 -0.145188 -0.100000
v -1.549429 -0.090375 -0.100000
v -1.479282 -0.004241 -0.100000
v -1.549429 -0.004241 -0.100000
v -1.549429 0.074715 -0.100000
v -1.479282 0.074715 -0.100000
v -1.354323 -0.075041 -0.100000
v -1.354323 -0.159217 -0.100000
v -1.354036 -0.165731 -0.100000
v -1.353172 -0.171678 -0.100000
v -1.351734 -0.177060 -0.100000
v -1.349719 -0.181874 -0.100000
v -1.347130 -0.186122 -0.100000
v -1.343964 -0.189804 -0.100000
v -1.340224 -0.192920 -0.100000
v -1.335908 -0.195469 -0.100000
v -1.331016 -0.197451 -0.100000
v -1.325549 -0.198867 -0.100000
v -1.319506 -0.199717 -0.100000
v -1.312888 -0.200000 -0.100000
v -1.183361 -0.200000 -0.100000
v -1.176638 -0.199717 -0.100000
v -1.170501 -0.198867 -0.100000
v -1.164947 -0.197451 -0.100000
v -1.159979 -0.195469 -0.100000
v -1.155594 -0.192920 -0.100000
v -1.151795 -0.189804 -0.100000
v -1.148580 -0.186122 -0.100000
v -1.145949 -0.181874 -0.100000
v -1.143903 -0.177060 -0.100000
v -1.142442 -0.171678 -0.100000
v -1.141565 -0.165731 -0.100000
v -1.141273 -0.159217 -0.100000
v -1.141273 0.088744 -0.100000
v -1.141565 0.095258 -0.100000
v -1.142442 0.101205 -0.100000
v -1.143903 0.106587 -0.100000
v -1.145949 0.111401 -0.100000
v -1.148580 0.115649 -0.100000
v -1.151795 0.119331 -0.100000
v -1.155594 0.122447 -0.100000
v -1.159979 0.124996 -0.100000
v -1.164947 0.126978 -0.100000
v -1.170501 0.128394 -0.100000
v -1.176638 0.129244 -0.100000
v -1.183361 0.129527 -0.100000
v -1.312888 0.129527 -0.100000
v -1.319506 0.129244 -0.100000
v -1.325549 0.128394 -0.100000
v -1.331016 0.126978 -0.100000
v -1.335907 0.124996 -0.100000
v -1.340224 0.122447 -0.100000
v -1.343964 0.119331 -0.100000
v -1.347130 0.115649 -0.100000
v -1.349719 0.111401 -0.100000
v -1.351734 0.106587 -0.100000
v -1.353172 0.101205 -0.100000
v -1.354035 0.095258 -0.100000
v -1.354323 0.088744 -0.100000
v -1.354323 0.010441 -0.100000
v -1.281566 0.010441 -0.100000
v -1.281566 0.067211 -0.100000
v -1.214682 0.067211 -0.100000
v -1.214682 -0.138010 -0.100000
v -1.281566 -0.138010 -0.100000
v -1.281566 -0.075041 -0.100000
v -1.087765 0.088744 -0.100000
v -1.087765 -0.200000 -0.100000
v -1.016313 -0.200000 -0.100000
v -1.016313 -0.188581 -0.100000
v -1.012072 -0.189233 -0.100000
v -1.007831 -0.189886 -0.100000
v -1.003589 -0.190538 -0.100000
v -0.999348 -0.191191 -0.100000
v -0.995106 -0.191843 -0.100000
v -0.990865 -0.192496 -0.100000
v -0.986623 -0.193148 -0.100000
v -0.982382 -0.193801 -0.100000
v -0.978140 -0.194453 -0.100000
v -0.973899 -0.195106 -0.100000
v -0.969657 -0.195759 -0.100000
v -0.965416 -0.196411 -0.100000
v -0.959981 -0.197193 -0.100000
v -0.954767 -0.197906 -0.100000
v -0.949776 -0.198552 -0.100000
v -0.945007 -0.199130 -0.100000
v -0.940459 -0.199640 -0.100000
v -0.936134 -0.200082 -0.100000
v -0.932031 -0.200455 -0.100000
v -0.928150 -0.200761 -0.100000
v -0.924490 -0.200999 -0.100000
v -0.921053 -0.201169 -0.100000
v -0.917838 -0.201271 -0.100000
v -0.914845 -0.201305 -0.100000
v -0.908331 -0.201026 -0.100000
v -0.902384 -0.200190 -0.100000
v -0.897003 -0.198797 -0.100000
v -0.892188 -0.196846 -0.100000
v -0.887940 -0.194338 -0.100000
v -0.884258 -0.191272 -0.100000
v -0.881143 -0.187650 -0.100000
v -0.878594 -0.183469 -0.100000
v -0.876611 -0.178732 -0.100000
v -0.875195 -0.173437 -0.100000
v -0.874345 -0.167584 -0.100000
v -0.874062 -0.161175 -0.100000
v -0.874062 -0.042414 -0.100000
v -0.874354 -0.035900 -0.100000
v -0.875231 -0.029953 -0.100000
v -0.876693 -0.024572 -0.100000
v -0.878739 -0.019757 -0.100000
v -0.881369 -0.015509 -0.100000
v -0.884584 -0.011827 -0.100000
v -0.888384 -0.008712 -0.100000
v -0.892768 -0.006163 -0.100000
v -0.897737 -0.004180 -0.100000
v -0.903290 -0.002764 -0.100000
v -0.909428 -0.001914 -0.100000
v -0.916150 -0.001631 -0.100000
v -1.016966 -0.001631 -0.100000
v -1.016966 0.074062 -0.100000
v -0.945514 0.074062 -0.100000
v -0.945514 0.027080 -0.100000
v -0.877977 0.027080 -0.100000
v -0.877977 0.088744 -0.100000
v -0.878270 0.095258 -0.100000
v -0.879147 0.101205 -0.100000
v -0.880608 0.106587 -0.100000
v -0.882654 0.111401 -0.100000
v -0.885284 0.115649 -0.100000
v -0.888499 0.119331 -0.100000
v -0.892299 0.122447 -0.100000
v -0.896683 0.124996 -0.100000
v -0.901652 0.126978 -0.100000
v -0.907205 0.128394 -0.100000
v -0.913343 0.129244 -0.100000
v -0.920065 0.129527 -0.100000
v -1.046330 0.129527 -0.100000
v -1.052948 0.129244 -0.100000
v -1.058991 0.128394 -0.100000
v -1.064458 0.126978 -0.100000
v -1.069350 0.124996 -0.100000
v -1.073666 0.122447 -0.100000
v -1.077406 0.119331 -0.100000
v -1.080572 0.115649 -0.100000
v -1.083161 0.111401 -0.100000
v -1.085176 0.106587 -0.100000
v -1.086614 0.101205 -0.100000
v -1.087478 0.095258 -0.100000
v -0.945514 -0.143230 -0.100000
v -1.016966 -0.140620 -0.100000
v -1.016966 -0.052202 -0.100000
v -0.945514 -0.052202 -0.100000
v -0.822512 0.090702 -0.100000
v -0.822512 -0.133768 -0.100000
v -0.822313 -0.140289 -0.100000
v -0.821715 -0.146475 -0.100000
v -0.820718 -0.152325 -0.100000
v -0.819322 -0.157839 -0.100000
v -0.817528 -0.163019 -0.100000
v -0.815335 -0.167863 -0.100000
v -0.812743 -0.172372 -0.100000
v -0.809752 -0.176545 -0.100000
v -0.806362 -0.180383 -0.100000
v -0.802574 -0.183886 -0.100000
v -0.798387 -0.187054 -0.100000
v -0.793801 -0.189886 -0.100000
v -0.790171 -0.191710 -0.100000
v -0.786243 -0.193375 -0.100000
v -0.782015 -0.194882 -0.100000
v -0.777488 -0.196230 -0.100000
v -0.772662 -0.197419 -0.100000
v -0.767537 -0.198450 -0.100000
v -0.762113 -0.199323 -0.100000
v -0.756389 -0.200036 -0.100000
v -0.750367 -0.200591 -0.100000
v -0.744046 -0.200988 -0.100000
v -0.737425 -0.201226 -0.100000
v -0.730506 -0.201305 -0.100000
v -0.728819 -0.201301 -0.100000
v -0.727021 -0.201287 -0.100000
v -0.725112 -0.201264 -0.100000
v -0.723092 -0.201233 -0.100000
v -0.720961 -0.201192 -0.100000
v -0.718720 -0.201142 -0.100000
v -0.716367 -0.201083 -0.100000
v -0.713903 -0.201015 -0.100000
v -0.711328 -0.200938 -0.100000
v -0.708642 -0.200852 -0.100000
v -0.705845 -0.200757 -0.100000
v -0.702937 -0.200653 -0.100000
v -0.700042 -0.200548 -0.100000
v -0.697286 -0.200453 -0.100000
v -0.694668 -0.200367 -0.100000
v -0.692188 -0.200290 -0.100000
v -0.689846 -0.200222 -0.100000
v -0.687643 -0.200163 -0.100000
v -0.685578 -0.200113 -0.100000
v -0.683651 -0.200072 -0.100000
v -0.681862 -0.200041 -0.100000
v -0.680211 -0.200018 -0.100000
v -0.678699 -0.200005 -0.100000
v -0.677325 -0.200000 -0.100000
v -0.677325 -0.320392 -0.100000
v -0.602610 -0.320392 -0.100000
v -0.602610 0.129527 -0.100000
v -0.677325 0.129527 -0.100000
v -0.677325 0.117455 -0.100000
v -0.681675 0.118110 -0.100000
v -0.686025 0.118769 -0.100000
v -0.690375 0.119433 -0.100000
v -0.694726 0.120102 -0.100000
v -0.699076 0.120775 -0.100000
v -0.703426 0.121452 -0.100000
v -0.707776 0.122134 -0.100000
v -0.712126 0.122820 -0.100000
v -0.716476 0.123512 -0.100000
v -0.720827 0.124207 -0.100000
v -0.725177 0.124907 -0.100000
v -0.729527 0.125612 -0.100000
v -0.734924 0.126446 -0.100000
v -0.740131 0.127207 -0.100000
v -0.745147 0.127896 -0.100000
v -0.749973 0.128512 -0.100000
v -0.754609 0.129056 -0.100000
v -0.759054 0.129527 -0.100000
v -0.763309 0.129926 -0.100000
v -0.767374 0.130252 -0.100000
v -0.771248 0.130506 -0.100000
v -0.774932 0.130687 -0.100000
v -0.778426 0.130796 -0.100000
v -0.781729 0.130832 -0.100000
v -0.788243 0.130553 -0.100000
v -0.794191 0.129717 -0.100000
v -0.799572 0.128324 -0.100000
v -0.804387 0.126373 -0.100000
v -0.808635 0.123865 -0.100000
v -0.812317 0.120799 -0.100000
v -0.815432 0.117177 -0.100000
v -0.817981 0.112996 -0.100000
v -0.819964 0.108259 -0.100000
v -0.821380 0.102964 -0.100000
v -0.822229 0.097111 -0.100000
v -0.723654 -0.138010 -0.100000
v -0.727458 -0.137838 -0.100000
v -0.730932 -0.137321 -0.100000
v -0.734074 -0.136460 -0.100000
v -0.736886 -0.135255 -0.100000
v -0.739367 -0.133705 -0.100000
v -0.741517 -0.131811 -0.100000
v -0.743337 -0.129572 -0.100000
v -0.744825 -0.126989 -0.100000
v -0.745983 -0.124062 -0.100000
v -0.746810 -0.120790 -0.100000
v -0.747306 -0.117174 -0.100000
v -0.747472 -0.113214 -0.100000
v -0.747472 0.067211 -0.100000
v -0.677325 0.065905 -0.100000
v -0.677325 -0.138010 -0.100000
v -0.545840 -0.031648 -0.100000
v -0.545840 -0.153344 -0.100000
v -0.545519 -0.160796 -0.100000
v -0.544553 -0.167600 -0.100000
v -0.542945 -0.173756 -0.100000
v -0.540693 -0.179264 -0.100000
v -0.537797 -0.184124 -0.100000
v -0.534258 -0.188336 -0.100000
v -0.530075 -0.191900 -0.100000
v -0.525249 -0.194816 -0.100000
v -0.519780 -0.197084 -0.100000
v -0.513667 -0.198704 -0.100000
v -0.506911 -0.199676 -0.100000
v -0.499511 -0.200000 -0.100000
v -0.345840 -0.200000 -0.100000
v -0.338492 -0.199676 -0.100000
v -0.331784 -0.198704 -0.100000
v -0.325714 -0.197084 -0.100000
v -0.320283 -0.194816 -0.100000
v -0.315491 -0.191900 -0.100000
v -0.311338 -0.188336 -0.100000
v -0.307824 -0.184124 -0.100000
v -0.304948 -0.179264 -0.100000
v -0.302712 -0.173756 -0.100000
v -0.301115 -0.167600 -0.100000
v -0.300156 -0.160796 -0.100000
v -0.299837 -0.153344 -0.100000
v -0.299837 -0.031648 -0.100000
v -0.376183 -0.031648 -0.100000
v -0.376183 -0.135726 -0.100000
v -0.469494 -0.135726 -0.100000
v -0.469494 -0.035563 -0.100000
v -0.316476 0.109299 -0.100000
v -0.313819 0.112024 -0.100000
v -0.311392 0.114872 -0.100000
v -0.309197 0.117843 -0.100000
v -0.307232 0.120935 -0.100000
v -0.305499 0.124150 -0.100000
v -0.303997 0.127488 -0.100000
v -0.302726 0.130948 -0.100000
v -0.301686 0.134530 -0.100000
v -0.300877 0.138234 -0.100000
v -0.300299 0.142061 -0.100000
v -0.299953 0.146010 -0.100000
v -0.299837 0.150082 -0.100000
v -0.299837 0.263622 -0.100000
v -0.300156 0.271126 -0.100000
v -0.301115 0.277977 -0.100000
v -0.302712 0.284176 -0.100000
v -0.304948 0.289723 -0.100000
v -0.307824 0.294617 -0.100000
v -0.311338 0.298858 -0.100000
v -0.315491 0.302447 -0.100000
v -0.320283 0.305383 -0.100000
v -0.325714 0.307667 -0.100000
v -0.331784 0.309299 -0.100000
v -0.338492 0.310277 -0.100000
v -0.345840 0.310604 -0.100000
v -0.499511 0.310604 -0.100000
v -0.506911 0.310282 -0.100000
v -0.513667 0.309317 -0.100000
v -0.519780 0.307708 -0.100000
v -0.525249 0.305456 -0.100000
v -0.530075 0.302560 -0.100000
v -0.534258 0.299021 -0.100000
v -0.537797 0.294839 -0.100000
v -0.540693 0.290013 -0.100000
v -0.542945 0.284543 -0.100000
v -0.544553 0.278430 -0.100000
v -0.545519 0.271674 -0.100000
v -0.545840 0.264274 -0.100000
v -0.545840 0.150082 -0.100000
v -0.469494 0.150082 -0.100000
v -0.469494 0.246330 -0.100000
v -0.376183 0.246330 -0.100000
v -0.376183 0.153997 -0.100000
v -0.529201 0.009788 -0.100000
v -0.531859 0.007108 -0.100000
v -0.534285 0.004287 -0.100000
v -0.536481 0.001326 -0.100000
v -0.538445 -0.001776 -0.100000
v -0.540178 -0.005019 -0.100000
v -0.541680 -0.008401 -0.100000
v -0.542952 -0.011924 -0.100000
v -0.543992 -0.015588 -0.100000
v -0.544800 -0.019392 -0.100000
v -0.545378 -0.023337 -0.100000
v -0.545725 -0.027422 -0.100000
v -0.105710 0.088744 -0.100000
v -0.105710 -0.159217 -0.100000
v -0.105422 -0.165731 -0.100000
v -0.104559 -0.171678 -0.100000
v -0.103120 -0.177060 -0.100000
v -0.101106 -0.181874 -0.100000
v -0.098516 -0.186122 -0.100000
v -0.095351 -0.189804 -0.100000
v -0.091610 -0.192920 -0.100000
v -0.087294 -0.195469 -0.100000
v -0.082402 -0.197451 -0.100000
v -0.076935 -0.198867 -0.100000
v -0.070892 -0.199717 -0.100000
v -0.064274 -0.200000 -0.100000
v 0.069494 -0.200000 -0.100000
v 0.076217 -0.199717 -0.100000
v 0.082355 -0.198867 -0.100000
v 0.087908 -0.197451 -0.100000
v 0.092877 -0.195469 -0.100000
v 0.097261 -0.192920 -0.100000
v 0.101060 -0.189804 -0.100000
v 0.104275 -0.186122 -0.100000
v 0.106906 -0.181874 -0.100000
v 0.108952 -0.177060 -0.100000
v 0.110413 -0.171678 -0.100000
v 0.111290 -0.165731 -0.100000
v 0.111582 -0.159217 -0.100000
v 0.111582 0.088744 -0.100000
v 0.111290 0.095258 -0.100000
v 0.110413 0.101205 -0.100000
v 0.108952 0.106587 -0.100000
v 0.106906 0.111401 -0.100000
v 0.104275 0.115649 -0.100000
v 0.101060 0.119331 -0.100000
v 0.097261 0.122447 -0.100000
v 0.092877 0.124996 -0.100000
v 0.087908 0.126978 -0.100000
v 0.082355 0.128394 -0.100000
v 0.076217 0.129244 -0.100000
v 0.069494 0.129527 -0.100000
v -0.064274 0.129527 -0.100000
v -0.070892 0.129244 -0.100000
v -0.076935 0.128394 -0.100000
v -0.082402 0.126978 -0.100000
v -0.087294 0.124996 -0.100000
v -0.091610 0.122447 -0.100000
v -0.095351 0.119331 -0.100000
v -0.098516 0.115649 -0.100000
v -0.101106 0.111401 -0.100000
v -0.103120 0.106587 -0.100000
v -0.104559 0.101205 -0.100000
v -0.105422 0.095258 -0.100000
v 0.038173 -0.138010 -0.100000
v -0.032626 -0.138010 -0.100000
v -0.032626 0.067211 -0.100000
v 0.038173 0.067211 -0.100000
v 0.153018 -0.136378 -0.100000
v 0.153018 -0.200000 -0.100000
v 0.235889 -0.200000 -0.100000
v 0.242507 -0.199717 -0.100000
v 0.248550 -0.198867 -0.100000
v 0.254017 -0.197451 -0.100000
v 0.258909 -0.195469 -0.100000
v 0.263225 -0.192920 -0.100000
v 0.266966 -0.189804 -0.100000
v 0.270131 -0.186122 -0.100000
v 0.272721 -0.181874 -0.100000
v 0.274735 -0.177060 -0.100000
v 0.276174 -0.171678 -0.100000
v 0.277037 -0.165731 -0.100000
v 0.277325 -0.159217 -0.100000
v 0.277325 0.065905 -0.100000
v 0.312561 0.065905 -0.100000
v 0.312561 0.129527 -0.100000
v 0.277325 0.129527 -0.100000
v 0.277325 0.218923 -0.100000
v 0.202937 0.218923 -0.100000
v 0.202937 0.129527 -0.100000
v 0.154976 0.129527 -0.100000
v 0.154976 0.065905 -0.100000
v 0.202937 0.065905 -0.100000
v 0.202937 -0.136378 -0.100000
v 0.474388 -0.136378 -0.100000
v 0.474388 -0.200000 -0.100000
v 0.557260 -0.200000 -0.100000
v 0.563878 -0.199717 -0.100000
v 0.569920 -0.198867 -0.100000
v 0.575388 -0.197451 -0.100000
v 0.580279 -0.195469 -0.100000
v 0.584596 -0.192920 -0.100000
v 0.588336 -0.189804 -0.100000
v 0.591501 -0.186122 -0.100000
v 0.594091 -0.181874 -0.100000
v 0.596105 -0.177060 -0.100000
v 0.597544 -0.171678 -0.100000
v 0.598407 -0.165731 -0.100000
v 0.598695 -0.159217 -0.100000
v 0.598695 0.065905 -0.100000
v 0.633932 0.065905 -0.100000
v 0.633932 0.129527 -0.100000
v 0.598695 0.129527 -0.100000
v 0.598695 0.218923 -0.100000
v 0.524307 0.218923 -0.100000
v 0.524307 0.129527 -0.100000
v 0.476346 0.129527 -0.100000
v 0.476346 0.065905 -0.100000
v 0.524307 0.065905 -0.100000
v 0.524307 -0.136378 -0.100000
v 0.658728 0.090702 -0.100000
v 0.658728 -0.008157 -0.100000
v 0.732790 -0.008157 -0.100000
v 0.732790 0.067211 -0.100000
v 0.791844 0.065905 -0.100000
v 0.791844 -0.200000 -0.100000
v 0.866558 -0.200000 -0.100000
v 0.866558 0.129527 -0.100000
v 0.791844 0.129527 -0.100000
v 0.791844 0.117455 -0.100000
v 0.787985 0.118162 -0.100000
v 0.784131 0.118869 -0.100000
v 0.780282 0.119576 -0.100000
v 0.776437 0.120283 -0.100000
v 0.772596 0.120990 -0.100000
v 0.768761 0.121697 -0.100000
v 0.764929 0.122404 -0.100000
v 0.761102 0.123110 -0.100000
v 0.757280 0.123817 -0.100000
v 0.753462 0.124524 -0.100000
v 0.749649 0.125231 -0.100000
v 0.745840 0.125938 -0.100000
v 0.741282 0.126720 -0.100000
v 0.736850 0.127433 -0.100000
v 0.732545 0.128079 -0.100000
v 0.728367 0.128657 -0.100000
v 0.724316 0.129167 -0.100000
v 0.720392 0.129609 -0.100000
v 0.716595 0.129982 -0.100000
v 0.712924 0.130288 -0.100000
v 0.709380 0.130526 -0.100000
v 0.705964 0.130696 -0.100000
v 0.702674 0.130798 -0.100000
v 0.699511 0.130832 -0.100000
v 0.692997 0.130553 -0.100000
v 0.687049 0.129717 -0.100000
v 0.681668 0.128324 -0.100000
v 0.676854 0.126373 -0.100000
v 0.672605 0.123865 -0.100000
v 0.668924 0.120799 -0.100000
v 0.665808 0.117177 -0.100000
v 0.663259 0.112996 -0.100000
v 0.661277 0.108259 -0.100000
v 0.659861 0.102964 -0.100000
v 0.659011 0.097111 -0.100000
v 0.920066 0.088744 -0.100000
v 0.920066 -0.200000 -0.100000
v 0.991517 -0.200000 -0.100000
v 0.991517 -0.188581 -0.100000
v 0.995759 -0.189233 -0.100000
v 1.000000 -0.189886 -0.100000
v 1.004242 -0.190538 -0.100000
v 1.008483 -0.191191 -0.100000
v 1.012725 -0.191843 -0.100000
v 1.016966 -0.192496 -0.100000
v 1.021208 -0.193148 -0.100000
v 1.025449 -0.193801 -0.100000
v 1.029691 -0.194453 -0.100000
v 1.033932 -0.195106 -0.100000
v 1.038174 -0.195759 -0.100000
v 1.042415 -0.196411 -0.100000
v 1.047850 -0.197193 -0.100000
v 1.053064 -0.197906 -0.100000
v 1.058055 -0.198552 -0.100000
v 1.062824 -0.199130 -0.100000
v 1.067372 -0.199640 -0.100000
v 1.071697 -0.200082 -0.100000
v 1.075800 -0.200455 -0.100000
v 1.079681 -0.200761 -0.100000
v 1.083341 -0.200999 -0.100000
v 1.086778 -0.201169 -0.100000
v 1.089993 -0.201271 -0.100000
v 1.092986 -0.201305 -0.100000
v 1.099500 -0.201026 -0.100000
v 1.105447 -0.200190 -0.100000
v 1.110828 -0.198797 -0.100000
v 1.115643 -0.196846 -0.100000
v 1.119891 -0.194338 -0.100000
v 1.123573 -0.191272 -0.100000
v 1.126688 -0.187650 -0.100000
v 1.129237 -0.183469 -0.100000
v 1.131220 -0.178732 -0.100000
v 1.132636 -0.173437 -0.100000
v 1.133485 -0.167584 -0.100000
v 1.133769 -0.161175 -0.100000
v 1.133769 -0.042414 -0.100000
v 1.133476 -0.035900 -0.100000
v 1.132600 -0.029953 -0.100000
v 1.131138 -0.024572 -0.100000
v 1.129092 -0.019757 -0.100000
v 1.126462 -0.015509 -0.100000
v 1.123247 -0.011827 -0.100000
v 1.119447 -0.008712 -0.100000
v 1.115063 -0.006163 -0.100000
v 1.110094 -0.004180 -0.100000
v 1.104541 -0.002764 -0.100000
v 1.098403 -0.001914 -0.100000
v 1.091681 -0.001631 -0.100000
v 0.990865 -0.001631 -0.100000
v 0.990865 0.074062 -0.100000
v 1.062317 0.074062 -0.100000
v 1.062317 0.027080 -0.100000
v 1.129853 0.027080 -0.100000
v 1.129853 0.088744 -0.100000
v 1.129561 0.095258 -0.100000
v 1.128684 0.101205 -0.100000
v 1.127223 0.106587 -0.100000
v 1.125177 0.111401 -0.100000
v 1.122547 0.115649 -0.100000
v 1.119331 0.119331 -0.100000
v 1.115532 0.122447 -0.100000
v 1.111148 0.124996 -0.100000
v 1.106179 0.126978 -0.100000
v 1.100626 0.128394 -0.100000
v 1.094488 0.129244 -0.100000
v 1.087765 0.129527 -0.100000
v 0.961501 0.129527 -0.100000
v 0.954883 0.129244 -0.100000
v 0.948840 0.128394 -0.100000
v 0.943373 0.126978 -0.100000
v 0.938481 0.124996 -0.100000
v 0.934165 0.122447 -0.100000
v 0.930424 0.119331 -0.100000
v 0.927259 0.115649 -0.100000
v 0.924670 0.111401 -0.100000
v 0.922655 0.106587 -0.100000
v 0.921217 0.101205 -0.100000
v 0.920353 0.095258 -0.100000
v 1.062317 -0.143230 -0.100000
v 0.990865 -0.140620 -0.100000
v 0.990865 -0.052202 -0.100000
v 1.062317 -0.052202 -0.100000
v 1.173899 -0.136378 -0.100000
v 1.173899 -0.200000 -0.100000
v 1.256770 -0.200000 -0.100000
v 1.263389 -0.199717 -0.100000
v 1.269431 -0.198867 -0.100000
v 1.274898 -0.197451 -0.100000
v 1.279790 -0.195469 -0.100000
v 1.284106 -0.192920 -0.100000
v 1.287847 -0.189804 -0.100000
v 1.291012 -0.186122 -0.100000
v 1.293602 -0.181874 -0.100000
v 1.295616 -0.177060 -0.100000
v 1.297055 -0.171678 -0.100000
v 1.297918 -0.165731 -0.100000
v 1.298206 -0.159217 -0.100000
v 1.298206 0.065905 -0.100000
v 1.333442 0.065905 -0.100000
v 1.333442 0.129527 -0.100000
v 1.298206 0.129527 -0.100000
v 1.298206 0.218923 -0.100000
v 1.223818 0.218923 -0.100000
v 1.223818 0.129527 -0.100000
v 1.175857 0.129527 -0.100000
v 1.175857 0.065905 -0.100000
v 1.223818 0.065905 -0.100000
v 1.223818 -0.136378 -0.100000
v 1.372921 -0.031648 -0.100000
v 1.372921 -0.153344 -0.100000
v 1.373242 -0.160796 -0.100000
v 1.374207 -0.167600 -0.100000
v 1.375816 -0.173756 -0.100000
v 1.378068 -0.179264 -0.100000
v 1.380964 -0.184124 -0.100000
v 1.384503 -0.188336 -0.100000
v 1.388685 -0.191900 -0.100000
v 1.393511 -0.194816 -0.100000
v 1.398981 -0.197084 -0.100000
v 1.405094 -0.198704 -0.100000
v 1.411850 -0.199676 -0.100000
v 1.419250 -0.200000 -0.100000
v 1.572921 -0.200000 -0.100000
v 1.580268 -0.199676 -0.100000
v 1.586977 -0.198704 -0.100000
v 1.593047 -0.197084 -0.100000
v 1.598478 -0.194816 -0.100000
v 1.603270 -0.191900 -0.100000
v 1.607423 -0.188336 -0.100000
v 1.610937 -0.184124 -0.100000
v 1.613812 -0.179264 -0.100000
v 1.616049 -0.173756 -0.100000
v 1.617646 -0.167600 -0.100000
v 1.618604 -0.160796 -0.100000
v 1.618924 -0.153344 -0.100000
v 1.618924 -0.031648 -0.100000
v 1.542578 -0.031648 -0.100000
v 1.542578 -0.135726 -0.100000
v 1.449266 -0.135726 -0.100000
v 1.449266 -0.035563 -0.100000
v 1.602284 0.109299 -0.100000
v 1.604942 0.112024 -0.100000
v 1.607369 0.114872 -0.100000
v 1.609564 0.117843 -0.100000
v 1.611529 0.120935 -0.100000
v 1.613262 0.124150 -0.100000
v 1.614764 0.127488 -0.100000
v 1.616035 0.130948 -0.100000
v 1.617075 0.134530 -0.100000
v 1.617884 0.138234 -0.100000
v 1.618462 0.142061 -0.100000
v 1.618808 0.146010 -0.100000
v 1.618924 0.150082 -0.100000
v 1.618924 0.263622 -0.100000
v 1.618604 0.271126 -0.100000
v 1.617646 0.277977 -0.100000
v 1.616049 0.284176 -0.100000
v 1.613812 0.289723 -0.100000
v 1.610937 0.294617 -0.100000
v 1.607423 0.298858 -0.100000
v 1.603270 0.302447 -0.100000
v 1.598478 0.305383 -0.100000
v 1.593047 0.307667 -0.100000
v 1.586977 0.309299 -0.100000
v 1.580268 0.310277 -0.100000
v 1.572921 0.310604 -0.100000
v 1.419250 0.310604 -0.100000
v 1.411850 0.310282 -0.100000
v 1.405094 0.309317 -0.100000
v 1.398981 0.307708 -0.100000
v 1.393511 0.305456 -0.100000
v 1.388685 0.302560 -0.100000
v 1.384503 0.299021 -0.100000
v 1.380964 0.294839 -0.100000
v 1.378068 0.290013 -0.100000
v 1.375816 0.284543 -0.100000
v 1.374207 0.278430 -0.100000
v 1.373242 0.271674 -0.100000
v 1.372921 0.264274 -0.100000
v 1.372921 0.150082 -0.100000
v 1.449266 0.150082 -0.100000
v 1.449266 0.246330 -0.100000
v 1.542578 0.246330 -0.100000
v 1.542578 0.153997 -0.100000
v 1.389560 0.009788 -0.100000
v 1.386902 0.007108 -0.100000
v 1.384476 0.004287 -0.100000
v 1.382280 0.001326 -0.100000
v 1.380316 -0.001776 -0.100000
v 1.378583 -0.005019 -0.100000
v 1.377080 -0.008401 -0.100000
v 1.375809 -0.011924 -0.100000
v 1.374769 -0.015588 -0.100000
v 1.373961 -0.019392 -0.100000
v 1.373383 -0.023337 -0.100000
v 1.373036 -0.027422 -0.100000
v -1.620881 -0.090375 0.100000
v -1.620881 -0.159217 0.100000
v -1.620589 -0.165731 0.100000
v -1.619712 -0.171678 0.100000
v -1.618251 -0.177060 0.100000
v -1.616205 -0.181874 0.100000
v -1.613574 -0.186122 0.100000
v -1.610359 -0.189804 0.100000
v -1.606560 -0.192920 0.100000
v -1.602175 -0.195469 0.100000
v -1.597207 -0.197451 0.100000
v -1.591653 -0.198867 0.100000
v -1.585516 -0.199717 0.100000
v -1.578793 -0.200000 0.100000
v -1.449919 -0.200000 0.100000
v -1.443196 -0.199717 0.100000
v -1.437058 -0.198867 0.100000
v -1.431505 -0.197451 0.100000
v -1.426536 -0.195469 0.100000
v -1.422152 -0.192920 0.100000
v -1.418353 -0.189804 0.100000
v -1.415138 -0.186122 0.100000
v -1.412507 -0.181874 0.100000
v -1.410461 -0.177060 0.100000
v -1.409000 -0.171678 0.100000
v -1.408123 -0.165731 0.100000
v -1.407831 -0.159217 0.100000
v -1.407831 0.088744 0.100000
v -1.408123 0.095258 0.100000
v -1.409000 0.101205 0.100000
v -1.410461 0.106587 0.100000
v -1.412507 0.111401 0.100000
v -1.415138 0.115649 0.100000
v -1.418353 0.119331 0.100000
v -1.422152 0.122447 0.100000
v -1.426536 0.124996 0.100000
v -1.431505 0.126978 0.100000
v -1.437058 0.128394 0.100000
v -1.443196 0.129244 0.100000
v -1.449919 0.129527 0.100000
v -1.578793 0.129527 0.100000
v -1.585516 0.129244 0.100000
v -1.591653 0.128394 0.100000
v -1.597207 0.126978 0.100000
v -1.602175 0.124996 0.100000
v -1.606560 0.122447 0.100000
v -1.610359 0.119331 0.100000
v -1.613574 0.115649 0.100000
v -1.616205 0.111401 0.100000
v -1.618251 0.106587 0.100000
v -1.619712 0.101205 0.100000
v -1.620589 0.095258 0.100000
v -1.620881 0.088744 0.100000
v -1.620881 -0.032300 0.100000
v -1.600327 -0.052855 0.100000
v -1.479282 -0.052855 0.100000
v -1.479282 -0.145188 0.100000
v -1.549429 -0.145188 0.100000
v -1.549429 -0.090375 0.100000
v -1.479282 -0.004241 0.100000
v -1.549429 -0.004241 0.100000
v -1.549429 0.074715 0.100000
v -1.479282 0.074715 0.100000
v -1.354323 -0.075041 0.100000
v -1.354323 -0.159217 0.100000
v -1.354036 -0.165731 0.100000
v -1.353172 -0.171678 0.100000
v -1.351734 -0.177060 0.100000
v -1.349719 -0.181874 0.100000
v -1.347130 -0.186122 0.100000
v -1.343964 -0.189804 0.100000
v -1.340224 -0.192920 0.100000
v -1.335908 -0.195469 0.100000
v -1.331016 -0.197451 0.100000
v -1.325549 -0.198867 0.100000
v -1.319506 -0.199717 0.100000
v -1.312888 -0.200000 0.100000
v -1.183361 -0.200000 0.100000
v -1.176638 -0.199717 0.100000
v -1.170501 -0.198867 0.100000
v -1.164947 -0.197451 0.100000
v -1.159979 -0.195469 0.100000
v -1.155594 -0.192920 0.100000
v -1.151795 -0.189804 0.100000
v -1.148580 -0.186122 0.100000
v -1.145949 -0.181874 0.100000
v -1.143903 -0.177060 0.100000
v -1.142442 -0.171678 0.100000
v -1.141565 -0.165731 0.100000
v -1.141273 -0.159217 0.100000
v -1.141273 0.088744 0.100000
v -1.141565 0.095258 0.100000
v -1.142442 0.101205 0.100000
v -1.143903 0.106587 0.100000
v -1.145949 0.111401 0.100000
v -1.148580 0.115649 0.100000
v -1.151795 0.119331 0.100000
v -1.155594 0.122447 0.100000
v -1.159979 0.124996 0.100000
v -1.164947 0.126978 0.100000
v -1.170501 0.128394 0.100000
v -1.176638 0.129244 0.100000
v -1.183361 0.129527 0.100000
v -1.312888 0.129527 0.100000
v -1.319506 0.129244 0.100000
v -1.325549 0.128394 0.100000
v -1.331016 0.126978 0.100000
v -1.335907 0.124996 0.100000
v -1.340224 0.122447 0.100000
v -1.343964 0.119331 0.100000
v -1.347130 0.115649 0.100000
v -1.349719 0.111401 0.100000
v -1.351734 0.106587 0.100000
v -1.353172 0.101205 0.100000
v -1.354035 0.095258 0.100000
v -1.354323 0.088744 0.100000
v -1.354323 0.010441 0.100000
v -1.281566 0.010441 0.100000
v -1.281566 0.067211 0.100000
v -1.214682 0.067211 0.100000
v -1.214682 -0.138010 0.100000
v -1.281566 -0.138010 0.100000
v -1.281566 -0.075041 0.100000
v -1.087765 0.088744 0.100000
v -1.087765 -0.200000 0.100000
v -1.016313 -0.200000 0.100000
v -1.016313 -0.188581 0.100000
v -1.012072 -0.189233 0.100000
v -1.007831 -0.189886 0.100000
v -1.003589 -0.190538 0.100000
v -0.999348 -0.191191 0.100000
v -0.995106 -0.191843 0.100000
v -0.990865 -0.192496 0.100000
v -0.986623 -0.193148 0.100000
v -0.982382 -0.193801 0.100000
v -0.978140 -0.194453 0.100000
v -0.973899 -0.195106 0.100000
v -0.969657 -0.195759 0.100000
v -0.965416 -0.196411 0.100000
v -0.959981 -0.197193 0.100000
v -0.954767 -0.197906 0.100000
v -0.949776 -0.198552 0.100000
v -0.945007 -0.199130 0.100000
v -0.940459 -0.199640 0.100000
v -0.936134 -0.200082 0.100000
v -0.932031 -0.200455 0.100000
v -0.928150 -0.200761 0.100000
v -0.924490 -0.200999 0.100000
v -0.921053 -0.201169 0.100000
v -0.917838 -0.201271 0.100000
v -0.914845 -0.201305 0.100000
v -0.908331 -0.201026 0.100000
v -0.902384 -0.200190 0.100000
v -0.897003 -0.198797 0.100000
v -0.892188 -0.196846 0.100000
v -0.887940 -0.194338 0.100000
v -0.884258 -0.191272 0.100000
v -0.881143 -0.187650 0.100000
v -0.878594 -0.183469 0.100000
v -0.876611 -0.178732 0.100000
v -0.875195 -0.173437 0.100000
v -0.874345 -0.167584 0.100000
v -0.874062 -0.161175 0.100000
v -0.874062 -0.042414 0.100000
v -0.874354 -0.035900 0.100000
v -0.875231 -0.029953 0.100000
v -0.876693 -0.024572 0.100000
v -0.878739 -0.019757 0.100000
v -0.881369 -0.015509 0.100000
v -0.884584 -0.011827 0.100000
v -0.888384 -0.008712 0.100000
v -0.892768 -0.006163 0.100000
v -0.897737 -0.004180 0.100000
v -0.903290 -0.002764 0.100000
v -0.909428 -0.001914 0.100000
v -0.916150 -0.001631 0.100000
v -1.016966 -0.001631 0.100000
v -1.016966 0.074062 0.100000
v -0.945514 0.074062 0.100000
v -0.945514 0.027080 0.100000
v -0.877977 0.027080 0.100000
v -0.877977 0.088744 0.100000
v -0.878270 0.095258 0.100000
v -0.879147 0.101205 0.100000
v -0.880608 0.106587 0.100000
v -0.882654 0.111401 0.100000
v -0.885284 0.115649 0.100000
v -0.888499 0.119331 0.100000
v -0.892299 0.122447 0.100000
v -0.896683 0.124996 0.100000
v -0.901652 0.126978 0.100000
v -0.907205 0.128394 0.100000
v -0.913343 0.129244 0.100000
v -0.920065 0.129527 0.100000
v -1.046330 0.129527 0.100000
v -1.052948 0.129244 0.100000
v -1.058991 0.128394 0.100000
v -1.064458 0.126978 0.100000
v -1.069350 0.124996 0.100000
v -1.073666 0.122447 0.100000
v -1.077406 0.119331 0.100000
v -1.080572 0.115649 0.100000
v -1.083161 0.111401 0.100000
v -1.085176 0.106587 0.100000
v -1.086614 0.101205 0.100000
v -1.087478 0.095258 0.100000
v -0.945514 -0.143230 0.100000
v -1.016966 -0.140620 0.100000
v -1.016966 -0.052202 0.100000
v -0.945514 -0.052202 0.100000
v -0.822512 0.090702 0.100000
v -0.822512 -0.133768 0.100000
v -0.822313 -0.140289 0.100000
v -0.821715 -0.146475 0.100000
v -0.820718 -0.152325 0.100000
v -0.819322 -0.157839 0.100000
v -0.817528 -0.163019 0.100000
v -0.815335 -0.167863 0.100000
v -0.812743 -0.172372 0.100000
v -0.809752 -0.176545 0.100000
v -0.806362 -0.180383 0.100000
v -0.802574 -0.183886 0.100000
v -0.798387 -0.187054 0.100000
v -0.793801 -0.189886 0.100000
v -0.790171 -0.191710 0.100000
v -0.786243 -0.193375 0.100000
v -0.782015 -0.194882 0.100000
v -0.777488 -0.196230 0.100000
v -0.772662 -0.197419 0.100000
v -0.767537 -0.198450 0.100000
v -0.762113 -0.199323 0.100000
v -0.756389 -0.200036 0.100000
v -0.750367 -0.200591 0.100000
v -0.744046 -0.200988 0.100000
v -0.737425 -0.201226 0.100000
v -0.730506 -0.201305 0.100000
v -0.728819 -0.201301 0.100000
v -0.727021 -0.201287 0.100000
v -0.725112 -0.201264 0.100000
v -0.723092 -0.201233 0.100000
v -0.720961 -0.201192 0.100000
v -0.718720 -0.201142 0.100000
v -0.716367 -0.201083 0.100000
v -0.713903 -0.201015 0.100000
v -0.711328 -0.200938 0.100000
v -0.708642 -0.200852 0.100000
v -0.705845 -0.200757 0.100000
v -0.702937 -0.200653 0.100000
v -0.700042 -0.200548 0.100000
v -0.697286 -0.200453 0.100000
v -0.694668 -0.200367 0.100000
v -0.692188 -0.200290 0.100000
v -0.689846 -0.200222 0.100000
v -0.687643 -0.200163 0.100000
v -0.685578 -0.200113 0.100000
v -0.683651 -0.200072 0.100000
v -0.681862 -0.200041 0.100000
v -0.680211 -0.200018 0.100000
v -0.678699 -0.200005 0.100000
v -0.677325 -0.200000 0.100000
v -0.677325 -0.320392 0.100000
v -0.602610 -0.320392 0.100000
v -0.602610 0.129527 0.100000
v -0.677325 0.129527 0.100000
v -0.677325 0.117455 0.100000
v -0.681675 0.118110 0.100000
v -0.686025 0.118769 0.100000
v -0.690375 0.119433 0.100000
v -0.694726 0.120102 0.100000
v -0.699076 0.120775 0.100000
v -0.703426 0.121452 0.100000
v -0.707776 0.122134 0.100000
v -0.712126 0.122820 0.100000
v -0.716476 0.123512 0.100000
v -0.720827 0.124207 0.100000
v -0.725177 0.124907 0.100000
v -0.729527 0.125612 0.100000
v -0.734924 0.126446 0.100000
v -0.740131 0.127207 0.100000
v -0.745147 0.127896 0.100000
v -0.749973 0.128512 0.100000
v -0.754609 0.129056 0.100000
v -0.759054 0.129527 0.100000
v -0.763309 0.129926 0.100000
v -0.767374 0.130252 0.100000
v -0.771248 0.130506 0.100000
v -0.774932 0.130687 0.100000
v -0.778426 0.130796 0.100000
v -0.781729 0.130832 0.100000
v -0.788243 0.130553 0.100000
v -0.794191 0.129717 0.100000
v -0.799572 0.128324 0.100000
v -0.804387 0.126373 0.100000
v -0.808635 0.123865 0.100000
v -0.812317 0.120799 0.100000
v -0.815432 0.117177 0.100000
v -0.817981 0.112996 0.100000
v -0.819964 0.108259 0.100000
v -0.821380 0.102964 0.100000
v -0.822229 0.097111 0.100000
v -0.723654 -0.138010 0.100000
v -0.727458 -0.137838 0.100000
v -0.730932 -0.137321 0.100000
v -0.734074 -0.136460 0.100000
v -0.736886 -0.135255 0.100000
v -0.739367 -0.133705 0.100000
v -0.741517 -0.131811 0.100000
v -0.743337 -0.129572 0.100000
v -0.744825 -0.126989 0.100000
v -0.745983 -0.124062 0.100000
v -0.746810 -0.120790 0.100000
v -0.747306 -0.117174 0.100000
v -0.747472 -0.113214 0.100000
v -0.747472 0.067211 0.100000
v -0.677325 0.065905 0.100000
v -0.677325 -0.138010 0.100000
v -0.545840 -0.031648 0.100000
v -0.545840 -0.153344 0.100000
v -0.545519 -0.160796 0.100000
v -0.544553 -0.167600 0.100000
v -0.542945 -0.173756 0.100000
v -0.540693 -0.179264 0.100000
v -0.537797 -0.184124 0.100000
v -0.534258 -0.188336 0.100000
v -0.530075 -0.191900 0.100000
v -0.525249 -0.194816 0.100000
v -0.519780 -0.197084 0.100000
v -0.513667 -0.198704 0.100000
v -0.506911 -0.199676 0.100000
v -0.499511 -0.200000 0.100000
v -0.345840 -0.200000 0.100000
v -0.338492 -0.199676 0.100000
v -0.331784 -0.198704 0.100000
v -0.325714 -0.197084 0.100000
v -0.320283 -0.194816 0.100000
v -0.315491 -0.191900 0.100000
v -0.311338 -0.188336 0.100000
v -0.307824 -0.184124 0.100000
v -0.304948 -0.179264 0.100000
v -0.302712 -0.173756 0.100000
v -0.301115 -0.167600 0.100000
v -0.300156 -0.160796 0.100000
v -0.299837 -0.153344 0.100000
v -0.299837 -0.031648 0.100000
v -0.376183 -0.031648 0.100000
v -0.376183 -0.135726 0.100000
v -0.469494 -0.135726 0.100000
v -0.469494 -0.035563 0.100000
v -0.316476 0.109299 0.100000
v -0.313819 0.112024 0.100000
v -0.311392 0.114872 0.100000
v -0.309197 0.117843 0.100000
v -0.307232 0.120935 0.100000
v -0.305499 0.124150 0.100000
v -0.303997 0.127488 0.100000
v -0.302726 0.130948 0.100000
v -0.301686 0.134530 0.100000
v -0.300877 0.138234 0.100000
v -0.300299 0.142061 0.100000
v -0.299953 0.146010 0.100000
v -0.299837 0.150082 0.100000
v -0.299837 0.263622 0.100000
v -0.300156 0.271126 0.100000
v -0.301115 0.277977 0.100000
v -0.302712 0.284176 0.100000
v -0.304948 0.289723 0.100000
v -0.307824 0.294617 0.100000
v -0.311338 0.298858 0.100000
v -0.315491 0.302447 0.100000
v -0.320283 0.305383 0.100000
v -0.325714 0.307667 0.100000
v -0.331784 0.309299 0.100000
v -0.338492 0.310277 0.100000
v -0.345840 0.310604 0.100000
v -0.499511 0.310604 0.100000
v -0.506911 0.310282 0.100000
v -0.513667 0.309317 0.100000
v -0.519780 0.307708 0.100000
v -0.525249 0.305456 0.100000
v -0.530075 0.302560 0.100000
v -0.534258 0.299021 0.100000
v -0.537797 0.294839 0.100000
v -0.540693 0.290013 0.100000
v -0.542945 0.284543 0.100000
v -0.544553 0.278430 0.100000
v -0.545519 0.271674 0.100000
v -0.545840 0.264274 0.100000
v -0.545840 0.150082 0.100000
v -0.469494 0.150082 0.100000
v -0.469494 0.246330 0.100000
v -0.376183 0.246330 0.100000
v -0.376183 0.153997 0.100000
v -0.529201 0.009788 0.100000
v -0.531859 0.007108 0.100000
v -0.534285 0.004287 0.100000
v -0.536481 0.001326 0.100000
v -0.538445 -0.001776 0.100000
v -0.540178 -0.005019 0.100000
v -0.541680 -0.008401 0.100000
v -0.542952 -0.011924 0.100000
v -0.543992 -0.015588 0.100000
v -0.544800 -0.019392 0.100000
v -0.545378 -0.023337 0.100000
v -0.545725 -0.027422 0.100000
v -0.105710 0.088744 0.100000
v -0.105710 -0.159217 0.100000
v -0.105422 -0.165731 0.100000
v -0.104559 -0.171678 0.100000
v -0.103120 -0.177060 0.100000
v -0.101106 -0.181874 0.100000
v -0.098516 -0.186122 0.100000
v -0.095351 -0.189804 0.100000
v -0.091610 -0.192920 0.100000
v -0.087294 -0.195469 0.100000
v -0.082402 -0.197451 0.100000
v -0.076935 -0.198867 0.100000
v -0.070892 -0.199717 0.100000
v -0.064274 -0.200000 0.100000
v 0.069494 -0.200000 0.100000
v 0.076217 -0.199717 0.100000
v 0.082355 -0.198867 0.100000
v 0.087908 -0.197451 0.100000
v 0.092877 -0.195469 0.100000
v 0.097261 -0.192920 0.100000
v 0.101060 -0.189804 0.100000
v 0.104275 -0.186122 0.100000
v 0.106906 -0.181874 0.100000
v 0.108952 -0.177060 0.100000
v 0.110413 -0.171678 0.100000
v 0.111290 -0.165731 0.100000
v 0.111582 -0.159217 0.100000
v 0.111582 0.088744 0.100000
v 0.111290 0.095258 0.100000
v 0.110413 0.101205 0.100000
v 0.108952 0.106587 0.100000
v 0.106906 0.111401 0.100000
v 0.104275 0.115649 0.100000
v 0.101060 0.119331 0.100000
v 0.097261 0.122447 0.100000
v 0.092877 0.124996 0.100000
v 0.087908 0.126978 0.100000
v 0.082355 0.128394 0.100000
v 0.076217 0.129244 0.100000
v 0.069494 0.129527 0.100000
v -0.064274 0.129527 0.100000
v -0.070892 0.129244 0.100000
v -0.076935 0.128394 0.100000
v -0.082402 0.126978 0.100000
v -0.087294 0.124996 0.100000
v -0.091610 0.122447 0.100000
v -0.095351 0.119331 0.100000
v -0.098516 0.115649 0.100000
v -0.101106 0.111401 0.100000
v -0.103120 0.106587 0.100000
v -0.104559 0.101205 0.100000
v -0.105422 0.095258 0.100000
v 0.038173 -0.138010 0.100000
v -0.032626 -0.138010 0.100000
v -0.032626 0.067211 0.100000
v 0.038173 0.067211 0.100000
v 0.153018 -0.136378 0.100000
v 0.153018 -0.200000 0.100000
v 0.235889 -0.200000 0.100000
v 0.242507 -0.199717 0.100000
v 0.248550 -0.198867 0.100000
v 0.254017 -0.197451 0.100000
v 0.258909 -0.195469 0.100000
v 0.263225 -0.192920 0.100000
v 0.266966 -0.189804 0.100000
v 0.270131 -0.186122 0.100000
v 0.272721 -0.181874 0.100000
v 0.274735 -0.177060 0.100000
v 0.276174 -0.171678 0.100000
v 0.277037 -0.165731 0.100000
v 0.277325 -0.159217 0.100000
v 0.277325 0.065905 0.100000
v 0.312561 0.065905 0.100000
v 0.312561 0.129527 0.100000
v 0.277325 0.129527 0.100000
v 0.277325 0.218923 0.100000
v 0.202937 0.218923 0.100000
v 0.202937 0.129527 0.100000
v 0.154976 0.129527 0.100000
v 0.154976 0.065905 0.100000
v 0.202937 0.065905 0.100000
v 0.202937 -0.136378 0.100000
v 0.474388 -0.136378 0.100000
v 0.474388 -0.200000 0.100000
v 0.557260 -0.200000 0.100000
v 0.563878 -0.199717 0.100000
v 0.569920 -0.198867 0.100000
v 0.575388 -0.197451 0.100000
v 0.580279 -0.195469 0.100000
v 0.584596 -0.192920 0.100000
v 0.588336 -0.189804 0.100000
v 0.591501 -0.186122 0.100000
v 0.594091 -0.181874 0.100000
v 0.596105 -0.177060 0.100000
v 0.597544 -0.171678 0.100000
v 0.598407 -0.165731 0.100000
v 0.598695 -0.159217 0.100000
v 0.598695 0.065905 0.100000
v 0.633932 0.065905 0.100000
v 0.633932 0.129527 0.100000
v 0.598695 0.129527 0.100000
v 0.598695 0.218923 0.100000
v 0.524307 0.218923 0.100000
v 0.524307 0.129527 0.100000
v 0.476346 0.129527 0.100000
v 0.476346 0.065905 0.100000
v 0.524307 0.065905 0.100000
v 0.524307 -0.136378 0.100000
v 0.658728 0.090702 0.100000
v 0.658728 -0.008157 0.100000
v 0.732790 -0.008157 0.100000
v 0.732790 0.067211 0.100000
v 0.791844 0.065905 0.100000
v 0.791844 -0.200000 0.100000
v 0.866558 -0.200000 0.100000
v 0.866558 0.129527 0.100000
v 0.791844 0.129527 0.100000
v 0.791844 0.117455 0.100000
v 0.787985 0.118162 0.100000
v 0.784131 0.118869 0.100000
v 0.780282 0.119576 0.100000
v 0.776437 0.120283 0.100000
v 0.772596 0.120990 0.100000
v 0.768761 0.121697 0.100000
v 0.764929 0.122404 0.100000
v 0.761102 0.123110 0.100000
v 0.757280 0.123817 0.100000
v 0.753462 0.124524 0.100000
v 0.749649 0.125231 0.100000
v 0.745840 0.125938 0.100000
v 0.741282 0.126720 0.100000
v 0.736850 0.127433 0.100000
v 0.732545 0.128079 0.100000
v 0.728367 0.128657 0.100000
v 0.724316 0.129167 0.100000
v 0.720392 0.129609 0.100000
v 0.716595 0.129982 0.100000
v 0.712924 0.130288 0.100000
v 0.709380 0.130526 0.100000
v 0.705964 0.130696 0.100000
v 0.702674 0.130798 0.100000
v 0.699511 0.130832 0.100000
v 0.692997 0.130553 0.100000
v 0.687049 0.129717 0.100000
v 0.681668 0.128324 0.100000
v 0.676854 0.126373 0.100000
v 0.672605 0.123865 0.100000
v 0.668924 0.120799 0.100000
v 0.665808 0.117177 0.100000
v 0.663259 0.112996 0.100000
v 0.661277 0.108259 0.100000
v 0.659861 0.102964 0.100000
v 0.659011 0.097111 0.100000
v 0.920066 0.088744 0.100000
v 0.920066 -0.200000 0.100000
v 0.991517 -0.200000 0.100000
v 0.991517 -0.188581 0.100000
v 0.995759 -0.189233 0.100000
v 1.000000 -0.189886 0.100000
v 1.004242 -0.190538 0.100000
v 1.008483 -0.191191 0.100000
v 1.012725 -0.191843 0.100000
v 1.016966 -0.192496 0.100000
v 1.021208 -0.193148 0.100000
v 1.025449 -0.193801 0.100000
v 1.029691 -0.194453 0.100000
v 1.033932 -0.195106 0.100000
v 1.038174 -0.195759 0.100000
v 1.042415 -0.196411 0.100000
v 1.047850 -0.197193 0.100000
v 1.053064 -0.197906 0.100000
v 1.058055 -0.198552 0.100000
v 1.062824 -0.199130 0.100000
v 1.067372 -0.199640 0.100000
v 1.071697 -0.200082 0.100000
v 1.075800 -0.200455 0.100000
v 1.079681 -0.200761 0.100000
v 1.083341 -0.200999 0.100000
v 1.086778 -0.201169 0.100000
v 1.089993 -0.201271 0.100000
v 1.092986 -0.201305 0.100000
v 1.099500 -0.201026 0.100000
v 1.105447 -0.200190 0.100000
v 1.110828 -0.198797 0.100000
v 1.115643 -0.196846 0.100000
v 1.119891 -0.194338 0.100000
v 1.123573 -0.191272 0.100000
v 1.126688 -0.187650 0.100000
v 1.129237 -0.183469 0.100000
v 1.131220 -0.178732 0.100000
v 1.132636 -0.173437 0.100000
v 1.133485 -0.167584 0.100000
v 1.133769 -0.161175 0.100000
v 1.133769 -0.042414 0.100000
v 1.133476 -0.035900 0.100000
v 1.132600 -0.029953 0.100000
v 1.131138 -0.024572 0.100000
v 1.129092 -0.019757 0.100000
v 1.126462 -0.015509 0.100000
v 1.123247 -0.011827 0.100000
v 1.119447 -0.008712 0.100000
v 1.115063 -0.006163 0.100000
v 1.110094 -0.004180 0.100000
v 1.104541 -0.002764 0.100000
v 1.098403 -0.001914 0.100000
v 1.091681 -0.001631 0.100000
v 0.990865 -0.001631 0.100000
v 0.990865 0.074062 0.100000
v 1.062317 0.074062 0.100000
v 1.062317 0.027080 0.100000
v 1.129853 0.027080 0.100000
v 1.129853 0.088744 0.100000
v 1.129561 0.095258 0.100000
v 1.128684 0.101205 0.100000
v 1.127223 0.106587 0.100000
v 1.125177 0.111401 0.100000
v 1.122547 0.115649 0.100000
v 1.119331 0.119331 0.100000
v 1.115532 0.122447 0.100000
v 1.111148 0.124996 0.100000
v 1.106179 0.126978 0.100000
v 1.100626 0.128394 0.100000
v 1.094488 0.129244 0.100000
v 1.087765 0.129527 0.100000
v 0.961501 0.129527 0.100000
v 0.954883 0.129244 0.100000
v 0.948840 0.128394 0.100000
v 0.943373 0.126978 0.100000
v 0.938481 0.124996 0.100000
v 0.934165 0.122447 0.100000
v 0.930424 0.119331 0.100000
v 0.927259 0.115649 0.100000
v 0.924670 0.111401 0.100000
v 0.922655 0.106587 0.100000
v 0.921217 0.101205 0.100000
v 0.920353 0.095258 0.100000
v 1.062317 -0.143230 0.100000
v 0.990865 -0.140620 0.100000
v 0.990865 -0.052202 0.100000
v 1.062317 -0.052202 0.100000
v 1.173899 -0.136378 0.100000
v 1.173899 -0.200000 0.100000
v 1.256770 -0.200000 0.100000
v 1.263389 -0.199717 0.100000
v 1.269431 -0.198867 0.100000
v 1.274898 -0.197451 0.100000
v 1.279790 -0.195469 0.100000
v 1.284106 -0.192920 0.100000
v 1.287847 -0.189804 0.100000
v 1.291012 -0.186122 0.100000
v 1.293602 -0.181874 0.100000
v 1.295616 -0.177060 0.100000
v 1.297055 -0.171678 0.100000
v 1.297918 -0.165731 0.100000
v 1.298206 -0.159217 0.100000
v 1.298206 0.065905 0.100000
v 1.333442 0.065905 0.100000
v 1.333442 0.129527 0.100000
v 1.298206 0.129527 0.100000
v 1.298206 0.218923 0.100000
v 1.223818 0.218923 0.100000
v 1.223818 0.129527 0.100000
v 1.175857 0.129527 0.100000
v 1.175857 0.065905 0.100000
v 1.223818 0.065905 0.100000
v 1.223818 -0.136378 0.100000
v 1.372921 -0.031648 0.100000
v 1.372921 -0.153344 0.100000
v 1.373242 -0.160796 0.100000
v 1.374207 -0.167600 0.100000
v 1.375816 -0.173756 0.100000
v 1.378068 -0.179264 0.100000
v 1.380964 -0.184124 0.100000
v 1.384503 -0.188336 0.100000
v 1.388685 -0.191900 0.100000
v 1.393511 -0.194816 0.100000
v 1.398981 -0.197084 0.100000
v 1.405094 -0.198704 0.100000
v 1.411850 -0.199676 0.100000
v 1.419250 -0.200000 0.100000
v 1.572921 -0.200000 0.100000
v 1.580268 -0.199676 0.100000
v 1.586977 -0.198704 0.100000
v 1.593047 -0.197084 0.100000
v 1.598478 -0.194816 0.100000
v 1.603270 -0.191900 0.100000
v 1.607423 -0.188336 0.100000
v 1.610937 -0.184124 0.100000
v 1.613812 -0.179264 0.100000
v 1.616049 -0.173756 0.100000
v 1.617646 -0.167600 0.100000
v 1.618604 -0.160796 0.100000
v 1.618924 -0.153344 0.100000
v 1.618924 -0.031648 0.100000
v 1.542578 -0.031648 0.100000
v 1.542578 -0.135726 0.100000
v 1.449266 -0.135726 0.100000
v 1.449266 -0.035563 0.100000
v 1.602284 0.109299 0.100000
v 1.604942 0.112024 0.100000
v 1.607369 0.114872 0.100000
v 1.609564 0.117843 0.100000
v 1.611529 0.120935 0.100000
v 1.613262 0.124150 0.100000
v 1.614764 0.127488 0.100000
v 1.616035 0.130948 0.100000
v 1.617075 0.134530 0.100000
v 1.617884 0.138234 0.100000
v 1.618462 0.142061 0.100000
v 1.618808 0.146010 0.100000
v 1.618924 0.150082 0.100000
v 1.618924 0.263622 0.100000
v 1.618604 0.271126 0.100000
v 1.617646 0.277977 0.100000
v 1.616049 0.284176 0.100000
v 1.613812 0.289723 0.100000
v 1.610937 0.294617 0.100000
v 1.607423 0.298858 0.100000
v 1.603270 0.302447 0.100000
v 1.598478 0.305383 0.100000
v 1.593047 0.307667 0.100000
v 1.586977 0.309299 0.100000
v 1.580268 0.310277 0.100000
v 1.572921 0.310604 0.100000
v 1.419250 0.310604 0.100000
v 1.411850 0.310282 0.100000
v 1.405094 0.309317 0.100000
v 1.398981 0.307708 0.100000
v 1.393511 0.305456 0.100000
v 1.388685 0.302560 0.100000
v 1.384503 0.299021 0.100000
v 1.380964 0.294839 0.100000
v 1.378068 0.290013 0.100000
v 1.375816 0.284543 0.100000
v 1.374207 0.278430 0.100000
v 1.373242 0.271674 0.100000
v 1.372921 0.264274 0.100000
v 1.372921 0.150082 0.100000
v 1.449266 0.150082 0.100000
v 1.449266 0.246330 0.100000
v 1.542578 0.246330 0.100000
v 1.542578 0.153997 0.100000
v 1.389560 0.009788 0.100000
v 1.386902 0.007108 0.100000
v 1.384476 0.004287 0.100000
v 1.382280 0.001326 0.100000
v 1.380316 -0.001776 0.100000
v 1.378583 -0.005019 0.100000
v 1.377080 -0.008401 0.100000
v 1.375809 -0.011924 0.100000
v 1.374769 -0.015588 0.100000
v 1.373961 -0.019392 0.100000
v 1.373383 -0.023337 0.100000
v 1.373036 -0.027422 0.100000
v 1.372921 -0.031648 0.100000
v 1.372921 -0.031648 -0.100000
v 1.372921 -0.153344 0.100000
v 1.372921 -0.153344 -0.100000
v 1.373242 -0.160796 0.100000
v 1.373242 -0.160796 -0.100000
v 1.374207 -0.167600 0.100000
v 1.374207 -0.167600 -0.100000
v 1.375816 -0.173756 0.100000
v 1.375816 -0.173756 -0.100000
v 1.378068 -0.179264 0.100000
v 1.378068 -0.179264 -0.100000
v 1.380964 -0.184124 0.100000
v 1.380964 -0.184124 -0.100000
v 1.384503 -0.188336 0.100000
v 1.384503 -0.188336 -0.100000
v 1.388685 -0.191900 0.100000
v 1.388685 -0.191900 -0.100000
v 1.393511 -0.194816 0.100000
v 1.393511 -0.194816 -0.100000
v 1.398981 -0.197084 0.100000
v 1.398981 -0.197084 -0.100000
v 1.405094 -0.198704 0.100000
v 1.405094 -0.198704 -0.100000
v 1.411850 -0.199676 0.100000
v 1.411850 -0.199676 -0.100000
v 1.419250 -0.200000 0.100000
v 1.419250 -0.200000 -0.100000
v 1.572921 -0.200000 0.100000
v 1.572921 -0.200000 -0.100000
v 1.580268 -0.199676 0.100000
v 1.580268 -0.199676 -0.100000
v 1.586977 -0.198704 0.100000
v 1.586977 -0.198704 -0.100000
v 1.593047 -0.197084 0.100000
v 1.593047 -0.197084 -0.100000
v 1.598478 -0.194816 0.100000
v 1.598478 -0.194816 -0.100000
v 1.603270 -0.191900 0.100000
v 1.603270 -0.191900 -0.100000
v 1.607423 -0.188336 0.100000
v 1.607423 -0.188336 -0.100000
v 1.610937 -0.184124 0.100000
v 1.610937 -0.184124 -0.100000
v 1.613812 -0.179264 0.100000
v 1.613812 -0.179264 -0.100000
v 1.616049 -0.173756 0.100000
v 1.616049 -0.173756 -0.100000
v 1.617646 -0.167600 0.100000
v 1.617646 -0.167600 -0.100000
v 1.618604 -0.160796 0.100000
v 1.618604 -0.160796 -0.100000
v 1.618924 -0.153344 0.100000
v 1.618924 -0.153344 -0.100000
v 1.618924 -0.031648 0.100000
v 1.618924 -0.031648 -0.100000
v 1.542578 -0.031648 0.100000
v 1.542578 -0.031648 -0.100000
v 1.542578 -0.135726 0.100000
v 1.542578 -0.135726 -0.100000
v 1.449266 -0.135726 0.100000
v 1.449266 -0.135726 -0.100000
v 1.449266 -0.035563 0.100000
v 1.449266 -0.035563 -0.100000
v 1.602284 0.109299 0.100000
v 1.602284 0.109299 -0.100000
v 1.604942 0.112024 0.100000
v 1.604942 0.112024 -0.100000
v 1.607369 0.114872 0.100000
v 1.607369 0.114872 -0.100000
v 1.609564 0.117843 0.100000
v 1.609564 0.117843 -0.100000
v 1.611529 0.120935 0.100000
v 1.611529 0.120935 -0.100000
v 1.613262 0.124150 0.100000
v 1.613262 0.124150 -0.100000
v 1.614764 0.127488 0.100000
v 1.614764 0.127488 -0.100000
v 1.616035 0.130948 0.100000
v 1.616035 0.130948 -0.100000
v 1.617075 0.134530 0.100000
v 1.617075 0.134530 -0.100000
v 1.617884 0.138234 0.100000
v 1.617884 0.138234 -0.100000
v 1.618462 0.142061 0.100000
v 1.618462 0.142061 -0.100000
v 1.618808 0.146010 0.100000
v 1.618808 0.146010 -0.100000
v 1.618924 0.150082 0.100000
v 1.618924 0.150082 -0.100000
v 1.618924 0.263622 0.100000
v 1.618924 0.263622 -0.100000
v 1.618604 0.271126 0.100000
v 1.618604 0.271126 -0.100000
v 1.617646 0.277977 0.100000
v 1.617646 0.277977 -0.100000
v 1.616049 0.284176 0.100000
v 1.616049 0.284176 -0.100000
v 1.613812 0.289723 0.100000
v 1.613812 0.289723 -0.100000
v 1.610937 0.294617 0.100000
v 1.610937 0.294617 -0.100000
v 1.607423 0.298858 0.100000
v 1.607423 0.298858 -0.100000
v 1.603270 0.302447 0.100000
v 1.603270 0.302447 -0.100000
v 1.598478 0.305383 0.100000
v 1.598478 0.305383 -0.100000
v 1.593047 0.307667 0.100000
v 1.593047 0.307667 -0.100000
v 1.586977 0.309299 0.100000
v 1.586977 0.309299 -0.100000
v 1.580268 0.310277 0.100000
v 1.580268 0.310277 -0.100000
v 1.572921 0.310604 0.100000
v 1.572921 0.310604 -0.100000
v 1.419250 0.310604 0.100000
v 1.419250 0.310604 -0.100000
v 1.411850 0.310282 0.100000
v 1.411850 0.310282 -0.100000
v 1.405094 0.309317 0.100000
v 1.405094 0.309317 -0.100000
v 1.398981 0.307708 0.100000
v 1.398981 0.307708 -0.100000
v 1.393511 0.305456 0.100000
v 1.393511 0.305456 -0.100000
v 1.388685 0.302560 0.100000
v 1.388685 0.302560 -0.100000
v 1.384503 0.299021 0.100000
v 1.384503 0.299021 -0.100000
v 1.380964 0.294839 0.100000
v 1.380964 0.294839 -0.100000
v 1.378068 0.290013 0.100000
v 1.378068 0.290013 -0.100000
v 1.375816 0.284543 0.100000
v 1.375816 0.284543 -0.100000
v 1.374207 0.278430 0.100000
v 1.374207 0.278430 -0.100000
v 1.373242 0.271674 0.100000
v 1.373242 0.271674 -0.100000
v 1.372921 0.264274 0.100000
v 1.372921 0.264274 -0.100000
v 1.372921 0.150082 0.100000
v 1.372921 0.150082 -0.100000
v 1.449266 0.150082 0.100000
v 1.449266 0.150082 -0.100000
v 1.449266 0.246330 0.100000
v 1.449266 0.246330 -0.100000
v 1.542578 0.246330 0.100000
v 1.542578 0.246330 -0.100000
v 1.542578 0.153997 0.100000
v 1.542578 0.153997 -0.100000
v 1.389560 0.009788 0.100000
v 1.389560 0.009788 -0.100000
v 1.386902 0.007108 0.100000
v 1.386902 0.007108 -0.100000
v 1.384476 0.004287 0.100000
v 1.384476 0.004287 -0.100000
v 1.382280 0.001326 0.100000
v 1.382280 0.001326 -0.100000
v 1.380316 -0.001776 0.100000
v 1.380316 -0.001776 -0.100000
v 1.378583 -0.005019 0.100000
v 1.378583 -0.005019 -0.100000
v 1.377080 -0.008401 0.100000
v 1.377080 -0.008401 -0.100000
v 1.375809 -0.011924 0.100000
v 1.375809 -0.011924 -0.100000
v 1.374769 -0.015588 0.100000
v 1.374769 -0.015588 -0.100000
v 1.373961 -0.019392 0.100000
v 1.373961 -0.019392 -0.100000
v 1.373383 -0.023337 0.100000
v 1.373383 -0.023337 -0.100000
v 1.373036 -0.027422 0.100000
v 1.373036 -0.027422 -0.100000
v 1.173899 -0.136378 0.100000
v 1.173899 -0.136378 -0.100000
v 1.173899 -0.200000 0.100000
v 1.173899 -0.200000 -0.100000
v 1.256770 -0.200000 0.100000
v 1.256770 -0.200000 -0.100000
v 1.263389 -0.199717 0.100000
v 1.263389 -0.199717 -0.100000
v 1.269431 -0.198867 0.100000
v 1.269431 -0.198867 -0.100000
v 1.274898 -0.197451 0.100000
v 1.274898 -0.197451 -0.100000
v 1.279790 -0.195469 0.100000
v 1.279790 -0.195469 -0.100000
v 1.284106 -0.192920 0.100000
v 1.284106 -0.192920 -0.100000
v 1.287847 -0.189804 0.100000
v 1.287847 -0.189804 -0.100000
v 1.291012 -0.186122 0.100000
v 1.291012 -0.186122 -0.100000
v 1.293602 -0.181874 0.100000
v 1.293602 -0.181874 -0.100000
v 1.295616 -0.177060 0.100000
v 1.295616 -0.177060 -0.100000
v 1.297055 -0.171678 0.100000
v 1.297055 -0.171678 -0.100000
v 1.297918 -0.165731 0.100000
v 1.297918 -0.165731 -0.100000
v 1.298206 -0.159217 0.100000
v 1.298206 -0.159217 -0.100000
v 1.298206 0.065905 0.100000
v 1.298206 0.065905 -0.100000
v 1.333442 0.065905 0.100000
v 1.333442 0.065905 -0.100000
v 1.333442 0.129527 0.100000
v 1.333442 0.129527 -0.100000
v 1.298206 0.129527 0.100000
v 1.298206 0.129527 -0.100000
v 1.298206 0.218923 0.100000
v 1.298206 0.218923 -0.100000
v 1.223818 0.218923 0.100000
v 1.223818 0.218923 -0.100000
v 1.223818 0.129527 0.100000
v 1.223818 0.129527 -0.100000
v 1.175857 0.129527 0.100000
v 1.175857 0.129527 -0.100000
v 1.175857 0.065905 0.100000
v 1.175857 0.065905 -0.100000
v 1.223818 0.065905 0.100000
v 1.223818 0.065905 -0.100000
v 1.223818 -0.136378 0.100000
v 1.223818 -0.136378 -0.100000
v 0.920066 0.088744 0.100000
v 0.920066 0.088744 -0.100000
v 0.920066 -0.200000 0.100000
v 0.920066 -0.200000 -0.100000
v 0.991517 -0.200000 0.100000
v 0.991517 -0.200000 -0.100000
v 0.991517 -0.188581 0.100000
v 0.991517 -0.188581 -0.100000
v 0.995759 -0.189233 0.100000
v 0.995759 -0.189233 -0.100000
v 1.000000 -0.189886 0.100000
v 1.000000 -0.189886 -0.100000
v 1.004242 -0.190538 0.100000
v 1.004242 -0.190538 -0.100000
v 1.008483 -0.191191 0.100000
v 1.008483 -0.191191 -0.100000
v 1.012725 -0.191843 0.100000
v 1.012725 -0.191843 -0.100000
v 1.016966 -0.192496 0.100000
v 1.016966 -0.192496 -0.100000
v 1.021208 -0.193148 0.100000
v 1.021208 -0.193148 -0.100000
v 1.025449 -0.193801 0.100000
v 1.025449 -0.193801 -0.100000
v 1.029691 -0.194453 0.100000
v 1.029691 -0.194453 -0.100000
v 1.033932 -0.195106 0.100000
v 1.033932 -0.195106 -0.100000
v 1.038174 -0.195759 0.100000
v 1.038174 -0.195759 -0.100000
v 1.042415 -0.196411 0.100000
v 1.042415 -0.196411 -0.100000
v 1.047850 -0.197193 0.100000
v 1.047850 -0.197193 -0.100000
v 1.053064 -0.197906 0.100000
v 1.053064 -0.197906 -0.100000
v 1.058055 -0.198552 0.100000
v 1.058055 -0.198552 -0.100000
v 1.062824 -0.199130 0.100000
v 1.062824 -0.199130 -0.100000
v 1.067372 -0.199640 0.100000
v 1.067372 -0.199640 -0.100000
v 1.071697 -0.200082 0.100000
v 1.071697 -0.200082 -0.100000
v 1.075800 -0.200455 0.100000
v 1.075800 -0.200455 -0.100000
v 1.079681 -0.200761 0.100000
v 1.079681 -0.200761 -0.100000
v 1.083341 -0.200999 0.100000
v 1.083341 -0.200999 -0.100000
v 1.086778 -0.201169 0.100000
v 1.086778 -0.201169 -0.100000
v 1.089993 -0.201271 0.100000
v 1.089993 -0.201271 -0.100000
v 1.092986 -0.201305 0.100000
v 1.092986 -0.201305 -0.100000
v 1.099500 -0.201026 0.100000
v 1.099500 -0.201026 -0.100000
v 1.105447 -0.200190 0.100000
v 1.105447 -0.200190 -0.100000
v 1.110828 -0.198797 0.100000
v 1.110828 -0.198797 -0.100000
v 1.115643 -0.196846 0.100000
v 1.115643 -0.196846 -0.100000
v 1.119891 -0.194338 0.100000
v 1.119891 -0.194338 -0.100000
v 1.123573 -0.191272 0.100000
v 1.123573 -0.191272 -0.100000
v 1.126688 -0.187650 0.100000
v 1.126688 -0.187650 -0.100000
v 1.129237 -0.183469 0.100000
v 1.129237 -0.183469 -0.100000
v 1.131220 -0.178732 0.100000
v 1.131220 -0.178732 -0.100000
v 1.132636 -0.173437 0.100000
v 1.132636 -0.173437 -0.100000
v 1.133485 -0.167584 0.100000
v 1.133485 -0.167584 -0.100000
v 1.133769 -0.161175 0.100000
v 1.133769 -0.161175 -0.100000
v 1.133769 -0.042414 0.100000
v 1.133769 -0.042414 -0.100000
v 1.133476 -0.035900 0.100000
v 1.133476 -0.035900 -0.100000
v 1.132600 -0.029953 0.100000
v 1.132600 -0.029953 -0.100000
v 1.131138 -0.024572 0.100000
v 1.131138 -0.024572 -0.100000
v 1.129092 -0.019757 0.100000
v 1.129092 -0.019757 -0.100000
v 1.126462 -0.015509 0.100000
v 1.126462 -0.015509 -0.100000
v 1.123247 -0.011827 0.100000
v 1.123247 -0.011827 -0.100000
v 1.119447 -0.008712 0.100000
v 1.119447 -0.008712 -0.100000
v 1.115063 -0.006163 0.100000
v 1.115063 -0.006163 -0.100000
v 1.110094 -0.004180 0.100000
v 1.110094 -0.004180 -0.100000
v 1.104541 -0.002764 0.100000
v 1.104541 -0.002764 -0.100000
v 1.098403 -0.001914 0.100000
v 1.098403 -0.001914 -0.100000
v 1.091681 -0.001631 0.100000
v 1.091681 -0.001631 -0.100000
v 0.990865 -0.001631 0.100000
v 0.990865 -0.001631 -0.100000
v 0.990865 0.074062 0.100000
v 0.990865 0.074062 -0.100000
v 1.062317 0.074062 0.100000
v 1.062317 0.074062 -0.100000
v 1.062317 0.027080 0.100000
v 1.062317 0.027080 -0.100000
v 1.129853 0.027080 0.100000
v 1.129853 0.027080 -0.100000
v 1.129853 0.088744 0.100000
v 1.129853 0.088744 -0.100000
v 1.129561 0.095258 0.100000
v 1.129561 0.095258 -0.100000
v 1.128684 0.101205 0.100000
v 1.128684 0.101205 -0.100000
v 1.127223 0.106587 0.100000
v 1.127223 0.106587 -0.100000
v 1.125177 0.111401 0.100000
v 1.125177 0.111401 -0.100000
v 1.122547 0.115649 0.100000
v 1.122547 0.115649 -0.100000
v 1.119331 0.119331 0.100000
v 1.119331 0.119331 -0.100000
v 1.115532 0.122447 0.100000
v 1.115532 0.122447 -0.100000
v 1.111148 0.124996 0.100000
v 1.111148 0.124996 -0.100000
v 1.106179 0.126978 0.100000
v 1.106179 0.126978 -0.100000
v 1.100626 0.128394 0.100000
v 1.100626 0.128394 -0.100000
v 1.094488 0.129244 0.100000
v 1.094488 0.129244 -0.100000
v 1.087765 0.129527 0.100000
v 1.087765 0.129527 -0.100000
v 0.961501 0.129527 0.100000
v 0.961501 0.129527 -0.100000
v 0.954883 0.129244 0.100000
v 0.954883 0.129244 -0.100000
v 0.948840 0.128394 0.100000
v 0.948840 0.128394 -0.100000
v 0.943373 0.126978 0.100000
v 0.943373 0.126978 -0.100000
v 0.938481 0.124996 0.100000
v 0.938481 0.124996 -0.100000
v 0.934165 0.122447 0.100000
v 0.934165 0.122447 -0.100000
v 0.930424 0.119331 0.100000
v 0.930424 0.119331 -0.100000
v 0.927259 0.115649 0.100000
v 0.927259 0.115649 -0.100000
v 0.924670 0.111401 0.100000
v 0.924670 0.111401 -0.100000
v 0.922655 0.106587 0.100000
v 0.922655 0.106587 -0.100000
v 0.921217 0.101205 0.100000
v 0.921217 0.101205 -0.100000
v 0.920353 0.095258 0.100000
v 0.920353 0.095258 -0.100000
v 1.062317 -0.143230 0.100000
v 1.062317 -0.143230 -0.100000
v 0.990865 -0.140620 0.100000
v 0.990865 -0.140620 -0.100000
v 0.990865 -0.052202 0.100000
v 0.990865 -0.052202 -0.100000
v 1.062317 -0.052202 0.100000
v 1.062317 -0.052202 -0.100000
v 0.658728 0.090702 0.100000
v 0.658728 0.090702 -0.100000
v 0.658728 -0.008157 0.100000
v 0.658728 -0.008157 -0.100000
v 0.732790 -0.008157 0.100000
v 0.732790 -0.008157 -0.100000
v 0.732790 0.067211 0.100000
v 0.732790 0.067211 -0.100000
v 0.791844 0.065905 0.100000
v 0.791844 0.065905 -0.100000
v 0.791844 -0.200000 0.100000
v 0.791844 -0.200000 -0.100000
v 0.866558 -0.200000 0.100000
v 0.866558 -0.200000 -0.100000
v 0.866558 0.129527 0.100000
v 0.866558 0.129527 -0.100000
v 0.791844 0.129527 0.100000
v 0.791844 0.129527 -0.100000
v 0.791844 0.117455 0.100000
v 0.791844 0.117455 -0.100000
v 0.787985 0.118162 0.100000
v 0.787985 0.118162 -0.100000
v 0.784131 0.118869 0.100000
v 0.784131 0.118869 -0.100000
v 0.780282 0.119576 0.100000
v 0.780282 0.119576 -0.100000
v 0.776437 0.120283 0.100000
v 0.776437 0.120283 -0.100000
v 0.772596 0.120990 0.100000
v 0.772596 0.120990 -0.100000
v 0.768761 0.121697 0.100000
v 0.768761 0.121697 -0.100000
v 0.764929 0.122404 0.100000
v 0.764929 0.122404 -0.100000
v 0.761102 0.123110 0.100000
v 0.761102 0.123110 -0.100000
v 0.757280 0.123817 0.100000
v 0.757280 0.123817 -0.100000
v 0.753462 0.124524 0.100000
v 0.753462 0.124524 -0.100000
v 0.749649 0.125231 0.100000
v 0.749649 0.125231 -0.100000
v 0.745840 0.125938 0.100000
v 0.745840 0.125938 -0.100000
v 0.741282 0.126720 0.100000
v 0.741282 0.126720 -0.100000
v 0.736850 0.127433 0.100000
v 0.736850 0.127433 -0.100000
v 0.732545 0.128079 0.100000
v 0.732545 0.128079 -0.100000
v 0.728367 0.128657 0.100000
v 0.728367 0.128657 -0.100000
v 0.724316 0.129167 0.100000
v 0.724316 0.129167 -0.100000
v 0.720392 0.129609 0.100000
v 0.720392 0.129609 -0.100000
v 0.716595 0.129982 0.100000
v 0.716595 0.129982 -0.100000
v 0.712924 0.130288 0.100000
v 0.712924 0.130288 -0.100000
v 0.709380 0.130526 0.100000
v 0.709380 0.130526 -0.100000
v 0.705964 0.130696 0.100000
v 0.705964 0.130696 -0.100000
v 0.702674 0.130798 0.100000
v 0.702674 0.130798 -0.100000
v 0.699511 0.130832 0.100000
v 0.699511 0.130832 -0.100000
v 0.692997 0.130553 0.100000
v 0.692997 0.130553 -0.100000
v 0.687049 0.129717 0.100000
v 0.687049 0.129717 -0.100000
v 0.681668 0.128324 0.100000
v 0.681668 0.128324 -0.100000
v 0.676854 0.126373 0.100000
v 0.676854 0.126373 -0.100000
v 0.672605 0.123865 0.100000
v 0.672605 0.123865 -0.100000
v 0.668924 0.120799 0.100000
v 0.668924 0.120799 -0.100000
v 0.665808 0.117177 0.100000
v 0.665808 0.117177 -0.100000
v 0.663259 0.112996 0.100000
v 0.663259 0.112996 -0.100000
v 0.661277 0.108259 0.100000
v 0.661277 0.108259 -0.100000
v 0.659861 0.102964 0.100000
v 0.659861 0.102964 -0.100000
v 0.659011 0.097111 0.100000
v 0.659011 0.097111 -0.100000
v 0.474388 -0.136378 0.100000
v 0.474388 -0.136378 -0.100000
v 0.474388 -0.200000 0.100000
v 0.474388 -0.200000 -0.100000
v 0.557260 -0.200000 0.100000
v 0.557260 -0.200000 -0.100000
v 0.563878 -0.199717 0.100000
v 0.563878 -0.199717 -0.100000
v 0.569920 -0.198867 0.100000
v 0.569920 -0.198867 -0.100000
v 0.575388 -0.197451 0.100000
v 0.575388 -0.197451 -0.100000
v 0.580279 -0.195469 0.100000
v 0.580279 -0.195469 -0.100000
v 0.584596 -0.192920 0.100000
v 0.584596 -0.192920 -0.100000
v 0.588336 -0.189804 0.100000
v 0.588336 -0.189804 -0.100000
v 0.591501 -0.186122 0.100000
v 0.591501 -0.186122 -0.100000
v 0.594091 -0.181874 0.100000
v 0.594091 -0.181874 -0.100000
v 0.596105 -0.177060 0.100000
v 0.596105 -0.177060 -0.100000
v 0.597544 -0.171678 0.100000
v 0.597544 -0.171678 -0.100000
v 0.598407 -0.165731 0.100000
v 0.598407 -0.165731 -0.100000
v 0.598695 -0.159217 0.100000
v 0.598695 -0.159217 -0.100000
v 0.598695 0.065905 0.100000
v 0.598695 0.065905 -0.100000
v 0.633932 0.065905 0.100000
v 0.633932 0.065905 -0.100000
v 0.633932 0.129527 0.100000
v 0.633932 0.129527 -0.100000
v 0.598695 0.129527 0.100000
v 0.598695 0.129527 -0.100000
v 0.598695 0.218923 0.100000
v 0.598695 0.218923 -0.100000
v 0.524307 0.218923 0.100000
v 0.524307 0.218923 -0.100000
v 0.524307 0.129527 0.100000
v 0.524307 0.129527 -0.100000
v 0.476346 0.129527 0.100000
v 0.476346 0.129527 -0.100000
v 0.476346 0.065905 0.100000
v 0.476346 0.065905 -0.100000
v 0.524307 0.065905 0.100000
v 0.524307 0.065905 -0.100000
v 0.524307 -0.136378 0.100000
v 0.524307 -0.136378 -0.100000
v 0.153018 -0.136378 0.100000
v 0.153018 -0.136378 -0.100000
v 0.153018 -0.200000 0.100000
v 0.153018 -0.200000 -0.100000
v 0.235889 -0.200000 0.100000
v 0.235889 -0.200000 -0.100000
v 0.242507 -0.199717 0.100000
v 0.242507 -0.199717 -0.100000
v 0.248550 -0.198867 0.100000
v 0.248550 -0.198867 -0.100000
v 0.254017 -0.197451 0.100000
v 0.254017 -0.197451 -0.100000
v 0.258909 -0.195469 0.100000
v 0.258909 -0.195469 -0.100000
v 0.263225 -0.192920 0.100000
v 0.263225 -0.192920 -0.100000
v 0.266966 -0.189804 0.100000
v 0.266966 -0.189804 -0.100000
v 0.270131 -0.186122 0.100000
v 0.270131 -0.186122 -0.100000
v 0.272721 -0.181874 0.100000
v 0.272721 -0.181874 -0.100000
v 0.274735 -0.177060 0.100000
v 0.274735 -0.177060 -0.100000
v 0.276174 -0.171678 0.100000
v 0.276174 -0.171678 -0.100000
v 0.277037 -0.165731 0.100000
v 0.277037 -0.165731 -0.100000
v 0.277325 -0.159217 0.100000
v 0.277325 -0.159217 -0.100000
v 0.277325 0.065905 0.100000
v 0.277325 0.065905 -0.100000
v 0.312561 0.065905 0.100000
v 0.312561 0.065905 -0.100000
v 0.312561 0.129527 0.100000
v 0.312561 0.129527 -0.100000
v 0.277325 0.129527 0.100000
v 0.277325 0.129527 -0.100000
v 0.277325 0.218923 0.100000
v 0.277325 0.218923 -0.100000
v 0.202937 0.218923 0.100000
v 0.202937 0.218923 -0.100000
v 0.202937 0.129527 0.100000
v 0.202937 0.129527 -0.100000
v 0.154976 0.129527 0.100000
v 0.154976 0.129527 -0.100000
v 0.154976 0.065905 0.100000
v 0.154976 0.065905 -0.100000
v 0.202937 0.065905 0.100000
v 0.202937 0.065905 -0.100000
v 0.202937 -0.136378 0.100000
v 0.202937 -0.136378 -0.100000
v -0.105710 0.088744 0.100000
v -0.105710 0.088744 -0.100000
v -0.105710 -0.159217 0.100000
v -0.105710 -0.159217 -0.100000
v -0.105422 -0.165731 0.100000
v -0.105422 -0.165731 -0.100000
v -0.104559 -0.171678 0.100000
v -0.104559 -0.171678 -0.100000
v -0.103120 -0.177060 0.100000
v -0.103120 -0.177060 -0.100000
v -0.101106 -0.181874 0.100000
v -0.101106 -0.181874 -0.100000
v -0.098516 -0.186122 0.100000
v -0.098516 -0.186122 -0.100000
v -0.095351 -0.189804 0.100000
v -0.095351 -0.189804 -0.100000
v -0.091610 -0.192920 0.100000
v -0.091610 -0.192920 -0.100000
v -0.087294 -0.195469 0.100000
v -0.087294 -0.195469 -0.100000
v -0.082402 -0.197451 0.100000
v -0.082402 -0.197451 -0.100000
v -0.076935 -0.198867 0.100000
v -0.076935 -0.198867 -0.100000
v -0.070892 -0.199717 0.100000
v -0.070892 -0.199717 -0.100000
v -0.064274 -0.200000 0.100000
v -0.064274 -0.200000 -0.100000
v 0.069494 -0.200000 0.100000
v 0.069494 -0.200000 -0.100000
v 0.076217 -0.199717 0.100000
v 0.076217 -0.199717 -0.100000
v 0.082355 -0.198867 0.100000
v 0.082355 -0.198867 -0.100000
v 0.087908 -0.197451 0.100000
v 0.087908 -0.197451 -0.100000
v 0.092877 -0.195469 0.100000
v 0.092877 -0.195469 -0.100000
v 0.097261 -0.192920 0.100000
v 0.097261 -0.192920 -0.100000
v 0.101060 -0.189804 0.100000
v 0.101060 -0.189804 -0.100000
v 0.104275 -0.186122 0.100000
v 0.104275 -0.186122 -0.100000
v 0.106906 -0.181874 0.100000
v 0.106906 -0.181874 -0.100000
v 0.108952 -0.177060 0.100000
v 0.108952 -0.177060 -0.100000
v 0.110413 -0.171678 0.100000
v 0.110413 -0.171678 -0.100000
v 0.111290 -0.165731 0.100000
v 0.111290 -0.165731 -0.100000
v 0.111582 -0.159217 0.100000
v 0.111582 -0.159217 -0.100000
v 0.111582 0.088744 0.100000
v 0.111582 0.088744 -0.100000
v 0.111290 0.095258 0.100000
v 0.111290 0.095258 -0.100000
v 0.110413 0.101205 0.100000
v 0.110413 0.101205 -0.100000
v 0.108952 0.106587 0.100000
v 0.108952 0.106587 -0.100000
v 0.106906 0.111401 0.100000
v 0.106906 0.111401 -0.100000
v 0.104275 0.115649 0.100000
v 0.104275 0.115649 -0.100000
v 0.101060 0.119331 0.100000
v 0.101060 0.119331 -0.100000
v 0.097261 0.122447 0.100000
v 0.097261 0.122447 -0.100000
v 0.092877 0.124996 0.100000
v 0.092877 0.124996 -0.100000
v 0.087908 0.126978 0.100000
v 0.087908 0.126978 -0.100000
v 0.082355 0.128394 0.100000
v 0.082355 0.128394 -0.100000
v 0.076217 0.129244 0.100000
v 0.076217 0.129244 -0.100000
v 0.069494 0.129527 0.100000
v 0.069494 0.129527 -0.100000
v -0.064274 0.129527 0.100000
v -0.064274 0.129527 -0.100000
v -0.070892 0.129244 0.100000
v -0.070892 0.129244 -0.100000
v -0.076935 0.128394 0.100000
v -0.076935 0.128394 -0.100000
v -0.082402 0.126978 0.100000
v -0.082402 0.126978 -0.100000
v -0.087294 0.124996 0.100000
v -0.087294 0.124996 -0.100000
v -0.091610 0.122447 0.100000
v -0.091610 0.122447 -0.100000
v -0.095351 0.119331 0.100000
v -0.095351 0.119331 -0.100000
v -0.098516 0.115649 0.100000
v -0.098516 0.115649 -0.100000
v -0.101106 0.111401 0.100000
v -0.101106 0.111401 -0.100000
v -0.103120 0.106587 0.100000
v -0.103120 0.106587 -0.100000
v -0.104559 0.101205 0.100000
v -0.104559 0.101205 -0.100000
v -0.105422 0.095258 0.100000
v -0.105422 0.095258 -0.100000
v 0.038173 -0.138010 0.100000
v 0.038173 -0.138010 -0.100000
v -0.032626 -0.138010 0.100000
v -0.032626 -0.138010 -0.100000
v -0.032626 0.067211 0.100000
v -0.032626 0.067211 -0.100000
v 0.038173 0.067211 0.100000
v 0.038173 0.067211 -0.100000
v -0.545840 -0.031648 0.100000
v -0.545840 -0.031648 -0.100000
v -0.545840 -0.153344 0.100000
v -0.545840 -0.153344 -0.100000
v -0.545519 -0.160796 0.100000
v -0.545519 -0.160796 -0.100000
v -0.544553 -0.167600 0.100000
v -0.544553 -0.167600 -0.100000
v -0.542945 -0.173756 0.100000
v -0.542945 -0.173756 -0.100000
v -0.540693 -0.179264 0.100000
v -0.540693 -0.179264 -0.100000
v -0.537797 -0.184124 0.100000
v -0.537797 -0.184124 -0.100000
v -0.534258 -0.188336 0.100000
v -0.534258 -0.188336 -0.100000
v -0.530075 -0.191900 0.100000
v -0.530075 -0.191900 -0.100000
v -0.525249 -0.194816 0.100000
v -0.525249 -0.194816 -0.100000
v -0.519780 -0.197084 0.100000
v -0.519780 -0.197084 -0.100000
v -0.513667 -0.198704 0.100000
v -0.513667 -0.198704 -0.100000
v -0.506911 -0.199676 0.100000
v -0.506911 -0.199676 -0.100000
v -0.499511 -0.200000 0.100000
v -0.499511 -0.200000 -0.100000
v -0.345840 -0.200000 0.100000
v -0.345840 -0.200000 -0.100000
v -0.338492 -0.199676 0.100000
v -0.338492 -0.199676 -0.100000
v -0.331784 -0.198704 0.100000
v -0.331784 -0.198704 -0.100000
v -0.325714 -0.197084 0.100000
v -0.325714 -0.197084 -0.100000
v -0.320283 -0.194816 0.100000
v -0.320283 -0.194816 -0.100000
v -0.315491 -0.191900 0.100000
v -0.315491 -0.191900 -0.100000
v -0.311338 -0.188336 0.100000
v -0.311338 -0.188336 -0.100000
v -0.307824 -0.184124 0.100000
v -0.307824 -0.184124 -0.100000
v -0.304948 -0.179264 0.100000
v -0.304948 -0.179264 -0.100000
v -0.302712 -0.173756 0.100000
v -0.302712 -0.173756 -0.100000
v -0.301115 -0.167600 0.100000
v -0.301115 -0.167600 -0.100000
v -0.300156 -0.160796 0.100000
v -0.300156 -0.160796 -0.100000
v -0.299837 -0.153344 0.100000
v -0.299837 -0.153344 -0.100000
v -0.299837 -0.031648 0.100000
v -0.299837 -0.031648 -0.100000
v -0.376183 -0.031648 0.100000
v -0.376183 -0.031648 -0.100000
v -0.376183 -0.135726 0.100000
v -0.376183 -0.135726 -0.100000
v -0.469494 -0.135726 0.100000
v -0.469494 -0.135726 -0.100000
v -0.469494 -0.035563 0.100000
v -0.469494 -0.035563 -0.100000
v -0.316476 0.109299 0.100000
v -0.316476 0.109299 -0.100000
v -0.313819 0.112024 0.100000
v -0.313819 0.112024 -0.100000
v -0.311392 0.114872 0.100000
v -0.311392 0.114872 -0.100000
v -0.309197 0.117843 0.100000
v -0.309197 0.117843 -0.100000
v -0.307232 0.120935 0.100000
v -0.307232 0.120935 -0.100000
v -0.305499 0.124150 0.100000
v -0.305499 0.124150 -0.100000
v -0.303997 0.127488 0.100000
v -0.303997 0.127488 -0.100000
v -0.302726 0.130948 0.100000
v -0.302726 0.130948 -0.100000
v -0.301686 0.134530 0.100000
v -0.301686 0.134530 -0.100000
v -0.300877 0.138234 0.100000
v -0.300877 0.138234 -0.100000
v -0.300299 0.142061 0.100000
v -0.300299 0.142061 -0.100000
v -0.299953 0.146010 0.100000
v -0.299953 0.146010 -0.100000
v -0.299837 0.150082 0.100000
v -0.299837 0.150082 -0.100000
v -0.299837 0.263622 0.100000
v -0.299837 0.263622 -0.100000
v -0.300156 0.271126 0.100000
v -0.300156 0.271126 -0.100000
v -0.301115 0.277977 0.100000
v -0.301115 0.277977 -0.100000
v -0.302712 0.284176 0.100000
v -0.302712 0.284176 -0.100000
v -0.304948 0.289723 0.100000
v -0.304948 0.289723 -0.100000
v -0.307824 0.294617 0.100000
v -0.307824 0.294617 -0.100000
v -0.311338 0.298858 0.100000
v -0.311338 0.298858 -0.100000
v -0.315491 0.302447 0.100000
v -0.315491 0.302447 -0.100000
v -0.320283 0.305383 0.100000
v -0.320283 0.305383 -0.100000
v -0.325714 0.307667 0.100000
v -0.325714 0.307667 -0.100000
v -0.331784 0.309299 0.100000
v -0.331784 0.309299 -0.100000
v -0.338492 0.310277 0.100000
v -0.338492 0.310277 -0.100000
v -0.345840 0.310604 0.100000
v -0.345840 0.310604 -0.100000
v -0.499511 0.310604 0.100000
v -0.499511 0.310604 -0.100000
v -0.506911 0.310282 0.100000
v -0.506911 0.310282 -0.100000
v -0.513667 0.309317 0.100000
v -0.513667 0.309317 -0.100000
v -0.519780 0.307708 0.100000
v -0.519780 0.307708 -0.100000
v -0.525249 0.305456 0.100000
v -0.525249 0.305456 -0.100000
v -0.530075 0.302560 0.100000
v -0.530075 0.302560 -0.100000
v -0.534258 0.299021 0.100000
v -0.534258 0.299021 -0.100000
v -0.537797 0.294839 0.100000
v -0.537797 0.294839 -0.100000
v -0.540693 0.290013 0.100000
v -0.540693 0.290013 -0.100000
v -0.542945 0.284543 0.100000
v -0.542945 0.284543 -0.100000
v -0.544553 0.278430 0.100000
v -0.544553 0.278430 -0.100000
v -0.545519 0.271674 0.100000
v -0.545519 0.271674 -0.100000
v -0.545840 0.264274 0.100000
v -0.545840 0.264274 -0.100000
v -0.545840 0.150082 0.100000
v -0.545840 0.150082 -0.100000
v -0.469494 0.150082 0.100000
v -0.469494 0.150082 -0.100000
v -0.469494 0.246330 0.100000
v -0.469494 0.246330 -0.100000
v -0.376183 0.246330 0.100000
v -0.376183 0.246330 -0.100000
v -0.376183 0.153997 0.100000
v -0.376183 0.153997 -0.100000
v -0.529201 0.009788 0.100000
v -0.529201 0.009788 -0.100000
v -0.531859 0.007108 0.100000
v -0.531859 0.007108 -0.100000
v -0.534285 0.004287 0.100000
v -0.534285 0.004287 -0.100000
v -0.536481 0.001326 0.100000
v -0.536481 0.001326 -0.100000
v -0.538445 -0.001776 0.100000
v -0.538445 -0.001776 -0.100000
v -0.540178 -0.005019 0.100000
v -0.540178 -0.005019 -0.100000
v -0.541680 -0.008401 0.100000
v -0.541680 -0.008401 -0.100000
v -0.542952 -0.011924 0.100000
v -0.542952 -0.011924 -0.100000
v -0.543992 -0.015588 0.100000
v -0.543992 -0.015588 -0.100000
v -0.544800 -0.019392 0.100000
v -0.544800 -0.019392 -0.100000
v -0.545378 -0.023337 0.100000
v -0.545378 -0.023337 -0.100000
v -0.545725 -0.027422 0.100000
v -0.545725 -0.027422 -0.100000
v -0.822512 0.090702 0.100000
v -0.822512 0.090702 -0.100000
v -0.822512 -0.133768 0.100000
v -0.822512 -0.133768 -0.100000
v -0.822313 -0.140289 0.100000
v -0.822313 -0.140289 -0.100000
v -0.821715 -0.146475 0.100000
v -0.821715 -0.146475 -0.100000
v -0.820718 -0.152325 0.100000
v -0.820718 -0.152325 -0.100000
v -0.819322 -0.157839 0.100000
v -0.819322 -0.157839 -0.100000
v -0.817528 -0.163019 0.100000
v -0.817528 -0.163019 -0.100000
v -0.815335 -0.167863 0.100000
v -0.815335 -0.167863 -0.100000
v -0.812743 -0.172372 0.100000
v -0.812743 -0.172372 -0.100000
v -0.809752 -0.176545 0.100000
v -0.809752 -0.176545 -0.100000
v -0.806362 -0.180383 0.100000
v -0.806362 -0.180383 -0.100000
v -0.802574 -0.183886 0.100000
v -0.802574 -0.183886 -0.100000
v -0.798387 -0.187054 0.100000
v -0.798387 -0.187054 -0.100000
v -0.793801 -0.189886 0.100000
v -0.793801 -0.189886 -0.100000
v -0.790171 -0.191710 0.100000
v -0.790171 -0.191710 -0.100000
v -0.786243 -0.193375 0.100000
v -0.786243 -0.193375 -0.100000
v -0.782015 -0.194882 0.100000
v -0.782015 -0.194882 -0.100000
v -0.777488 -0.196230 0.100000
v -0.777488 -0.196230 -0.100000
v -0.772662 -0.197419 0.100000
v -0.772662 -0.197419 -0.100000
v -0.767537 -0.198450 0.100000
v -0.767537 -0.198450 -0.100000
v -0.762113 -0.199323 0.100000
v -0.762113 -0.199323 -0.100000
v -0.756389 -0.200036 0.100000
v -0.756389 -0.200036 -0.100000
v -0.750367 -0.200591 0.100000
v -0.750367 -0.200591 -0.100000
v -0.744046 -0.200988 0.100000
v -0.744046 -0.200988 -0.100000
v -0.737425 -0.201226 0.100000
v -0.737425 -0.201226 -0.100000
v -0.730506 -0.201305 0.100000
v -0.730506 -0.201305 -0.100000
v -0.728819 -0.201301 0.100000
v -0.728819 -0.201301 -0.100000
v -0.727021 -0.201287 0.100000
v -0.727021 -0.201287 -0.100000
v -0.725112 -0.201264 0.100000
v -0.725112 -0.201264 -0.100000
v -0.723092 -0.201233 0.100000
v -0.723092 -0.201233 -0.100000
v -0.720961 -0.201192 0.100000
v -0.720961 -0.201192 -0.100000
v -0.718720 -0.201142 0.100000
v -0.718720 -0.201142 -0.100000
v -0.716367 -0.201083 0.100000
v -0.716367 -0.201083 -0.100000
v -0.713903 -0.201015 0.100000
v -0.713903 -0.201015 -0.100000
v -0.711328 -0.200938 0.100000
v -0.711328 -0.200938 -0.100000
v -0.708642 -0.200852 0.100000
v -0.708642 -0.200852 -0.100000
v -0.705845 -0.200757 0.100000
v -0.705845 -0.200757 -0.100000
v -0.702937 -0.200653 0.100000
v -0.702937 -0.200653 -0.100000
v -0.700042 -0.200548 0.100000
v -0.700042 -0.200548 -0.100000
v -0.697286 -0.200453 0.100000
v -0.697286 -0.200453 -0.100000
v -0.694668 -0.200367 0.100000
v -0.694668 -0.200367 -0.100000
v -0.692188 -0.200290 0.100000
v -0.692188 -0.200290 -0.100000
v -0.689846 -0.200222 0.100000
v -0.689846 -0.200222 -0.100000
v -0.687643 -0.200163 0.100000
v -0.687643 -0.200163 -0.100000
v -0.685578 -0.200113 0.100000
v -0.685578 -0.200113 -0.100000
v -0.683651 -0.200072 0.100000
v -0.683651 -0.200072 -0.100000
v -0.681862 -0.200041 0.100000
v -0.681862 -0.200041 -0.100000
v -0.680211 -0.200018 0.100000
v -0.680211 -0.200018 -0.100000
v -0.678699 -0.200005 0.100000
v -0.678699 -0.200005 -0.100000
v -0.677325 -0.200000 0.100000
v -0.677325 -0.200000 -0.100000
v -0.677325 -0.320392 0.100000
v -0.677325 -0.320392 -0.100000
v -0.602610 -0.320392 0.100000
v -0.602610 -0.320392 -0.100000
v -0.602610 0.129527 0.100000
v -0.602610 0.129527 -0.100000
v -0.677325 0.129527 0.100000
v -0.677325 0.129527 -0.100000
v -0.677325 0.117455 0.100000
v -0.677325 0.117455 -0.100000
v -0.681675 0.118110 0.100000
v -0.681675 0.118110 -0.100000
v -0.686025 0.118769 0.100000
v -0.686025 0.118769 -0.100000
v -0.690375 0.119433 0.100000
v -0.690375 0.119433 -0.100000
v -0.694726 0.120102 0.100000
v -0.694726 0.120102 -0.100000
v -0.699076 0.120775 0.100000
v -0.699076 0.120775 -0.100000
v -0.703426 0.121452 0.100000
v -0.703426 0.121452 -0.100000
v -0.707776 0.122134 0.100000
v -0.707776 0.122134 -0.100000
v -0.712126 0.122820 0.100000
v -0.712126 0.122820 -0.100000
v -0.716476 0.123512 0.100000
v -0.716476 0.123512 -0.100000
v -0.720827 0.124207 0.100000
v -0.720827 0.124207 -0.100000
v -0.725177 0.124907 0.100000
v -0.725177 0.124907 -0.100000
v -0.729527 0.125612 0.100000
v -0.729527 0.125612 -0.100000
v -0.734924 0.126446 0.100000
v -0.734924 0.126446 -0.100000
v -0.740131 0.127207 0.100000
v -0.740131 0.127207 -0.100000
v -0.745147 0.127896 0.100000
v -0.745147 0.127896 -0.100000
v -0.749973 0.128512 0.100000
v -0.749973 0.128512 -0.100000
v -0.754609 0.129056 0.100000
v -0.754609 0.129056 -0.100000
v -0.759054 0.129527 0.100000
v -0.759054 0.129527 -0.100000
v -0.763309 0.129926 0.100000
v -0.763309 0.129926 -0.100000
v -0.767374 0.130252 0.100000
v -0.767374 0.130252 -0.100000
v -0.771248 0.130506 0.100000
v -0.771248 0.130506 -0.100000
v -0.774932 0.130687 0.100000
v -0.774932 0.130687 -0.100000
v -0.778426 0.130796 0.100000
v -0.778426 0.130796 -0.100000
v -0.781729 0.130832 0.100000
v -0.781729 0.130832 -0.100000
v -0.788243 0.130553 0.100000
v -0.788243 0.130553 -0.100000
v -0.794191 0.129717 0.100000
v -0.794191 0.129717 -0.100000
v -0.799572 0.128324 0.100000
v -0.799572 0.128324 -0.100000
v -0.804387 0.126373 0.100000
v -0.804387 0.126373 -0.100000
v -0.808635 0.123865 0.100000
v -0.808635 0.123865 -0.100000
v -0.812317 0.120799 0.100000
v -0.812317 0.120799 -0.100000
v -0.815432 0.117177 0.100000
v -0.815432 0.117177 -0.100000
v -0.817981 0.112996 0.100000
v -0.817981 0.112996 -0.100000
v -0.819964 0.108259 0.100000
v -0.819964 0.108259 -0.100000
v -0.821380 0.102964 0.100000
v -0.821380 0.102964 -0.100000
v -0.822229 0.097111 0.100000
v -0.822229 0.097111 -0.100000
v -0.723654 -0.138010 0.100000
v -0.723654 -0.138010 -0.100000
v -0.727458 -0.137838 0.100000
v -0.727458 -0.137838 -0.100000
v -0.730932 -0.137321 0.100000
v -0.730932 -0.137321 -0.100000
v -0.734074 -0.136460 0.100000
v -0.734074 -0.136460 -0.100000
v -0.736886 -0.135255 0.100000
v -0.736886 -0.135255 -0.100000
v -0.739367 -0.133705 0.100000
v -0.739367 -0.133705 -0.100000
v -0.741517 -0.131811 0.100000
v -0.741517 -0.131811 -0.100000
v -0.743337 -0.129572 0.100000
v -0.743337 -0.129572 -0.100000
v -0.744825 -0.126989 0.100000
v -0.744825 -0.126989 -0.100000
v -0.745983 -0.124062 0.100000
v -0.745983 -0.124062 -0.100000
v -0.746810 -0.120790 0.100000
v -0.746810 -0.120790 -0.100000
v -0.747306 -0.117174 0.100000
v -0.747306 -0.117174 -0.100000
v -0.747472 -0.113214 0.100000
v -0.747472 -0.113214 -0.100000
v -0.747472 0.067211 0.100000
v -0.747472 0.067211 -0.100000
v -0.677325 0.065905 0.100000
v -0.677325 0.065905 -0.100000
v -0.677325 -0.138010 0.100000
v -0.677325 -0.138010 -0.100000
v -1.087765 0.088744 0.100000
v -1.087765 0.088744 -0.100000
v -1.087765 -0.200000 0.100000
v -1.087765 -0.200000 -0.100000
v -1.016313 -0.200000 0.100000
v -1.016313 -0.200000 -0.100000
v -1.016313 -0.188581 0.100000
v -1.016313 -0.188581 -0.100000
v -1.012072 -0.189233 0.100000
v -1.012072 -0.189233 -0.100000
v -1.007831 -0.189886 0.100000
v -1.007831 -0.189886 -0.100000
v -1.003589 -0.190538 0.100000
v -1.003589 -0.190538 -0.100000
v -0.999348 -0.191191 0.100000
v -0.999348 -0.191191 -0.100000
v -0.995106 -0.191843 0.100000
v -0.995106 -0.191843 -0.100000
v -0.990865 -0.192496 0.100000
v -0.990865 -0.192496 -0.100000
v -0.986623 -0.193148 0.100000
v -0.986623 -0.193148 -0.100000
v -0.982382 -0.193801 0.100000
v -0.982382 -0.193801 -0.100000
v -0.978140 -0.194453 0.100000
v -0.978140 -0.194453 -0.100000
v -0.973899 -0.195106 0.100000
v -0.973899 -0.195106 -0.100000
v -0.969657 -0.195759 0.100000
v -0.969657 -0.195759 -0.100000
v -0.965416 -0.196411 0.100000
v -0.965416 -0.196411 -0.100000
v -0.959981 -0.197193 0.100000
v -0.959981 -0.197193 -0.100000
v -0.954767 -0.197906 0.100000
v -0.954767 -0.197906 -0.100000
v -0.949776 -0.198552 0.100000
v -0.949776 -0.198552 -0.100000
v -0.945007 -0.199130 0.100000
v -0.945007 -0.199130 -0.100000
v -0.940459 -0.199640 0.100000
v -0.940459 -0.199640 -0.100000
v -0.936134 -0.200082 0.100000
v -0.936134 -0.200082 -0.100000
v -0.932031 -0.200455 0.100000
v -0.932031 -0.200455 -0.100000
v -0.928150 -0.200761 0.100000
v -0.928150 -0.200761 -0.100000
v -0.924490 -0.200999 0.100000
v -0.924490 -0.200999 -0.100000
v -0.921053 -0.201169 0.100000
v -0.921053 -0.201169 -0.100000
v -0.917838 -0.201271 0.100000
v -0.917838 -0.201271 -0.100000
v -0.914845 -0.201305 0.100000
v -0.914845 -0.201305 -0.100000
v -0.908331 -0.201026 0.100000
v -0.908331 -0.201026 -0.100000
v -0.902384 -0.200190 0.100000
v -0.902384 -0.200190 -0.100000
v -0.897003 -0.198797 0.100000
v -0.897003 -0.198797 -0.100000
v -0.892188 -0.196846 0.100000
v -0.892188 -0.196846 -0.100000
v -0.887940 -0.194338 0.100000
v -0.887940 -0.194338 -0.100000
v -0.884258 -0.191272 0.100000
v -0.884258 -0.191272 -0.100000
v -0.881143 -0.187650 0.100000
v -0.881143 -0.187650 -0.100000
v -0.878594 -0.183469 0.100000
v -0.878594 -0.183469 -0.100000
v -0.876611 -0.178732 0.100000
v -0.876611 -0.178732 -0.100000
v -0.875195 -0.173437 0.100000
v -0.875195 -0.173437 -0.100000
v -0.874345 -0.167584 0.100000
v -0.874345 -0.167584 -0.100000
v -0.874062 -0.161175 0.100000
v -0.874062 -0.161175 -0.100000
v -0.874062 -0.042414 0.100000
v -0.874062 -0.042414 -0.100000
v -0.874354 -0.035900 0.100000
v -0.874354 -0.035900 -0.100000
v -0.875231 -0.029953 0.100000
v -0.875231 -0.029953 -0.100000
v -0.876693 -0.024572 0.100000
v -0.876693 -0.024572 -0.100000
v -0.878739 -0.019757 0.100000
v -0.878739 -0.019757 -0.100000
v -0.881369 -0.015509 0.100000
v -0.881369 -0.015509 -0.100000
v -0.884584 -0.011827 0.100000
v -0.884584 -0.011827 -0.100000
v -0.888384 -0.008712 0.100000
v -0.888384 -0.008712 -0.100000
v -0.892768 -0.006163 0.100000
v -0.892768 -0.006163 -0.100000
v -0.897737 -0.004180 0.100000
v -0.897737 -0.004180 -0.100000
v -0.903290 -0.002764 0.100000
v -0.903290 -0.002764 -0.100000
v -0.909428 -0.001914 0.100000
v -0.909428 -0.001914 -0.100000
v -0.916150 -0.001631 0.100000
v -0.916150 -0.001631 -0.100000
v -1.016966 -0.001631 0.100000
v -1.016966 -0.001631 -0.100000
v -1.016966 0.074062 0.100000
v -1.016966 0.074062 -0.100000
v -0.945514 0.074062 0.100000
v -0.945514 0.074062 -0.100000
v -0.945514 0.027080 0.100000
v -0.945514 0.027080 -0.100000
v -0.877977 0.027080 0.100000
v -0.877977 0.027080 -0.100000
v -0.877977 0.088744 0.100000
v -0.877977 0.088744 -0.100000
v -0.878270 0.095258 0.100000
v -0.878270 0.095258 -0.100000
v -0.879147 0.101205 0.100000
v -0.879147 0.101205 -0.100000
v -0.880608 0.106587 0.100000
v -0.880608 0.106587 -0.100000
v -0.882654 0.111401 0.100000
v -0.882654 0.111401 -0.100000
v -0.885284 0.115649 0.100000
v -0.885284 0.115649 -0.100000
v -0.888499 0.119331 0.100000
v -0.888499 0.119331 -0.100000
v -0.892299 0.122447 0.100000
v -0.892299 0.122447 -0.100000
v -0.896683 0.124996 0.100000
v -0.896683 0.124996 -0.100000
v -0.901652 0.126978 0.100000
v -0.901652 0.126978 -0.100000
v -0.907205 0.128394 0.100000
v -0.907205 0.128394 -0.100000
v -0.913343 0.129244 0.100000
v -0.913343 0.129244 -0.100000
v -0.920065 0.129527 0.100000
v -0.920065 0.129527 -0.100000
v -1.046330 0.129527 0.100000
v -1.046330 0.129527 -0.100000
v -1.052948 0.129244 0.100000
v -1.052948 0.129244 -0.100000
v -1.058991 0.128394 0.100000
v -1.058991 0.128394 -0.100000
v -1.064458 0.126978 0.100000
v -1.064458 0.126978 -0.100000
v -1.069350 0.124996 0.100000
v -1.069350 0.124996 -0.100000
v -1.073666 0.122447 0.100000
v -1.073666 0.122447 -0.100000
v -1.077406 0.119331 0.100000
v -1.077406 0.119331 -0.100000
v -1.080572 0.115649 0.100000
v -1.080572 0.115649 -0.100000
v -1.083161 0.111401 0.100000
v -1.083161 0.111401 -0.100000
v -1.085176 0.106587 0.100000
v -1.085176 0.106587 -0.100000
v -1.086614 0.101205 0.100000
v -1.086614 0.101205 -0.100000
v -1.087478 0.095258 0.100000
v -1.087478 0.095258 -0.100000
v -0.945514 -0.143230 0.100000
v -0.945514 -0.143230 -0.100000
v -1.016966 -0.140620 0.100000
v -1.016966 -0.140620 -0.100000
v -1.016966 -0.052202 0.100000
v -1.016966 -0.052202 -0.100000
v -0.945514 -0.052202 0.100000
v -0.945514 -0.052202 -0.100000
v -1.354323 -0.075041 0.100000
v -1.354323 -0.075041 -0.100000
v -1.354323 -0.159217 0.100000
v -1.354323 -0.159217 -0.100000
v -1.354036 -0.165731 0.100000
v -1.354036 -0.165731 -0.100000
v -1.353172 -0.171678 0.100000
v -1.353172 -0.171678 -0.100000
v -1.351734 -0.177060 0.100000
v -1.351734 -0.177060 -0.100000
v -1.349719 -0.181874 0.100000
v -1.349719 -0.181874 -0.100000
v -1.347130 -0.186122 0.100000
v -1.347130 -0.186122 -0.100000
v -1.343964 -0.189804 0.100000
v -1.343964 -0.189804 -0.100000
v -1.340224 -0.192920 0.100000
v -1.340224 -0.192920 -0.100000
v -1.335908 -0.195469 0.100000
v -1.335908 -0.195469 -0.100000
v -1.331016 -0.197451 0.100000
v -1.331016 -0.197451 -0.100000
v -1.325549 -0.198867 0.100000
v -1.325549 -0.198867 -0.100000
v -1.319506 -0.199717 0.100000
v -1.319506 -0.199717 -0.100000
v -1.312888 -0.200000 0.100000
v -1.312888 -0.200000 -0.100000
v -1.183361 -0.200000 0.100000
v -1.183361 -0.200000 -0.100000
v -1.176638 -0.199717 0.100000
v -1.176638 -0.199717 -0.100000
v -1.170501 -0.198867 0.100000
v -1.170501 -0.198867 -0.100000
v -1.164947 -0.197451 0.100000
v -1.164947 -0.197451 -0.100000
v -1.159979 -0.195469 0.100000
v -1.159979 -0.195469 -0.100000
v -1.155594 -0.192920 0.100000
v -1.155594 -0.192920 -0.100000
v -1.151795 -0.189804 0.100000
v -1.151795 -0.189804 -0.100000
v -1.148580 -0.186122 0.100000
v -1.148580 -0.186122 -0.100000
v -1.145949 -0.181874 0.100000
v -1.145949 -0.181874 -0.100000
v -1.143903 -0.177060 0.100000
v -1.143903 -0.177060 -0.100000
v -1.142442 -0.171678 0.100000
v -1.142442 -0.171678 -0.100000
v -1.141565 -0.165731 0.100000
v -1.141565 -0.165731 -0.100000
v -1.141273 -0.159217 0.100000
v -1.141273 -0.159217 -0.100000
v -1.141273 0.088744 0.100000
v -1.141273 0.088744 -0.100000
v -1.141565 0.095258 0.100000
v -1.141565 0.095258 -0.100000
v -1.142442 0.101205 0.100000
v -1.142442 0.101205 -0.100000
v -1.143903 0.106587 0.100000
v -1.143903 0.106587 -0.100000
v -1.145949 0.111401 0.100000
v -1.145949 0.111401 -0.100000
v -1.148580 0.115649 0.100000
v -1.148580 0.115649 -0.100000
v -1.151795 0.119331 0.100000
v -1.151795 0.119331 -0.100000
v -1.155594 0.122447 0.100000
v -1.155594 0.122447 -0.100000
v -1.159979 0.124996 0.100000
v -1.159979 0.124996 -0.100000
v -1.164947 0.126978 0.100000
v -1.164947 0.126978 -0.100000
v -1.170501 0.128394 0.100000
v -1.170501 0.128394 -0.100000
v -1.176638 0.129244 0.100000
v -1.176638 0.129244 -0.100000
v -1.183361 0.129527 0.100000
v -1.183361 0.129527 -0.100000
v -1.312888 0.129527 0.100000
v -1.312888 0.129527 -0.100000
v -1.319506 0.129244 0.100000
v -1.319506 0.129244 -0.100000
v -1.325549 0.128394 0.100000
v -1.325549 0.128394 -0.100000
v -1.331016 0.126978 0.100000
v -1.331016 0.126978 -0.100000
v -1.335907 0.124996 0.100000
v -1.335907 0.124996 -0.100000
v -1.340224 0.122447 0.100000
v -1.340224 0.122447 -0.100000
v -1.343964 0.119331 0.100000
v -1.343964 0.119331 -0.100000
v -1.347130 0.115649 0.100000
v -1.347130 0.115649 -0.100000
v -1.349719 0.111401 0.100000
v -1.349719 0.111401 -0.100000
v -1.351734 0.106587 0.100000
v -1.351734 0.106587 -0.100000
v -1.353172 0.101205 0.100000
v -1.353172 0.101205 -0.100000
v -1.354035 0.095258 0.100000
v -1.354035 0.095258 -0.100000
v -1.354323 0.088744 0.100000
v -1.354323 0.088744 -0.100000
v -1.354323 0.010441 0.100000
v -1.354323 0.010441 -0.100000
v -1.281566 0.010441 0.100000
v -1.281566 0.010441 -0.100000
v -1.281566 0.067211 0.100000
v -1.281566 0.067211 -0.100000
v -1.214682 0.067211 0.100000
v -1.214682 0.067211 -0.100000
v -1.214682 -0.138010 0.100000
v -1.214682 -0.138010 -0.100000
v -1.281566 -0.138010 0.100000
v -1.281566 -0.138010 -0.100000
v -1.281566 -0.075041 0.100000
v -1.281566 -0.075041 -0.100000
v -1.620881 -0.090375 0.100000
v -1.620881 -0.090375 -0.100000
v -1.620881 -0.159217 0.100000
v -1.620881 -0.159217 -0.100000
v -1.620589 -0.165731 0.100000
v -1.620589 -0.165731 -0.100000
v -1.619712 -0.171678 0.100000
v -1.619712 -0.171678 -0.100000
v -1.618251 -0.177060 0.100000
v -1.618251 -0.177060 -0.100000
v -1.616205 -0.181874 0.100000
v -1.616205 -0.181874 -0.100000
v -1.613574 -0.186122 0.100000
v -1.613574 -0.186122 -0.100000
v -1.610359 -0.189804 0.100000
v -1.610359 -0.189804 -0.100000
v -1.606560 -0.192920 0.100000
v -1.606560 -0.192920 -0.100000
v -1.602175 -0.195469 0.100000
v -1.602175 -0.195469 -0.100000
v -1.597207 -0.197451 0.100000
v -1.597207 -0.197451 -0.100000
v -1.591653 -0.198867 0.100000
v -1.591653 -0.198867 -0.100000
v -1.585516 -0.199717 0.100000
v -1.585516 -0.199717 -0.100000
v -1.578793 -0.200000 0.100000
v -1.578793 -0.200000 -0.100000
v -1.449919 -0.200000 0.100000
v -1.449919 -0.200000 -0.100000
v -1.443196 -0.199717 0.100000
v -1.443196 -0.199717 -0.100000
v -1.437058 -0.198867 0.100000
v -1.437058 -0.198867 -0.100000
v -1.431505 -0.197451 0.100000
v -1.431505 -0.197451 -0.100000
v -1.426536 -0.195469 0.100000
v -1.426536 -0.195469 -0.100000
v -1.422152 -0.192920 0.100000
v -1.422152 -0.192920 -0.100000
v -1.418353 -0.189804 0.100000
v -1.418353 -0.189804 -0.100000
v -1.415138 -0.186122 0.100000
v -1.415138 -0.186122 -0.100000
v -1.412507 -0.181874 0.100000
v -1.412507 -0.181874 -0.100000
v -1.410461 -0.177060 0.100000
v -1.410461 -0.177060 -0.100000
v -1.409000 -0.171678 0.100000
v -1.409000 -0.171678 -0.100000
v -1.408123 -0.165731 0.100000
v -1.408123 -0.165731 -0.100000
v -1.407831 -0.159217 0.100000
v -1.407831 -0.159217 -0.100000
v -1.407831 0.088744 0.100000
v -1.407831 0.088744 -0.100000
v -1.408123 0.095258 0.100000
v -1.408123 0.095258 -0.100000
v -1.409000 0.101205 0.100000
v -1.409000 0.101205 -0.100000
v -1.410461 0.106587 0.100000
v -1.410461 0.106587 -0.100000
v -1.412507 0.111401 0.100000
v -1.412507 0.111401 -0.100000
v -1.415138 0.115649 0.100000
v -1.415138 0.115649 -0.100000
v -1.418353 0.119331 0.100000
v -1.418353 0.119331 -0.100000
v -1.422152 0.122447 0.100000
v -1.422152 0.122447 -0.100000
v -1.426536 0.124996 0.100000
v -1.426536 0.124996 -0.100000
v -1.431505 0.126978 0.100000
v -1.431505 0.126978 -0.100000
v -1.437058 0.128394 0.100000
v -1.437058 0.128394 -0.100000
v -1.443196 0.129244 0.100000
v -1.443196 0.129244 -0.100000
v -1.449919 0.129527 0.100000
v -1.449919 0.129527 -0.100000
v -1.578793 0.129527 0.100000
v -1.578793 0.129527 -0.100000
v -1.585516 0.129244 0.100000
v -1.585516 0.129244 -0.100000
v -1.591653 0.128394 0.100000
v -1.591653 0.128394 -0.100000
v -1.597207 0.126978 0.100000
v -1.597207 0.126978 -0.100000
v -1.602175 0.124996 0.100000
v -1.602175 0.124996 -0.100000
v -1.606560 0.122447 0.100000
v -1.606560 0.122447 -0.100000
v -1.610359 0.119331 0.100000
v -1.610359 0.119331 -0.100000
v -1.613574 0.115649 0.100000
v -1.613574 0.115649 -0.100000
v -1.616205 0.111401 0.100000
v -1.616205 0.111401 -0.100000
v -1.618251 0.106587 0.100000
v -1.618251 0.106587 -0.100000
v -1.619712 0.101205 0.100000
v -1.619712 0.101205 -0.100000
v -1.620589 0.095258 0.100000
v -1.620589 0.095258 -0.100000
v -1.620881 0.088744 0.100000
v -1.620881 0.088744 -0.100000
v -1.620881 -0.032300 0.100000
v -1.620881 -0.032300 -0.100000
v -1.600327 -0.052855 0.100000
v -1.600327 -0.052855 -0.100000
v -1.479282 -0.052855 0.100000
v -1.479282 -0.052855 -0.100000
v -1.479282 -0.145188 0.100000
v -1.479282 -0.145188 -0.100000
v -1.549429 -0.145188 0.100000
v -1.549429 -0.145188 -0.100000
v -1.549429 -0.090375 0.100000
v -1.549429 -0.090375 -0.100000
v -1.479282 -0.004241 0.100000
v -1.479282 -0.004241 -0.100000
v -1.549429 -0.004241 0.100000
v -1.549429 -0.004241 -0.100000
v -1.549429 0.074715 0.100000
v -1.549429 0.074715 -0.100000
v -1.479282 0.074715 0.100000
v -1.479282 0.074715 -0.100000
vn -0.0000 -0.0000 -1.0000
vn -0.0000 -0.0000 1.0000
vn -0.9998 -0.0216 -0.0000
vn -0.9999 0.0137 -0.0000
vn -0.9958 -0.0919 -0.0000
vn -0.9804 -0.1970 -0.0000
vn -0.9486 -0.3163 -0.0000
vn -0.9804 -0.1969 -0.0000
vn -0.8948 -0.4464 -0.0000
vn -0.8150 -0.5795 -0.0000
vn -0.7095 -0.7047 -0.0000
vn -0.5848 -0.8112 -0.0000
vn -0.7096 -0.7047 -0.0000
vn -0.4514 -0.8923 -0.0000
vn -0.3203 -0.9473 -0.0000
vn -0.1996 -0.9799 -0.0000
vn -0.0932 -0.9956 -0.0000
vn -0.0219 -0.9998 -0.0000
vn 0.0220 -0.9998 -0.0000
vn 0.0938 -0.9956 -0.0000
vn 0.2010 -0.9796 -0.0000
vn 0.3223 -0.9466 -0.0000
vn 0.4539 -0.8911 -0.0000
vn 0.5875 -0.8092 -0.0000
vn 0.7120 -0.7022 -0.0000
vn 0.8169 -0.5768 -0.0000
vn 0.8961 -0.4439 -0.0000
vn 0.9493 -0.3143 -0.0000
vn 0.9807 -0.1956 -0.0000
vn 0.9958 -0.0913 -0.0000
vn 0.9998 -0.0214 -0.0000
vn 0.7071 0.7071 -0.0000
vn -0.7071 0.7071 -0.0000
vn 0.9186 -0.3953 -0.0000
vn 0.7019 -0.7123 -0.0000
vn 0.7390 -0.6737 -0.0000
vn 0.7831 -0.6218 -0.0000
vn 0.8246 -0.5656 -0.0000
vn 0.8627 -0.5057 -0.0000
vn 0.8247 -0.5656 -0.0000
vn 0.8966 -0.4428 -0.0000
vn 0.9258 -0.3779 -0.0000
vn 0.9501 -0.3120 -0.0000
vn 0.9259 -0.3779 -0.0000
vn 0.9692 -0.2462 -0.0000
vn 0.9834 -0.1814 -0.0000
vn 0.9930 -0.1185 -0.0000
vn 0.9983 -0.0579 -0.0000
vn 0.9930 -0.1184 -0.0000
vn 0.9999 -0.0142 -0.0000
vn 0.9998 0.0213 -0.0000
vn 0.9959 0.0906 -0.0000
vn 0.9809 0.1943 -0.0000
vn 0.9500 0.3124 -0.0000
vn 0.8973 0.4414 -0.0000
vn 0.8188 0.5741 -0.0000
vn 0.7144 0.6997 -0.0000
vn 0.5901 0.8073 -0.0000
vn 0.4564 0.8898 -0.0000
vn 0.3243 0.9459 -0.0000
vn 0.2023 0.9793 -0.0000
vn 0.0945 0.9955 -0.0000
vn 0.0222 0.9998 -0.0000
vn -0.0217 0.9998 -0.0000
vn -0.0925 0.9957 -0.0000
vn -0.1983 0.9801 -0.0000
vn -0.3183 0.9480 -0.0000
vn -0.4489 0.8936 -0.0000
vn -0.5821 0.8131 -0.0000
vn -0.8131 0.5821 -0.0000
vn -0.8936 0.4489 -0.0000
vn -0.9480 0.3183 -0.0000
vn -0.9802 0.1983 -0.0000
vn -0.9957 0.0925 -0.0000
vn -0.9801 0.1983 -0.0000
vn -0.9998 0.0217 -0.0000
vn -0.9957 0.0926 -0.0000
vn -0.7071 -0.7071 -0.0000
vn 0.7071 -0.7071 -0.0000
vn -0.9181 0.3963 -0.0000
vn -0.6981 0.7160 -0.0000
vn -0.7345 0.6786 -0.0000
vn -0.7812 0.6243 -0.0000
vn -0.7346 0.6785 -0.0000
vn -0.8246 0.5657 -0.0000
vn -0.8640 0.5036 -0.0000
vn -0.8985 0.4390 -0.0000
vn -0.9279 0.3729 -0.0000
vn -0.8985 0.4389 -0.0000
vn -0.9519 0.3064 -0.0000
vn -0.9279 0.3728 -0.0000
vn -0.9706 0.2406 -0.0000
vn -0.9843 0.1765 -0.0000
vn -0.9706 0.2407 -0.0000
vn -0.9934 0.1148 -0.0000
vn -0.9843 0.1766 -0.0000
vn -0.9984 0.0560 -0.0000
vn 0.0214 -0.9998 -0.0000
vn 0.0911 -0.9958 -0.0000
vn 0.1953 -0.9807 -0.0000
vn 0.3139 -0.9495 -0.0000
vn 0.4433 -0.8964 -0.0000
vn 0.5761 -0.8174 -0.0000
vn 0.7015 -0.7126 -0.0000
vn 0.8088 -0.5881 -0.0000
vn 0.7016 -0.7126 -0.0000
vn 0.8907 -0.4545 -0.0000
vn 0.8087 -0.5882 -0.0000
vn 0.9465 -0.3228 -0.0000
vn 0.9795 -0.2013 -0.0000
vn 0.9956 -0.0940 -0.0000
vn 0.9998 -0.0221 -0.0000
vn -0.9998 0.0221 -0.0000
vn 0.6511 -0.7590 -0.0000
vn -0.1521 -0.9884 -0.0000
vn -0.1472 -0.9891 -0.0000
vn -0.1390 -0.9903 -0.0000
vn -0.1320 -0.9913 -0.0000
vn -0.1243 -0.9922 -0.0000
vn -0.1158 -0.9933 -0.0000
vn -0.1065 -0.9943 -0.0000
vn -0.0962 -0.9954 -0.0000
vn -0.0847 -0.9964 -0.0000
vn -0.0717 -0.9974 -0.0000
vn -0.0571 -0.9984 -0.0000
vn -0.0405 -0.9992 -0.0000
vn -0.0215 -0.9998 -0.0000
vn 0.0157 -0.9999 -0.0000
vn 0.1953 -0.9808 -0.0000
vn 0.3138 -0.9495 -0.0000
vn 0.4432 -0.8964 -0.0000
vn 0.5760 -0.8174 -0.0000
vn 0.7015 -0.7127 -0.0000
vn 0.5760 -0.8175 -0.0000
vn 0.8087 -0.5883 -0.0000
vn 0.8907 -0.4546 -0.0000
vn 0.9464 -0.3229 -0.0000
vn 0.9795 -0.2014 -0.0000
vn 0.9997 0.0224 -0.0000
vn 0.9954 0.0955 -0.0000
vn 0.9789 0.2043 -0.0000
vn 0.9449 0.3274 -0.0000
vn 0.8879 0.4601 -0.0000
vn 0.9449 0.3273 -0.0000
vn 0.8044 0.5941 -0.0000
vn 0.6960 0.7180 -0.0000
vn 0.5702 0.8215 -0.0000
vn 0.4378 0.8991 -0.0000
vn 0.3095 0.9509 -0.0000
vn 0.1924 0.9813 -0.0000
vn 0.0897 0.9960 -0.0000
vn 0.0211 0.9998 -0.0000
vn 0.9954 0.0954 -0.0000
vn 0.0210 0.9998 -0.0000
vn -0.0214 0.9998 -0.0000
vn -0.0911 0.9958 -0.0000
vn -0.1953 0.9807 -0.0000
vn -0.3138 0.9495 -0.0000
vn -0.4433 0.8964 -0.0000
vn -0.3139 0.9495 -0.0000
vn -0.5761 0.8174 -0.0000
vn -0.7015 0.7126 -0.0000
vn -0.8087 0.5882 -0.0000
vn -0.7016 0.7126 -0.0000
vn -0.8907 0.4545 -0.0000
vn -0.9465 0.3228 -0.0000
vn -0.9795 0.2013 -0.0000
vn -0.9464 0.3229 -0.0000
vn -0.9956 0.0940 -0.0000
vn 0.7199 0.6941 -0.0000
vn -0.6941 0.7199 -0.0000
vn 0.6992 -0.7149 -0.0000
vn -0.7149 -0.6992 -0.0000
vn 0.6993 -0.7149 -0.0000
vn -0.6402 0.7682 -0.0000
vn 0.1803 0.9836 -0.0000
vn 0.1805 0.9836 -0.0000
vn 0.1807 0.9835 -0.0000
vn 0.1809 0.9835 -0.0000
vn 0.1811 0.9835 -0.0000
vn 0.1813 0.9834 -0.0000
vn 0.1815 0.9834 -0.0000
vn 0.1818 0.9833 -0.0000
vn 0.1820 0.9833 -0.0000
vn 0.1822 0.9833 -0.0000
vn 0.1824 0.9832 -0.0000
vn 0.1757 0.9844 -0.0000
vn 0.1640 0.9865 -0.0000
vn 0.1537 0.9881 -0.0000
vn 0.1427 0.9898 -0.0000
vn 0.1309 0.9914 -0.0000
vn 0.1184 0.9930 -0.0000
vn 0.1049 0.9945 -0.0000
vn 0.0905 0.9959 -0.0000
vn 0.0750 0.9972 -0.0000
vn 0.0583 0.9983 -0.0000
vn 0.0403 0.9992 -0.0000
vn 0.0209 0.9998 -0.0000
vn -0.0160 0.9999 -0.0000
vn -0.1953 0.9808 -0.0000
vn -0.4432 0.8964 -0.0000
vn -0.5760 0.8175 -0.0000
vn -0.7015 0.7127 -0.0000
vn -0.5760 0.8174 -0.0000
vn -0.8907 0.4546 -0.0000
vn -0.8087 0.5883 -0.0000
vn -0.9795 0.2014 -0.0000
vn 0.9465 -0.3229 -0.0000
vn -0.9998 -0.0221 -0.0000
vn -0.9956 -0.0940 -0.0000
vn -0.9795 -0.2013 -0.0000
vn -0.9464 -0.3229 -0.0000
vn -0.8907 -0.4545 -0.0000
vn -0.8088 -0.5882 -0.0000
vn -0.7016 -0.7126 -0.0000
vn -0.5761 -0.8174 -0.0000
vn -0.4433 -0.8964 -0.0000
vn -0.3139 -0.9495 -0.0000
vn -0.1953 -0.9807 -0.0000
vn -0.0911 -0.9958 -0.0000
vn -0.0214 -0.9998 -0.0000
vn 0.0211 -0.9998 -0.0000
vn 0.0897 -0.9960 -0.0000
vn 0.1924 -0.9813 -0.0000
vn 0.3095 -0.9509 -0.0000
vn 0.4378 -0.8991 -0.0000
vn 0.5702 -0.8215 -0.0000
vn 0.6960 -0.7180 -0.0000
vn 0.8044 -0.5941 -0.0000
vn 0.8879 -0.4601 -0.0000
vn 0.9449 -0.3274 -0.0000
vn 0.9789 -0.2043 -0.0000
vn 0.9954 -0.0955 -0.0000
vn 0.9997 -0.0224 -0.0000
vn -0.8088 0.5882 -0.0000
vn 0.9493 -0.3144 -0.0000
vn 0.9499 0.3124 -0.0000
vn 0.8973 0.4415 -0.0000
vn -0.7346 0.6786 -0.0000
vn -0.8639 0.5036 -0.0000
vn -0.9999 -0.0153 -0.0000
vn -0.9980 -0.0635 -0.0000
vn -0.9912 -0.1322 -0.0000
vn -0.9980 -0.0634 -0.0000
vn -0.9784 -0.2068 -0.0000
vn -0.9580 -0.2866 -0.0000
vn -0.9289 -0.3703 -0.0000
vn -0.8900 -0.4560 -0.0000
vn -0.8409 -0.5411 -0.0000
vn -0.7822 -0.6230 -0.0000
vn -0.7151 -0.6990 -0.0000
vn -0.6419 -0.7668 -0.0000
vn -0.5650 -0.8251 -0.0000
vn -0.4877 -0.8730 -0.0000
vn -0.4199 -0.9076 -0.0000
vn -0.3631 -0.9317 -0.0000
vn -0.4198 -0.9076 -0.0000
vn -0.3107 -0.9505 -0.0000
vn -0.2624 -0.9649 -0.0000
vn -0.2183 -0.9759 -0.0000
vn -0.2624 -0.9650 -0.0000
vn -0.1780 -0.9840 -0.0000
vn -0.1413 -0.9900 -0.0000
vn -0.1078 -0.9942 -0.0000
vn -0.0772 -0.9970 -0.0000
vn -0.0493 -0.9988 -0.0000
vn -0.0237 -0.9997 -0.0000
vn -0.0044 -1.0000 -0.0000
vn 0.0051 -1.0000 -0.0000
vn 0.0097 -1.0000 -0.0000
vn 0.0138 -0.9999 -0.0000
vn 0.0174 -0.9998 -0.0000
vn 0.0207 -0.9998 -0.0000
vn 0.0236 -0.9997 -0.0000
vn 0.0263 -0.9997 -0.0000
vn 0.0287 -0.9996 -0.0000
vn 0.0310 -0.9995 -0.0000
vn 0.0330 -0.9995 -0.0000
vn 0.0349 -0.9994 -0.0000
vn 0.0359 -0.9994 -0.0000
vn 0.0352 -0.9994 -0.0000
vn 0.0337 -0.9994 -0.0000
vn 0.0320 -0.9995 -0.0000
vn 0.0300 -0.9995 -0.0000
vn 0.0279 -0.9996 -0.0000
vn 0.0254 -0.9997 -0.0000
vn 0.0226 -0.9997 -0.0000
vn 0.0194 -0.9998 -0.0000
vn 0.0114 -0.9999 -0.0000
vn 0.0061 -1.0000 -0.0000
vn -0.7059 -0.7083 -0.0000
vn -0.6524 0.7579 -0.0000
vn 0.1493 0.9888 -0.0000
vn 0.1504 0.9886 -0.0000
vn 0.1514 0.9885 -0.0000
vn 0.1524 0.9883 -0.0000
vn 0.1534 0.9882 -0.0000
vn 0.1544 0.9880 -0.0000
vn 0.1554 0.9879 -0.0000
vn 0.1564 0.9877 -0.0000
vn 0.1574 0.9875 -0.0000
vn 0.1584 0.9874 -0.0000
vn 0.1594 0.9872 -0.0000
vn 0.1563 0.9877 -0.0000
vn 0.1487 0.9889 -0.0000
vn 0.1404 0.9901 -0.0000
vn 0.1314 0.9913 -0.0000
vn 0.1216 0.9926 -0.0000
vn 0.1110 0.9938 -0.0000
vn 0.0994 0.9951 -0.0000
vn 0.0867 0.9962 -0.0000
vn 0.0727 0.9974 -0.0000
vn 0.0573 0.9984 -0.0000
vn 0.0401 0.9992 -0.0000
vn -0.0159 0.9999 -0.0000
vn 0.0963 0.9954 -0.0000
vn 0.0226 0.9997 -0.0000
vn 0.2060 0.9785 -0.0000
vn 0.3299 0.9440 -0.0000
vn 0.4633 0.8862 -0.0000
vn 0.5974 0.8019 -0.0000
vn 0.7210 0.6929 -0.0000
vn 0.8238 0.5668 -0.0000
vn 0.9006 0.4347 -0.0000
vn 0.9517 0.3071 -0.0000
vn 0.9816 0.1908 -0.0000
vn 0.9960 0.0889 -0.0000
vn 0.9998 0.0209 -0.0000
vn 0.7005 -0.7136 -0.0000
vn -0.7137 -0.7005 -0.0000
vn -0.0846 -0.9964 -0.0000
vn -0.9465 -0.3228 -0.0000
vn -0.8088 -0.5881 -0.0000
vn -0.8907 -0.4546 -0.0000
vn -0.7015 -0.7126 -0.0000
vn -0.3138 -0.9495 -0.0000
vn 0.9449 -0.3273 -0.0000
vn -0.8088 0.5881 -0.0000
vn -0.9997 -0.0224 -0.0000
vn -0.9954 -0.0955 -0.0000
vn -0.9789 -0.2043 -0.0000
vn -0.9449 -0.3273 -0.0000
vn -0.8879 -0.4601 -0.0000
vn -0.9449 -0.3274 -0.0000
vn -0.8044 -0.5941 -0.0000
vn -0.6960 -0.7180 -0.0000
vn -0.5701 -0.8215 -0.0000
vn -0.4378 -0.8991 -0.0000
vn -0.5702 -0.8215 -0.0000
vn -0.3095 -0.9509 -0.0000
vn -0.1924 -0.9813 -0.0000
vn -0.0897 -0.9960 -0.0000
vn -0.0211 -0.9998 -0.0000
vn 0.9954 -0.0954 -0.0000
vn 0.9789 -0.2044 -0.0000
vn 0.9789 0.2044 -0.0000
vn -0.0211 0.9998 -0.0000
vn -0.0897 0.9960 -0.0000
vn -0.1924 0.9813 -0.0000
vn -0.3095 0.9509 -0.0000
vn -0.4378 0.8991 -0.0000
vn -0.5702 0.8215 -0.0000
vn -0.6960 0.7180 -0.0000
vn -0.5701 0.8215 -0.0000
vn -0.8044 0.5941 -0.0000
vn -0.8879 0.4601 -0.0000
vn -0.9449 0.3274 -0.0000
vn -0.9789 0.2043 -0.0000
vn -0.9449 0.3273 -0.0000
vn -0.9954 0.0955 -0.0000
vn -0.9997 0.0224 -0.0000
vn -0.9239 -0.3827 -0.0000
vn -0.3827 -0.9239 -0.0000
vt 0.612903 0.000000
vt 0.645161 0.000000
vt 0.629032 0.000000
vt 0.661290 0.000000
vt 0.596774 0.000000
vt 0.677419 0.000000
vt 0.580645 0.000000
vt 0.693548 0.000000
vt 0.564516 0.000000
vt 0.709677 0.000000
vt 0.548387 0.000000
vt 0.725806 0.000000
vt 0.532258 0.000000
vt 0.741935 0.000000
vt 0.516129 0.000000
vt 0.758065 0.000000
vt 0.500000 0.000000
vt 0.774194 0.000000
vt 0.483871 0.000000
vt 0.790323 0.000000
vt 0.467742 0.000000
vt 0.806452 0.000000
vt 0.451613 0.000000
vt 0.822581 0.000000
vt 0.435484 0.000000
vt 0.838710 0.000000
vt 0.419355 0.000000
vt 1.000000 0.000000
vt 0.983871 0.000000
vt 0.854839 0.000000
vt 0.951613 0.000000
vt 0.967742 0.000000
vt 0.887097 0.000000
vt 0.870968 0.000000
vt 0.903226 0.000000
vt 0.919355 0.000000
vt 0.000000 0.000000
vt 0.935484 0.000000
vt 0.016129 0.000000
vt 0.403226 0.000000
vt 0.032258 0.000000
vt 0.048387 0.000000
vt 0.387097 0.000000
vt 0.064516 0.000000
vt 0.370968 0.000000
vt 0.080645 0.000000
vt 0.354839 0.000000
vt 0.096774 0.000000
vt 0.338710 0.000000
vt 0.112903 0.000000
vt 0.322581 0.000000
vt 0.129032 0.000000
vt 0.306452 0.000000
vt 0.145161 0.000000
vt 0.290323 0.000000
vt 0.274194 0.000000
vt 0.161290 0.000000
vt 0.258065 0.000000
vt 0.177419 0.000000
vt 0.241935 0.000000
vt 0.193548 0.000000
vt 0.225806 0.000000
vt 0.209677 0.000000
vt 0.644068 0.000000
vt 0.677966 0.000000
vt 0.661017 0.000000
vt 0.694915 0.000000
vt 0.627119 0.000000
vt 0.711864 0.000000
vt 0.610169 0.000000
vt 0.728814 0.000000
vt 0.593220 0.000000
vt 0.745763 0.000000
vt 0.576271 0.000000
vt 0.762712 0.000000
vt 0.559322 0.000000
vt 0.779661 0.000000
vt 0.542373 0.000000
vt 0.796610 0.000000
vt 0.525424 0.000000
vt 0.813559 0.000000
vt 0.508475 0.000000
vt 0.830508 0.000000
vt 0.491525 0.000000
vt 0.847458 0.000000
vt 0.474576 0.000000
vt 0.864407 0.000000
vt 0.457627 0.000000
vt 0.881356 0.000000
vt 0.440678 0.000000
vt 0.949153 0.000000
vt 0.932203 0.000000
vt 0.898305 0.000000
vt 0.966102 0.000000
vt 0.915254 0.000000
vt 0.983051 0.000000
vt 0.016949 0.000000
vt 0.423729 0.000000
vt 0.033898 0.000000
vt 0.050847 0.000000
vt 0.406780 0.000000
vt 0.067797 0.000000
vt 0.389830 0.000000
vt 0.084746 0.000000
vt 0.372881 0.000000
vt 0.101695 0.000000
vt 0.355932 0.000000
vt 0.118644 0.000000
vt 0.338983 0.000000
vt 0.135593 0.000000
vt 0.322034 0.000000
vt 0.152542 0.000000
vt 0.305085 0.000000
vt 0.288136 0.000000
vt 0.169492 0.000000
vt 0.271186 0.000000
vt 0.186441 0.000000
vt 0.254237 0.000000
vt 0.203390 0.000000
vt 0.237288 0.000000
vt 0.220339 0.000000
vt 0.802326 0.000000
vt 0.825581 0.000000
vt 0.813953 0.000000
vt 0.837209 0.000000
vt 0.790698 0.000000
vt 0.848837 0.000000
vt 0.779070 0.000000
vt 0.860465 0.000000
vt 0.767442 0.000000
vt 0.872093 0.000000
vt 0.755814 0.000000
vt 0.883721 0.000000
vt 0.744186 0.000000
vt 0.895349 0.000000
vt 0.732558 0.000000
vt 0.906977 0.000000
vt 0.720930 0.000000
vt 0.918605 0.000000
vt 0.709302 0.000000
vt 0.930233 0.000000
vt 0.697674 0.000000
vt 0.941860 0.000000
vt 0.686047 0.000000
vt 0.953488 0.000000
vt 0.674419 0.000000
vt 0.662791 0.000000
vt 0.639535 0.000000
vt 0.627907 0.000000
vt 0.011628 0.000000
vt 0.651163 0.000000
vt 0.616279 0.000000
vt 0.593023 0.000000
vt 0.604651 0.000000
vt 0.988372 0.000000
vt 0.581395 0.000000
vt 0.569767 0.000000
vt 0.558140 0.000000
vt 0.546512 0.000000
vt 0.534884 0.000000
vt 0.523256 0.000000
vt 0.511628 0.000000
vt 0.488372 0.000000
vt 0.476744 0.000000
vt 0.465116 0.000000
vt 0.453488 0.000000
vt 0.965116 0.000000
vt 0.976744 0.000000
vt 0.441860 0.000000
vt 0.034884 0.000000
vt 0.430233 0.000000
vt 0.418605 0.000000
vt 0.406977 0.000000
vt 0.395349 0.000000
vt 0.383721 0.000000
vt 0.046512 0.000000
vt 0.023256 0.000000
vt 0.058140 0.000000
vt 0.069767 0.000000
vt 0.081395 0.000000
vt 0.093023 0.000000
vt 0.372093 0.000000
vt 0.104651 0.000000
vt 0.116279 0.000000
vt 0.127907 0.000000
vt 0.139535 0.000000
vt 0.360465 0.000000
vt 0.151163 0.000000
vt 0.162791 0.000000
vt 0.174419 0.000000
vt 0.186047 0.000000
vt 0.348837 0.000000
vt 0.197674 0.000000
vt 0.209302 0.000000
vt 0.220930 0.000000
vt 0.337209 0.000000
vt 0.232558 0.000000
vt 0.244186 0.000000
vt 0.255814 0.000000
vt 0.325581 0.000000
vt 0.267442 0.000000
vt 0.279070 0.000000
vt 0.290698 0.000000
vt 0.313953 0.000000
vt 0.302326 0.000000
vt 0.733333 0.000000
vt 0.752381 0.000000
vt 0.742857 0.000000
vt 0.723810 0.000000
vt 0.714286 0.000000
vt 0.761905 0.000000
vt 0.704762 0.000000
vt 0.695238 0.000000
vt 0.685714 0.000000
vt 0.771429 0.000000
vt 0.485714 0.000000
vt 0.504762 0.000000
vt 0.495238 0.000000
vt 0.514286 0.000000
vt 0.676190 0.000000
vt 0.666667 0.000000
vt 0.657143 0.000000
vt 0.780952 0.000000
vt 0.647619 0.000000
vt 0.638095 0.000000
vt 0.628571 0.000000
vt 0.790476 0.000000
vt 0.619048 0.000000
vt 0.609524 0.000000
vt 0.600000 0.000000
vt 0.800000 0.000000
vt 0.590476 0.000000
vt 0.580952 0.000000
vt 0.571429 0.000000
vt 0.561905 0.000000
vt 0.809524 0.000000
vt 0.552381 0.000000
vt 0.542857 0.000000
vt 0.533333 0.000000
vt 0.523810 0.000000
vt 0.990476 0.000000
vt 0.819048 0.000000
vt 0.828571 0.000000
vt 0.838095 0.000000
vt 0.847619 0.000000
vt 0.980952 0.000000
vt 0.009524 0.000000
vt 0.971429 0.000000
vt 0.961905 0.000000
vt 0.952381 0.000000
vt 0.942857 0.000000
vt 0.933333 0.000000
vt 0.923810 0.000000
vt 0.914286 0.000000
vt 0.904762 0.000000
vt 0.895238 0.000000
vt 0.019048 0.000000
vt 0.885714 0.000000
vt 0.876190 0.000000
vt 0.866667 0.000000
vt 0.857143 0.000000
vt 0.466667 0.000000
vt 0.028571 0.000000
vt 0.038095 0.000000
vt 0.047619 0.000000
vt 0.057143 0.000000
vt 0.066667 0.000000
vt 0.076190 0.000000
vt 0.085714 0.000000
vt 0.095238 0.000000
vt 0.104762 0.000000
vt 0.114286 0.000000
vt 0.123810 0.000000
vt 0.133333 0.000000
vt 0.142857 0.000000
vt 0.152381 0.000000
vt 0.161905 0.000000
vt 0.171429 0.000000
vt 0.180952 0.000000
vt 0.190476 0.000000
vt 0.200000 0.000000
vt 0.476190 0.000000
vt 0.457143 0.000000
vt 0.447619 0.000000
vt 0.438095 0.000000
vt 0.209524 0.000000
vt 0.428571 0.000000
vt 0.419048 0.000000
vt 0.409524 0.000000
vt 0.400000 0.000000
vt 0.390476 0.000000
vt 0.380952 0.000000
vt 0.371429 0.000000
vt 0.361905 0.000000
vt 0.352381 0.000000
vt 0.219048 0.000000
vt 0.342857 0.000000
vt 0.333333 0.000000
vt 0.323810 0.000000
vt 0.314286 0.000000
vt 0.228571 0.000000
vt 0.304762 0.000000
vt 0.295238 0.000000
vt 0.285714 0.000000
vt 0.276190 0.000000
vt 0.238095 0.000000
vt 0.266667 0.000000
vt 0.257143 0.000000
vt 0.247619 0.000000
vt 0.643678 0.000000
vt 0.655172 0.000000
vt 0.678161 0.000000
vt 0.689655 0.000000
vt 0.632184 0.000000
vt 0.701149 0.000000
vt 0.620690 0.000000
vt 0.712644 0.000000
vt 0.609195 0.000000
vt 0.724138 0.000000
vt 0.597701 0.000000
vt 0.735632 0.000000
vt 0.586207 0.000000
vt 0.747126 0.000000
vt 0.574713 0.000000
vt 0.758621 0.000000
vt 0.563218 0.000000
vt 0.770115 0.000000
vt 0.551724 0.000000
vt 0.781609 0.000000
vt 0.540230 0.000000
vt 0.793103 0.000000
vt 0.528736 0.000000
vt 0.804598 0.000000
vt 0.517241 0.000000
vt 0.839080 0.000000
vt 0.816092 0.000000
vt 0.505747 0.000000
vt 0.850575 0.000000
vt 0.862069 0.000000
vt 0.827586 0.000000
vt 0.873563 0.000000
vt 0.494253 0.000000
vt 0.482759 0.000000
vt 0.471264 0.000000
vt 0.459770 0.000000
vt 0.448276 0.000000
vt 0.436782 0.000000
vt 0.425287 0.000000
vt 0.413793 0.000000
vt 0.402299 0.000000
vt 0.390805 0.000000
vt 0.379310 0.000000
vt 0.367816 0.000000
vt 0.356322 0.000000
vt 0.885057 0.000000
vt 0.896552 0.000000
vt 0.908046 0.000000
vt 0.919540 0.000000
vt 0.931035 0.000000
vt 0.942529 0.000000
vt 0.954023 0.000000
vt 0.965517 0.000000
vt 0.977012 0.000000
vt 0.988506 0.000000
vt 0.298851 0.000000
vt 0.321839 0.000000
vt 0.310345 0.000000
vt 0.011494 0.000000
vt 0.344828 0.000000
vt 0.287356 0.000000
vt 0.022989 0.000000
vt 0.275862 0.000000
vt 0.034483 0.000000
vt 0.264368 0.000000
vt 0.045977 0.000000
vt 0.252874 0.000000
vt 0.057471 0.000000
vt 0.241379 0.000000
vt 0.068966 0.000000
vt 0.229885 0.000000
vt 0.080460 0.000000
vt 0.218391 0.000000
vt 0.091954 0.000000
vt 0.206897 0.000000
vt 0.103448 0.000000
vt 0.195402 0.000000
vt 0.114943 0.000000
vt 0.183908 0.000000
vt 0.126437 0.000000
vt 0.172414 0.000000
vt 0.137931 0.000000
vt 0.160920 0.000000
vt 0.149425 0.000000
vt 0.690909 0.000000
vt 0.727273 0.000000
vt 0.709091 0.000000
vt 0.745455 0.000000
vt 0.672727 0.000000
vt 0.763636 0.000000
vt 0.654545 0.000000
vt 0.781818 0.000000
vt 0.636364 0.000000
vt 0.618182 0.000000
vt 0.818182 0.000000
vt 0.836364 0.000000
vt 0.581818 0.000000
vt 0.854545 0.000000
vt 0.563636 0.000000
vt 0.872727 0.000000
vt 0.545455 0.000000
vt 0.890909 0.000000
vt 0.527273 0.000000
vt 0.909091 0.000000
vt 0.509091 0.000000
vt 0.927273 0.000000
vt 0.490909 0.000000
vt 0.472727 0.000000
vt 0.981818 0.000000
vt 0.018182 0.000000
vt 0.945455 0.000000
vt 0.963636 0.000000
vt 0.454545 0.000000
vt 0.036364 0.000000
vt 0.054545 0.000000
vt 0.436364 0.000000
vt 0.072727 0.000000
vt 0.418182 0.000000
vt 0.090909 0.000000
vt 0.109091 0.000000
vt 0.381818 0.000000
vt 0.127273 0.000000
vt 0.363636 0.000000
vt 0.145455 0.000000
vt 0.345455 0.000000
vt 0.163636 0.000000
vt 0.327273 0.000000
vt 0.309091 0.000000
vt 0.181818 0.000000
vt 0.290909 0.000000
vt 0.272727 0.000000
vt 0.218182 0.000000
vt 0.254545 0.000000
vt 0.236364 0.000000
vt 0.720000 0.000000
vt 0.760000 0.000000
vt 0.840000 0.000000
vt 0.640000 0.000000
vt 0.680000 0.000000
vt 0.880000 0.000000
vt 0.920000 0.000000
vt 0.560000 0.000000
vt 0.960000 0.000000
vt 0.040000 0.000000
vt 0.520000 0.000000
vt 0.480000 0.000000
vt 0.440000 0.000000
vt 0.360000 0.000000
vt 0.320000 0.000000
vt 0.280000 0.000000
vt 0.240000 0.000000
vt 0.160000 0.000000
vt 0.120000 0.000000
vt 0.080000 0.000000
vt 0.772727 0.000000
vt 0.750000 0.000000
vt 0.704545 0.000000
vt 0.681818 0.000000
vt 0.795455 0.000000
vt 0.659091 0.000000
vt 0.613636 0.000000
vt 0.590909 0.000000
vt 0.136364 0.000000
vt 0.159091 0.000000
vt 0.204545 0.000000
vt 0.568182 0.000000
vt 0.840909 0.000000
vt 0.522727 0.000000
vt 0.477273 0.000000
vt 0.863636 0.000000
vt 0.431818 0.000000
vt 0.409091 0.000000
vt 0.886364 0.000000
vt 0.386364 0.000000
vt 0.340909 0.000000
vt 0.318182 0.000000
vt 0.295455 0.000000
vt 0.250000 0.000000
vt 0.227273 0.000000
vt 0.931818 0.000000
vt 0.954545 0.000000
vt 0.977273 0.000000
vt 0.068182 0.000000
vt 0.022727 0.000000
vt 0.045455 0.000000
vt 0.113636 0.000000
vt 0.011364 1.000000
vt 0.000000 1.000000
vt 0.022727 1.000000
vt 0.011364 0.000000
vt 0.034091 1.000000
vt 0.045455 1.000000
vt 0.034091 0.000000
vt 0.056818 1.000000
vt 0.068182 1.000000
vt 0.056818 0.000000
vt 0.079545 1.000000
vt 0.090909 1.000000
vt 0.079545 0.000000
vt 0.102273 1.000000
vt 0.113636 1.000000
vt 0.102273 0.000000
vt 0.125000 1.000000
vt 0.136364 1.000000
vt 0.125000 0.000000
vt 0.147727 1.000000
vt 0.159091 1.000000
vt 0.147727 0.000000
vt 0.170455 1.000000
vt 0.181818 1.000000
vt 0.170455 0.000000
vt 0.193182 1.000000
vt 0.204545 1.000000
vt 0.193182 0.000000
vt 0.215909 1.000000
vt 0.227273 1.000000
vt 0.215909 0.000000
vt 0.238636 1.000000
vt 0.250000 1.000000
vt 0.238636 0.000000
vt 0.261364 1.000000
vt 0.272727 1.000000
vt 0.261364 0.000000
vt 0.284091 1.000000
vt 0.295455 1.000000
vt 0.284091 0.000000
vt 0.306818 1.000000
vt 0.318182 1.000000
vt 0.306818 0.000000
vt 0.329545 1.000000
vt 0.340909 1.000000
vt 0.329545 0.000000
vt 0.352273 1.000000
vt 0.363636 1.000000
vt 0.352273 0.000000
vt 0.375000 1.000000
vt 0.386364 1.000000
vt 0.375000 0.000000
vt 0.397727 1.000000
vt 0.409091 1.000000
vt 0.397727 0.000000
vt 0.420455 1.000000
vt 0.431818 1.000000
vt 0.420455 0.000000
vt 0.443182 1.000000
vt 0.454545 1.000000
vt 0.443182 0.000000
vt 0.465909 1.000000
vt 0.477273 1.000000
vt 0.465909 0.000000
vt 0.488636 1.000000
vt 0.500000 1.000000
vt 0.488636 0.000000
vt 0.511364 1.000000
vt 0.522727 1.000000
vt 0.511364 0.000000
vt 0.534091 1.000000
vt 0.545455 1.000000
vt 0.534091 0.000000
vt 0.556818 1.000000
vt 0.568182 1.000000
vt 0.556818 0.000000
vt 0.579545 1.000000
vt 0.590909 1.000000
vt 0.579545 0.000000
vt 0.602273 1.000000
vt 0.613636 1.000000
vt 0.602273 0.000000
vt 0.625000 1.000000
vt 0.636364 1.000000
vt 0.625000 0.000000
vt 0.647727 1.000000
vt 0.659091 1.000000
vt 0.647727 0.000000
vt 0.670455 1.000000
vt 0.681818 1.000000
vt 0.670455 0.000000
vt 0.693182 1.000000
vt 0.704545 1.000000
vt 0.693182 0.000000
vt 0.715909 1.000000
vt 0.727273 1.000000
vt 0.715909 0.000000
vt 0.738636 1.000000
vt 0.750000 1.000000
vt 0.738636 0.000000
vt 0.761364 1.000000
vt 0.772727 1.000000
vt 0.761364 0.000000
vt 0.784091 1.000000
vt 0.795455 1.000000
vt 0.784091 0.000000
vt 0.806818 1.000000
vt 0.818182 1.000000
vt 0.806818 0.000000
vt 0.829545 1.000000
vt 0.840909 1.000000
vt 0.829545 0.000000
vt 0.852273 1.000000
vt 0.863636 1.000000
vt 0.852273 0.000000
vt 0.875000 1.000000
vt 0.886364 1.000000
vt 0.875000 0.000000
vt 0.897727 1.000000
vt 0.909091 1.000000
vt 0.897727 0.000000
vt 0.920455 1.000000
vt 0.931818 1.000000
vt 0.920455 0.000000
vt 0.943182 1.000000
vt 0.954545 1.000000
vt 0.943182 0.000000
vt 0.965909 1.000000
vt 0.977273 1.000000
vt 0.965909 0.000000
vt 0.988636 1.000000
vt 1.000000 1.000000
vt 0.988636 0.000000
vt 0.038462 1.000000
vt 0.076923 1.000000
vt 0.038462 0.000000
vt 0.115385 1.000000
vt 0.076923 0.000000
vt 0.153846 1.000000
vt 0.115385 0.000000
vt 0.192308 1.000000
vt 0.153846 0.000000
vt 0.230769 1.000000
vt 0.192308 0.000000
vt 0.269231 1.000000
vt 0.230769 0.000000
vt 0.307692 1.000000
vt 0.269231 0.000000
vt 0.346154 1.000000
vt 0.307692 0.000000
vt 0.384615 1.000000
vt 0.346154 0.000000
vt 0.423077 1.000000
vt 0.384615 0.000000
vt 0.461538 1.000000
vt 0.423077 0.000000
vt 0.461538 0.000000
vt 0.538462 1.000000
vt 0.576923 1.000000
vt 0.538462 0.000000
vt 0.615385 1.000000
vt 0.576923 0.000000
vt 0.653846 1.000000
vt 0.615385 0.000000
vt 0.692308 1.000000
vt 0.653846 0.000000
vt 0.730769 1.000000
vt 0.692308 0.000000
vt 0.769231 1.000000
vt 0.730769 0.000000
vt 0.807692 1.000000
vt 0.769231 0.000000
vt 0.846154 1.000000
vt 0.807692 0.000000
vt 0.884615 1.000000
vt 0.846154 0.000000
vt 0.923077 1.000000
vt 0.884615 0.000000
vt 0.961538 1.000000
vt 0.923077 0.000000
vt 0.961538 0.000000
vt 0.012048 1.000000
vt 0.024096 1.000000
vt 0.012048 0.000000
vt 0.036145 1.000000
vt 0.024096 0.000000
vt 0.048193 1.000000
vt 0.036145 0.000000
vt 0.060241 1.000000
vt 0.048193 0.000000
vt 0.072289 1.000000
vt 0.060241 0.000000
vt 0.084337 1.000000
vt 0.072289 0.000000
vt 0.096386 1.000000
vt 0.084337 0.000000
vt 0.108434 1.000000
vt 0.096386 0.000000
vt 0.120482 1.000000
vt 0.108434 0.000000
vt 0.132530 1.000000
vt 0.120482 0.000000
vt 0.144578 1.000000
vt 0.132530 0.000000
vt 0.156627 1.000000
vt 0.144578 0.000000
vt 0.168675 1.000000
vt 0.156627 0.000000
vt 0.180723 1.000000
vt 0.168675 0.000000
vt 0.192771 1.000000
vt 0.180723 0.000000
vt 0.204819 1.000000
vt 0.192771 0.000000
vt 0.216867 1.000000
vt 0.204819 0.000000
vt 0.228916 1.000000
vt 0.216867 0.000000
vt 0.240964 1.000000
vt 0.228916 0.000000
vt 0.253012 1.000000
vt 0.240964 0.000000
vt 0.265060 1.000000
vt 0.253012 0.000000
vt 0.277108 1.000000
vt 0.265060 0.000000
vt 0.289157 1.000000
vt 0.277108 0.000000
vt 0.301205 1.000000
vt 0.289157 0.000000
vt 0.313253 1.000000
vt 0.301205 0.000000
vt 0.325301 1.000000
vt 0.313253 0.000000
vt 0.337349 1.000000
vt 0.325301 0.000000
vt 0.349398 1.000000
vt 0.337349 0.000000
vt 0.361446 1.000000
vt 0.349398 0.000000
vt 0.373494 1.000000
vt 0.361446 0.000000
vt 0.385542 1.000000
vt 0.373494 0.000000
vt 0.397590 1.000000
vt 0.385542 0.000000
vt 0.409639 1.000000
vt 0.397590 0.000000
vt 0.421687 1.000000
vt 0.409639 0.000000
vt 0.433735 1.000000
vt 0.421687 0.000000
vt 0.445783 1.000000
vt 0.433735 0.000000
vt 0.457831 1.000000
vt 0.445783 0.000000
vt 0.469880 1.000000
vt 0.457831 0.000000
vt 0.481928 1.000000
vt 0.469880 0.000000
vt 0.493976 1.000000
vt 0.481928 0.000000
vt 0.506024 1.000000
vt 0.493976 0.000000
vt 0.518072 1.000000
vt 0.506024 0.000000
vt 0.530120 1.000000
vt 0.518072 0.000000
vt 0.542169 1.000000
vt 0.530120 0.000000
vt 0.554217 1.000000
vt 0.542169 0.000000
vt 0.566265 1.000000
vt 0.554217 0.000000
vt 0.578313 1.000000
vt 0.566265 0.000000
vt 0.590361 1.000000
vt 0.578313 0.000000
vt 0.602410 1.000000
vt 0.590361 0.000000
vt 0.614458 1.000000
vt 0.602410 0.000000
vt 0.626506 1.000000
vt 0.614458 0.000000
vt 0.638554 1.000000
vt 0.626506 0.000000
vt 0.650602 1.000000
vt 0.638554 0.000000
vt 0.662651 1.000000
vt 0.650602 0.000000
vt 0.674699 1.000000
vt 0.662651 0.000000
vt 0.686747 1.000000
vt 0.674699 0.000000
vt 0.698795 1.000000
vt 0.686747 0.000000
vt 0.710843 1.000000
vt 0.698795 0.000000
vt 0.722892 1.000000
vt 0.710843 0.000000
vt 0.734940 1.000000
vt 0.722892 0.000000
vt 0.746988 1.000000
vt 0.734940 0.000000
vt 0.759036 1.000000
vt 0.746988 0.000000
vt 0.771084 1.000000
vt 0.759036 0.000000
vt 0.783133 1.000000
vt 0.771084 0.000000
vt 0.795181 1.000000
vt 0.783133 0.000000
vt 0.807229 1.000000
vt 0.795181 0.000000
vt 0.819277 1.000000
vt 0.807229 0.000000
vt 0.831325 1.000000
vt 0.819277 0.000000
vt 0.843373 1.000000
vt 0.831325 0.000000
vt 0.855422 1.000000
vt 0.843373 0.000000
vt 0.867470 1.000000
vt 0.855422 0.000000
vt 0.879518 1.000000
vt 0.867470 0.000000
vt 0.891566 1.000000
vt 0.879518 0.000000
vt 0.903614 1.000000
vt 0.891566 0.000000
vt 0.915663 1.000000
vt 0.903614 0.000000
vt 0.927711 1.000000
vt 0.915663 0.000000
vt 0.939759 1.000000
vt 0.927711 0.000000
vt 0.951807 1.000000
vt 0.939759 0.000000
vt 0.963855 1.000000
vt 0.951807 0.000000
vt 0.975904 1.000000
vt 0.963855 0.000000
vt 0.987952 1.000000
vt 0.975904 0.000000
vt 0.987952 0.000000
vt 0.022222 1.000000
vt 0.044444 1.000000
vt 0.022222 0.000000
vt 0.066667 1.000000
vt 0.044444 0.000000
vt 0.088889 1.000000
vt 0.111111 1.000000
vt 0.088889 0.000000
vt 0.133333 1.000000
vt 0.111111 0.000000
vt 0.155556 1.000000
vt 0.177778 1.000000
vt 0.155556 0.000000
vt 0.200000 1.000000
vt 0.177778 0.000000
vt 0.222222 1.000000
vt 0.244444 1.000000
vt 0.222222 0.000000
vt 0.266667 1.000000
vt 0.244444 0.000000
vt 0.288889 1.000000
vt 0.311111 1.000000
vt 0.288889 0.000000
vt 0.333333 1.000000
vt 0.311111 0.000000
vt 0.355556 1.000000
vt 0.377778 1.000000
vt 0.355556 0.000000
vt 0.400000 1.000000
vt 0.377778 0.000000
vt 0.422222 1.000000
vt 0.444444 1.000000
vt 0.422222 0.000000
vt 0.466667 1.000000
vt 0.444444 0.000000
vt 0.488889 1.000000
vt 0.511111 1.000000
vt 0.488889 0.000000
vt 0.533333 1.000000
vt 0.511111 0.000000
vt 0.555556 1.000000
vt 0.577778 1.000000
vt 0.555556 0.000000
vt 0.600000 1.000000
vt 0.577778 0.000000
vt 0.622222 1.000000
vt 0.644444 1.000000
vt 0.622222 0.000000
vt 0.666667 1.000000
vt 0.644444 0.000000
vt 0.688889 1.000000
vt 0.711111 1.000000
vt 0.688889 0.000000
vt 0.733333 1.000000
vt 0.711111 0.000000
vt 0.755556 1.000000
vt 0.777778 1.000000
vt 0.755556 0.000000
vt 0.800000 1.000000
vt 0.777778 0.000000
vt 0.822222 1.000000
vt 0.844444 1.000000
vt 0.822222 0.000000
vt 0.866667 1.000000
vt 0.844444 0.000000
vt 0.888889 1.000000
vt 0.911111 1.000000
vt 0.888889 0.000000
vt 0.933333 1.000000
vt 0.911111 0.000000
vt 0.955556 1.000000
vt 0.977778 1.000000
vt 0.955556 0.000000
vt 0.977778 0.000000
vt 0.019231 1.000000
vt 0.019231 0.000000
vt 0.057692 1.000000
vt 0.057692 0.000000
vt 0.096154 1.000000
vt 0.096154 0.000000
vt 0.134615 1.000000
vt 0.134615 0.000000
vt 0.173077 1.000000
vt 0.173077 0.000000
vt 0.211538 1.000000
vt 0.211538 0.000000
vt 0.288462 1.000000
vt 0.288462 0.000000
vt 0.326923 1.000000
vt 0.326923 0.000000
vt 0.365385 1.000000
vt 0.365385 0.000000
vt 0.403846 1.000000
vt 0.403846 0.000000
vt 0.442308 1.000000
vt 0.442308 0.000000
vt 0.480769 1.000000
vt 0.480769 0.000000
vt 0.519231 1.000000
vt 0.519231 0.000000
vt 0.557692 1.000000
vt 0.557692 0.000000
vt 0.596154 1.000000
vt 0.596154 0.000000
vt 0.634615 1.000000
vt 0.634615 0.000000
vt 0.673077 1.000000
vt 0.673077 0.000000
vt 0.711538 1.000000
vt 0.711538 0.000000
vt 0.788462 1.000000
vt 0.788462 0.000000
vt 0.826923 1.000000
vt 0.826923 0.000000
vt 0.865385 1.000000
vt 0.865385 0.000000
vt 0.903846 1.000000
vt 0.903846 0.000000
vt 0.942308 1.000000
vt 0.942308 0.000000
vt 0.980769 1.000000
vt 0.980769 0.000000
vt 0.011111 1.000000
vt 0.011111 0.000000
vt 0.033333 1.000000
vt 0.033333 0.000000
vt 0.055556 1.000000
vt 0.055556 0.000000
vt 0.077778 1.000000
vt 0.077778 0.000000
vt 0.100000 1.000000
vt 0.100000 0.000000
vt 0.122222 1.000000
vt 0.122222 0.000000
vt 0.144444 1.000000
vt 0.144444 0.000000
vt 0.166667 1.000000
vt 0.166667 0.000000
vt 0.188889 1.000000
vt 0.188889 0.000000
vt 0.211111 1.000000
vt 0.211111 0.000000
vt 0.233333 1.000000
vt 0.233333 0.000000
vt 0.255556 1.000000
vt 0.255556 0.000000
vt 0.277778 1.000000
vt 0.277778 0.000000
vt 0.300000 1.000000
vt 0.300000 0.000000
vt 0.322222 1.000000
vt 0.322222 0.000000
vt 0.344444 1.000000
vt 0.344444 0.000000
vt 0.366667 1.000000
vt 0.366667 0.000000
vt 0.388889 1.000000
vt 0.388889 0.000000
vt 0.411111 1.000000
vt 0.411111 0.000000
vt 0.433333 1.000000
vt 0.433333 0.000000
vt 0.455556 1.000000
vt 0.455556 0.000000
vt 0.477778 1.000000
vt 0.477778 0.000000
vt 0.522222 1.000000
vt 0.522222 0.000000
vt 0.544444 1.000000
vt 0.544444 0.000000
vt 0.566667 1.000000
vt 0.566667 0.000000
vt 0.588889 1.000000
vt 0.588889 0.000000
vt 0.611111 1.000000
vt 0.611111 0.000000
vt 0.633333 1.000000
vt 0.633333 0.000000
vt 0.655556 1.000000
vt 0.655556 0.000000
vt 0.677778 1.000000
vt 0.677778 0.000000
vt 0.700000 1.000000
vt 0.700000 0.000000
vt 0.722222 1.000000
vt 0.722222 0.000000
vt 0.744444 1.000000
vt 0.744444 0.000000
vt 0.766667 1.000000
vt 0.766667 0.000000
vt 0.788889 1.000000
vt 0.788889 0.000000
vt 0.811111 1.000000
vt 0.811111 0.000000
vt 0.833333 1.000000
vt 0.833333 0.000000
vt 0.855556 1.000000
vt 0.855556 0.000000
vt 0.877778 1.000000
vt 0.877778 0.000000
vt 0.900000 1.000000
vt 0.900000 0.000000
vt 0.922222 1.000000
vt 0.922222 0.000000
vt 0.944444 1.000000
vt 0.944444 0.000000
vt 0.966667 1.000000
vt 0.966667 0.000000
vt 0.988889 1.000000
vt 0.988889 0.000000
vt 0.062500 1.000000
vt 0.062500 0.000000
vt 0.187500 1.000000
vt 0.187500 0.000000
vt 0.312500 1.000000
vt 0.312500 0.000000
vt 0.437500 1.000000
vt 0.437500 0.000000
vt 0.562500 1.000000
vt 0.562500 0.000000
vt 0.687500 1.000000
vt 0.687500 0.000000
vt 0.812500 1.000000
vt 0.812500 0.000000
vt 0.937500 1.000000
vt 0.937500 0.000000
vt 0.016667 1.000000
vt 0.016667 0.000000
vt 0.050000 1.000000
vt 0.050000 0.000000
vt 0.083333 1.000000
vt 0.083333 0.000000
vt 0.116667 1.000000
vt 0.116667 0.000000
vt 0.150000 1.000000
vt 0.150000 0.000000
vt 0.183333 1.000000
vt 0.183333 0.000000
vt 0.216667 1.000000
vt 0.216667 0.000000
vt 0.283333 1.000000
vt 0.283333 0.000000
vt 0.316667 1.000000
vt 0.316667 0.000000
vt 0.350000 1.000000
vt 0.350000 0.000000
vt 0.383333 1.000000
vt 0.383333 0.000000
vt 0.416667 1.000000
vt 0.416667 0.000000
vt 0.450000 1.000000
vt 0.450000 0.000000
vt 0.483333 1.000000
vt 0.483333 0.000000
vt 0.516667 1.000000
vt 0.516667 0.000000
vt 0.550000 1.000000
vt 0.550000 0.000000
vt 0.583333 1.000000
vt 0.583333 0.000000
vt 0.616667 1.000000
vt 0.616667 0.000000
vt 0.650000 1.000000
vt 0.650000 0.000000
vt 0.683333 1.000000
vt 0.683333 0.000000
vt 0.716667 1.000000
vt 0.716667 0.000000
vt 0.783333 1.000000
vt 0.783333 0.000000
vt 0.816667 1.000000
vt 0.816667 0.000000
vt 0.850000 1.000000
vt 0.850000 0.000000
vt 0.883333 1.000000
vt 0.883333 0.000000
vt 0.916667 1.000000
vt 0.916667 0.000000
vt 0.950000 1.000000
vt 0.950000 0.000000
vt 0.983333 1.000000
vt 0.983333 0.000000
vt 0.016949 1.000000
vt 0.033898 1.000000
vt 0.050847 1.000000
vt 0.067797 1.000000
vt 0.084746 1.000000
vt 0.101695 1.000000
vt 0.118644 1.000000
vt 0.135593 1.000000
vt 0.152542 1.000000
vt 0.169492 1.000000
vt 0.186441 1.000000
vt 0.203390 1.000000
vt 0.220339 1.000000
vt 0.237288 1.000000
vt 0.254237 1.000000
vt 0.271186 1.000000
vt 0.288136 1.000000
vt 0.305085 1.000000
vt 0.322034 1.000000
vt 0.338983 1.000000
vt 0.355932 1.000000
vt 0.372881 1.000000
vt 0.389830 1.000000
vt 0.406780 1.000000
vt 0.423729 1.000000
vt 0.440678 1.000000
vt 0.457627 1.000000
vt 0.474576 1.000000
vt 0.491525 1.000000
vt 0.508475 1.000000
vt 0.525424 1.000000
vt 0.542373 1.000000
vt 0.559322 1.000000
vt 0.576271 1.000000
vt 0.593220 1.000000
vt 0.610169 1.000000
vt 0.627119 1.000000
vt 0.644068 1.000000
vt 0.661017 1.000000
vt 0.677966 1.000000
vt 0.694915 1.000000
vt 0.711864 1.000000
vt 0.728814 1.000000
vt 0.745763 1.000000
vt 0.762712 1.000000
vt 0.779661 1.000000
vt 0.796610 1.000000
vt 0.813559 1.000000
vt 0.830508 1.000000
vt 0.847458 1.000000
vt 0.864407 1.000000
vt 0.881356 1.000000
vt 0.898305 1.000000
vt 0.915254 1.000000
vt 0.932203 1.000000
vt 0.949153 1.000000
vt 0.966102 1.000000
vt 0.983051 1.000000
s 0
f 39/1/1 41/2/1 40/3/1
f 39/1/1 42/4/1 41/2/1
f 38/5/1 42/4/1 39/1/1
f 38/5/1 43/6/1 42/4/1
f 37/7/1 43/6/1 38/5/1
f 37/7/1 44/8/1 43/6/1
f 36/9/1 44/8/1 37/7/1
f 36/9/1 45/10/1 44/8/1
f 35/11/1 45/10/1 36/9/1
f 35/11/1 46/12/1 45/10/1
f 34/13/1 46/12/1 35/11/1
f 34/13/1 47/14/1 46/12/1
f 33/15/1 47/14/1 34/13/1
f 33/15/1 48/16/1 47/14/1
f 32/17/1 48/16/1 33/15/1
f 32/17/1 49/18/1 48/16/1
f 31/19/1 49/18/1 32/17/1
f 31/19/1 50/20/1 49/18/1
f 30/21/1 50/20/1 31/19/1
f 30/21/1 51/22/1 50/20/1
f 29/23/1 51/22/1 30/21/1
f 29/23/1 52/24/1 51/22/1
f 28/25/1 52/24/1 29/23/1
f 28/25/1 53/26/1 52/24/1
f 27/27/1 63/28/1 28/25/1
f 63/28/1 53/26/1 28/25/1
f 63/28/1 62/29/1 53/26/1
f 62/29/1 54/30/1 53/26/1
f 27/27/1 60/31/1 63/28/1
f 61/32/1 54/30/1 62/29/1
f 27/27/1 56/33/1 60/31/1
f 56/33/1 61/32/1 60/31/1
f 56/33/1 54/30/1 61/32/1
f 56/33/1 55/34/1 54/30/1
f 27/27/1 57/35/1 56/33/1
f 58/36/1 1/37/1 59/38/1
f 58/36/1 2/39/1 1/37/1
f 27/27/1 58/36/1 57/35/1
f 27/27/1 2/39/1 58/36/1
f 26/40/1 2/39/1 27/27/1
f 26/40/1 3/41/1 2/39/1
f 26/40/1 4/42/1 3/41/1
f 25/43/1 4/42/1 26/40/1
f 25/43/1 5/44/1 4/42/1
f 24/45/1 5/44/1 25/43/1
f 24/45/1 6/46/1 5/44/1
f 23/47/1 6/46/1 24/45/1
f 23/47/1 7/48/1 6/46/1
f 22/49/1 7/48/1 23/47/1
f 22/49/1 8/50/1 7/48/1
f 21/51/1 8/50/1 22/49/1
f 21/51/1 9/52/1 8/50/1
f 20/53/1 9/52/1 21/51/1
f 20/53/1 10/54/1 9/52/1
f 19/55/1 10/54/1 20/53/1
f 18/56/1 10/54/1 19/55/1
f 18/56/1 11/57/1 10/54/1
f 17/58/1 11/57/1 18/56/1
f 17/58/1 12/59/1 11/57/1
f 16/60/1 12/59/1 17/58/1
f 16/60/1 13/61/1 12/59/1
f 15/62/1 13/61/1 16/60/1
f 15/62/1 14/63/1 13/61/1
f 102/64/1 104/65/1 103/66/1
f 102/64/1 105/67/1 104/65/1
f 101/68/1 105/67/1 102/64/1
f 101/68/1 106/69/1 105/67/1
f 100/70/1 106/69/1 101/68/1
f 100/70/1 107/71/1 106/69/1
f 99/72/1 107/71/1 100/70/1
f 99/72/1 108/73/1 107/71/1
f 98/74/1 108/73/1 99/72/1
f 98/74/1 109/75/1 108/73/1
f 97/76/1 109/75/1 98/74/1
f 97/76/1 110/77/1 109/75/1
f 96/78/1 110/77/1 97/76/1
f 96/78/1 111/79/1 110/77/1
f 95/80/1 111/79/1 96/78/1
f 95/80/1 112/81/1 111/79/1
f 94/82/1 112/81/1 95/80/1
f 94/82/1 113/83/1 112/81/1
f 93/84/1 113/83/1 94/82/1
f 93/84/1 114/85/1 113/83/1
f 92/86/1 114/85/1 93/84/1
f 92/86/1 115/87/1 114/85/1
f 91/88/1 115/87/1 92/86/1
f 91/88/1 116/89/1 115/87/1
f 90/90/1 120/91/1 91/88/1
f 120/91/1 116/89/1 91/88/1
f 120/91/1 119/92/1 116/89/1
f 119/92/1 117/93/1 116/89/1
f 90/90/1 121/94/1 120/91/1
f 118/95/1 117/93/1 119/92/1
f 122/96/1 64/37/1 123/28/1
f 122/96/1 65/97/1 64/37/1
f 90/90/1 122/96/1 121/94/1
f 90/90/1 65/97/1 122/96/1
f 89/98/1 65/97/1 90/90/1
f 89/98/1 66/99/1 65/97/1
f 89/98/1 67/100/1 66/99/1
f 88/101/1 67/100/1 89/98/1
f 88/101/1 68/102/1 67/100/1
f 87/103/1 68/102/1 88/101/1
f 87/103/1 69/104/1 68/102/1
f 86/105/1 69/104/1 87/103/1
f 86/105/1 70/106/1 69/104/1
f 85/107/1 70/106/1 86/105/1
f 85/107/1 71/108/1 70/106/1
f 84/109/1 71/108/1 85/107/1
f 84/109/1 72/110/1 71/108/1
f 83/111/1 72/110/1 84/109/1
f 83/111/1 73/112/1 72/110/1
f 82/113/1 73/112/1 83/111/1
f 81/114/1 73/112/1 82/113/1
f 81/114/1 74/115/1 73/112/1
f 80/116/1 74/115/1 81/114/1
f 80/116/1 75/117/1 74/115/1
f 79/118/1 75/117/1 80/116/1
f 79/118/1 76/119/1 75/117/1
f 78/120/1 76/119/1 79/118/1
f 78/120/1 77/121/1 76/119/1
f 193/122/1 195/123/1 194/124/1
f 193/122/1 196/125/1 195/123/1
f 192/126/1 196/125/1 193/122/1
f 192/126/1 197/127/1 196/125/1
f 191/128/1 197/127/1 192/126/1
f 191/128/1 198/129/1 197/127/1
f 190/130/1 198/129/1 191/128/1
f 190/130/1 199/131/1 198/129/1
f 189/132/1 199/131/1 190/130/1
f 189/132/1 200/133/1 199/131/1
f 188/134/1 200/133/1 189/132/1
f 188/134/1 201/135/1 200/133/1
f 187/136/1 201/135/1 188/134/1
f 187/136/1 202/137/1 201/135/1
f 186/138/1 202/137/1 187/136/1
f 186/138/1 203/139/1 202/137/1
f 185/140/1 203/139/1 186/138/1
f 185/140/1 204/141/1 203/139/1
f 184/142/1 204/141/1 185/140/1
f 184/142/1 205/143/1 204/141/1
f 183/144/1 205/143/1 184/142/1
f 183/144/1 206/145/1 205/143/1
f 182/146/1 206/145/1 183/144/1
f 182/146/1 124/37/1 206/145/1
f 181/147/1 179/148/1 182/146/1
f 179/148/1 124/37/1 182/146/1
f 179/148/1 178/149/1 124/37/1
f 178/149/1 125/150/1 124/37/1
f 181/147/1 180/151/1 179/148/1
f 177/152/1 125/150/1 178/149/1
f 175/153/1 177/152/1 176/154/1
f 175/153/1 209/155/1 177/152/1
f 209/155/1 125/150/1 177/152/1
f 174/156/1 209/155/1 175/153/1
f 173/157/1 209/155/1 174/156/1
f 172/158/1 209/155/1 173/157/1
f 171/159/1 209/155/1 172/158/1
f 170/160/1 209/155/1 171/159/1
f 169/161/1 209/155/1 170/160/1
f 168/162/1 209/155/1 169/161/1
f 167/17/1 209/155/1 168/162/1
f 166/163/1 209/155/1 167/17/1
f 165/164/1 209/155/1 166/163/1
f 164/165/1 209/155/1 165/164/1
f 163/166/1 210/28/1 164/165/1
f 210/28/1 209/155/1 164/165/1
f 163/166/1 207/167/1 210/28/1
f 208/168/1 125/150/1 209/155/1
f 207/167/1 125/150/1 208/168/1
f 163/166/1 125/150/1 207/167/1
f 162/169/1 127/170/1 163/166/1
f 127/170/1 125/150/1 163/166/1
f 161/171/1 127/170/1 162/169/1
f 160/172/1 127/170/1 161/171/1
f 159/173/1 127/170/1 160/172/1
f 158/174/1 127/170/1 159/173/1
f 157/175/1 127/170/1 158/174/1
f 157/175/1 128/176/1 127/170/1
f 126/177/1 125/150/1 127/170/1
f 157/175/1 129/178/1 128/176/1
f 157/175/1 130/179/1 129/178/1
f 157/175/1 131/180/1 130/179/1
f 157/175/1 132/181/1 131/180/1
f 156/182/1 132/181/1 157/175/1
f 156/182/1 133/183/1 132/181/1
f 156/182/1 134/184/1 133/183/1
f 156/182/1 135/185/1 134/184/1
f 156/182/1 136/186/1 135/185/1
f 155/187/1 136/186/1 156/182/1
f 155/187/1 137/188/1 136/186/1
f 155/187/1 138/189/1 137/188/1
f 155/187/1 139/190/1 138/189/1
f 155/187/1 140/191/1 139/190/1
f 154/192/1 140/191/1 155/187/1
f 154/192/1 141/193/1 140/191/1
f 154/192/1 142/194/1 141/193/1
f 154/192/1 143/195/1 142/194/1
f 153/196/1 143/195/1 154/192/1
f 153/196/1 144/197/1 143/195/1
f 153/196/1 145/198/1 144/197/1
f 153/196/1 146/199/1 145/198/1
f 152/200/1 146/199/1 153/196/1
f 152/200/1 147/201/1 146/199/1
f 152/200/1 148/202/1 147/201/1
f 152/200/1 149/203/1 148/202/1
f 151/204/1 149/203/1 152/200/1
f 151/204/1 150/205/1 149/203/1
f 288/206/1 290/207/1 289/208/1
f 287/209/1 290/207/1 288/206/1
f 286/210/1 290/207/1 287/209/1
f 286/210/1 291/211/1 290/207/1
f 285/212/1 291/211/1 286/210/1
f 284/213/1 291/211/1 285/212/1
f 283/214/1 291/211/1 284/213/1
f 283/214/1 292/215/1 291/211/1
f 262/216/1 264/217/1 263/218/1
f 262/216/1 265/219/1 264/217/1
f 282/220/1 292/215/1 283/214/1
f 281/221/1 292/215/1 282/220/1
f 280/222/1 292/215/1 281/221/1
f 280/222/1 293/223/1 292/215/1
f 279/224/1 293/223/1 280/222/1
f 278/225/1 293/223/1 279/224/1
f 277/226/1 293/223/1 278/225/1
f 277/226/1 294/227/1 293/223/1
f 276/228/1 294/227/1 277/226/1
f 275/229/1 294/227/1 276/228/1
f 274/230/1 294/227/1 275/229/1
f 274/230/1 295/231/1 294/227/1
f 273/232/1 295/231/1 274/230/1
f 272/233/1 295/231/1 273/232/1
f 271/234/1 295/231/1 272/233/1
f 270/235/1 295/231/1 271/234/1
f 270/235/1 296/236/1 295/231/1
f 269/237/1 296/236/1 270/235/1
f 268/238/1 296/236/1 269/237/1
f 267/239/1 296/236/1 268/238/1
f 266/240/1 296/236/1 267/239/1
f 265/219/1 296/236/1 266/240/1
f 262/216/1 315/241/1 265/219/1
f 315/241/1 296/236/1 265/219/1
f 315/241/1 297/242/1 296/236/1
f 315/241/1 298/243/1 297/242/1
f 315/241/1 299/244/1 298/243/1
f 315/241/1 300/245/1 299/244/1
f 315/241/1 211/37/1 300/245/1
f 315/241/1 314/246/1 211/37/1
f 314/246/1 212/247/1 211/37/1
f 313/248/1 212/247/1 314/246/1
f 262/216/1 316/28/1 315/241/1
f 312/249/1 212/247/1 313/248/1
f 311/250/1 212/247/1 312/249/1
f 310/251/1 212/247/1 311/250/1
f 309/252/1 212/247/1 310/251/1
f 308/253/1 212/247/1 309/252/1
f 307/254/1 212/247/1 308/253/1
f 306/255/1 212/247/1 307/254/1
f 305/256/1 212/247/1 306/255/1
f 305/256/1 213/257/1 212/247/1
f 304/258/1 213/257/1 305/256/1
f 303/259/1 213/257/1 304/258/1
f 302/260/1 213/257/1 303/259/1
f 301/261/1 213/257/1 302/260/1
f 262/216/1 260/262/1 316/28/1
f 260/262/1 301/261/1 316/28/1
f 260/262/1 213/257/1 301/261/1
f 260/262/1 214/263/1 213/257/1
f 260/262/1 215/264/1 214/263/1
f 260/262/1 216/265/1 215/264/1
f 260/262/1 217/266/1 216/265/1
f 260/262/1 218/267/1 217/266/1
f 260/262/1 219/268/1 218/267/1
f 260/262/1 220/269/1 219/268/1
f 260/262/1 221/270/1 220/269/1
f 260/262/1 222/271/1 221/270/1
f 260/262/1 223/272/1 222/271/1
f 260/262/1 224/273/1 223/272/1
f 260/262/1 225/274/1 224/273/1
f 260/262/1 226/275/1 225/274/1
f 260/262/1 227/276/1 226/275/1
f 260/262/1 228/277/1 227/276/1
f 260/262/1 229/278/1 228/277/1
f 260/262/1 230/279/1 229/278/1
f 260/262/1 231/280/1 230/279/1
f 260/262/1 232/281/1 231/280/1
f 262/216/1 261/282/1 260/262/1
f 259/283/1 232/281/1 260/262/1
f 258/284/1 232/281/1 259/283/1
f 257/285/1 232/281/1 258/284/1
f 257/285/1 233/286/1 232/281/1
f 256/287/1 233/286/1 257/285/1
f 255/288/1 233/286/1 256/287/1
f 254/289/1 233/286/1 255/288/1
f 253/290/1 233/286/1 254/289/1
f 252/291/1 233/286/1 253/290/1
f 251/292/1 233/286/1 252/291/1
f 250/293/1 233/286/1 251/292/1
f 249/294/1 233/286/1 250/293/1
f 248/295/1 233/286/1 249/294/1
f 248/295/1 234/296/1 233/286/1
f 247/297/1 234/296/1 248/295/1
f 246/298/1 234/296/1 247/297/1
f 245/299/1 234/296/1 246/298/1
f 244/300/1 234/296/1 245/299/1
f 244/300/1 235/301/1 234/296/1
f 243/302/1 235/301/1 244/300/1
f 242/303/1 235/301/1 243/302/1
f 241/304/1 235/301/1 242/303/1
f 240/305/1 235/301/1 241/304/1
f 240/305/1 236/306/1 235/301/1
f 239/307/1 236/306/1 240/305/1
f 238/308/1 236/306/1 239/307/1
f 237/309/1 236/306/1 238/308/1
f 373/310/1 375/221/1 374/311/1
f 373/310/1 376/312/1 375/221/1
f 373/310/1 377/313/1 376/312/1
f 372/314/1 377/313/1 373/310/1
f 372/314/1 378/315/1 377/313/1
f 371/316/1 378/315/1 372/314/1
f 371/316/1 379/317/1 378/315/1
f 370/318/1 379/317/1 371/316/1
f 370/318/1 380/319/1 379/317/1
f 369/320/1 380/319/1 370/318/1
f 369/320/1 381/321/1 380/319/1
f 368/322/1 381/321/1 369/320/1
f 368/322/1 382/323/1 381/321/1
f 367/324/1 382/323/1 368/322/1
f 367/324/1 383/325/1 382/323/1
f 366/326/1 383/325/1 367/324/1
f 366/326/1 384/327/1 383/325/1
f 365/328/1 384/327/1 366/326/1
f 365/328/1 385/329/1 384/327/1
f 364/330/1 385/329/1 365/328/1
f 364/330/1 386/331/1 385/329/1
f 363/332/1 386/331/1 364/330/1
f 363/332/1 387/333/1 386/331/1
f 362/334/1 387/333/1 363/332/1
f 362/334/1 390/335/1 387/333/1
f 390/335/1 388/336/1 387/333/1
f 361/337/1 391/338/1 362/334/1
f 391/338/1 390/335/1 362/334/1
f 361/337/1 392/339/1 391/338/1
f 389/340/1 388/336/1 390/335/1
f 361/337/1 393/341/1 392/339/1
f 360/342/1 393/341/1 361/337/1
f 359/343/1 393/341/1 360/342/1
f 358/344/1 393/341/1 359/343/1
f 357/345/1 393/341/1 358/344/1
f 356/346/1 393/341/1 357/345/1
f 355/347/1 393/341/1 356/346/1
f 354/348/1 393/341/1 355/347/1
f 353/349/1 393/341/1 354/348/1
f 352/350/1 393/341/1 353/349/1
f 351/351/1 393/341/1 352/350/1
f 350/352/1 393/341/1 351/351/1
f 349/353/1 393/341/1 350/352/1
f 348/354/1 393/341/1 349/353/1
f 348/354/1 394/355/1 393/341/1
f 348/354/1 395/356/1 394/355/1
f 348/354/1 396/357/1 395/356/1
f 348/354/1 397/358/1 396/357/1
f 348/354/1 398/359/1 397/358/1
f 348/354/1 399/360/1 398/359/1
f 348/354/1 400/361/1 399/360/1
f 348/354/1 401/362/1 400/361/1
f 348/354/1 402/363/1 401/362/1
f 348/354/1 403/364/1 402/363/1
f 348/354/1 404/28/1 403/364/1
f 348/354/1 317/37/1 404/28/1
f 343/365/1 345/366/1 344/367/1
f 343/365/1 346/298/1 345/366/1
f 348/354/1 318/368/1 317/37/1
f 347/369/1 318/368/1 348/354/1
f 343/365/1 347/369/1 346/298/1
f 343/365/1 318/368/1 347/369/1
f 342/370/1 318/368/1 343/365/1
f 342/370/1 319/371/1 318/368/1
f 341/372/1 319/371/1 342/370/1
f 341/372/1 320/373/1 319/371/1
f 340/374/1 320/373/1 341/372/1
f 340/374/1 321/375/1 320/373/1
f 339/376/1 321/375/1 340/374/1
f 339/376/1 322/377/1 321/375/1
f 338/378/1 322/377/1 339/376/1
f 338/378/1 323/379/1 322/377/1
f 337/380/1 323/379/1 338/378/1
f 337/380/1 324/381/1 323/379/1
f 336/382/1 324/381/1 337/380/1
f 336/382/1 325/383/1 324/381/1
f 335/384/1 325/383/1 336/382/1
f 335/384/1 326/385/1 325/383/1
f 334/386/1 326/385/1 335/384/1
f 334/386/1 327/387/1 326/385/1
f 333/388/1 327/387/1 334/386/1
f 333/388/1 328/389/1 327/387/1
f 332/390/1 328/389/1 333/388/1
f 332/390/1 329/391/1 328/389/1
f 331/392/1 329/391/1 332/390/1
f 331/392/1 330/393/1 329/391/1
f 443/394/1 445/395/1 444/396/1
f 443/394/1 446/397/1 445/395/1
f 442/398/1 446/397/1 443/394/1
f 442/398/1 447/399/1 446/397/1
f 441/400/1 447/399/1 442/398/1
f 441/400/1 448/401/1 447/399/1
f 440/402/1 448/401/1 441/400/1
f 440/402/1 449/231/1 448/401/1
f 439/403/1 449/231/1 440/402/1
f 439/403/1 450/404/1 449/231/1
f 438/230/1 450/404/1 439/403/1
f 438/230/1 451/405/1 450/404/1
f 437/406/1 451/405/1 438/230/1
f 437/406/1 452/407/1 451/405/1
f 436/408/1 452/407/1 437/406/1
f 436/408/1 453/409/1 452/407/1
f 435/410/1 453/409/1 436/408/1
f 435/410/1 454/411/1 453/409/1
f 434/412/1 454/411/1 435/410/1
f 434/412/1 455/413/1 454/411/1
f 433/414/1 455/413/1 434/412/1
f 433/414/1 456/415/1 455/413/1
f 432/416/1 456/415/1 433/414/1
f 432/416/1 405/37/1 456/415/1
f 431/417/1 460/28/1 432/416/1
f 460/28/1 405/37/1 432/416/1
f 460/28/1 459/418/1 405/37/1
f 459/418/1 406/419/1 405/37/1
f 431/417/1 457/420/1 460/28/1
f 458/421/1 406/419/1 459/418/1
f 431/417/1 458/421/1 457/420/1
f 431/417/1 406/419/1 458/421/1
f 430/422/1 406/419/1 431/417/1
f 430/422/1 407/423/1 406/419/1
f 430/422/1 408/424/1 407/423/1
f 429/425/1 408/424/1 430/422/1
f 429/425/1 409/426/1 408/424/1
f 428/427/1 409/426/1 429/425/1
f 428/427/1 410/428/1 409/426/1
f 427/290/1 410/428/1 428/427/1
f 427/290/1 411/429/1 410/428/1
f 426/430/1 411/429/1 427/290/1
f 426/430/1 412/431/1 411/429/1
f 425/432/1 412/431/1 426/430/1
f 425/432/1 413/433/1 412/431/1
f 424/434/1 413/433/1 425/432/1
f 424/434/1 414/435/1 413/433/1
f 423/436/1 414/435/1 424/434/1
f 422/437/1 414/435/1 423/436/1
f 422/437/1 415/438/1 414/435/1
f 421/439/1 415/438/1 422/437/1
f 421/439/1 416/281/1 415/438/1
f 420/440/1 416/281/1 421/439/1
f 420/440/1 417/441/1 416/281/1
f 419/442/1 417/441/1 420/440/1
f 419/442/1 418/443/1 417/441/1
f 479/444/1 481/231/1 480/445/1
f 479/444/1 482/446/1 481/231/1
f 477/447/1 479/444/1 478/448/1
f 477/447/1 482/446/1 479/444/1
f 477/447/1 483/449/1 482/446/1
f 477/447/1 484/450/1 483/449/1
f 476/230/1 484/450/1 477/447/1
f 475/451/1 485/452/1 476/230/1
f 485/452/1 484/450/1 476/230/1
f 475/451/1 486/28/1 485/452/1
f 475/451/1 461/37/1 486/28/1
f 475/451/1 462/453/1 461/37/1
f 474/454/1 462/453/1 475/451/1
f 473/455/1 462/453/1 474/454/1
f 472/456/1 462/453/1 473/455/1
f 471/290/1 462/453/1 472/456/1
f 470/457/1 462/453/1 471/290/1
f 469/458/1 462/453/1 470/457/1
f 468/459/1 462/453/1 469/458/1
f 467/460/1 462/453/1 468/459/1
f 466/281/1 462/453/1 467/460/1
f 465/461/1 462/453/1 466/281/1
f 464/462/1 462/453/1 465/461/1
f 463/463/1 462/453/1 464/462/1
f 505/444/1 507/231/1 506/445/1
f 505/444/1 508/446/1 507/231/1
f 503/447/1 505/444/1 504/448/1
f 503/447/1 508/446/1 505/444/1
f 503/447/1 509/449/1 508/446/1
f 503/447/1 510/450/1 509/449/1
f 502/230/2 510/450/2 503/447/2
f 501/451/1 511/452/1 502/230/1
f 511/452/1 510/450/1 502/230/1
f 501/451/1 512/28/1 511/452/1
f 501/451/1 487/37/1 512/28/1
f 501/451/1 488/453/1 487/37/1
f 500/454/1 488/453/1 501/451/1
f 499/455/1 488/453/1 500/454/1
f 498/456/1 488/453/1 499/455/1
f 497/290/1 488/453/1 498/456/1
f 496/457/1 488/453/1 497/290/1
f 495/458/1 488/453/1 496/457/1
f 494/459/1 488/453/1 495/458/1
f 493/460/1 488/453/1 494/459/1
f 492/281/1 488/453/1 493/460/1
f 491/461/1 488/453/1 492/281/1
f 490/462/1 488/453/1 491/461/1
f 489/463/1 488/453/1 490/462/1
f 545/395/1 547/464/1 546/465/1
f 544/466/1 547/464/1 545/395/1
f 543/467/1 547/464/1 544/466/1
f 543/467/1 548/468/1 547/464/1
f 542/469/1 548/468/1 543/467/1
f 541/402/1 548/468/1 542/469/1
f 540/470/1 548/468/1 541/402/1
f 540/470/1 549/404/1 548/468/1
f 539/471/1 549/404/1 540/470/1
f 519/472/1 521/438/1 520/473/1
f 519/472/1 522/474/1 521/438/1
f 538/475/1 549/404/1 539/471/1
f 537/410/1 549/404/1 538/475/1
f 537/410/1 550/476/1 549/404/1
f 536/477/1 550/476/1 537/410/1
f 535/17/1 550/476/1 536/477/1
f 534/478/1 550/476/1 535/17/1
f 534/478/1 551/479/1 550/476/1
f 533/422/1 551/479/1 534/478/1
f 532/480/1 551/479/1 533/422/1
f 531/481/1 551/479/1 532/480/1
f 531/481/1 552/482/1 551/479/1
f 530/483/1 552/482/1 531/481/1
f 529/432/1 552/482/1 530/483/1
f 528/484/1 552/482/1 529/432/1
f 527/485/1 552/482/1 528/484/1
f 526/486/1 552/482/1 527/485/1
f 526/486/1 553/413/1 552/482/1
f 525/440/1 553/413/1 526/486/1
f 524/487/1 553/413/1 525/440/1
f 523/488/1 553/413/1 524/487/1
f 522/474/1 553/413/1 523/488/1
f 519/472/1 517/428/1 522/474/1
f 517/428/1 553/413/1 522/474/1
f 517/428/1 554/489/1 553/413/1
f 517/428/1 555/490/1 554/489/1
f 517/428/1 556/491/1 555/490/1
f 517/428/1 557/28/1 556/491/1
f 517/428/1 513/37/1 557/28/1
f 517/428/1 516/492/1 513/37/1
f 516/492/1 514/493/1 513/37/1
f 515/494/1 514/493/1 516/492/1
f 519/472/1 518/495/1 517/428/1
f 627/122/1 629/123/1 628/124/1
f 627/122/1 630/125/1 629/123/1
f 626/126/1 630/125/1 627/122/1
f 626/126/1 631/127/1 630/125/1
f 625/128/1 631/127/1 626/126/1
f 625/128/1 632/129/1 631/127/1
f 624/130/1 632/129/1 625/128/1
f 624/130/1 633/131/1 632/129/1
f 623/132/1 633/131/1 624/130/1
f 623/132/1 634/133/1 633/131/1
f 622/134/1 634/133/1 623/132/1
f 622/134/1 635/135/1 634/133/1
f 621/136/1 635/135/1 622/134/1
f 621/136/1 636/137/1 635/135/1
f 620/138/1 636/137/1 621/136/1
f 620/138/1 637/139/1 636/137/1
f 619/140/1 637/139/1 620/138/1
f 619/140/1 638/141/1 637/139/1
f 618/142/1 638/141/1 619/140/1
f 618/142/1 639/143/1 638/141/1
f 617/144/1 639/143/1 618/142/1
f 617/144/1 640/145/1 639/143/1
f 616/146/1 640/145/1 617/144/1
f 616/146/1 558/37/1 640/145/1
f 615/147/1 613/148/1 616/146/1
f 613/148/1 558/37/1 616/146/1
f 613/148/1 612/149/1 558/37/1
f 612/149/1 559/150/1 558/37/1
f 615/147/1 614/151/1 613/148/1
f 611/152/1 559/150/1 612/149/1
f 609/153/1 611/152/1 610/154/1
f 609/153/1 643/155/1 611/152/1
f 643/155/1 559/150/1 611/152/1
f 608/156/1 643/155/1 609/153/1
f 607/157/1 643/155/1 608/156/1
f 606/158/1 643/155/1 607/157/1
f 605/159/1 643/155/1 606/158/1
f 604/160/1 643/155/1 605/159/1
f 603/161/1 643/155/1 604/160/1
f 602/162/1 643/155/1 603/161/1
f 601/17/1 643/155/1 602/162/1
f 600/163/1 643/155/1 601/17/1
f 599/164/1 643/155/1 600/163/1
f 598/165/1 643/155/1 599/164/1
f 597/166/1 644/28/1 598/165/1
f 644/28/1 643/155/1 598/165/1
f 597/166/1 641/167/1 644/28/1
f 642/168/1 559/150/1 643/155/1
f 641/167/1 559/150/1 642/168/1
f 597/166/1 559/150/1 641/167/1
f 596/169/1 561/170/1 597/166/1
f 561/170/1 559/150/1 597/166/1
f 595/171/1 561/170/1 596/169/1
f 594/172/1 561/170/1 595/171/1
f 593/173/1 561/170/1 594/172/1
f 592/174/1 561/170/1 593/173/1
f 591/175/1 561/170/1 592/174/1
f 591/175/1 562/176/1 561/170/1
f 560/177/1 559/150/1 561/170/1
f 591/175/1 563/178/1 562/176/1
f 591/175/1 564/179/1 563/178/1
f 591/175/1 565/180/1 564/179/1
f 591/175/1 566/181/1 565/180/1
f 590/182/1 566/181/1 591/175/1
f 590/182/1 567/183/1 566/181/1
f 590/182/1 568/184/1 567/183/1
f 590/182/1 569/185/1 568/184/1
f 590/182/1 570/186/1 569/185/1
f 589/187/1 570/186/1 590/182/1
f 589/187/1 571/188/1 570/186/1
f 589/187/1 572/189/1 571/188/1
f 589/187/1 573/190/1 572/189/1
f 589/187/1 574/191/1 573/190/1
f 588/192/1 574/191/1 589/187/1
f 588/192/1 575/193/1 574/191/1
f 588/192/1 576/194/1 575/193/1
f 588/192/1 577/195/1 576/194/1
f 587/196/1 577/195/1 588/192/1
f 587/196/1 578/197/1 577/195/1
f 587/196/1 579/198/1 578/197/1
f 587/196/1 580/199/1 579/198/1
f 586/200/1 580/199/1 587/196/1
f 586/200/1 581/201/1 580/199/1
f 586/200/1 582/202/1 581/201/1
f 586/200/1 583/203/1 582/202/1
f 585/204/1 583/203/1 586/200/1
f 585/204/1 584/205/1 583/203/1
f 663/444/1 665/231/1 664/445/1
f 663/444/1 666/446/1 665/231/1
f 661/447/1 663/444/1 662/448/1
f 661/447/1 666/446/1 663/444/1
f 661/447/1 667/449/1 666/446/1
f 661/447/1 668/450/1 667/449/1
f 660/230/1 668/450/1 661/447/1
f 659/451/1 669/452/1 660/230/1
f 669/452/2 668/450/2 660/230/2
f 659/451/1 670/28/1 669/452/1
f 659/451/1 645/37/1 670/28/1
f 659/451/1 646/453/1 645/37/1
f 658/454/1 646/453/1 659/451/1
f 657/455/1 646/453/1 658/454/1
f 656/456/1 646/453/1 657/455/1
f 655/290/1 646/453/1 656/456/1
f 654/457/1 646/453/1 655/290/1
f 653/458/1 646/453/1 654/457/1
f 652/459/1 646/453/1 653/458/1
f 651/460/1 646/453/1 652/459/1
f 650/281/1 646/453/1 651/460/1
f 649/461/1 646/453/1 650/281/1
f 648/462/1 646/453/1 649/461/1
f 647/463/1 646/453/1 648/462/1
f 727/310/1 729/221/1 728/311/1
f 727/310/1 730/312/1 729/221/1
f 727/310/1 731/313/1 730/312/1
f 726/314/1 731/313/1 727/310/1
f 726/314/1 732/315/1 731/313/1
f 725/316/1 732/315/1 726/314/1
f 725/316/1 733/317/1 732/315/1
f 724/318/1 733/317/1 725/316/1
f 724/318/1 734/319/1 733/317/1
f 723/320/1 734/319/1 724/318/1
f 723/320/1 735/321/1 734/319/1
f 722/322/1 735/321/1 723/320/1
f 722/322/1 736/323/1 735/321/1
f 721/324/1 736/323/1 722/322/1
f 721/324/1 737/325/1 736/323/1
f 720/326/1 737/325/1 721/324/1
f 720/326/1 738/327/1 737/325/1
f 719/328/1 738/327/1 720/326/1
f 719/328/1 739/329/1 738/327/1
f 718/330/1 739/329/1 719/328/1
f 718/330/1 740/331/1 739/329/1
f 717/332/1 740/331/1 718/330/1
f 717/332/1 741/333/1 740/331/1
f 716/334/1 741/333/1 717/332/1
f 716/334/1 744/335/1 741/333/1
f 744/335/1 742/336/1 741/333/1
f 715/337/1 745/338/1 716/334/1
f 745/338/1 744/335/1 716/334/1
f 715/337/1 746/339/1 745/338/1
f 743/340/1 742/336/1 744/335/1
f 715/337/1 747/341/1 746/339/1
f 714/342/1 747/341/1 715/337/1
f 713/343/1 747/341/1 714/342/1
f 712/344/1 747/341/1 713/343/1
f 711/345/1 747/341/1 712/344/1
f 710/346/1 747/341/1 711/345/1
f 709/347/1 747/341/1 710/346/1
f 708/348/1 747/341/1 709/347/1
f 707/349/1 747/341/1 708/348/1
f 706/350/1 747/341/1 707/349/1
f 705/351/1 747/341/1 706/350/1
f 704/352/1 747/341/1 705/351/1
f 703/353/1 747/341/1 704/352/1
f 702/354/1 747/341/1 703/353/1
f 702/354/1 748/355/1 747/341/1
f 702/354/1 749/356/1 748/355/1
f 702/354/1 750/357/1 749/356/1
f 702/354/1 751/358/1 750/357/1
f 702/354/1 752/359/1 751/358/1
f 702/354/1 753/360/1 752/359/1
f 702/354/1 754/361/1 753/360/1
f 702/354/1 755/362/1 754/361/1
f 702/354/1 756/363/1 755/362/1
f 702/354/1 757/364/1 756/363/1
f 702/354/1 758/28/1 757/364/1
f 702/354/1 671/37/1 758/28/1
f 697/365/1 699/366/1 698/367/1
f 697/365/1 700/298/1 699/366/1
f 702/354/1 672/368/1 671/37/1
f 701/369/1 672/368/1 702/354/1
f 697/365/1 701/369/1 700/298/1
f 697/365/1 672/368/1 701/369/1
f 696/370/1 672/368/1 697/365/1
f 696/370/1 673/371/1 672/368/1
f 695/372/1 673/371/1 696/370/1
f 695/372/1 674/373/1 673/371/1
f 694/374/1 674/373/1 695/372/1
f 694/374/1 675/375/1 674/373/1
f 693/376/1 675/375/1 694/374/1
f 693/376/1 676/377/1 675/375/1
f 692/378/1 676/377/1 693/376/1
f 692/378/1 677/379/1 676/377/1
f 691/380/1 677/379/1 692/378/1
f 691/380/1 678/381/1 677/379/1
f 690/382/1 678/381/1 691/380/1
f 690/382/1 679/383/1 678/381/1
f 689/384/1 679/383/1 690/382/1
f 689/384/1 680/385/1 679/383/1
f 688/386/1 680/385/1 689/384/1
f 688/386/1 681/387/1 680/385/1
f 687/388/1 681/387/1 688/386/1
f 687/388/1 682/389/1 681/387/1
f 686/390/1 682/389/1 687/388/1
f 686/390/1 683/391/1 682/389/1
f 685/392/1 683/391/1 686/390/1
f 685/392/1 684/393/1 683/391/1
f 797/1/2 798/3/2 799/2/2
f 797/1/2 799/2/2 800/4/2
f 796/5/2 797/1/2 800/4/2
f 796/5/2 800/4/2 801/6/2
f 795/7/2 796/5/2 801/6/2
f 795/7/2 801/6/2 802/8/2
f 794/9/2 795/7/2 802/8/2
f 794/9/2 802/8/2 803/10/2
f 793/11/2 794/9/2 803/10/2
f 793/11/2 803/10/2 804/12/2
f 792/13/2 793/11/2 804/12/2
f 792/13/2 804/12/2 805/14/2
f 791/15/2 792/13/2 805/14/2
f 791/15/2 805/14/2 806/16/2
f 790/17/2 791/15/2 806/16/2
f 790/17/2 806/16/2 807/18/2
f 789/19/2 790/17/2 807/18/2
f 789/19/2 807/18/2 808/20/2
f 788/21/2 789/19/2 808/20/2
f 788/21/2 808/20/2 809/22/2
f 787/23/2 788/21/2 809/22/2
f 787/23/2 809/22/2 810/24/2
f 786/25/2 787/23/2 810/24/2
f 786/25/2 810/24/2 811/26/2
f 785/27/2 786/25/2 821/28/2
f 821/28/2 786/25/2 811/26/2
f 821/28/2 811/26/2 820/29/2
f 820/29/2 811/26/2 812/30/2
f 785/27/2 821/28/2 818/31/2
f 819/32/2 820/29/2 812/30/2
f 785/27/2 818/31/2 814/33/2
f 814/33/2 818/31/2 819/32/2
f 814/33/2 819/32/2 812/30/2
f 814/33/2 812/30/2 813/34/2
f 785/27/2 814/33/2 815/35/2
f 816/36/2 817/38/2 759/37/2
f 816/36/2 759/37/2 760/39/2
f 785/27/2 815/35/2 816/36/2
f 785/27/2 816/36/2 760/39/2
f 784/40/2 785/27/2 760/39/2
f 784/40/2 760/39/2 761/41/2
f 784/40/2 761/41/2 762/42/2
f 783/43/2 784/40/2 762/42/2
f 783/43/2 762/42/2 763/44/2
f 782/45/2 783/43/2 763/44/2
f 782/45/2 763/44/2 764/46/2
f 781/47/2 782/45/2 764/46/2
f 781/47/2 764/46/2 765/48/2
f 780/49/2 781/47/2 765/48/2
f 780/49/2 765/48/2 766/50/2
f 779/51/2 780/49/2 766/50/2
f 779/51/2 766/50/2 767/52/2
f 778/53/2 779/51/2 767/52/2
f 778/53/2 767/52/2 768/54/2
f 777/55/2 778/53/2 768/54/2
f 776/56/2 777/55/2 768/54/2
f 776/56/2 768/54/2 769/57/2
f 775/58/2 776/56/2 769/57/2
f 775/58/2 769/57/2 770/59/2
f 774/60/2 775/58/2 770/59/2
f 774/60/2 770/59/2 771/61/2
f 773/62/2 774/60/2 771/61/2
f 773/62/2 771/61/2 772/63/2
f 860/64/2 861/66/2 862/65/2
f 860/64/2 862/65/2 863/67/2
f 859/68/2 860/64/2 863/67/2
f 859/68/2 863/67/2 864/69/2
f 858/70/2 859/68/2 864/69/2
f 858/70/2 864/69/2 865/71/2
f 857/72/2 858/70/2 865/71/2
f 857/72/2 865/71/2 866/73/2
f 856/74/2 857/72/2 866/73/2
f 856/74/2 866/73/2 867/75/2
f 855/76/2 856/74/2 867/75/2
f 855/76/2 867/75/2 868/77/2
f 854/78/2 855/76/2 868/77/2
f 854/78/2 868/77/2 869/79/2
f 853/80/2 854/78/2 869/79/2
f 853/80/2 869/79/2 870/81/2
f 852/82/2 853/80/2 870/81/2
f 852/82/2 870/81/2 871/83/2
f 851/84/2 852/82/2 871/83/2
f 851/84/2 871/83/2 872/85/2
f 850/86/2 851/84/2 872/85/2
f 850/86/2 872/85/2 873/87/2
f 849/88/2 850/86/2 873/87/2
f 849/88/2 873/87/2 874/89/2
f 848/90/2 849/88/2 878/91/2
f 878/91/2 849/88/2 874/89/2
f 878/91/2 874/89/2 877/92/2
f 877/92/2 874/89/2 875/93/2
f 848/90/2 878/91/2 879/94/2
f 876/95/2 877/92/2 875/93/2
f 880/96/2 881/28/2 822/37/2
f 880/96/2 822/37/2 823/97/2
f 848/90/2 879/94/2 880/96/2
f 848/90/2 880/96/2 823/97/2
f 847/98/2 848/90/2 823/97/2
f 847/98/2 823/97/2 824/99/2
f 847/98/2 824/99/2 825/100/2
f 846/101/2 847/98/2 825/100/2
f 846/101/2 825/100/2 826/102/2
f 845/103/2 846/101/2 826/102/2
f 845/103/2 826/102/2 827/104/2
f 844/105/2 845/103/2 827/104/2
f 844/105/2 827/104/2 828/106/2
f 843/107/2 844/105/2 828/106/2
f 843/107/2 828/106/2 829/108/2
f 842/109/2 843/107/2 829/108/2
f 842/109/2 829/108/2 830/110/2
f 841/111/2 842/109/2 830/110/2
f 841/111/2 830/110/2 831/112/2
f 840/113/2 841/111/2 831/112/2
f 839/114/2 840/113/2 831/112/2
f 839/114/2 831/112/2 832/115/2
f 838/116/2 839/114/2 832/115/2
f 838/116/2 832/115/2 833/117/2
f 837/118/2 838/116/2 833/117/2
f 837/118/2 833/117/2 834/119/2
f 836/120/2 837/118/2 834/119/2
f 836/120/2 834/119/2 835/121/2
f 951/122/2 952/124/2 953/123/2
f 951/122/2 953/123/2 954/125/2
f 950/126/2 951/122/2 954/125/2
f 950/126/2 954/125/2 955/127/2
f 949/128/2 950/126/2 955/127/2
f 949/128/2 955/127/2 956/129/2
f 948/130/2 949/128/2 956/129/2
f 948/130/2 956/129/2 957/131/2
f 947/132/2 948/130/2 957/131/2
f 947/132/2 957/131/2 958/133/2
f 946/134/2 947/132/2 958/133/2
f 946/134/2 958/133/2 959/135/2
f 945/136/2 946/134/2 959/135/2
f 945/136/2 959/135/2 960/137/2
f 944/138/2 945/136/2 960/137/2
f 944/138/2 960/137/2 961/139/2
f 943/140/2 944/138/2 961/139/2
f 943/140/2 961/139/2 962/141/2
f 942/142/2 943/140/2 962/141/2
f 942/142/2 962/141/2 963/143/2
f 941/144/2 942/142/2 963/143/2
f 941/144/2 963/143/2 964/145/2
f 940/146/2 941/144/2 964/145/2
f 940/146/2 964/145/2 882/37/2
f 939/147/2 940/146/2 937/148/2
f 937/148/2 940/146/2 882/37/2
f 937/148/2 882/37/2 936/149/2
f 936/149/2 882/37/2 883/150/2
f 939/147/2 937/148/2 938/151/2
f 935/152/2 936/149/2 883/150/2
f 933/153/2 934/154/2 935/152/2
f 933/153/2 935/152/2 967/155/2
f 967/155/2 935/152/2 883/150/2
f 932/156/2 933/153/2 967/155/2
f 931/157/2 932/156/2 967/155/2
f 930/158/2 931/157/2 967/155/2
f 929/159/2 930/158/2 967/155/2
f 928/160/2 929/159/2 967/155/2
f 927/161/2 928/160/2 967/155/2
f 926/162/2 927/161/2 967/155/2
f 925/17/2 926/162/2 967/155/2
f 924/163/2 925/17/2 967/155/2
f 923/164/2 924/163/2 967/155/2
f 922/165/2 923/164/2 967/155/2
f 921/166/2 922/165/2 968/28/2
f 968/28/2 922/165/2 967/155/2
f 921/166/2 968/28/2 965/167/2
f 966/168/2 967/155/2 883/150/2
f 965/167/2 966/168/2 883/150/2
f 921/166/2 965/167/2 883/150/2
f 920/169/2 921/166/2 885/170/2
f 885/170/2 921/166/2 883/150/2
f 919/171/2 920/169/2 885/170/2
f 918/172/2 919/171/2 885/170/2
f 917/173/2 918/172/2 885/170/2
f 916/174/2 917/173/2 885/170/2
f 915/175/2 916/174/2 885/170/2
f 915/175/2 885/170/2 886/176/2
f 884/177/2 885/170/2 883/150/2
f 915/175/2 886/176/2 887/178/2
f 915/175/2 887/178/2 888/179/2
f 915/175/2 888/179/2 889/180/2
f 915/175/2 889/180/2 890/181/2
f 914/182/2 915/175/2 890/181/2
f 914/182/2 890/181/2 891/183/2
f 914/182/2 891/183/2 892/184/2
f 914/182/2 892/184/2 893/185/2
f 914/182/2 893/185/2 894/186/2
f 913/187/2 914/182/2 894/186/2
f 913/187/2 894/186/2 895/188/2
f 913/187/2 895/188/2 896/189/2
f 913/187/2 896/189/2 897/190/2
f 913/187/2 897/190/2 898/191/2
f 912/192/2 913/187/2 898/191/2
f 912/192/2 898/191/2 899/193/2
f 912/192/2 899/193/2 900/194/2
f 912/192/2 900/194/2 901/195/2
f 911/196/2 912/192/2 901/195/2
f 911/196/2 901/195/2 902/197/2
f 911/196/2 902/197/2 903/198/2
f 911/196/2 903/198/2 904/199/2
f 910/200/2 911/196/2 904/199/2
f 910/200/2 904/199/2 905/201/2
f 910/200/2 905/201/2 906/202/2
f 910/200/2 906/202/2 907/203/2
f 909/204/2 910/200/2 907/203/2
f 909/204/2 907/203/2 908/205/2
f 1046/206/2 1047/208/2 1048/207/2
f 1045/209/2 1046/206/2 1048/207/2
f 1044/210/2 1045/209/2 1048/207/2
f 1044/210/2 1048/207/2 1049/211/2
f 1043/212/2 1044/210/2 1049/211/2
f 1042/213/2 1043/212/2 1049/211/2
f 1041/214/2 1042/213/2 1049/211/2
f 1041/214/2 1049/211/2 1050/215/2
f 1020/216/2 1021/218/2 1022/217/2
f 1020/216/2 1022/217/2 1023/219/2
f 1040/220/2 1041/214/2 1050/215/2
f 1039/221/2 1040/220/2 1050/215/2
f 1038/222/2 1039/221/2 1050/215/2
f 1038/222/2 1050/215/2 1051/223/2
f 1037/224/2 1038/222/2 1051/223/2
f 1036/225/2 1037/224/2 1051/223/2
f 1035/226/2 1036/225/2 1051/223/2
f 1035/226/2 1051/223/2 1052/227/2
f 1034/228/2 1035/226/2 1052/227/2
f 1033/229/2 1034/228/2 1052/227/2
f 1032/230/2 1033/229/2 1052/227/2
f 1032/230/2 1052/227/2 1053/231/2
f 1031/232/2 1032/230/2 1053/231/2
f 1030/233/2 1031/232/2 1053/231/2
f 1029/234/2 1030/233/2 1053/231/2
f 1028/235/2 1029/234/2 1053/231/2
f 1028/235/2 1053/231/2 1054/236/2
f 1027/237/2 1028/235/2 1054/236/2
f 1026/238/2 1027/237/2 1054/236/2
f 1025/239/2 1026/238/2 1054/236/2
f 1024/240/2 1025/239/2 1054/236/2
f 1023/219/2 1024/240/2 1054/236/2
f 1020/216/2 1023/219/2 1073/241/2
f 1073/241/2 1023/219/2 1054/236/2
f 1073/241/2 1054/236/2 1055/242/2
f 1073/241/2 1055/242/2 1056/243/2
f 1073/241/2 1056/243/2 1057/244/2
f 1073/241/2 1057/244/2 1058/245/2
f 1073/241/2 1058/245/2 969/37/2
f 1073/241/2 969/37/2 1072/246/2
f 1072/246/2 969/37/2 970/247/2
f 1071/248/2 1072/246/2 970/247/2
f 1020/216/2 1073/241/2 1074/28/2
f 1070/249/2 1071/248/2 970/247/2
f 1069/250/2 1070/249/2 970/247/2
f 1068/251/2 1069/250/2 970/247/2
f 1067/252/2 1068/251/2 970/247/2
f 1066/253/2 1067/252/2 970/247/2
f 1065/254/2 1066/253/2 970/247/2
f 1064/255/2 1065/254/2 970/247/2
f 1063/256/2 1064/255/2 970/247/2
f 1063/256/2 970/247/2 971/257/2
f 1062/258/2 1063/256/2 971/257/2
f 1061/259/2 1062/258/2 971/257/2
f 1060/260/2 1061/259/2 971/257/2
f 1059/261/2 1060/260/2 971/257/2
f 1020/216/2 1074/28/2 1018/262/2
f 1018/262/2 1074/28/2 1059/261/2
f 1018/262/2 1059/261/2 971/257/2
f 1018/262/2 971/257/2 972/263/2
f 1018/262/2 972/263/2 973/264/2
f 1018/262/2 973/264/2 974/265/2
f 1018/262/2 974/265/2 975/266/2
f 1018/262/2 975/266/2 976/267/2
f 1018/262/2 976/267/2 977/268/2
f 1018/262/2 977/268/2 978/269/2
f 1018/262/2 978/269/2 979/270/2
f 1018/262/2 979/270/2 980/271/2
f 1018/262/2 980/271/2 981/272/2
f 1018/262/2 981/272/2 982/273/2
f 1018/262/2 982/273/2 983/274/2
f 1018/262/2 983/274/2 984/275/2
f 1018/262/2 984/275/2 985/276/2
f 1018/262/2 985/276/2 986/277/2
f 1018/262/2 986/277/2 987/278/2
f 1018/262/2 987/278/2 988/279/2
f 1018/262/2 988/279/2 989/280/2
f 1018/262/2 989/280/2 990/281/2
f 1020/216/2 1018/262/2 1019/282/2
f 1017/283/2 1018/262/2 990/281/2
f 1016/284/2 1017/283/2 990/281/2
f 1015/285/2 1016/284/2 990/281/2
f 1015/285/2 990/281/2 991/286/2
f 1014/287/2 1015/285/2 991/286/2
f 1013/288/2 1014/287/2 991/286/2
f 1012/289/2 1013/288/2 991/286/2
f 1011/290/2 1012/289/2 991/286/2
f 1010/291/2 1011/290/2 991/286/2
f 1009/292/2 1010/291/2 991/286/2
f 1008/293/2 1009/292/2 991/286/2
f 1007/294/2 1008/293/2 991/286/2
f 1006/295/2 1007/294/2 991/286/2
f 1006/295/2 991/286/2 992/296/2
f 1005/297/2 1006/295/2 992/296/2
f 1004/298/2 1005/297/2 992/296/2
f 1003/299/2 1004/298/2 992/296/2
f 1002/300/2 1003/299/2 992/296/2
f 1002/300/2 992/296/2 993/301/2
f 1001/302/2 1002/300/2 993/301/2
f 1000/303/2 1001/302/2 993/301/2
f 999/304/2 1000/303/2 993/301/2
f 998/305/2 999/304/2 993/301/2
f 998/305/2 993/301/2 994/306/2
f 997/307/2 998/305/2 994/306/2
f 996/308/2 997/307/2 994/306/2
f 995/309/2 996/308/2 994/306/2
f 1131/310/2 1132/311/2 1133/221/2
f 1131/310/2 1133/221/2 1134/312/2
f 1131/310/2 1134/312/2 1135/313/2
f 1130/314/2 1131/310/2 1135/313/2
f 1130/314/2 1135/313/2 1136/315/2
f 1129/316/2 1130/314/2 1136/315/2
f 1129/316/2 1136/315/2 1137/317/2
f 1128/318/2 1129/316/2 1137/317/2
f 1128/318/2 1137/317/2 1138/319/2
f 1127/320/2 1128/318/2 1138/319/2
f 1127/320/2 1138/319/2 1139/321/2
f 1126/322/2 1127/320/2 1139/321/2
f 1126/322/2 1139/321/2 1140/323/2
f 1125/324/2 1126/322/2 1140/323/2
f 1125/324/2 1140/323/2 1141/325/2
f 1124/326/2 1125/324/2 1141/325/2
f 1124/326/2 1141/325/2 1142/327/2
f 1123/328/2 1124/326/2 1142/327/2
f 1123/328/2 1142/327/2 1143/329/2
f 1122/330/2 1123/328/2 1143/329/2
f 1122/330/2 1143/329/2 1144/331/2
f 1121/332/2 1122/330/2 1144/331/2
f 1121/332/2 1144/331/2 1145/333/2
f 1120/334/2 1121/332/2 1145/333/2
f 1120/334/2 1145/333/2 1148/335/2
f 1148/335/2 1145/333/2 1146/336/2
f 1119/337/2 1120/334/2 1149/338/2
f 1149/338/2 1120/334/2 1148/335/2
f 1119/337/2 1149/338/2 1150/339/2
f 1147/340/2 1148/335/2 1146/336/2
f 1119/337/2 1150/339/2 1151/341/2
f 1118/342/2 1119/337/2 1151/341/2
f 1117/343/2 1118/342/2 1151/341/2
f 1116/344/2 1117/343/2 1151/341/2
f 1115/345/2 1116/344/2 1151/341/2
f 1114/346/2 1115/345/2 1151/341/2
f 1113/347/2 1114/346/2 1151/341/2
f 1112/348/2 1113/347/2 1151/341/2
f 1111/349/2 1112/348/2 1151/341/2
f 1110/350/2 1111/349/2 1151/341/2
f 1109/351/2 1110/350/2 1151/341/2
f 1108/352/2 1109/351/2 1151/341/2
f 1107/353/2 1108/352/2 1151/341/2
f 1106/354/2 1107/353/2 1151/341/2
f 1106/354/2 1151/341/2 1152/355/2
f 1106/354/2 1152/355/2 1153/356/2
f 1106/354/2 1153/356/2 1154/357/2
f 1106/354/2 1154/357/2 1155/358/2
f 1106/354/2 1155/358/2 1156/359/2
f 1106/354/2 1156/359/2 1157/360/2
f 1106/354/2 1157/360/2 1158/361/2
f 1106/354/2 1158/361/2 1159/362/2
f 1106/354/2 1159/362/2 1160/363/2
f 1106/354/2 1160/363/2 1161/364/2
f 1106/354/2 1161/364/2 1162/28/2
f 1106/354/2 1162/28/2 1075/37/2
f 1101/365/2 1102/367/2 1103/366/2
f 1101/365/2 1103/366/2 1104/298/2
f 1106/354/2 1075/37/2 1076/368/2
f 1105/369/2 1106/354/2 1076/368/2
f 1101/365/2 1104/298/2 1105/369/2
f 1101/365/2 1105/369/2 1076/368/2
f 1100/370/2 1101/365/2 1076/368/2
f 1100/370/2 1076/368/2 1077/371/2
f 1099/372/2 1100/370/2 1077/371/2
f 1099/372/2 1077/371/2 1078/373/2
f 1098/374/2 1099/372/2 1078/373/2
f 1098/374/2 1078/373/2 1079/375/2
f 1097/376/2 1098/374/2 1079/375/2
f 1097/376/2 1079/375/2 1080/377/2
f 1096/378/2 1097/376/2 1080/377/2
f 1096/378/2 1080/377/2 1081/379/2
f 1095/380/2 1096/378/2 1081/379/2
f 1095/380/2 1081/379/2 1082/381/2
f 1094/382/2 1095/380/2 1082/381/2
f 1094/382/2 1082/381/2 1083/383/2
f 1093/384/2 1094/382/2 1083/383/2
f 1093/384/2 1083/383/2 1084/385/2
f 1092/386/2 1093/384/2 1084/385/2
f 1092/386/2 1084/385/2 1085/387/2
f 1091/388/2 1092/386/2 1085/387/2
f 1091/388/2 1085/387/2 1086/389/2
f 1090/390/2 1091/388/2 1086/389/2
f 1090/390/2 1086/389/2 1087/391/2
f 1089/392/2 1090/390/2 1087/391/2
f 1089/392/2 1087/391/2 1088/393/2
f 1201/394/2 1202/396/2 1203/395/2
f 1201/394/2 1203/395/2 1204/397/2
f 1200/398/2 1201/394/2 1204/397/2
f 1200/398/2 1204/397/2 1205/399/2
f 1199/400/2 1200/398/2 1205/399/2
f 1199/400/2 1205/399/2 1206/401/2
f 1198/402/2 1199/400/2 1206/401/2
f 1198/402/2 1206/401/2 1207/231/2
f 1197/403/2 1198/402/2 1207/231/2
f 1197/403/2 1207/231/2 1208/404/2
f 1196/230/2 1197/403/2 1208/404/2
f 1196/230/2 1208/404/2 1209/405/2
f 1195/406/2 1196/230/2 1209/405/2
f 1195/406/2 1209/405/2 1210/407/2
f 1194/408/2 1195/406/2 1210/407/2
f 1194/408/2 1210/407/2 1211/409/2
f 1193/410/2 1194/408/2 1211/409/2
f 1193/410/2 1211/409/2 1212/411/2
f 1192/412/2 1193/410/2 1212/411/2
f 1192/412/2 1212/411/2 1213/413/2
f 1191/414/2 1192/412/2 1213/413/2
f 1191/414/2 1213/413/2 1214/415/2
f 1190/416/2 1191/414/2 1214/415/2
f 1190/416/2 1214/415/2 1163/37/2
f 1189/417/2 1190/416/2 1218/28/2
f 1218/28/2 1190/416/2 1163/37/2
f 1218/28/2 1163/37/2 1217/418/2
f 1217/418/2 1163/37/2 1164/419/2
f 1189/417/2 1218/28/2 1215/420/2
f 1216/421/2 1217/418/2 1164/419/2
f 1189/417/2 1215/420/2 1216/421/2
f 1189/417/2 1216/421/2 1164/419/2
f 1188/422/2 1189/417/2 1164/419/2
f 1188/422/2 1164/419/2 1165/423/2
f 1188/422/2 1165/423/2 1166/424/2
f 1187/425/2 1188/422/2 1166/424/2
f 1187/425/2 1166/424/2 1167/426/2
f 1186/427/2 1187/425/2 1167/426/2
f 1186/427/2 1167/426/2 1168/428/2
f 1185/290/2 1186/427/2 1168/428/2
f 1185/290/2 1168/428/2 1169/429/2
f 1184/430/2 1185/290/2 1169/429/2
f 1184/430/2 1169/429/2 1170/431/2
f 1183/432/2 1184/430/2 1170/431/2
f 1183/432/2 1170/431/2 1171/433/2
f 1182/434/2 1183/432/2 1171/433/2
f 1182/434/2 1171/433/2 1172/435/2
f 1181/436/2 1182/434/2 1172/435/2
f 1180/437/2 1181/436/2 1172/435/2
f 1180/437/2 1172/435/2 1173/438/2
f 1179/439/2 1180/437/2 1173/438/2
f 1179/439/2 1173/438/2 1174/281/2
f 1178/440/2 1179/439/2 1174/281/2
f 1178/440/2 1174/281/2 1175/441/2
f 1177/442/2 1178/440/2 1175/441/2
f 1177/442/2 1175/441/2 1176/443/2
f 1237/444/2 1238/445/2 1239/231/2
f 1237/444/2 1239/231/2 1240/446/2
f 1235/447/2 1236/448/2 1237/444/2
f 1235/447/2 1237/444/2 1240/446/2
f 1235/447/2 1240/446/2 1241/449/2
f 1235/447/2 1241/449/2 1242/450/2
f 1234/230/1 1235/447/1 1242/450/1
f 1233/451/2 1234/230/2 1243/452/2
f 1243/452/1 1234/230/1 1242/450/1
f 1233/451/2 1243/452/2 1244/28/2
f 1233/451/2 1244/28/2 1219/37/2
f 1233/451/2 1219/37/2 1220/453/2
f 1232/454/2 1233/451/2 1220/453/2
f 1231/455/2 1232/454/2 1220/453/2
f 1230/456/2 1231/455/2 1220/453/2
f 1229/290/2 1230/456/2 1220/453/2
f 1228/457/2 1229/290/2 1220/453/2
f 1227/458/2 1228/457/2 1220/453/2
f 1226/459/2 1227/458/2 1220/453/2
f 1225/460/2 1226/459/2 1220/453/2
f 1224/281/2 1225/460/2 1220/453/2
f 1223/461/2 1224/281/2 1220/453/2
f 1222/462/2 1223/461/2 1220/453/2
f 1221/463/2 1222/462/2 1220/453/2
f 1263/444/2 1264/445/2 1265/231/2
f 1263/444/2 1265/231/2 1266/446/2
f 1261/447/2 1262/448/2 1263/444/2
f 1261/447/2 1263/444/2 1266/446/2
f 1261/447/2 1266/446/2 1267/449/2
f 1261/447/2 1267/449/2 1268/450/2
f 1260/230/1 1261/447/1 1268/450/1
f 1259/451/2 1260/230/2 1269/452/2
f 1269/452/1 1260/230/1 1268/450/1
f 1259/451/2 1269/452/2 1270/28/2
f 1259/451/2 1270/28/2 1245/37/2
f 1259/451/2 1245/37/2 1246/453/2
f 1258/454/2 1259/451/2 1246/453/2
f 1257/455/2 1258/454/2 1246/453/2
f 1256/456/2 1257/455/2 1246/453/2
f 1255/290/2 1256/456/2 1246/453/2
f 1254/457/2 1255/290/2 1246/453/2
f 1253/458/2 1254/457/2 1246/453/2
f 1252/459/2 1253/458/2 1246/453/2
f 1251/460/2 1252/459/2 1246/453/2
f 1250/281/2 1251/460/2 1246/453/2
f 1249/461/2 1250/281/2 1246/453/2
f 1248/462/2 1249/461/2 1246/453/2
f 1247/463/2 1248/462/2 1246/453/2
f 1303/395/2 1304/465/2 1305/464/2
f 1302/466/2 1303/395/2 1305/464/2
f 1301/467/2 1302/466/2 1305/464/2
f 1301/467/2 1305/464/2 1306/468/2
f 1300/469/2 1301/467/2 1306/468/2
f 1299/402/2 1300/469/2 1306/468/2
f 1298/470/2 1299/402/2 1306/468/2
f 1298/470/2 1306/468/2 1307/404/2
f 1297/471/2 1298/470/2 1307/404/2
f 1277/472/2 1278/473/2 1279/438/2
f 1277/472/2 1279/438/2 1280/474/2
f 1296/475/2 1297/471/2 1307/404/2
f 1295/410/2 1296/475/2 1307/404/2
f 1295/410/2 1307/404/2 1308/476/2
f 1294/477/2 1295/410/2 1308/476/2
f 1293/17/2 1294/477/2 1308/476/2
f 1292/478/2 1293/17/2 1308/476/2
f 1292/478/2 1308/476/2 1309/479/2
f 1291/422/2 1292/478/2 1309/479/2
f 1290/480/2 1291/422/2 1309/479/2
f 1289/481/2 1290/480/2 1309/479/2
f 1289/481/2 1309/479/2 1310/482/2
f 1288/483/2 1289/481/2 1310/482/2
f 1287/432/2 1288/483/2 1310/482/2
f 1286/484/2 1287/432/2 1310/482/2
f 1285/485/2 1286/484/2 1310/482/2
f 1284/486/2 1285/485/2 1310/482/2
f 1284/486/2 1310/482/2 1311/413/2
f 1283/440/2 1284/486/2 1311/413/2
f 1282/487/2 1283/440/2 1311/413/2
f 1281/488/2 1282/487/2 1311/413/2
f 1280/474/2 1281/488/2 1311/413/2
f 1277/472/2 1280/474/2 1275/428/2
f 1275/428/2 1280/474/2 1311/413/2
f 1275/428/2 1311/413/2 1312/489/2
f 1275/428/2 1312/489/2 1313/490/2
f 1275/428/2 1313/490/2 1314/491/2
f 1275/428/2 1314/491/2 1315/28/2
f 1275/428/2 1315/28/2 1271/37/2
f 1275/428/2 1271/37/2 1274/492/2
f 1274/492/2 1271/37/2 1272/493/2
f 1273/494/2 1274/492/2 1272/493/2
f 1277/472/2 1275/428/2 1276/495/2
f 1385/122/2 1386/124/2 1387/123/2
f 1385/122/2 1387/123/2 1388/125/2
f 1384/126/2 1385/122/2 1388/125/2
f 1384/126/2 1388/125/2 1389/127/2
f 1383/128/2 1384/126/2 1389/127/2
f 1383/128/2 1389/127/2 1390/129/2
f 1382/130/2 1383/128/2 1390/129/2
f 1382/130/2 1390/129/2 1391/131/2
f 1381/132/2 1382/130/2 1391/131/2
f 1381/132/2 1391/131/2 1392/133/2
f 1380/134/2 1381/132/2 1392/133/2
f 1380/134/2 1392/133/2 1393/135/2
f 1379/136/2 1380/134/2 1393/135/2
f 1379/136/2 1393/135/2 1394/137/2
f 1378/138/2 1379/136/2 1394/137/2
f 1378/138/2 1394/137/2 1395/139/2
f 1377/140/2 1378/138/2 1395/139/2
f 1377/140/2 1395/139/2 1396/141/2
f 1376/142/2 1377/140/2 1396/141/2
f 1376/142/2 1396/141/2 1397/143/2
f 1375/144/2 1376/142/2 1397/143/2
f 1375/144/2 1397/143/2 1398/145/2
f 1374/146/2 1375/144/2 1398/145/2
f 1374/146/2 1398/145/2 1316/37/2
f 1373/147/2 1374/146/2 1371/148/2
f 1371/148/2 1374/146/2 1316/37/2
f 1371/148/2 1316/37/2 1370/149/2
f 1370/149/2 1316/37/2 1317/150/2
f 1373/147/2 1371/148/2 1372/151/2
f 1369/152/2 1370/149/2 1317/150/2
f 1367/153/2 1368/154/2 1369/152/2
f 1367/153/2 1369/152/2 1401/155/2
f 1401/155/2 1369/152/2 1317/150/2
f 1366/156/2 1367/153/2 1401/155/2
f 1365/157/2 1366/156/2 1401/155/2
f 1364/158/2 1365/157/2 1401/155/2
f 1363/159/2 1364/158/2 1401/155/2
f 1362/160/2 1363/159/2 1401/155/2
f 1361/161/2 1362/160/2 1401/155/2
f 1360/162/2 1361/161/2 1401/155/2
f 1359/17/2 1360/162/2 1401/155/2
f 1358/163/2 1359/17/2 1401/155/2
f 1357/164/2 1358/163/2 1401/155/2
f 1356/165/2 1357/164/2 1401/155/2
f 1355/166/2 1356/165/2 1402/28/2
f 1402/28/2 1356/165/2 1401/155/2
f 1355/166/2 1402/28/2 1399/167/2
f 1400/168/2 1401/155/2 1317/150/2
f 1399/167/2 1400/168/2 1317/150/2
f 1355/166/2 1399/167/2 1317/150/2
f 1354/169/2 1355/166/2 1319/170/2
f 1319/170/2 1355/166/2 1317/150/2
f 1353/171/2 1354/169/2 1319/170/2
f 1352/172/2 1353/171/2 1319/170/2
f 1351/173/2 1352/172/2 1319/170/2
f 1350/174/2 1351/173/2 1319/170/2
f 1349/175/2 1350/174/2 1319/170/2
f 1349/175/2 1319/170/2 1320/176/2
f 1318/177/2 1319/170/2 1317/150/2
f 1349/175/2 1320/176/2 1321/178/2
f 1349/175/2 1321/178/2 1322/179/2
f 1349/175/2 1322/179/2 1323/180/2
f 1349/175/2 1323/180/2 1324/181/2
f 1348/182/2 1349/175/2 1324/181/2
f 1348/182/2 1324/181/2 1325/183/2
f 1348/182/2 1325/183/2 1326/184/2
f 1348/182/2 1326/184/2 1327/185/2
f 1348/182/2 1327/185/2 1328/186/2
f 1347/187/2 1348/182/2 1328/186/2
f 1347/187/2 1328/186/2 1329/188/2
f 1347/187/2 1329/188/2 1330/189/2
f 1347/187/2 1330/189/2 1331/190/2
f 1347/187/2 1331/190/2 1332/191/2
f 1346/192/2 1347/187/2 1332/191/2
f 1346/192/2 1332/191/2 1333/193/2
f 1346/192/2 1333/193/2 1334/194/2
f 1346/192/2 1334/194/2 1335/195/2
f 1345/196/2 1346/192/2 1335/195/2
f 1345/196/2 1335/195/2 1336/197/2
f 1345/196/2 1336/197/2 1337/198/2
f 1345/196/2 1337/198/2 1338/199/2
f 1344/200/2 1345/196/2 1338/199/2
f 1344/200/2 1338/199/2 1339/201/2
f 1344/200/2 1339/201/2 1340/202/2
f 1344/200/2 1340/202/2 1341/203/2
f 1343/204/2 1344/200/2 1341/203/2
f 1343/204/2 1341/203/2 1342/205/2
f 1421/444/2 1422/445/2 1423/231/2
f 1421/444/2 1423/231/2 1424/446/2
f 1419/447/2 1420/448/2 1421/444/2
f 1419/447/2 1421/444/2 1424/446/2
f 1419/447/2 1424/446/2 1425/449/2
f 1419/447/2 1425/449/2 1426/450/2
f 1418/230/2 1419/447/2 1426/450/2
f 1417/451/2 1418/230/2 1427/452/2
f 1427/452/1 1418/230/1 1426/450/1
f 1417/451/2 1427/452/2 1428/28/2
f 1417/451/2 1428/28/2 1403/37/2
f 1417/451/2 1403/37/2 1404/453/2
f 1416/454/2 1417/451/2 1404/453/2
f 1415/455/2 1416/454/2 1404/453/2
f 1414/456/2 1415/455/2 1404/453/2
f 1413/290/2 1414/456/2 1404/453/2
f 1412/457/2 1413/290/2 1404/453/2
f 1411/458/2 1412/457/2 1404/453/2
f 1410/459/2 1411/458/2 1404/453/2
f 1409/460/2 1410/459/2 1404/453/2
f 1408/281/2 1409/460/2 1404/453/2
f 1407/461/2 1408/281/2 1404/453/2
f 1406/462/2 1407/461/2 1404/453/2
f 1405/463/2 1406/462/2 1404/453/2
f 1485/310/2 1486/311/2 1487/221/2
f 1485/310/2 1487/221/2 1488/312/2
f 1485/310/2 1488/312/2 1489/313/2
f 1484/314/2 1485/310/2 1489/313/2
f 1484/314/2 1489/313/2 1490/315/2
f 1483/316/2 1484/314/2 1490/315/2
f 1483/316/2 1490/315/2 1491/317/2
f 1482/318/2 1483/316/2 1491/317/2
f 1482/318/2 1491/317/2 1492/319/2
f 1481/320/2 1482/318/2 1492/319/2
f 1481/320/2 1492/319/2 1493/321/2
f 1480/322/2 1481/320/2 1493/321/2
f 1480/322/2 1493/321/2 1494/323/2
f 1479/324/2 1480/322/2 1494/323/2
f 1479/324/2 1494/323/2 1495/325/2
f 1478/326/2 1479/324/2 1495/325/2
f 1478/326/2 1495/325/2 1496/327/2
f 1477/328/2 1478/326/2 1496/327/2
f 1477/328/2 1496/327/2 1497/329/2
f 1476/330/2 1477/328/2 1497/329/2
f 1476/330/2 1497/329/2 1498/331/2
f 1475/332/2 1476/330/2 1498/331/2
f 1475/332/2 1498/331/2 1499/333/2
f 1474/334/2 1475/332/2 1499/333/2
f 1474/334/2 1499/333/2 1502/335/2
f 1502/335/2 1499/333/2 1500/336/2
f 1473/337/2 1474/334/2 1503/338/2
f 1503/338/2 1474/334/2 1502/335/2
f 1473/337/2 1503/338/2 1504/339/2
f 1501/340/2 1502/335/2 1500/336/2
f 1473/337/2 1504/339/2 1505/341/2
f 1472/342/2 1473/337/2 1505/341/2
f 1471/343/2 1472/342/2 1505/341/2
f 1470/344/2 1471/343/2 1505/341/2
f 1469/345/2 1470/344/2 1505/341/2
f 1468/346/2 1469/345/2 1505/341/2
f 1467/347/2 1468/346/2 1505/341/2
f 1466/348/2 1467/347/2 1505/341/2
f 1465/349/2 1466/348/2 1505/341/2
f 1464/350/2 1465/349/2 1505/341/2
f 1463/351/2 1464/350/2 1505/341/2
f 1462/352/2 1463/351/2 1505/341/2
f 1461/353/2 1462/352/2 1505/341/2
f 1460/354/2 1461/353/2 1505/341/2
f 1460/354/2 1505/341/2 1506/355/2
f 1460/354/2 1506/355/2 1507/356/2
f 1460/354/2 1507/356/2 1508/357/2
f 1460/354/2 1508/357/2 1509/358/2
f 1460/354/2 1509/358/2 1510/359/2
f 1460/354/2 1510/359/2 1511/360/2
f 1460/354/2 1511/360/2 1512/361/2
f 1460/354/2 1512/361/2 1513/362/2
f 1460/354/2 1513/362/2 1514/363/2
f 1460/354/2 1514/363/2 1515/364/2
f 1460/354/2 1515/364/2 1516/28/2
f 1460/354/2 1516/28/2 1429/37/2
f 1455/365/2 1456/367/2 1457/366/2
f 1455/365/2 1457/366/2 1458/298/2
f 1460/354/2 1429/37/2 1430/368/2
f 1459/369/2 1460/354/2 1430/368/2
f 1455/365/2 1458/298/2 1459/369/2
f 1455/365/2 1459/369/2 1430/368/2
f 1454/370/2 1455/365/2 1430/368/2
f 1454/370/2 1430/368/2 1431/371/2
f 1453/372/2 1454/370/2 1431/371/2
f 1453/372/2 1431/371/2 1432/373/2
f 1452/374/2 1453/372/2 1432/373/2
f 1452/374/2 1432/373/2 1433/375/2
f 1451/376/2 1452/374/2 1433/375/2
f 1451/376/2 1433/375/2 1434/377/2
f 1450/378/2 1451/376/2 1434/377/2
f 1450/378/2 1434/377/2 1435/379/2
f 1449/380/2 1450/378/2 1435/379/2
f 1449/380/2 1435/379/2 1436/381/2
f 1448/382/2 1449/380/2 1436/381/2
f 1448/382/2 1436/381/2 1437/383/2
f 1447/384/2 1448/382/2 1437/383/2
f 1447/384/2 1437/383/2 1438/385/2
f 1446/386/2 1447/384/2 1438/385/2
f 1446/386/2 1438/385/2 1439/387/2
f 1445/388/2 1446/386/2 1439/387/2
f 1445/388/2 1439/387/2 1440/389/2
f 1444/390/2 1445/388/2 1440/389/2
f 1444/390/2 1440/389/2 1441/391/2
f 1443/392/2 1444/390/2 1441/391/2
f 1443/392/2 1441/391/2 1442/393/2
s 1
f 1520/496/3 1517/37/4 1518/497/4
f 1522/498/5 1519/499/3 1520/496/3
f 1524/500/6 1521/493/5 1522/498/5
f 1526/501/7 1523/502/8 1524/500/6
f 1528/503/9 1525/494/7 1526/501/7
f 1530/504/10 1527/505/9 1528/503/9
f 1532/506/11 1529/492/10 1530/504/10
f 1534/507/12 1531/508/13 1532/506/11
f 1536/509/14 1533/428/12 1534/507/12
f 1538/510/15 1535/511/14 1536/509/14
f 1540/512/16 1537/495/15 1538/510/15
f 1542/513/17 1539/514/16 1540/512/16
f 1544/515/18 1541/472/17 1542/513/17
f 1546/516/19 1543/517/18 1544/515/18
f 1548/518/20 1545/473/19 1546/516/19
f 1550/519/21 1547/520/20 1548/518/20
f 1552/521/22 1549/438/21 1550/519/21
f 1554/522/23 1551/523/22 1552/521/22
f 1556/524/24 1553/474/23 1554/522/23
f 1558/525/25 1555/526/24 1556/524/24
f 1560/527/26 1557/488/25 1558/525/25
f 1562/528/27 1559/529/26 1560/527/26
f 1564/530/28 1561/487/27 1562/528/27
f 1566/531/29 1563/532/28 1564/530/28
f 1568/533/30 1565/440/29 1566/531/29
f 1570/534/31 1567/535/30 1568/533/30
f 1572/536/32 1569/486/31 1570/534/31
f 1574/537/33 1571/538/32 1572/536/32
f 1576/539/33 1573/485/33 1574/537/33
f 1578/540/32 1575/541/33 1576/539/33
f 1580/542/34 1577/484/32 1578/540/32
f 1582/543/35 1579/544/34 1580/542/34
f 1584/545/36 1581/432/35 1582/543/35
f 1586/546/37 1583/547/36 1584/545/36
f 1588/548/38 1585/483/37 1586/546/37
f 1590/549/39 1587/550/40 1588/548/38
f 1592/551/41 1589/481/39 1590/549/39
f 1594/552/42 1591/553/41 1592/551/41
f 1596/554/43 1593/480/44 1594/552/42
f 1598/555/45 1595/556/43 1596/554/43
f 1600/557/46 1597/422/45 1598/555/45
f 1602/558/47 1599/559/46 1600/557/46
f 1604/560/48 1601/478/49 1602/558/47
f 1606/561/50 1603/562/48 1604/560/48
f 1608/563/51 1605/17/50 1606/561/50
f 1610/564/52 1607/565/51 1608/563/51
f 1612/566/53 1609/477/52 1610/564/52
f 1614/567/54 1611/568/53 1612/566/53
f 1616/569/55 1613/410/54 1614/567/54
f 1618/570/56 1615/571/55 1616/569/55
f 1620/572/57 1617/475/56 1618/570/56
f 1622/573/58 1619/574/57 1620/572/57
f 1624/575/59 1621/471/58 1622/573/58
f 1626/576/60 1623/577/59 1624/575/59
f 1628/578/61 1625/470/60 1626/576/60
f 1630/579/62 1627/580/61 1628/578/61
f 1632/581/63 1629/402/62 1630/579/62
f 1634/582/64 1631/583/63 1632/581/63
f 1636/584/65 1633/469/64 1634/582/64
f 1638/585/66 1635/586/65 1636/584/65
f 1640/587/67 1637/467/66 1638/585/66
f 1642/588/68 1639/589/67 1640/587/67
f 1644/590/69 1641/466/68 1642/588/68
f 1646/591/33 1643/592/69 1644/590/69
f 1648/593/70 1645/395/33 1646/591/33
f 1650/594/71 1647/595/70 1648/593/70
f 1652/596/72 1649/465/71 1650/594/71
f 1654/597/73 1651/598/72 1652/596/72
f 1656/599/74 1653/464/75 1654/597/73
f 1658/600/76 1655/601/77 1656/599/74
f 1660/602/78 1657/468/76 1658/600/76
f 1662/603/79 1659/604/78 1660/602/78
f 1664/605/79 1661/404/79 1662/603/79
f 1666/606/78 1663/607/79 1664/605/79
f 1668/608/80 1665/476/78 1666/606/78
f 1670/609/81 1667/610/80 1668/608/80
f 1672/611/82 1669/479/81 1670/609/81
f 1674/612/83 1671/613/84 1672/611/82
f 1676/614/85 1673/482/83 1674/612/83
f 1678/615/86 1675/616/85 1676/614/85
f 1680/617/87 1677/413/86 1678/615/86
f 1682/618/88 1679/619/89 1680/617/87
f 1684/620/90 1681/489/91 1682/618/88
f 1686/621/92 1683/622/90 1684/620/90
f 1688/623/93 1685/490/94 1686/621/92
f 1690/624/95 1687/625/96 1688/623/93
f 1692/626/97 1689/491/95 1690/624/95
f 1518/627/4 1691/628/97 1692/626/97
f 1696/629/78 1693/37/33 1694/497/33
f 1698/630/98 1695/631/78 1696/629/78
f 1700/632/99 1697/633/98 1698/630/98
f 1702/634/100 1699/635/99 1700/632/99
f 1704/636/101 1701/637/100 1702/634/100
f 1706/638/102 1703/639/101 1704/636/101
f 1708/640/103 1705/641/102 1706/638/102
f 1710/642/104 1707/643/103 1708/640/103
f 1712/644/105 1709/645/106 1710/642/104
f 1714/646/107 1711/647/108 1712/644/105
f 1716/648/109 1713/649/107 1714/646/107
f 1718/650/110 1715/651/109 1716/648/109
f 1720/561/111 1717/652/110 1718/650/110
f 1722/653/112 1719/17/111 1720/561/111
f 1724/654/79 1721/655/112 1722/653/112
f 1726/656/79 1723/657/79 1724/654/79
f 1728/658/32 1725/659/79 1726/656/79
f 1730/660/32 1727/661/32 1728/658/32
f 1732/662/32 1729/663/32 1730/660/32
f 1734/664/33 1731/665/32 1732/662/32
f 1736/666/33 1733/667/33 1734/664/33
f 1738/668/33 1735/669/33 1736/666/33
f 1740/670/78 1737/671/33 1738/668/33
f 1742/672/78 1739/673/78 1740/670/78
f 1744/674/33 1741/675/78 1742/672/78
f 1694/627/33 1743/676/33 1744/674/33
f 1748/677/78 1745/37/113 1746/497/113
f 1750/678/79 1747/679/78 1748/677/78
f 1752/680/114 1749/681/79 1750/678/79
f 1754/682/115 1751/683/114 1752/680/114
f 1756/684/115 1753/685/115 1754/682/115
f 1758/686/115 1755/687/115 1756/684/115
f 1760/688/115 1757/689/115 1758/686/115
f 1762/690/115 1759/691/115 1760/688/115
f 1764/692/115 1761/693/115 1762/690/115
f 1766/694/115 1763/695/115 1764/692/115
f 1768/696/115 1765/697/115 1766/694/115
f 1770/698/115 1767/699/115 1768/696/115
f 1772/700/115 1769/701/115 1770/698/115
f 1774/702/115 1771/703/115 1772/700/115
f 1776/704/116 1773/705/115 1774/702/115
f 1778/706/117 1775/707/116 1776/704/116
f 1780/708/118 1777/709/117 1778/706/117
f 1782/710/119 1779/711/118 1780/708/118
f 1784/712/120 1781/713/119 1782/710/119
f 1786/714/121 1783/715/120 1784/712/120
f 1788/716/122 1785/717/121 1786/714/121
f 1790/718/123 1787/719/122 1788/716/122
f 1792/720/124 1789/721/123 1790/718/123
f 1794/722/125 1791/723/124 1792/720/124
f 1796/724/126 1793/725/125 1794/722/125
f 1798/726/127 1795/727/126 1796/724/126
f 1800/728/128 1797/729/127 1798/726/127
f 1802/730/99 1799/731/128 1800/728/128
f 1804/732/129 1801/733/99 1802/730/99
f 1806/734/130 1803/735/129 1804/732/129
f 1808/736/131 1805/737/130 1806/734/130
f 1810/738/132 1807/739/131 1808/736/131
f 1812/740/133 1809/741/134 1810/738/132
f 1814/742/135 1811/743/133 1812/740/133
f 1816/744/136 1813/745/108 1814/742/135
f 1818/746/137 1815/747/136 1816/744/136
f 1820/748/138 1817/749/137 1818/746/137
f 1822/750/111 1819/751/138 1820/748/138
f 1824/752/112 1821/753/111 1822/750/111
f 1826/754/139 1823/755/112 1824/752/112
f 1828/756/140 1825/757/139 1826/754/139
f 1830/758/141 1827/759/140 1828/756/140
f 1832/760/142 1829/761/141 1830/758/141
f 1834/762/143 1831/763/144 1832/760/142
f 1836/764/145 1833/765/143 1834/762/143
f 1838/766/146 1835/767/145 1836/764/145
f 1840/768/147 1837/769/146 1838/766/146
f 1842/770/148 1839/771/147 1840/768/147
f 1844/772/149 1841/773/148 1842/770/148
f 1846/774/150 1843/775/149 1844/772/149
f 1848/776/151 1845/777/150 1846/774/150
f 1850/778/152 1847/779/151 1848/776/151
f 1852/780/32 1849/781/152 1850/778/152
f 1854/782/79 1851/783/32 1852/780/32
f 1856/784/78 1853/785/79 1854/782/79
f 1858/786/78 1855/787/78 1856/784/78
f 1860/788/79 1857/789/78 1858/786/78
f 1862/790/139 1859/791/79 1860/788/79
f 1864/792/140 1861/793/139 1862/790/139
f 1866/794/141 1863/795/153 1864/792/140
f 1868/796/142 1865/797/141 1866/794/141
f 1870/798/143 1867/799/142 1868/796/142
f 1872/800/145 1869/801/143 1870/798/143
f 1874/802/146 1871/803/145 1872/800/145
f 1876/804/147 1873/805/146 1874/802/146
f 1878/806/148 1875/807/147 1876/804/147
f 1880/808/149 1877/809/148 1878/806/148
f 1882/810/150 1879/811/149 1880/808/149
f 1884/812/151 1881/813/150 1882/810/150
f 1886/814/154 1883/815/151 1884/812/151
f 1888/816/155 1885/817/154 1886/814/154
f 1890/818/156 1887/819/155 1888/816/155
f 1892/820/157 1889/821/156 1890/818/156
f 1894/822/158 1891/823/157 1892/820/157
f 1896/824/159 1893/825/160 1894/822/158
f 1898/826/161 1895/827/159 1896/824/159
f 1900/828/162 1897/829/161 1898/826/161
f 1902/830/163 1899/831/164 1900/828/162
f 1904/832/165 1901/833/163 1902/830/163
f 1906/834/166 1903/835/165 1904/832/165
f 1908/836/167 1905/837/168 1906/834/166
f 1910/838/169 1907/839/167 1908/836/167
f 1746/627/113 1909/840/169 1910/838/169
f 1914/528/170 1911/37/171 1912/497/171
f 1916/561/79 1913/487/170 1914/528/170
f 1918/594/78 1915/17/79 1916/561/79
f 1912/627/171 1917/465/78 1918/594/78
f 1922/841/78 1919/37/113 1920/497/113
f 1924/842/79 1921/843/78 1922/841/78
f 1926/844/172 1923/845/79 1924/842/79
f 1928/846/173 1925/267/174 1926/844/172
f 1930/847/78 1927/848/173 1928/846/173
f 1932/849/79 1929/850/78 1930/847/78
f 1934/851/32 1931/274/79 1932/849/79
f 1936/852/33 1933/853/32 1934/851/32
f 1938/854/175 1935/855/33 1936/852/33
f 1940/856/176 1937/281/175 1938/854/175
f 1942/857/177 1939/858/176 1940/856/176
f 1944/859/178 1941/860/177 1942/857/177
f 1946/861/179 1943/307/178 1944/859/178
f 1948/862/180 1945/863/179 1946/861/179
f 1950/864/181 1947/865/180 1948/862/180
f 1952/866/182 1949/298/181 1950/864/181
f 1954/867/183 1951/868/182 1952/866/182
f 1956/869/184 1953/870/183 1954/867/183
f 1958/871/185 1955/290/184 1956/869/184
f 1960/872/186 1957/873/185 1958/871/185
f 1962/874/187 1959/875/186 1960/872/186
f 1964/876/188 1961/262/187 1962/874/187
f 1966/877/189 1963/878/188 1964/876/188
f 1968/879/190 1965/880/189 1966/877/189
f 1970/881/191 1967/239/190 1968/879/190
f 1972/882/192 1969/883/191 1970/881/191
f 1974/884/193 1971/885/192 1972/882/192
f 1976/886/194 1973/230/193 1974/884/193
f 1978/887/195 1975/888/194 1976/886/194
f 1980/889/196 1977/890/195 1978/887/195
f 1982/891/197 1979/221/196 1980/889/196
f 1984/892/198 1981/893/197 1982/891/197
f 1986/894/199 1983/895/198 1984/892/198
f 1988/896/156 1985/206/199 1986/894/199
f 1990/897/200 1987/898/156 1988/896/156
f 1992/899/158 1989/900/200 1990/897/200
f 1994/901/201 1991/231/158 1992/899/158
f 1996/902/202 1993/903/201 1994/901/201
f 1998/904/203 1995/905/204 1996/902/202
f 2000/906/163 1997/260/203 1998/904/203
f 2002/907/205 1999/908/206 2000/906/163
f 2004/909/168 2001/910/205 2002/907/205
f 2006/911/207 2003/252/168 2004/909/168
f 2008/912/169 2005/913/207 2006/911/207
f 1920/627/113 2007/914/169 2008/912/169
f 2012/629/78 2009/37/33 2010/497/33
f 2014/630/98 2011/631/78 2012/629/78
f 2016/632/99 2013/633/98 2014/630/98
f 2018/634/100 2015/635/99 2016/632/99
f 2020/636/130 2017/637/100 2018/634/100
f 2022/638/102 2019/639/101 2020/636/130
f 2024/640/103 2021/641/102 2022/638/102
f 2026/642/106 2023/643/103 2024/640/103
f 2028/644/105 2025/645/104 2026/642/106
f 2030/646/107 2027/647/108 2028/644/105
f 2032/648/137 2029/649/107 2030/646/107
f 2034/650/110 2031/651/137 2032/648/137
f 2036/561/111 2033/652/110 2034/650/110
f 2038/653/112 2035/17/111 2036/561/111
f 2040/654/79 2037/655/112 2038/653/112
f 2042/656/79 2039/657/79 2040/654/79
f 2044/658/32 2041/659/79 2042/656/79
f 2046/660/32 2043/661/32 2044/658/32
f 2048/662/32 2045/663/32 2046/660/32
f 2050/664/33 2047/665/32 2048/662/32
f 2052/666/33 2049/667/33 2050/664/33
f 2054/668/33 2051/669/33 2052/666/33
f 2056/670/78 2053/671/33 2054/668/33
f 2058/672/78 2055/673/78 2056/670/78
f 2060/674/33 2057/675/78 2058/672/78
f 2010/627/33 2059/676/33 2060/674/33
f 2064/629/78 2061/37/33 2062/497/33
f 2066/630/98 2063/631/78 2064/629/78
f 2068/632/99 2065/633/98 2066/630/98
f 2070/634/100 2067/635/99 2068/632/99
f 2072/636/101 2069/637/100 2070/634/100
f 2074/638/102 2071/639/101 2072/636/101
f 2076/640/103 2073/641/102 2074/638/102
f 2078/642/104 2075/643/103 2076/640/103
f 2080/644/108 2077/645/106 2078/642/104
f 2082/646/107 2079/647/105 2080/644/108
f 2084/648/137 2081/649/107 2082/646/107
f 2086/650/110 2083/651/208 2084/648/137
f 2088/561/111 2085/652/110 2086/650/110
f 2090/653/112 2087/17/111 2088/561/111
f 2092/654/79 2089/655/112 2090/653/112
f 2094/656/79 2091/657/79 2092/654/79
f 2096/658/32 2093/659/79 2094/656/79
f 2098/660/32 2095/661/32 2096/658/32
f 2100/662/32 2097/663/32 2098/660/32
f 2102/664/33 2099/665/32 2100/662/32
f 2104/666/33 2101/667/33 2102/664/33
f 2106/668/33 2103/669/33 2104/666/33
f 2108/670/78 2105/671/33 2106/668/33
f 2110/672/78 2107/673/78 2108/670/78
f 2112/674/33 2109/675/78 2110/672/78
f 2062/627/33 2111/676/33 2112/674/33
f 2116/915/209 2113/37/113 2114/497/113
f 2118/629/210 2115/916/209 2116/915/209
f 2120/917/211 2117/631/210 2118/629/210
f 2122/630/212 2119/918/211 2120/917/211
f 2124/919/213 2121/633/212 2122/630/212
f 2126/632/214 2123/920/213 2124/919/213
f 2128/921/215 2125/635/214 2126/632/214
f 2130/634/216 2127/922/215 2128/921/215
f 2132/923/217 2129/637/216 2130/634/216
f 2134/636/218 2131/924/217 2132/923/217
f 2136/925/219 2133/639/218 2134/636/218
f 2138/638/220 2135/926/219 2136/925/219
f 2140/528/221 2137/641/220 2138/638/220
f 2142/640/222 2139/487/221 2140/528/221
f 2144/927/223 2141/643/222 2142/640/222
f 2146/642/224 2143/928/223 2144/927/223
f 2148/929/225 2145/645/224 2146/642/224
f 2150/644/226 2147/930/225 2148/929/225
f 2152/931/227 2149/647/226 2150/644/226
f 2154/646/228 2151/932/227 2152/931/227
f 2156/933/229 2153/649/228 2154/646/228
f 2158/648/230 2155/934/229 2156/933/229
f 2160/935/231 2157/651/230 2158/648/230
f 2162/650/232 2159/936/231 2160/935/231
f 2164/937/233 2161/652/232 2162/650/232
f 2166/561/234 2163/938/233 2164/937/233
f 2168/939/139 2165/17/234 2166/561/234
f 2170/653/140 2167/940/139 2168/939/139
f 2172/941/141 2169/655/140 2170/653/140
f 2174/654/142 2171/942/141 2172/941/141
f 2176/943/143 2173/657/142 2174/654/142
f 2178/656/145 2175/944/143 2176/943/143
f 2180/945/146 2177/659/145 2178/656/145
f 2182/658/147 2179/946/146 2180/945/146
f 2184/947/148 2181/661/147 2182/658/147
f 2186/660/149 2183/948/148 2184/947/148
f 2188/949/150 2185/663/149 2186/660/149
f 2190/662/151 2187/950/150 2188/949/150
f 2192/594/154 2189/665/151 2190/662/151
f 2194/664/155 2191/465/154 2192/594/154
f 2196/951/156 2193/667/155 2194/664/155
f 2198/666/157 2195/952/156 2196/951/156
f 2200/953/160 2197/669/157 2198/666/157
f 2202/668/159 2199/954/160 2200/953/160
f 2204/955/161 2201/671/159 2202/668/159
f 2206/670/164 2203/956/161 2204/955/161
f 2208/957/235 2205/673/164 2206/670/164
f 2210/672/165 2207/958/235 2208/957/235
f 2212/959/168 2209/675/165 2210/672/165
f 2214/674/167 2211/960/168 2212/959/168
f 2216/961/169 2213/676/167 2214/674/167
f 2114/627/113 2215/962/169 2216/961/169
f 2220/528/32 2217/37/33 2218/497/33
f 2222/561/79 2219/487/32 2220/528/32
f 2224/594/78 2221/17/79 2222/561/79
f 2218/627/33 2223/465/78 2224/594/78
f 2228/496/3 2225/37/4 2226/497/4
f 2230/498/5 2227/499/3 2228/496/3
f 2232/500/6 2229/493/5 2230/498/5
f 2234/501/7 2231/502/6 2232/500/6
f 2236/503/9 2233/494/7 2234/501/7
f 2238/504/10 2235/505/9 2236/503/9
f 2240/506/11 2237/492/10 2238/504/10
f 2242/507/12 2239/508/11 2240/506/11
f 2244/509/14 2241/428/12 2242/507/12
f 2246/510/15 2243/511/14 2244/509/14
f 2248/512/16 2245/495/15 2246/510/15
f 2250/513/17 2247/514/16 2248/512/16
f 2252/515/18 2249/472/17 2250/513/17
f 2254/516/19 2251/517/18 2252/515/18
f 2256/518/20 2253/473/19 2254/516/19
f 2258/519/21 2255/520/20 2256/518/20
f 2260/521/22 2257/438/21 2258/519/21
f 2262/522/23 2259/523/22 2260/521/22
f 2264/524/24 2261/474/23 2262/522/23
f 2266/525/25 2263/526/24 2264/524/24
f 2268/527/26 2265/488/25 2266/525/25
f 2270/528/27 2267/529/26 2268/527/26
f 2272/530/236 2269/487/27 2270/528/27
f 2274/531/29 2271/532/236 2272/530/236
f 2276/533/30 2273/440/29 2274/531/29
f 2278/534/31 2275/535/30 2276/533/30
f 2280/536/32 2277/486/31 2278/534/31
f 2282/537/33 2279/538/32 2280/536/32
f 2284/539/33 2281/485/33 2282/537/33
f 2286/540/32 2283/541/33 2284/539/33
f 2288/542/34 2285/484/32 2286/540/32
f 2290/543/35 2287/544/34 2288/542/34
f 2292/545/36 2289/432/35 2290/543/35
f 2294/546/37 2291/547/36 2292/545/36
f 2296/548/40 2293/483/37 2294/546/37
f 2298/549/39 2295/550/40 2296/548/40
f 2300/551/41 2297/481/39 2298/549/39
f 2302/552/44 2299/553/41 2300/551/41
f 2304/554/43 2301/480/44 2302/552/44
f 2306/555/45 2303/556/43 2304/554/43
f 2308/557/46 2305/422/45 2306/555/45
f 2310/558/49 2307/559/46 2308/557/46
f 2312/560/48 2309/478/49 2310/558/49
f 2314/561/50 2311/562/48 2312/560/48
f 2316/563/51 2313/17/50 2314/561/50
f 2318/564/52 2315/565/51 2316/563/51
f 2320/566/53 2317/477/52 2318/564/52
f 2322/567/237 2319/568/53 2320/566/53
f 2324/569/238 2321/410/237 2322/567/237
f 2326/570/56 2323/571/238 2324/569/238
f 2328/572/57 2325/475/56 2326/570/56
f 2330/573/58 2327/574/57 2328/572/57
f 2332/575/59 2329/471/58 2330/573/58
f 2334/576/60 2331/577/59 2332/575/59
f 2336/578/61 2333/470/60 2334/576/60
f 2338/579/62 2335/580/61 2336/578/61
f 2340/581/63 2337/402/62 2338/579/62
f 2342/582/64 2339/583/63 2340/581/63
f 2344/584/65 2341/469/64 2342/582/64
f 2346/585/66 2343/586/65 2344/584/65
f 2348/587/67 2345/467/66 2346/585/66
f 2350/588/68 2347/589/67 2348/587/67
f 2352/590/69 2349/466/68 2350/588/68
f 2354/591/33 2351/592/69 2352/590/69
f 2356/593/70 2353/395/33 2354/591/33
f 2358/594/71 2355/595/70 2356/593/70
f 2360/596/72 2357/465/71 2358/594/71
f 2362/597/75 2359/598/72 2360/596/72
f 2364/599/74 2361/464/75 2362/597/75
f 2366/600/76 2363/601/74 2364/599/74
f 2368/602/78 2365/468/76 2366/600/76
f 2370/603/79 2367/604/78 2368/602/78
f 2372/605/79 2369/404/79 2370/603/79
f 2374/606/78 2371/607/79 2372/605/79
f 2376/608/80 2373/476/78 2374/606/78
f 2378/609/81 2375/610/80 2376/608/80
f 2380/611/84 2377/479/81 2378/609/81
f 2382/612/83 2379/613/239 2380/611/84
f 2384/614/85 2381/482/83 2382/612/83
f 2386/615/240 2383/616/85 2384/614/85
f 2388/617/89 2385/413/240 2386/615/240
f 2390/618/91 2387/619/89 2388/617/89
f 2392/620/90 2389/489/88 2390/618/91
f 2394/621/94 2391/622/90 2392/620/90
f 2396/623/93 2393/490/94 2394/621/94
f 2398/624/95 2395/625/93 2396/623/93
f 2400/626/97 2397/491/95 2398/624/95
f 2226/627/4 2399/628/97 2400/626/97
f 2404/963/241 2401/37/113 2402/497/113
f 2406/841/242 2403/964/241 2404/963/241
f 2408/965/243 2405/843/244 2406/841/242
f 2410/842/245 2407/966/243 2408/965/243
f 2412/967/246 2409/845/245 2410/842/245
f 2414/844/247 2411/968/246 2412/967/246
f 2416/969/248 2413/267/247 2414/844/247
f 2418/846/249 2415/970/248 2416/969/248
f 2420/971/250 2417/848/249 2418/846/249
f 2422/847/251 2419/972/250 2420/971/250
f 2424/973/252 2421/850/251 2422/847/251
f 2426/849/253 2423/974/252 2424/973/252
f 2428/975/254 2425/274/253 2426/849/253
f 2430/851/255 2427/976/254 2428/975/254
f 2432/977/256 2429/853/257 2430/851/255
f 2434/852/258 2431/978/256 2432/977/256
f 2436/979/259 2433/855/258 2434/852/258
f 2438/854/260 2435/980/261 2436/979/259
f 2440/981/262 2437/281/260 2438/854/260
f 2442/856/263 2439/982/262 2440/981/262
f 2444/983/264 2441/858/263 2442/856/263
f 2446/857/265 2443/984/264 2444/983/264
f 2448/985/266 2445/860/265 2446/857/265
f 2450/859/267 2447/986/266 2448/985/266
f 2452/987/268 2449/307/267 2450/859/267
f 2454/861/269 2451/988/268 2452/987/268
f 2456/989/270 2453/863/269 2454/861/269
f 2458/862/271 2455/990/270 2456/989/270
f 2460/991/272 2457/865/271 2458/862/271
f 2462/864/273 2459/992/272 2460/991/272
f 2464/993/274 2461/298/273 2462/864/273
f 2466/866/275 2463/994/274 2464/993/274
f 2468/995/276 2465/868/275 2466/866/275
f 2470/867/277 2467/996/276 2468/995/276
f 2472/997/278 2469/870/277 2470/867/277
f 2474/869/279 2471/998/278 2472/997/278
f 2476/999/280 2473/290/279 2474/869/279
f 2478/871/281 2475/1000/280 2476/999/280
f 2480/1001/282 2477/873/281 2478/871/281
f 2482/872/283 2479/1002/282 2480/1001/282
f 2484/1003/284 2481/875/283 2482/872/283
f 2486/874/285 2483/1004/284 2484/1003/284
f 2488/1005/286 2485/262/285 2486/874/285
f 2490/876/287 2487/1006/286 2488/1005/286
f 2492/561/288 2489/878/287 2490/876/287
f 2494/877/128 2491/17/288 2492/561/288
f 2496/1007/289 2493/880/128 2494/877/128
f 2498/879/290 2495/1008/289 2496/1007/289
f 2500/1009/291 2497/239/290 2498/879/290
f 2502/881/78 2499/1010/291 2500/1009/291
f 2504/1011/79 2501/883/78 2502/881/78
f 2506/882/32 2503/1012/79 2504/1011/79
f 2508/1013/33 2505/885/32 2506/882/32
f 2510/884/292 2507/1014/33 2508/1013/33
f 2512/1015/293 2509/230/292 2510/884/292
f 2514/886/294 2511/1016/293 2512/1015/293
f 2516/1017/295 2513/888/294 2514/886/294
f 2518/887/296 2515/1018/295 2516/1017/295
f 2520/1019/297 2517/890/296 2518/887/296
f 2522/889/298 2519/1020/297 2520/1019/297
f 2524/1021/299 2521/221/298 2522/889/298
f 2526/891/300 2523/1022/299 2524/1021/299
f 2528/1023/301 2525/893/300 2526/891/300
f 2530/892/302 2527/1024/301 2528/1023/301
f 2532/1025/303 2529/895/302 2530/892/302
f 2534/894/304 2531/1026/303 2532/1025/303
f 2536/1027/305 2533/206/304 2534/894/304
f 2538/896/306 2535/1028/305 2536/1027/305
f 2540/1029/307 2537/898/306 2538/896/306
f 2542/897/308 2539/1030/307 2540/1029/307
f 2544/1031/309 2541/900/308 2542/897/308
f 2546/899/310 2543/1032/309 2544/1031/309
f 2548/1033/311 2545/231/310 2546/899/310
f 2550/901/312 2547/1034/311 2548/1033/311
f 2552/1035/313 2549/903/312 2550/901/312
f 2554/902/314 2551/1036/313 2552/1035/313
f 2556/1037/154 2553/905/314 2554/902/314
f 2558/904/315 2555/1038/154 2556/1037/154
f 2560/1039/156 2557/260/315 2558/904/315
f 2562/906/200 2559/1040/156 2560/1039/156
f 2564/1041/158 2561/908/200 2562/906/200
f 2566/907/201 2563/1042/158 2564/1041/158
f 2568/1043/202 2565/910/201 2566/907/201
f 2570/909/203 2567/1044/204 2568/1043/202
f 2572/1045/163 2569/252/203 2570/909/203
f 2574/911/205 2571/1046/206 2572/1045/163
f 2576/1047/168 2573/913/205 2574/911/205
f 2578/912/207 2575/1048/168 2576/1047/168
f 2580/1049/169 2577/914/207 2578/912/207
f 2402/627/113 2579/1050/169 2580/1049/169
f 2584/1051/316 2581/37/317 2582/497/317
f 2586/512/318 2583/1052/316 2584/1051/316
f 2588/1053/319 2585/514/318 2586/512/318
f 2590/528/320 2587/1054/319 2588/1053/319
f 2592/1055/321 2589/487/320 2590/528/320
f 2594/545/322 2591/1056/321 2592/1055/321
f 2596/1057/323 2593/547/322 2594/545/322
f 2598/561/324 2595/1058/323 2596/1057/323
f 2600/1059/325 2597/17/324 2598/561/324
f 2602/578/326 2599/1060/325 2600/1059/325
f 2604/1061/327 2601/580/326 2602/578/326
f 2606/594/328 2603/1062/327 2604/1061/327
f 2608/1063/329 2605/465/328 2606/594/328
f 2610/611/330 2607/1064/329 2608/1063/329
f 2612/1065/33 2609/613/330 2610/611/330
f 2582/627/317 2611/1066/33 2612/1065/33
f 2616/677/78 2613/37/113 2614/497/113
f 2618/678/79 2615/679/78 2616/677/78
f 2620/680/114 2617/681/79 2618/678/79
f 2622/682/115 2619/683/114 2620/680/114
f 2624/684/115 2621/685/115 2622/682/115
f 2626/686/115 2623/687/115 2624/684/115
f 2628/688/115 2625/689/115 2626/686/115
f 2630/690/115 2627/691/115 2628/688/115
f 2632/692/115 2629/693/115 2630/690/115
f 2634/694/115 2631/695/115 2632/692/115
f 2636/696/115 2633/697/115 2634/694/115
f 2638/698/115 2635/699/115 2636/696/115
f 2640/700/115 2637/701/115 2638/698/115
f 2642/702/115 2639/703/115 2640/700/115
f 2644/704/116 2641/705/115 2642/702/115
f 2646/706/117 2643/707/116 2644/704/116
f 2648/708/118 2645/709/117 2646/706/117
f 2650/710/119 2647/711/118 2648/708/118
f 2652/712/120 2649/713/119 2650/710/119
f 2654/714/121 2651/715/120 2652/712/120
f 2656/716/122 2653/717/121 2654/714/121
f 2658/718/123 2655/719/122 2656/716/122
f 2660/720/124 2657/721/331 2658/718/123
f 2662/722/125 2659/723/124 2660/720/124
f 2664/724/126 2661/725/125 2662/722/125
f 2666/726/127 2663/727/126 2664/724/126
f 2668/728/128 2665/729/127 2666/726/127
f 2670/730/99 2667/731/128 2668/728/128
f 2672/732/129 2669/733/99 2670/730/99
f 2674/734/130 2671/735/129 2672/732/129
f 2676/736/131 2673/737/130 2674/734/130
f 2678/738/132 2675/739/131 2676/736/131
f 2680/740/133 2677/741/134 2678/738/132
f 2682/742/135 2679/743/133 2680/740/133
f 2684/744/136 2681/745/108 2682/742/135
f 2686/746/137 2683/747/136 2684/744/136
f 2688/748/138 2685/749/137 2686/746/137
f 2690/750/111 2687/751/138 2688/748/138
f 2692/752/112 2689/753/111 2690/750/111
f 2694/754/139 2691/755/112 2692/752/112
f 2696/756/140 2693/757/139 2694/754/139
f 2698/758/141 2695/759/140 2696/756/140
f 2700/760/142 2697/761/141 2698/758/141
f 2702/762/143 2699/763/144 2700/760/142
f 2704/764/145 2701/765/143 2702/762/143
f 2706/766/146 2703/767/145 2704/764/145
f 2708/768/147 2705/769/146 2706/766/146
f 2710/770/148 2707/771/147 2708/768/147
f 2712/772/149 2709/773/148 2710/770/148
f 2714/774/150 2711/775/149 2712/772/149
f 2716/776/151 2713/777/150 2714/774/150
f 2718/778/152 2715/779/151 2716/776/151
f 2720/780/32 2717/781/152 2718/778/152
f 2722/782/79 2719/783/32 2720/780/32
f 2724/784/78 2721/785/79 2722/782/79
f 2726/786/78 2723/787/78 2724/784/78
f 2728/788/79 2725/789/78 2726/786/78
f 2730/790/139 2727/791/79 2728/788/79
f 2732/792/140 2729/793/139 2730/790/139
f 2734/794/141 2731/795/140 2732/792/140
f 2736/796/144 2733/797/141 2734/794/141
f 2738/798/143 2735/799/142 2736/796/144
f 2740/800/145 2737/801/143 2738/798/143
f 2742/802/146 2739/803/145 2740/800/145
f 2744/804/147 2741/805/146 2742/802/146
f 2746/806/148 2743/807/147 2744/804/147
f 2748/808/149 2745/809/148 2746/806/148
f 2750/810/150 2747/811/149 2748/808/149
f 2752/812/151 2749/813/150 2750/810/150
f 2754/814/154 2751/815/151 2752/812/151
f 2756/816/155 2753/817/154 2754/814/154
f 2758/818/156 2755/819/155 2756/816/155
f 2760/820/157 2757/821/156 2758/818/156
f 2762/822/158 2759/823/157 2760/820/157
f 2764/824/159 2761/825/160 2762/822/158
f 2766/826/161 2763/827/159 2764/824/159
f 2768/828/164 2765/829/161 2766/826/161
f 2770/830/163 2767/831/164 2768/828/164
f 2772/832/165 2769/833/163 2770/830/163
f 2774/834/166 2771/835/205 2772/832/165
f 2776/836/167 2773/837/168 2774/834/166
f 2778/838/169 2775/839/167 2776/836/167
f 2614/627/113 2777/840/169 2778/838/169
f 2782/528/170 2779/37/171 2780/497/171
f 2784/561/79 2781/487/170 2782/528/170
f 2786/594/78 2783/17/79 2784/561/79
f 2780/627/171 2785/465/78 2786/594/78
f 2790/1067/209 2787/37/33 2788/497/33
f 2792/965/210 2789/1068/209 2790/1067/209
f 2794/1069/211 2791/966/210 2792/965/210
f 2796/844/332 2793/1070/211 2794/1069/211
f 2798/1071/213 2795/267/212 2796/844/332
f 2800/971/333 2797/1072/334 2798/1071/213
f 2802/1073/335 2799/972/333 2800/971/333
f 2804/849/216 2801/1074/215 2802/1073/335
f 2806/1075/217 2803/274/216 2804/849/216
f 2808/977/336 2805/1076/217 2806/1075/217
f 2810/1077/219 2807/978/336 2808/977/336
f 2812/854/220 2809/1078/219 2810/1077/219
f 2814/1079/221 2811/281/220 2812/854/220
f 2816/983/222 2813/1080/221 2814/1079/221
f 2818/528/223 2815/984/222 2816/983/222
f 2820/859/224 2817/487/223 2818/528/223
f 2822/1081/225 2819/307/224 2820/859/224
f 2824/989/226 2821/1082/225 2822/1081/225
f 2826/1083/227 2823/990/226 2824/989/226
f 2828/864/228 2825/1084/227 2826/1083/227
f 2830/1085/229 2827/298/228 2828/864/228
f 2832/995/230 2829/1086/229 2830/1085/229
f 2834/1087/337 2831/996/230 2832/995/230
f 2836/869/232 2833/1088/231 2834/1087/337
f 2838/1089/233 2835/290/232 2836/869/232
f 2840/1001/234 2837/1090/233 2838/1089/233
f 2842/1091/139 2839/1002/234 2840/1001/234
f 2844/874/140 2841/1092/139 2842/1091/139
f 2846/1093/141 2843/262/140 2844/874/140
f 2848/561/142 2845/1094/141 2846/1093/141
f 2850/1095/143 2847/17/144 2848/561/142
f 2852/879/145 2849/1096/143 2850/1095/143
f 2854/1097/146 2851/239/145 2852/879/145
f 2856/1011/147 2853/1098/146 2854/1097/146
f 2858/1099/148 2855/1012/147 2856/1011/147
f 2860/884/149 2857/1100/148 2858/1099/148
f 2862/1101/150 2859/230/149 2860/884/149
f 2864/1017/151 2861/1102/150 2862/1101/150
f 2866/1103/154 2863/1018/151 2864/1017/151
f 2868/889/155 2865/1104/154 2866/1103/154
f 2870/1105/156 2867/221/155 2868/889/155
f 2872/1023/157 2869/1106/156 2870/1105/156
f 2874/1107/158 2871/1024/157 2872/1023/157
f 2876/894/159 2873/1108/158 2874/1107/158
f 2878/594/161 2875/206/159 2876/894/159
f 2880/1029/164 2877/465/161 2878/594/161
f 2882/1109/163 2879/1030/164 2880/1029/164
f 2884/899/165 2881/1110/338 2882/1109/163
f 2886/1111/166 2883/231/165 2884/899/165
f 2888/1035/167 2885/1112/166 2886/1111/166
f 2890/1113/169 2887/1036/167 2888/1035/167
f 2892/904/113 2889/1114/169 2890/1113/169
f 2894/1115/78 2891/260/113 2892/904/113
f 2896/1041/79 2893/1116/78 2894/1115/78
f 2898/1117/79 2895/1042/79 2896/1041/79
f 2900/909/78 2897/1118/79 2898/1117/79
f 2902/1119/33 2899/252/78 2900/909/78
f 2904/1047/32 2901/1120/33 2902/1119/33
f 2906/1121/32 2903/1048/32 2904/1047/32
f 2788/627/33 2905/1122/32 2906/1121/32
f 2910/1123/339 2907/37/33 2908/497/33
f 2912/1124/340 2909/97/339 2910/1123/339
f 2914/1125/341 2911/99/340 2912/1124/340
f 2916/1126/342 2913/100/341 2914/1125/341
f 2918/1127/343 2915/102/344 2916/1126/342
f 2920/1128/345 2917/104/343 2918/1127/343
f 2922/1129/346 2919/106/345 2920/1128/345
f 2924/1130/347 2921/108/346 2922/1129/346
f 2926/1131/348 2923/110/349 2924/1130/347
f 2928/1132/350 2925/112/348 2926/1131/348
f 2930/1133/351 2927/115/350 2928/1132/350
f 2932/1134/352 2929/117/351 2930/1133/351
f 2934/1135/353 2931/119/352 2932/1134/352
f 2936/1136/222 2933/121/353 2934/1135/353
f 2938/1137/223 2935/120/222 2936/1136/222
f 2940/1138/224 2937/118/223 2938/1137/223
f 2942/1139/225 2939/116/224 2940/1138/224
f 2944/1140/226 2941/114/225 2942/1139/225
f 2946/1141/227 2943/113/226 2944/1140/226
f 2948/1142/228 2945/111/227 2946/1141/227
f 2950/1143/229 2947/109/228 2948/1142/228
f 2952/1144/230 2949/107/229 2950/1143/229
f 2954/1145/231 2951/105/230 2952/1144/230
f 2956/1146/232 2953/103/231 2954/1145/231
f 2958/1147/354 2955/101/355 2956/1146/232
f 2960/1148/234 2957/98/233 2958/1147/354
f 2962/1149/139 2959/90/234 2960/1148/234
f 2964/1150/140 2961/88/139 2962/1149/139
f 2966/1151/356 2963/86/153 2964/1150/140
f 2968/1152/142 2965/84/141 2966/1151/356
f 2970/1153/143 2967/82/142 2968/1152/142
f 2972/1154/145 2969/80/143 2970/1153/143
f 2974/1155/146 2971/78/145 2972/1154/145
f 2976/1156/147 2973/76/146 2974/1155/146
f 2978/1157/148 2975/74/147 2976/1156/147
f 2980/1158/149 2977/72/148 2978/1157/148
f 2982/1159/150 2979/70/149 2980/1158/149
f 2984/1160/151 2981/68/150 2982/1159/150
f 2986/1161/154 2983/64/151 2984/1160/151
f 2988/1162/357 2985/66/154 2986/1161/154
f 2990/1163/358 2987/65/357 2988/1162/357
f 2992/1164/359 2989/67/358 2990/1163/358
f 2994/1165/360 2991/69/359 2992/1164/359
f 2996/1166/361 2993/71/360 2994/1165/360
f 2998/1167/362 2995/73/361 2996/1166/361
f 3000/1168/363 2997/75/364 2998/1167/362
f 3002/1169/365 2999/77/363 3000/1168/363
f 3004/1170/366 3001/79/365 3002/1169/365
f 3006/1171/367 3003/81/366 3004/1170/366
f 3008/1172/368 3005/83/369 3006/1171/367
f 3010/1173/370 3007/85/368 3008/1172/368
f 3012/1174/371 3009/87/370 3010/1173/370
f 3014/1175/372 3011/89/371 3012/1174/371
f 3016/1176/373 3013/93/372 3014/1175/372
f 3018/1177/78 3015/95/373 3016/1176/373
f 3020/1178/33 3017/92/78 3018/1177/78
f 3022/1179/32 3019/91/33 3020/1178/33
f 3024/1180/32 3021/94/32 3022/1179/32
f 2908/627/33 3023/96/32 3024/1180/32
f 3028/528/32 3025/37/33 3026/497/33
f 3030/561/79 3027/487/32 3028/528/32
f 3032/594/78 3029/17/79 3030/561/79
f 3026/627/33 3031/465/78 3032/594/78
f 1520/496/3 1519/499/3 1517/37/4
f 1522/498/5 1521/493/5 1519/499/3
f 1524/500/6 1523/502/8 1521/493/5
f 1526/501/7 1525/494/7 1523/502/8
f 1528/503/9 1527/505/9 1525/494/7
f 1530/504/10 1529/492/10 1527/505/9
f 1532/506/11 1531/508/13 1529/492/10
f 1534/507/12 1533/428/12 1531/508/13
f 1536/509/14 1535/511/14 1533/428/12
f 1538/510/15 1537/495/15 1535/511/14
f 1540/512/16 1539/514/16 1537/495/15
f 1542/513/17 1541/472/17 1539/514/16
f 1544/515/18 1543/517/18 1541/472/17
f 1546/516/19 1545/473/19 1543/517/18
f 1548/518/20 1547/520/20 1545/473/19
f 1550/519/21 1549/438/21 1547/520/20
f 1552/521/22 1551/523/22 1549/438/21
f 1554/522/23 1553/474/23 1551/523/22
f 1556/524/24 1555/526/24 1553/474/23
f 1558/525/25 1557/488/25 1555/526/24
f 1560/527/26 1559/529/26 1557/488/25
f 1562/528/27 1561/487/27 1559/529/26
f 1564/530/28 1563/532/28 1561/487/27
f 1566/531/29 1565/440/29 1563/532/28
f 1568/533/30 1567/535/30 1565/440/29
f 1570/534/31 1569/486/31 1567/535/30
f 1572/536/32 1571/538/32 1569/486/31
f 1574/537/33 1573/485/33 1571/538/32
f 1576/539/33 1575/541/33 1573/485/33
f 1578/540/32 1577/484/32 1575/541/33
f 1580/542/34 1579/544/34 1577/484/32
f 1582/543/35 1581/432/35 1579/544/34
f 1584/545/36 1583/547/36 1581/432/35
f 1586/546/37 1585/483/37 1583/547/36
f 1588/548/38 1587/550/40 1585/483/37
f 1590/549/39 1589/481/39 1587/550/40
f 1592/551/41 1591/553/41 1589/481/39
f 1594/552/42 1593/480/44 1591/553/41
f 1596/554/43 1595/556/43 1593/480/44
f 1598/555/45 1597/422/45 1595/556/43
f 1600/557/46 1599/559/46 1597/422/45
f 1602/558/47 1601/478/49 1599/559/46
f 1604/560/48 1603/562/48 1601/478/49
f 1606/561/50 1605/17/50 1603/562/48
f 1608/563/51 1607/565/51 1605/17/50
f 1610/564/52 1609/477/52 1607/565/51
f 1612/566/53 1611/568/53 1609/477/52
f 1614/567/54 1613/410/54 1611/568/53
f 1616/569/55 1615/571/55 1613/410/54
f 1618/570/56 1617/475/56 1615/571/55
f 1620/572/57 1619/574/57 1617/475/56
f 1622/573/58 1621/471/58 1619/574/57
f 1624/575/59 1623/577/59 1621/471/58
f 1626/576/60 1625/470/60 1623/577/59
f 1628/578/61 1627/580/61 1625/470/60
f 1630/579/62 1629/402/62 1627/580/61
f 1632/581/63 1631/583/63 1629/402/62
f 1634/582/64 1633/469/64 1631/583/63
f 1636/584/65 1635/586/65 1633/469/64
f 1638/585/66 1637/467/66 1635/586/65
f 1640/587/67 1639/589/67 1637/467/66
f 1642/588/68 1641/466/68 1639/589/67
f 1644/590/69 1643/592/69 1641/466/68
f 1646/591/33 1645/395/33 1643/592/69
f 1648/593/70 1647/595/70 1645/395/33
f 1650/594/71 1649/465/71 1647/595/70
f 1652/596/72 1651/598/72 1649/465/71
f 1654/597/73 1653/464/75 1651/598/72
f 1656/599/74 1655/601/77 1653/464/75
f 1658/600/76 1657/468/76 1655/601/77
f 1660/602/78 1659/604/78 1657/468/76
f 1662/603/79 1661/404/79 1659/604/78
f 1664/605/79 1663/607/79 1661/404/79
f 1666/606/78 1665/476/78 1663/607/79
f 1668/608/80 1667/610/80 1665/476/78
f 1670/609/81 1669/479/81 1667/610/80
f 1672/611/82 1671/613/84 1669/479/81
f 1674/612/83 1673/482/83 1671/613/84
f 1676/614/85 1675/616/85 1673/482/83
f 1678/615/86 1677/413/86 1675/616/85
f 1680/617/87 1679/619/89 1677/413/86
f 1682/618/88 1681/489/91 1679/619/89
f 1684/620/90 1683/622/90 1681/489/91
f 1686/621/92 1685/490/94 1683/622/90
f 1688/623/93 1687/625/96 1685/490/94
f 1690/624/95 1689/491/95 1687/625/96
f 1692/626/97 1691/628/97 1689/491/95
f 1518/627/4 1517/28/4 1691/628/97
f 1696/629/78 1695/631/78 1693/37/33
f 1698/630/98 1697/633/98 1695/631/78
f 1700/632/99 1699/635/99 1697/633/98
f 1702/634/100 1701/637/100 1699/635/99
f 1704/636/101 1703/639/101 1701/637/100
f 1706/638/102 1705/641/102 1703/639/101
f 1708/640/103 1707/643/103 1705/641/102
f 1710/642/104 1709/645/106 1707/643/103
f 1712/644/105 1711/647/108 1709/645/106
f 1714/646/107 1713/649/107 1711/647/108
f 1716/648/109 1715/651/109 1713/649/107
f 1718/650/110 1717/652/110 1715/651/109
f 1720/561/111 1719/17/111 1717/652/110
f 1722/653/112 1721/655/112 1719/17/111
f 1724/654/79 1723/657/79 1721/655/112
f 1726/656/79 1725/659/79 1723/657/79
f 1728/658/32 1727/661/32 1725/659/79
f 1730/660/32 1729/663/32 1727/661/32
f 1732/662/32 1731/665/32 1729/663/32
f 1734/664/33 1733/667/33 1731/665/32
f 1736/666/33 1735/669/33 1733/667/33
f 1738/668/33 1737/671/33 1735/669/33
f 1740/670/78 1739/673/78 1737/671/33
f 1742/672/78 1741/675/78 1739/673/78
f 1744/674/33 1743/676/33 1741/675/78
f 1694/627/33 1693/28/33 1743/676/33
f 1748/677/78 1747/679/78 1745/37/113
f 1750/678/79 1749/681/79 1747/679/78
f 1752/680/114 1751/683/114 1749/681/79
f 1754/682/115 1753/685/115 1751/683/114
f 1756/684/115 1755/687/115 1753/685/115
f 1758/686/115 1757/689/115 1755/687/115
f 1760/688/115 1759/691/115 1757/689/115
f 1762/690/115 1761/693/115 1759/691/115
f 1764/692/115 1763/695/115 1761/693/115
f 1766/694/115 1765/697/115 1763/695/115
f 1768/696/115 1767/699/115 1765/697/115
f 1770/698/115 1769/701/115 1767/699/115
f 1772/700/115 1771/703/115 1769/701/115
f 1774/702/115 1773/705/115 1771/703/115
f 1776/704/116 1775/707/116 1773/705/115
f 1778/706/117 1777/709/117 1775/707/116
f 1780/708/118 1779/711/118 1777/709/117
f 1782/710/119 1781/713/119 1779/711/118
f 1784/712/120 1783/715/120 1781/713/119
f 1786/714/121 1785/717/121 1783/715/120
f 1788/716/122 1787/719/122 1785/717/121
f 1790/718/123 1789/721/123 1787/719/122
f 1792/720/124 1791/723/124 1789/721/123
f 1794/722/125 1793/725/125 1791/723/124
f 1796/724/126 1795/727/126 1793/725/125
f 1798/726/127 1797/729/127 1795/727/126
f 1800/728/128 1799/731/128 1797/729/127
f 1802/730/99 1801/733/99 1799/731/128
f 1804/732/129 1803/735/129 1801/733/99
f 1806/734/130 1805/737/130 1803/735/129
f 1808/736/131 1807/739/131 1805/737/130
f 1810/738/132 1809/741/134 1807/739/131
f 1812/740/133 1811/743/133 1809/741/134
f 1814/742/135 1813/745/108 1811/743/133
f 1816/744/136 1815/747/136 1813/745/108
f 1818/746/137 1817/749/137 1815/747/136
f 1820/748/138 1819/751/138 1817/749/137
f 1822/750/111 1821/753/111 1819/751/138
f 1824/752/112 1823/755/112 1821/753/111
f 1826/754/139 1825/757/139 1823/755/112
f 1828/756/140 1827/759/140 1825/757/139
f 1830/758/141 1829/761/141 1827/759/140
f 1832/760/142 1831/763/144 1829/761/141
f 1834/762/143 1833/765/143 1831/763/144
f 1836/764/145 1835/767/145 1833/765/143
f 1838/766/146 1837/769/146 1835/767/145
f 1840/768/147 1839/771/147 1837/769/146
f 1842/770/148 1841/773/148 1839/771/147
f 1844/772/149 1843/775/149 1841/773/148
f 1846/774/150 1845/777/150 1843/775/149
f 1848/776/151 1847/779/151 1845/777/150
f 1850/778/152 1849/781/152 1847/779/151
f 1852/780/32 1851/783/32 1849/781/152
f 1854/782/79 1853/785/79 1851/783/32
f 1856/784/78 1855/787/78 1853/785/79
f 1858/786/78 1857/789/78 1855/787/78
f 1860/788/79 1859/791/79 1857/789/78
f 1862/790/139 1861/793/139 1859/791/79
f 1864/792/140 1863/795/153 1861/793/139
f 1866/794/141 1865/797/141 1863/795/153
f 1868/796/142 1867/799/142 1865/797/141
f 1870/798/143 1869/801/143 1867/799/142
f 1872/800/145 1871/803/145 1869/801/143
f 1874/802/146 1873/805/146 1871/803/145
f 1876/804/147 1875/807/147 1873/805/146
f 1878/806/148 1877/809/148 1875/807/147
f 1880/808/149 1879/811/149 1877/809/148
f 1882/810/150 1881/813/150 1879/811/149
f 1884/812/151 1883/815/151 1881/813/150
f 1886/814/154 1885/817/154 1883/815/151
f 1888/816/155 1887/819/155 1885/817/154
f 1890/818/156 1889/821/156 1887/819/155
f 1892/820/157 1891/823/157 1889/821/156
f 1894/822/158 1893/825/160 1891/823/157
f 1896/824/159 1895/827/159 1893/825/160
f 1898/826/161 1897/829/161 1895/827/159
f 1900/828/162 1899/831/164 1897/829/161
f 1902/830/163 1901/833/163 1899/831/164
f 1904/832/165 1903/835/165 1901/833/163
f 1906/834/166 1905/837/168 1903/835/165
f 1908/836/167 1907/839/167 1905/837/168
f 1910/838/169 1909/840/169 1907/839/167
f 1746/627/113 1745/28/113 1909/840/169
f 1914/528/170 1913/487/170 1911/37/171
f 1916/561/79 1915/17/79 1913/487/170
f 1918/594/78 1917/465/78 1915/17/79
f 1912/627/171 1911/28/171 1917/465/78
f 1922/841/78 1921/843/78 1919/37/113
f 1924/842/79 1923/845/79 1921/843/78
f 1926/844/172 1925/267/174 1923/845/79
f 1928/846/173 1927/848/173 1925/267/174
f 1930/847/78 1929/850/78 1927/848/173
f 1932/849/79 1931/274/79 1929/850/78
f 1934/851/32 1933/853/32 1931/274/79
f 1936/852/33 1935/855/33 1933/853/32
f 1938/854/175 1937/281/175 1935/855/33
f 1940/856/176 1939/858/176 1937/281/175
f 1942/857/177 1941/860/177 1939/858/176
f 1944/859/178 1943/307/178 1941/860/177
f 1946/861/179 1945/863/179 1943/307/178
f 1948/862/180 1947/865/180 1945/863/179
f 1950/864/181 1949/298/181 1947/865/180
f 1952/866/182 1951/868/182 1949/298/181
f 1954/867/183 1953/870/183 1951/868/182
f 1956/869/184 1955/290/184 1953/870/183
f 1958/871/185 1957/873/185 1955/290/184
f 1960/872/186 1959/875/186 1957/873/185
f 1962/874/187 1961/262/187 1959/875/186
f 1964/876/188 1963/878/188 1961/262/187
f 1966/877/189 1965/880/189 1963/878/188
f 1968/879/190 1967/239/190 1965/880/189
f 1970/881/191 1969/883/191 1967/239/190
f 1972/882/192 1971/885/192 1969/883/191
f 1974/884/193 1973/230/193 1971/885/192
f 1976/886/194 1975/888/194 1973/230/193
f 1978/887/195 1977/890/195 1975/888/194
f 1980/889/196 1979/221/196 1977/890/195
f 1982/891/197 1981/893/197 1979/221/196
f 1984/892/198 1983/895/198 1981/893/197
f 1986/894/199 1985/206/199 1983/895/198
f 1988/896/156 1987/898/156 1985/206/199
f 1990/897/200 1989/900/200 1987/898/156
f 1992/899/158 1991/231/158 1989/900/200
f 1994/901/201 1993/903/201 1991/231/158
f 1996/902/202 1995/905/204 1993/903/201
f 1998/904/203 1997/260/203 1995/905/204
f 2000/906/163 1999/908/206 1997/260/203
f 2002/907/205 2001/910/205 1999/908/206
f 2004/909/168 2003/252/168 2001/910/205
f 2006/911/207 2005/913/207 2003/252/168
f 2008/912/169 2007/914/169 2005/913/207
f 1920/627/113 1919/28/113 2007/914/169
f 2012/629/78 2011/631/78 2009/37/33
f 2014/630/98 2013/633/98 2011/631/78
f 2016/632/99 2015/635/99 2013/633/98
f 2018/634/100 2017/637/100 2015/635/99
f 2020/636/130 2019/639/101 2017/637/100
f 2022/638/102 2021/641/102 2019/639/101
f 2024/640/103 2023/643/103 2021/641/102
f 2026/642/106 2025/645/104 2023/643/103
f 2028/644/105 2027/647/108 2025/645/104
f 2030/646/107 2029/649/107 2027/647/108
f 2032/648/137 2031/651/137 2029/649/107
f 2034/650/110 2033/652/110 2031/651/137
f 2036/561/111 2035/17/111 2033/652/110
f 2038/653/112 2037/655/112 2035/17/111
f 2040/654/79 2039/657/79 2037/655/112
f 2042/656/79 2041/659/79 2039/657/79
f 2044/658/32 2043/661/32 2041/659/79
f 2046/660/32 2045/663/32 2043/661/32
f 2048/662/32 2047/665/32 2045/663/32
f 2050/664/33 2049/667/33 2047/665/32
f 2052/666/33 2051/669/33 2049/667/33
f 2054/668/33 2053/671/33 2051/669/33
f 2056/670/78 2055/673/78 2053/671/33
f 2058/672/78 2057/675/78 2055/673/78
f 2060/674/33 2059/676/33 2057/675/78
f 2010/627/33 2009/28/33 2059/676/33
f 2064/629/78 2063/631/78 2061/37/33
f 2066/630/98 2065/633/98 2063/631/78
f 2068/632/99 2067/635/99 2065/633/98
f 2070/634/100 2069/637/100 2067/635/99
f 2072/636/101 2071/639/101 2069/637/100
f 2074/638/102 2073/641/102 2071/639/101
f 2076/640/103 2075/643/103 2073/641/102
f 2078/642/104 2077/645/106 2075/643/103
f 2080/644/108 2079/647/105 2077/645/106
f 2082/646/107 2081/649/107 2079/647/105
f 2084/648/137 2083/651/208 2081/649/107
f 2086/650/110 2085/652/110 2083/651/208
f 2088/561/111 2087/17/111 2085/652/110
f 2090/653/112 2089/655/112 2087/17/111
f 2092/654/79 2091/657/79 2089/655/112
f 2094/656/79 2093/659/79 2091/657/79
f 2096/658/32 2095/661/32 2093/659/79
f 2098/660/32 2097/663/32 2095/661/32
f 2100/662/32 2099/665/32 2097/663/32
f 2102/664/33 2101/667/33 2099/665/32
f 2104/666/33 2103/669/33 2101/667/33
f 2106/668/33 2105/671/33 2103/669/33
f 2108/670/78 2107/673/78 2105/671/33
f 2110/672/78 2109/675/78 2107/673/78
f 2112/674/33 2111/676/33 2109/675/78
f 2062/627/33 2061/28/33 2111/676/33
f 2116/915/209 2115/916/209 2113/37/113
f 2118/629/210 2117/631/210 2115/916/209
f 2120/917/211 2119/918/211 2117/631/210
f 2122/630/212 2121/633/212 2119/918/211
f 2124/919/213 2123/920/213 2121/633/212
f 2126/632/214 2125/635/214 2123/920/213
f 2128/921/215 2127/922/215 2125/635/214
f 2130/634/216 2129/637/216 2127/922/215
f 2132/923/217 2131/924/217 2129/637/216
f 2134/636/218 2133/639/218 2131/924/217
f 2136/925/219 2135/926/219 2133/639/218
f 2138/638/220 2137/641/220 2135/926/219
f 2140/528/221 2139/487/221 2137/641/220
f 2142/640/222 2141/643/222 2139/487/221
f 2144/927/223 2143/928/223 2141/643/222
f 2146/642/224 2145/645/224 2143/928/223
f 2148/929/225 2147/930/225 2145/645/224
f 2150/644/226 2149/647/226 2147/930/225
f 2152/931/227 2151/932/227 2149/647/226
f 2154/646/228 2153/649/228 2151/932/227
f 2156/933/229 2155/934/229 2153/649/228
f 2158/648/230 2157/651/230 2155/934/229
f 2160/935/231 2159/936/231 2157/651/230
f 2162/650/232 2161/652/232 2159/936/231
f 2164/937/233 2163/938/233 2161/652/232
f 2166/561/234 2165/17/234 2163/938/233
f 2168/939/139 2167/940/139 2165/17/234
f 2170/653/140 2169/655/140 2167/940/139
f 2172/941/141 2171/942/141 2169/655/140
f 2174/654/142 2173/657/142 2171/942/141
f 2176/943/143 2175/944/143 2173/657/142
f 2178/656/145 2177/659/145 2175/944/143
f 2180/945/146 2179/946/146 2177/659/145
f 2182/658/147 2181/661/147 2179/946/146
f 2184/947/148 2183/948/148 2181/661/147
f 2186/660/149 2185/663/149 2183/948/148
f 2188/949/150 2187/950/150 2185/663/149
f 2190/662/151 2189/665/151 2187/950/150
f 2192/594/154 2191/465/154 2189/665/151
f 2194/664/155 2193/667/155 2191/465/154
f 2196/951/156 2195/952/156 2193/667/155
f 2198/666/157 2197/669/157 2195/952/156
f 2200/953/160 2199/954/160 2197/669/157
f 2202/668/159 2201/671/159 2199/954/160
f 2204/955/161 2203/956/161 2201/671/159
f 2206/670/164 2205/673/164 2203/956/161
f 2208/957/235 2207/958/235 2205/673/164
f 2210/672/165 2209/675/165 2207/958/235
f 2212/959/168 2211/960/168 2209/675/165
f 2214/674/167 2213/676/167 2211/960/168
f 2216/961/169 2215/962/169 2213/676/167
f 2114/627/113 2113/28/113 2215/962/169
f 2220/528/32 2219/487/32 2217/37/33
f 2222/561/79 2221/17/79 2219/487/32
f 2224/594/78 2223/465/78 2221/17/79
f 2218/627/33 2217/28/33 2223/465/78
f 2228/496/3 2227/499/3 2225/37/4
f 2230/498/5 2229/493/5 2227/499/3
f 2232/500/6 2231/502/6 2229/493/5
f 2234/501/7 2233/494/7 2231/502/6
f 2236/503/9 2235/505/9 2233/494/7
f 2238/504/10 2237/492/10 2235/505/9
f 2240/506/11 2239/508/11 2237/492/10
f 2242/507/12 2241/428/12 2239/508/11
f 2244/509/14 2243/511/14 2241/428/12
f 2246/510/15 2245/495/15 2243/511/14
f 2248/512/16 2247/514/16 2245/495/15
f 2250/513/17 2249/472/17 2247/514/16
f 2252/515/18 2251/517/18 2249/472/17
f 2254/516/19 2253/473/19 2251/517/18
f 2256/518/20 2255/520/20 2253/473/19
f 2258/519/21 2257/438/21 2255/520/20
f 2260/521/22 2259/523/22 2257/438/21
f 2262/522/23 2261/474/23 2259/523/22
f 2264/524/24 2263/526/24 2261/474/23
f 2266/525/25 2265/488/25 2263/526/24
f 2268/527/26 2267/529/26 2265/488/25
f 2270/528/27 2269/487/27 2267/529/26
f 2272/530/236 2271/532/236 2269/487/27
f 2274/531/29 2273/440/29 2271/532/236
f 2276/533/30 2275/535/30 2273/440/29
f 2278/534/31 2277/486/31 2275/535/30
f 2280/536/32 2279/538/32 2277/486/31
f 2282/537/33 2281/485/33 2279/538/32
f 2284/539/33 2283/541/33 2281/485/33
f 2286/540/32 2285/484/32 2283/541/33
f 2288/542/34 2287/544/34 2285/484/32
f 2290/543/35 2289/432/35 2287/544/34
f 2292/545/36 2291/547/36 2289/432/35
f 2294/546/37 2293/483/37 2291/547/36
f 2296/548/40 2295/550/40 2293/483/37
f 2298/549/39 2297/481/39 2295/550/40
f 2300/551/41 2299/553/41 2297/481/39
f 2302/552/44 2301/480/44 2299/553/41
f 2304/554/43 2303/556/43 2301/480/44
f 2306/555/45 2305/422/45 2303/556/43
f 2308/557/46 2307/559/46 2305/422/45
f 2310/558/49 2309/478/49 2307/559/46
f 2312/560/48 2311/562/48 2309/478/49
f 2314/561/50 2313/17/50 2311/562/48
f 2316/563/51 2315/565/51 2313/17/50
f 2318/564/52 2317/477/52 2315/565/51
f 2320/566/53 2319/568/53 2317/477/52
f 2322/567/237 2321/410/237 2319/568/53
f 2324/569/238 2323/571/238 2321/410/237
f 2326/570/56 2325/475/56 2323/571/238
f 2328/572/57 2327/574/57 2325/475/56
f 2330/573/58 2329/471/58 2327/574/57
f 2332/575/59 2331/577/59 2329/471/58
f 2334/576/60 2333/470/60 2331/577/59
f 2336/578/61 2335/580/61 2333/470/60
f 2338/579/62 2337/402/62 2335/580/61
f 2340/581/63 2339/583/63 2337/402/62
f 2342/582/64 2341/469/64 2339/583/63
f 2344/584/65 2343/586/65 2341/469/64
f 2346/585/66 2345/467/66 2343/586/65
f 2348/587/67 2347/589/67 2345/467/66
f 2350/588/68 2349/466/68 2347/589/67
f 2352/590/69 2351/592/69 2349/466/68
f 2354/591/33 2353/395/33 2351/592/69
f 2356/593/70 2355/595/70 2353/395/33
f 2358/594/71 2357/465/71 2355/595/70
f 2360/596/72 2359/598/72 2357/465/71
f 2362/597/75 2361/464/75 2359/598/72
f 2364/599/74 2363/601/74 2361/464/75
f 2366/600/76 2365/468/76 2363/601/74
f 2368/602/78 2367/604/78 2365/468/76
f 2370/603/79 2369/404/79 2367/604/78
f 2372/605/79 2371/607/79 2369/404/79
f 2374/606/78 2373/476/78 2371/607/79
f 2376/608/80 2375/610/80 2373/476/78
f 2378/609/81 2377/479/81 2375/610/80
f 2380/611/84 2379/613/239 2377/479/81
f 2382/612/83 2381/482/83 2379/613/239
f 2384/614/85 2383/616/85 2381/482/83
f 2386/615/240 2385/413/240 2383/616/85
f 2388/617/89 2387/619/89 2385/413/240
f 2390/618/91 2389/489/88 2387/619/89
f 2392/620/90 2391/622/90 2389/489/88
f 2394/621/94 2393/490/94 2391/622/90
f 2396/623/93 2395/625/93 2393/490/94
f 2398/624/95 2397/491/95 2395/625/93
f 2400/626/97 2399/628/97 2397/491/95
f 2226/627/4 2225/28/4 2399/628/97
f 2404/963/241 2403/964/241 2401/37/113
f 2406/841/242 2405/843/244 2403/964/241
f 2408/965/243 2407/966/243 2405/843/244
f 2410/842/245 2409/845/245 2407/966/243
f 2412/967/246 2411/968/246 2409/845/245
f 2414/844/247 2413/267/247 2411/968/246
f 2416/969/248 2415/970/248 2413/267/247
f 2418/846/249 2417/848/249 2415/970/248
f 2420/971/250 2419/972/250 2417/848/249
f 2422/847/251 2421/850/251 2419/972/250
f 2424/973/252 2423/974/252 2421/850/251
f 2426/849/253 2425/274/253 2423/974/252
f 2428/975/254 2427/976/254 2425/274/253
f 2430/851/255 2429/853/257 2427/976/254
f 2432/977/256 2431/978/256 2429/853/257
f 2434/852/258 2433/855/258 2431/978/256
f 2436/979/259 2435/980/261 2433/855/258
f 2438/854/260 2437/281/260 2435/980/261
f 2440/981/262 2439/982/262 2437/281/260
f 2442/856/263 2441/858/263 2439/982/262
f 2444/983/264 2443/984/264 2441/858/263
f 2446/857/265 2445/860/265 2443/984/264
f 2448/985/266 2447/986/266 2445/860/265
f 2450/859/267 2449/307/267 2447/986/266
f 2452/987/268 2451/988/268 2449/307/267
f 2454/861/269 2453/863/269 2451/988/268
f 2456/989/270 2455/990/270 2453/863/269
f 2458/862/271 2457/865/271 2455/990/270
f 2460/991/272 2459/992/272 2457/865/271
f 2462/864/273 2461/298/273 2459/992/272
f 2464/993/274 2463/994/274 2461/298/273
f 2466/866/275 2465/868/275 2463/994/274
f 2468/995/276 2467/996/276 2465/868/275
f 2470/867/277 2469/870/277 2467/996/276
f 2472/997/278 2471/998/278 2469/870/277
f 2474/869/279 2473/290/279 2471/998/278
f 2476/999/280 2475/1000/280 2473/290/279
f 2478/871/281 2477/873/281 2475/1000/280
f 2480/1001/282 2479/1002/282 2477/873/281
f 2482/872/283 2481/875/283 2479/1002/282
f 2484/1003/284 2483/1004/284 2481/875/283
f 2486/874/285 2485/262/285 2483/1004/284
f 2488/1005/286 2487/1006/286 2485/262/285
f 2490/876/287 2489/878/287 2487/1006/286
f 2492/561/288 2491/17/288 2489/878/287
f 2494/877/128 2493/880/128 2491/17/288
f 2496/1007/289 2495/1008/289 2493/880/128
f 2498/879/290 2497/239/290 2495/1008/289
f 2500/1009/291 2499/1010/291 2497/239/290
f 2502/881/78 2501/883/78 2499/1010/291
f 2504/1011/79 2503/1012/79 2501/883/78
f 2506/882/32 2505/885/32 2503/1012/79
f 2508/1013/33 2507/1014/33 2505/885/32
f 2510/884/292 2509/230/292 2507/1014/33
f 2512/1015/293 2511/1016/293 2509/230/292
f 2514/886/294 2513/888/294 2511/1016/293
f 2516/1017/295 2515/1018/295 2513/888/294
f 2518/887/296 2517/890/296 2515/1018/295
f 2520/1019/297 2519/1020/297 2517/890/296
f 2522/889/298 2521/221/298 2519/1020/297
f 2524/1021/299 2523/1022/299 2521/221/298
f 2526/891/300 2525/893/300 2523/1022/299
f 2528/1023/301 2527/1024/301 2525/893/300
f 2530/892/302 2529/895/302 2527/1024/301
f 2532/1025/303 2531/1026/303 2529/895/302
f 2534/894/304 2533/206/304 2531/1026/303
f 2536/1027/305 2535/1028/305 2533/206/304
f 2538/896/306 2537/898/306 2535/1028/305
f 2540/1029/307 2539/1030/307 2537/898/306
f 2542/897/308 2541/900/308 2539/1030/307
f 2544/1031/309 2543/1032/309 2541/900/308
f 2546/899/310 2545/231/310 2543/1032/309
f 2548/1033/311 2547/1034/311 2545/231/310
f 2550/901/312 2549/903/312 2547/1034/311
f 2552/1035/313 2551/1036/313 2549/903/312
f 2554/902/314 2553/905/314 2551/1036/313
f 2556/1037/154 2555/1038/154 2553/905/314
f 2558/904/315 2557/260/315 2555/1038/154
f 2560/1039/156 2559/1040/156 2557/260/315
f 2562/906/200 2561/908/200 2559/1040/156
f 2564/1041/158 2563/1042/158 2561/908/200
f 2566/907/201 2565/910/201 2563/1042/158
f 2568/1043/202 2567/1044/204 2565/910/201
f 2570/909/203 2569/252/203 2567/1044/204
f 2572/1045/163 2571/1046/206 2569/252/203
f 2574/911/205 2573/913/205 2571/1046/206
f 2576/1047/168 2575/1048/168 2573/913/205
f 2578/912/207 2577/914/207 2575/1048/168
f 2580/1049/169 2579/1050/169 2577/914/207
f 2402/627/113 2401/28/113 2579/1050/169
f 2584/1051/316 2583/1052/316 2581/37/317
f 2586/512/318 2585/514/318 2583/1052/316
f 2588/1053/319 2587/1054/319 2585/514/318
f 2590/528/320 2589/487/320 2587/1054/319
f 2592/1055/321 2591/1056/321 2589/487/320
f 2594/545/322 2593/547/322 2591/1056/321
f 2596/1057/323 2595/1058/323 2593/547/322
f 2598/561/324 2597/17/324 2595/1058/323
f 2600/1059/325 2599/1060/325 2597/17/324
f 2602/578/326 2601/580/326 2599/1060/325
f 2604/1061/327 2603/1062/327 2601/580/326
f 2606/594/328 2605/465/328 2603/1062/327
f 2608/1063/329 2607/1064/329 2605/465/328
f 2610/611/330 2609/613/330 2607/1064/329
f 2612/1065/33 2611/1066/33 2609/613/330
f 2582/627/317 2581/28/317 2611/1066/33
f 2616/677/78 2615/679/78 2613/37/113
f 2618/678/79 2617/681/79 2615/679/78
f 2620/680/114 2619/683/114 2617/681/79
f 2622/682/115 2621/685/115 2619/683/114
f 2624/684/115 2623/687/115 2621/685/115
f 2626/686/115 2625/689/115 2623/687/115
f 2628/688/115 2627/691/115 2625/689/115
f 2630/690/115 2629/693/115 2627/691/115
f 2632/692/115 2631/695/115 2629/693/115
f 2634/694/115 2633/697/115 2631/695/115
f 2636/696/115 2635/699/115 2633/697/115
f 2638/698/115 2637/701/115 2635/699/115
f 2640/700/115 2639/703/115 2637/701/115
f 2642/702/115 2641/705/115 2639/703/115
f 2644/704/116 2643/707/116 2641/705/115
f 2646/706/117 2645/709/117 2643/707/116
f 2648/708/118 2647/711/118 2645/709/117
f 2650/710/119 2649/713/119 2647/711/118
f 2652/712/120 2651/715/120 2649/713/119
f 2654/714/121 2653/717/121 2651/715/120
f 2656/716/122 2655/719/122 2653/717/121
f 2658/718/123 2657/721/331 2655/719/122
f 2660/720/124 2659/723/124 2657/721/331
f 2662/722/125 2661/725/125 2659/723/124
f 2664/724/126 2663/727/126 2661/725/125
f 2666/726/127 2665/729/127 2663/727/126
f 2668/728/128 2667/731/128 2665/729/127
f 2670/730/99 2669/733/99 2667/731/128
f 2672/732/129 2671/735/129 2669/733/99
f 2674/734/130 2673/737/130 2671/735/129
f 2676/736/131 2675/739/131 2673/737/130
f 2678/738/132 2677/741/134 2675/739/131
f 2680/740/133 2679/743/133 2677/741/134
f 2682/742/135 2681/745/108 2679/743/133
f 2684/744/136 2683/747/136 2681/745/108
f 2686/746/137 2685/749/137 2683/747/136
f 2688/748/138 2687/751/138 2685/749/137
f 2690/750/111 2689/753/111 2687/751/138
f 2692/752/112 2691/755/112 2689/753/111
f 2694/754/139 2693/757/139 2691/755/112
f 2696/756/140 2695/759/140 2693/757/139
f 2698/758/141 2697/761/141 2695/759/140
f 2700/760/142 2699/763/144 2697/761/141
f 2702/762/143 2701/765/143 2699/763/144
f 2704/764/145 2703/767/145 2701/765/143
f 2706/766/146 2705/769/146 2703/767/145
f 2708/768/147 2707/771/147 2705/769/146
f 2710/770/148 2709/773/148 2707/771/147
f 2712/772/149 2711/775/149 2709/773/148
f 2714/774/150 2713/777/150 2711/775/149
f 2716/776/151 2715/779/151 2713/777/150
f 2718/778/152 2717/781/152 2715/779/151
f 2720/780/32 2719/783/32 2717/781/152
f 2722/782/79 2721/785/79 2719/783/32
f 2724/784/78 2723/787/78 2721/785/79
f 2726/786/78 2725/789/78 2723/787/78
f 2728/788/79 2727/791/79 2725/789/78
f 2730/790/139 2729/793/139 2727/791/79
f 2732/792/140 2731/795/140 2729/793/139
f 2734/794/141 2733/797/141 2731/795/140
f 2736/796/144 2735/799/142 2733/797/141
f 2738/798/143 2737/801/143 2735/799/142
f 2740/800/145 2739/803/145 2737/801/143
f 2742/802/146 2741/805/146 2739/803/145
f 2744/804/147 2743/807/147 2741/805/146
f 2746/806/148 2745/809/148 2743/807/147
f 2748/808/149 2747/811/149 2745/809/148
f 2750/810/150 2749/813/150 2747/811/149
f 2752/812/151 2751/815/151 2749/813/150
f 2754/814/154 2753/817/154 2751/815/151
f 2756/816/155 2755/819/155 2753/817/154
f 2758/818/156 2757/821/156 2755/819/155
f 2760/820/157 2759/823/157 2757/821/156
f 2762/822/158 2761/825/160 2759/823/157
f 2764/824/159 2763/827/159 2761/825/160
f 2766/826/161 2765/829/161 2763/827/159
f 2768/828/164 2767/831/164 2765/829/161
f 2770/830/163 2769/833/163 2767/831/164
f 2772/832/165 2771/835/205 2769/833/163
f 2774/834/166 2773/837/168 2771/835/205
f 2776/836/167 2775/839/167 2773/837/168
f 2778/838/169 2777/840/169 2775/839/167
f 2614/627/113 2613/28/113 2777/840/169
f 2782/528/170 2781/487/170 2779/37/171
f 2784/561/79 2783/17/79 2781/487/170
f 2786/594/78 2785/465/78 2783/17/79
f 2780/627/171 2779/28/171 2785/465/78
f 2790/1067/209 2789/1068/209 2787/37/33
f 2792/965/210 2791/966/210 2789/1068/209
f 2794/1069/211 2793/1070/211 2791/966/210
f 2796/844/332 2795/267/212 2793/1070/211
f 2798/1071/213 2797/1072/334 2795/267/212
f 2800/971/333 2799/972/333 2797/1072/334
f 2802/1073/335 2801/1074/215 2799/972/333
f 2804/849/216 2803/274/216 2801/1074/215
f 2806/1075/217 2805/1076/217 2803/274/216
f 2808/977/336 2807/978/336 2805/1076/217
f 2810/1077/219 2809/1078/219 2807/978/336
f 2812/854/220 2811/281/220 2809/1078/219
f 2814/1079/221 2813/1080/221 2811/281/220
f 2816/983/222 2815/984/222 2813/1080/221
f 2818/528/223 2817/487/223 2815/984/222
f 2820/859/224 2819/307/224 2817/487/223
f 2822/1081/225 2821/1082/225 2819/307/224
f 2824/989/226 2823/990/226 2821/1082/225
f 2826/1083/227 2825/1084/227 2823/990/226
f 2828/864/228 2827/298/228 2825/1084/227
f 2830/1085/229 2829/1086/229 2827/298/228
f 2832/995/230 2831/996/230 2829/1086/229
f 2834/1087/337 2833/1088/231 2831/996/230
f 2836/869/232 2835/290/232 2833/1088/231
f 2838/1089/233 2837/1090/233 2835/290/232
f 2840/1001/234 2839/1002/234 2837/1090/233
f 2842/1091/139 2841/1092/139 2839/1002/234
f 2844/874/140 2843/262/140 2841/1092/139
f 2846/1093/141 2845/1094/141 2843/262/140
f 2848/561/142 2847/17/144 2845/1094/141
f 2850/1095/143 2849/1096/143 2847/17/144
f 2852/879/145 2851/239/145 2849/1096/143
f 2854/1097/146 2853/1098/146 2851/239/145
f 2856/1011/147 2855/1012/147 2853/1098/146
f 2858/1099/148 2857/1100/148 2855/1012/147
f 2860/884/149 2859/230/149 2857/1100/148
f 2862/1101/150 2861/1102/150 2859/230/149
f 2864/1017/151 2863/1018/151 2861/1102/150
f 2866/1103/154 2865/1104/154 2863/1018/151
f 2868/889/155 2867/221/155 2865/1104/154
f 2870/1105/156 2869/1106/156 2867/221/155
f 2872/1023/157 2871/1024/157 2869/1106/156
f 2874/1107/158 2873/1108/158 2871/1024/157
f 2876/894/159 2875/206/159 2873/1108/158
f 2878/594/161 2877/465/161 2875/206/159
f 2880/1029/164 2879/1030/164 2877/465/161
f 2882/1109/163 2881/1110/338 2879/1030/164
f 2884/899/165 2883/231/165 2881/1110/338
f 2886/1111/166 2885/1112/166 2883/231/165
f 2888/1035/167 2887/1036/167 2885/1112/166
f 2890/1113/169 2889/1114/169 2887/1036/167
f 2892/904/113 2891/260/113 2889/1114/169
f 2894/1115/78 2893/1116/78 2891/260/113
f 2896/1041/79 2895/1042/79 2893/1116/78
f 2898/1117/79 2897/1118/79 2895/1042/79
f 2900/909/78 2899/252/78 2897/1118/79
f 2902/1119/33 2901/1120/33 2899/252/78
f 2904/1047/32 2903/1048/32 2901/1120/33
f 2906/1121/32 2905/1122/32 2903/1048/32
f 2788/627/33 2787/28/33 2905/1122/32
f 2910/1123/339 2909/97/339 2907/37/33
f 2912/1124/340 2911/99/340 2909/97/339
f 2914/1125/341 2913/100/341 2911/99/340
f 2916/1126/342 2915/102/344 2913/100/341
f 2918/1127/343 2917/104/343 2915/102/344
f 2920/1128/345 2919/106/345 2917/104/343
f 2922/1129/346 2921/108/346 2919/106/345
f 2924/1130/347 2923/110/349 2921/108/346
f 2926/1131/348 2925/112/348 2923/110/349
f 2928/1132/350 2927/115/350 2925/112/348
f 2930/1133/351 2929/117/351 2927/115/350
f 2932/1134/352 2931/119/352 2929/117/351
f 2934/1135/353 2933/121/353 2931/119/352
f 2936/1136/222 2935/120/222 2933/121/353
f 2938/1137/223 2937/118/223 2935/120/222
f 2940/1138/224 2939/116/224 2937/118/223
f 2942/1139/225 2941/114/225 2939/116/224
f 2944/1140/226 2943/113/226 2941/114/225
f 2946/1141/227 2945/111/227 2943/113/226
f 2948/1142/228 2947/109/228 2945/111/227
f 2950/1143/229 2949/107/229 2947/109/228
f 2952/1144/230 2951/105/230 2949/107/229
f 2954/1145/231 2953/103/231 2951/105/230
f 2956/1146/232 2955/101/355 2953/103/231
f 2958/1147/354 2957/98/233 2955/101/355
f 2960/1148/234 2959/90/234 2957/98/233
f 2962/1149/139 2961/88/139 2959/90/234
f 2964/1150/140 2963/86/153 2961/88/139
f 2966/1151/356 2965/84/141 2963/86/153
f 2968/1152/142 2967/82/142 2965/84/141
f 2970/1153/143 2969/80/143 2967/82/142
f 2972/1154/145 2971/78/145 2969/80/143
f 2974/1155/146 2973/76/146 2971/78/145
f 2976/1156/147 2975/74/147 2973/76/146
f 2978/1157/148 2977/72/148 2975/74/147
f 2980/1158/149 2979/70/149 2977/72/148
f 2982/1159/150 2981/68/150 2979/70/149
f 2984/1160/151 2983/64/151 2981/68/150
f 2986/1161/154 2985/66/154 2983/64/151
f 2988/1162/357 2987/65/357 2985/66/154
f 2990/1163/358 2989/67/358 2987/65/357
f 2992/1164/359 2991/69/359 2989/67/358
f 2994/1165/360 2993/71/360 2991/69/359
f 2996/1166/361 2995/73/361 2993/71/360
f 2998/1167/362 2997/75/364 2995/73/361
f 3000/1168/363 2999/77/363 2997/75/364
f 3002/1169/365 3001/79/365 2999/77/363
f 3004/1170/366 3003/81/366 3001/79/365
f 3006/1171/367 3005/83/369 3003/81/366
f 3008/1172/368 3007/85/368 3005/83/369
f 3010/1173/370 3009/87/370 3007/85/368
f 3012/1174/371 3011/89/371 3009/87/370
f 3014/1175/372 3013/93/372 3011/89/371
f 3016/1176/373 3015/95/373 3013/93/372
f 3018/1177/78 3017/92/78 3015/95/373
f 3020/1178/33 3019/91/33 3017/92/78
f 3022/1179/32 3021/94/32 3019/91/33
f 3024/1180/32 3023/96/32 3021/94/32
f 2908/627/33 2907/28/33 3023/96/32
f 3028/528/32 3027/487/32 3025/37/33
f 3030/561/79 3029/17/79 3027/487/32
f 3032/594/78 3031/465/78 3029/17/79
f 3026/627/33 3025/28/33 3031/465/78
