# Blender 4.1.1
# www.blender.org
mtllib sphere.mtl
o 球
v 0.000000 8314.695312 -5555.702148
v 0.000000 5555.703125 -8314.695312
v 0.000000 1950.904053 -9807.852539
v 0.000000 0.000755 -10000.000000
v 0.000000 -1950.902588 -9807.852539
v 0.000000 -5555.702148 -8314.695312
v -380.602295 9807.852539 -1913.416260
v -746.578430 9238.794922 -3753.302490
v -1083.863770 8314.695312 -5448.950684
v -1379.496826 7071.068359 -6935.198730
v -1622.116699 5555.703125 -8154.930176
v -1802.399414 3826.835205 -9061.274414
v -1913.416992 1950.904053 -9619.396484
v -1950.903320 0.000740 -9807.852539
v -1913.416992 -1950.902588 -9619.396484
v -1802.399414 -3826.833740 -9061.274414
v -1622.116699 -5555.702148 -8154.931152
v -1379.496826 -7071.067383 -6935.199707
v -1083.863770 -8314.695312 -5448.951660
v -746.578430 -9238.794922 -3753.303955
v -380.602295 -9807.852539 -1913.417725
v -746.578308 9807.852539 -1802.398682
v -1464.466187 9238.794922 -3535.533447
v -2126.075439 8314.695312 -5132.798828
v -2705.980469 7071.068359 -6532.814453
v -3181.896240 5555.703125 -7681.775879
v -3535.533447 3826.835205 -8535.534180
v -3753.302734 1950.904053 -9061.274414
v -3826.833984 0.000698 -9238.794922
v -3753.302734 -1950.902588 -9061.274414
v -3535.533447 -3826.833740 -8535.534180
v -3181.896240 -5555.702148 -7681.776855
v -2705.980469 -7071.067383 -6532.815430
v -2126.075439 -8314.695312 -5132.799805
v -1464.466187 -9238.794922 -3535.534912
v -746.578308 -9807.852539 -1802.400146
v -1083.863647 9807.852539 -1622.115723
v -2126.075439 9238.794922 -3181.895752
v -3086.582764 8314.695312 -4619.396484
v -3928.474854 7071.068359 -5879.377441
v -4619.396973 5555.703125 -6913.415039
v -5132.799316 3826.834961 -7681.776855
v -5448.951172 1950.903931 -8154.930664
v -5555.702637 0.000628 -8314.695312
v -5448.951172 -1950.902710 -8154.930664
v -5132.799316 -3826.833984 -7681.777832
v -4619.396973 -5555.702148 -6913.416016
v -3928.474854 -7071.067383 -5879.378418
v -3086.582764 -8314.695312 -4619.397461
v -2126.075439 -9238.794922 -3181.897217
v -1083.863647 -9807.852539 -1622.117188
v -1379.496826 9807.852539 -1379.495850
v -2705.980469 9238.794922 -2705.979492
v -3928.474365 8314.695312 -3928.473389
v -5000.000000 7071.068359 -4999.999512
v -5879.376953 5555.703125 -5879.375977
v -6532.813965 3826.834961 -6532.814453
v -6935.199219 1950.903809 -6935.198242
v -7071.067871 0.000534 -7071.066406
v -6935.199219 -1950.902832 -6935.198242
v -6532.813965 -3826.833984 -6532.815430
v -5879.376953 -5555.702148 -5879.376953
v -5000.000000 -7071.067383 -5000.000488
v -3928.474365 -8314.695312 -3928.474854
v -2705.980469 -9238.794922 -2705.980957
v -1379.496826 -9807.852539 -1379.497314
v -1622.116455 9807.852539 -1083.862793
v -3181.896484 9238.794922 -2126.074219
v -4619.397461 8314.695312 -3086.581543
v -5879.377930 7071.068359 -3928.474365
v -6913.416504 5555.703125 -4619.395508
v -7681.776367 3826.834961 -5132.799316
v -8154.930664 1950.903687 -5448.949707
v -8314.695312 0.000419 -5555.699707
v -8154.930664 -1950.902954 -5448.949707
v -7681.776367 -3826.833984 -5132.800293
v -6913.416504 -5555.702148 -4619.396484
v -5879.377930 -7071.067383 -3928.475342
v -4619.397461 -8314.695312 -3086.583008
v -3181.896484 -9238.794922 -2126.075684
v -1622.116455 -9807.852539 -1083.864258
v 0.000000 10000.000000 0.000755
v -1802.399048 9807.852539 -746.577393
v -3535.533447 9238.794922 -1464.465210
v -5132.799316 8314.695312 -2126.073975
v -6532.814941 7071.067871 -2705.979980
v -7681.776367 5555.702637 -3181.894531
v -8535.533203 3826.834717 -3535.533936
v -9061.273438 1950.903564 -3753.301270
v -9238.793945 0.000289 -3826.832275
v -9061.273438 -1950.903076 -3753.301758
v -8535.533203 -3826.834229 -3535.534424
v -7681.776367 -5555.702637 -3181.895508
v -6532.814941 -7071.067871 -2705.980957
v -5132.799316 -8314.695312 -2126.075439
v -3535.533447 -9238.794922 -1464.466675
v -1802.399048 -9807.852539 -746.578857
v -1913.416626 9807.852539 -380.601379
v -3753.302490 9238.794922 -746.577454
v -5448.950684 8314.695312 -1083.862549
v -6935.199219 7071.067871 -1379.496704
v -8154.930176 5555.702637 -1622.115356
v -9061.273438 3826.834717 -1802.399536
v -9619.396484 1950.903442 -1913.416016
v -9807.850586 0.000147 -1950.901245
v -9619.396484 -1950.903198 -1913.416260
v -9061.273438 -3826.834229 -1802.400024
v -8154.930176 -5555.702637 -1622.116089
v -6935.199219 -7071.067871 -1379.497681
v -5448.950684 -8314.695312 -1083.863770
v -3753.302490 -9238.794922 -746.578796
v -1913.416626 -9807.852539 -380.602844
v -1950.902588 9807.852539 0.000840
v -3826.833984 9238.794922 0.000898
v -5555.701660 8314.695312 0.001128
v -7071.066895 7071.067871 0.000434
v -8314.694336 5555.702637 0.001319
v -9238.794922 3826.834473 -0.000111
v -9807.851562 1950.903320 0.001047
v -9999.997070 -0.000000 0.001600
v -9807.851562 -1950.903320 0.000753
v -9238.794922 -3826.834473 -0.000689
v -8314.694336 -5555.702637 0.000481
v -7071.066895 -7071.067871 -0.000634
v -5555.701660 -8314.695312 -0.000128
v -3826.833984 -9238.794922 -0.000498
v -1950.902588 -9807.852539 -0.000640
v -1913.416504 9807.852539 380.603027
v -3753.302490 9238.794922 746.579163
v -5448.949707 8314.695312 1083.864624
v -6935.198242 7071.067871 1379.497070
v -8154.929199 5555.702637 1622.117554
v -9061.273438 3826.834229 1802.399292
v -9619.395508 1950.903198 1913.417969
v -9807.849609 -0.000147 1950.904297
v -9619.395508 -1950.903442 1913.417725
v -9061.273438 -3826.834717 1802.398804
v -8154.929199 -5555.702637 1622.116821
v -6935.198242 -7071.067871 1379.496094
v -5448.949707 -8314.695312 1083.863403
v -3753.302490 -9238.794922 746.577820
v -1913.416504 -9807.852539 380.601562
v -1802.398926 9807.852539 746.578979
v -3535.533447 9238.794922 1464.466919
v -5132.797852 8314.695312 2126.076172
v -6532.813965 7071.067871 2705.980469
v -7681.774902 5555.702637 3181.896973
v -8535.533203 3826.834229 3535.533447
v -9061.272461 1950.903076 3753.303467
v -9238.791016 -0.000289 3826.834473
v -9061.272461 -1950.903564 3753.302979
v -8535.533203 -3826.834717 3535.532959
v -7681.774902 -5555.702637 3181.895996
v -6532.813965 -7071.067871 2705.979492
v -5132.797852 -8314.695312 2126.074707
v -3535.533447 -9238.794922 1464.465454
v -1802.398926 -9807.852539 746.577515
v -1622.115845 9807.852539 1083.864136
v -3181.895752 9238.794922 2126.075928
v -4619.395996 8314.695312 3086.583008
v -5879.376953 7071.067383 3928.474609
v -6913.414551 5555.702148 4619.397461
v -7681.776367 3826.833984 5132.798828
v -8154.929199 1950.902954 5448.950684
v -8314.691406 -0.000419 5555.701660
v -8154.929199 -1950.903687 5448.950684
v -7681.776367 -3826.834961 5132.797852
v -6913.414551 -5555.703125 4619.396484
v -5879.376953 -7071.068359 3928.473633
v -4619.395996 -8314.695312 3086.581543
v -3181.895752 -9238.794922 2126.074463
v -1622.115845 -9807.852539 1083.862671
v -1379.496216 9807.852539 1379.497070
v -2705.979736 9238.794922 2705.980957
v -3928.472412 8314.695312 3928.474854
v -4999.999023 7071.067383 4999.999512
v -5879.375488 5555.702148 5879.376953
v -6532.813965 3826.833984 6532.813965
v -6935.197266 1950.902832 6935.198242
v -7071.062500 -0.000534 7071.066406
v -6935.197266 -1950.903809 6935.198242
v -6532.813965 -3826.834961 6532.812988
v -5879.375488 -5555.703125 5879.375977
v -4999.999023 -7071.068359 4999.998535
v -3928.472412 -8314.695312 3928.473389
v -2705.979736 -9238.794922 2705.979492
v -1379.496216 -9807.852539 1379.495605
v -1083.863159 9807.852539 1622.116577
v -2126.074463 9238.794922 3181.896973
v -3086.580811 8314.695312 4619.396973
v -3928.474121 7071.067383 5879.377441
v -4619.395508 5555.702148 6913.416016
v -5132.799316 3826.833984 7681.776367
v -5448.948730 1950.902710 8154.930176
v -5555.697266 -0.000628 8314.693359
v -5448.948730 -1950.903931 8154.930176
v -5132.799316 -3826.834961 7681.775391
v -4619.395508 -5555.703125 6913.415039
v -3928.474121 -7071.068359 5879.376465
v -3086.580811 -8314.695312 4619.395996
v -2126.074463 -9238.794922 3181.895508
v -1083.863159 -9807.852539 1622.115112
v -746.577759 9807.852539 1802.399170
v -1464.465210 9238.794922 3535.533936
v -2126.073486 8314.695312 5132.798340
v -2705.979980 7071.067383 6532.814453
v -3181.894531 5555.702148 7681.775391
v -3535.533447 3826.833740 8535.531250
v -3753.300537 1950.902588 9061.272461
v -3826.829590 -0.000698 9238.791992
v -3753.300537 -1950.904053 9061.272461
v -3535.533447 -3826.835205 8535.531250
v -3181.894531 -5555.703125 7681.774414
v -2705.979980 -7071.068359 6532.813477
v -2126.073486 -8314.695312 5132.797363
v -1464.465210 -9238.794922 3535.532471
v -746.577759 -9807.852539 1802.397705
v -380.601990 9807.852539 1913.416626
v -746.577576 9238.794922 3753.302246
v -1083.862305 8314.695312 5448.949219
v -1379.496582 7071.067383 6935.198730
v -1622.115112 5555.702148 8154.929199
v -1802.399414 3826.833740 9061.272461
v -1913.415161 1950.902588 9619.394531
v -1950.899170 -0.000740 9807.847656
v -1913.415161 -1950.904053 9619.394531
v -1802.399414 -3826.835205 9061.272461
v -1622.115112 -5555.703125 8154.928223
v -1379.496582 -7071.068359 6935.197754
v -1083.862305 -8314.695312 5448.948242
v -746.577576 -9238.794922 3753.300781
v -380.601990 -9807.852539 1913.415161
v 0.000100 9807.852539 1950.902710
v 0.000500 9238.794922 3826.833984
v 0.001000 8314.695312 5555.700195
v 0.000100 7071.067383 7071.066895
v 0.001000 5555.702148 8314.692383
v -0.000300 3826.833740 9238.791992
v 0.001300 1950.902588 9807.849609
v 0.003300 -0.000755 9999.993164
v 0.001300 -1950.904053 9807.849609
v -0.000300 -3826.835205 9238.791992
v 0.001000 -5555.703125 8314.692383
v 0.000100 -7071.068359 7071.065918
v 0.001000 -8314.695312 5555.699219
v 0.000500 -9238.794922 3826.832520
v 0.000100 -9807.852539 1950.901245
v 380.602112 9807.852539 1913.416504
v 746.578613 9238.794922 3753.302246
v 1083.864258 8314.695312 5448.948730
v 1379.496826 7071.067383 6935.197754
v 1622.117188 5555.702148 8154.928223
v 1802.398682 3826.833740 9061.271484
v 1913.417847 1950.902588 9619.393555
v 1950.905273 -0.000740 9807.845703
v 1913.417847 -1950.904053 9619.393555
v 1802.398682 -3826.835205 9061.271484
v 1622.117188 -5555.703125 8154.927246
v 1379.496826 -7071.068359 6935.196777
v 1083.864258 -8314.695312 5448.947754
v 746.578613 -9238.794922 3753.300781
v 380.602112 -9807.852539 1913.415039
v 746.577759 9807.852539 1802.399048
v 1464.466187 9238.794922 3535.533936
v 2126.074951 8314.695312 5132.796387
v 2705.979980 7071.067383 6532.813965
v 3181.896240 5555.702148 7681.774414
v 3535.532471 3826.833740 8535.531250
v 3753.302734 1950.902588 9061.270508
v 3826.834961 -0.000698 9238.787109
v 3753.302734 -1950.904053 9061.270508
v 3535.532471 -3826.835205 8535.531250
v 3181.896240 -5555.703125 7681.773438
v 2705.979980 -7071.068359 6532.812988
v 2126.074951 -8314.695312 5132.795410
v 1464.466187 -9238.794922 3535.532471
v 746.577759 -9807.852539 1802.397583
v 1083.862915 9807.852539 1622.116211
v 2126.074951 9238.794922 3181.895996
v 3086.581787 8314.695312 4619.394531
v 3928.474121 7071.067383 5879.376953
v 4619.395996 5555.702148 6913.413574
v 5132.797363 3826.833984 7681.775391
v 5448.950684 1950.902710 8154.927734
v 5555.701660 -0.000628 8314.687500
v 5448.950684 -1950.903931 8154.927734
v 5132.797363 -3826.834961 7681.774414
v 4619.395996 -5555.703125 6913.412598
v 3928.474121 -7071.068359 5879.375977
v 3086.581787 -8314.695312 4619.393555
v 2126.074951 -9238.794922 3181.894531
v 1083.862915 -9807.852539 1622.114746
v 1379.495850 9807.852539 1379.496460
v 2705.979980 9238.794922 2705.979980
v 3928.472900 8314.695312 3928.472168
v 4999.999023 7071.067383 4999.999512
v 5879.375977 5555.702148 5879.375000
v 6532.812500 3826.833984 6532.812988
v 6935.197266 1950.902832 6935.195312
v 7071.064941 -0.000534 7071.059570
v 6935.197266 -1950.903809 6935.195312
v 6532.812500 -3826.834961 6532.812012
v 5879.375977 -5555.703125 5879.374023
v 4999.999023 -7071.068359 4999.998535
v 3928.472900 -8314.695312 3928.470703
v 2705.979980 -9238.794922 2705.978516
v 1379.495850 -9807.852539 1379.494995
v 0.000000 -10000.000000 -0.000755
v 1622.115479 9807.852539 1083.863525
v 3181.895752 9238.794922 2126.074951
v 4619.395020 8314.695312 3086.580322
v 5879.376465 7071.067383 3928.474121
v 6913.414551 5555.702148 4619.395020
v 7681.773926 3826.833984 5132.798340
v 8154.929199 1950.902954 5448.947266
v 8314.691406 -0.000419 5555.694336
v 8154.929199 -1950.903687 5448.947266
v 7681.773926 -3826.834961 5132.797363
v 6913.414551 -5555.703125 4619.394043
v 5879.376465 -7071.068359 3928.473145
v 4619.395020 -8314.695312 3086.578857
v 3181.895752 -9238.794922 2126.073486
v 1622.115479 -9807.852539 1083.862061
v 1802.398071 9807.852539 746.578247
v 3535.532715 9238.794922 1464.465820
v 5132.795898 8314.695312 2126.072998
v 6532.813477 7071.067871 2705.980225
v 7681.773926 5555.702637 3181.893555
v 8535.531250 3826.834229 3535.532959
v 9061.271484 1950.903076 3753.299072
v 9238.789062 -0.000289 3826.826904
v 9061.271484 -1950.903564 3753.298584
v 8535.531250 -3826.834717 3535.532471
v 7681.773926 -5555.702637 3181.892578
v 6532.813477 -7071.067871 2705.979248
v 5132.795898 -8314.695312 2126.071533
v 3535.532715 -9238.794922 1464.464355
v 1802.398071 -9807.852539 746.576782
v 1913.415527 9807.852539 380.602539
v 3753.301270 9238.794922 746.578186
v 5448.947266 8314.695312 1083.862183
v 6935.197266 7071.067871 1379.496826
v 8154.927734 5555.702637 1622.114746
v 9061.270508 3826.834229 1802.399170
v 9619.393555 1950.903198 1913.413940
v 9807.844727 -0.000147 1950.896973
v 9619.393555 -1950.903442 1913.413696
v 9061.270508 -3826.834717 1802.398682
v 8154.927734 -5555.702637 1622.114014
v 6935.197266 -7071.067871 1379.495850
v 5448.947266 -8314.695312 1083.860962
v 3753.301270 -9238.794922 746.576843
v 1913.415527 -9807.852539 380.601074
v 1950.901367 9807.852539 0.000540
v 3826.832520 9238.794922 0.000198
v 5555.697754 8314.695312 -0.000872
v 7071.066406 7071.067871 0.000234
v 8314.692383 5555.702637 -0.001181
v 9238.791992 3826.834473 0.000189
v 9807.848633 1950.903320 -0.002553
v 9999.991211 0.000000 -0.004500
v 9807.848633 -1950.903320 -0.002847
v 9238.791992 -3826.834473 -0.000389
v 8314.692383 -5555.702637 -0.002019
v 7071.066406 -7071.067871 -0.000834
v 5555.697754 -8314.695312 -0.002128
v 3826.832520 -9238.794922 -0.001198
v 1950.901367 -9807.852539 -0.000940
v 1913.415283 9807.852539 -380.601471
v 3753.300781 9238.794922 -746.577820
v 5448.946289 8314.695312 -1083.863647
v 6935.197266 7071.067871 -1379.496338
v 8154.926270 5555.702637 -1622.117310
v 9061.270508 3826.834717 -1802.398804
v 9619.392578 1950.903442 -1913.418823
v 9807.841797 0.000147 -1950.905762
v 9619.392578 -1950.903198 -1913.419067
v 9061.270508 -3826.834229 -1802.399292
v 8154.926270 -5555.702637 -1622.118042
v 6935.197266 -7071.067871 -1379.497314
v 5448.946289 -8314.695312 -1083.864868
v 3753.300781 -9238.794922 -746.579163
v 1913.415283 -9807.852539 -380.602936
v 1802.397705 9807.852539 -746.577026
v 3535.531982 9238.794922 -1464.465210
v 5132.793945 8314.695312 -2126.073975
v 6532.812500 7071.067871 -2705.979492
v 7681.771973 5555.702637 -3181.895752
v 8535.530273 3826.834717 -3535.532227
v 9061.268555 1950.903564 -3753.302979
v 9238.784180 0.000289 -3826.834961
v 9061.268555 -1950.903076 -3753.303467
v 8535.530273 -3826.834229 -3535.532715
v 7681.771973 -5555.702637 -3181.896729
v 6532.812500 -7071.067871 -2705.980469
v 5132.793945 -8314.695312 -2126.075439
v 3535.531982 -9238.794922 -1464.466675
v 1802.397705 -9807.852539 -746.578491
v 1622.115112 9807.852539 -1083.862183
v 3181.894531 9238.794922 -2126.073975
v 4619.392090 8314.695312 -3086.580811
v 5879.375977 7071.068359 -3928.473633
v 6913.411621 5555.703125 -4619.395508
v 7681.773926 3826.834961 -5132.796875
v 8154.925781 1950.903687 -5448.950684
v 8314.684570 0.000419 -5555.700684
v 8154.925781 -1950.902954 -5448.950684
v 7681.773926 -3826.833984 -5132.797852
v 6913.411621 -5555.702148 -4619.396484
v 5879.375977 -7071.067383 -3928.474609
v 4619.392090 -8314.695312 -3086.582275
v 3181.894531 -9238.794922 -2126.075439
v 1622.115112 -9807.852539 -1083.863647
v 1379.495483 9807.852539 -1379.494995
v 2705.978760 9238.794922 -2705.978516
v 3928.469482 8314.695312 -3928.471680
v 4999.998047 7071.068359 -4999.998535
v 5879.372559 5555.703125 -5879.375000
v 6532.811523 3826.834961 -6532.811035
v 6935.193848 1950.903809 -6935.197266
v 7071.057129 0.000534 -7071.063477
v 6935.193848 -1950.902832 -6935.197266
v 6532.811523 -3826.833984 -6532.812012
v 5879.372559 -5555.702148 -5879.375977
v 4999.998047 -7071.067383 -4999.999512
v 3928.469482 -8314.695312 -3928.473145
v 2705.978760 -9238.794922 -2705.979980
v 1379.495483 -9807.852539 -1379.496460
v 1083.862549 9807.852539 -1622.114380
v 2126.073730 9238.794922 -3181.894287
v 3086.577881 8314.695312 -4619.394043
v 3928.472900 7071.068359 -5879.375977
v 4619.392578 5555.703125 -6913.412598
v 5132.796875 3826.834961 -7681.773438
v 5448.945801 1950.903931 -8154.927734
v 5555.692383 0.000628 -8314.689453
v 5448.945801 -1950.902710 -8154.927734
v 5132.796875 -3826.833984 -7681.774414
v 4619.392578 -5555.702148 -6913.413574
v 3928.472900 -7071.067383 -5879.376953
v 3086.577881 -8314.695312 -4619.395020
v 2126.073730 -9238.794922 -3181.895752
v 1083.862549 -9807.852539 -1622.115845
v 746.577393 9807.852539 -1802.396973
v 1464.464844 9238.794922 -3535.531738
v 2126.071045 8314.695312 -5132.794434
v 2705.979004 7071.068359 -6532.812988
v 3181.892090 5555.703125 -7681.771973
v 3535.531738 3826.835205 -8535.530273
v 3753.297852 1950.904053 -9061.270508
v 3826.825684 0.000698 -9238.786133
v 3753.297852 -1950.902588 -9061.270508
v 3535.531738 -3826.833740 -8535.530273
v 3181.892090 -5555.702148 -7681.772949
v 2705.979004 -7071.067383 -6532.813965
v 2126.071045 -8314.695312 -5132.795410
v 1464.464844 -9238.794922 -3535.533203
v 746.577393 -9807.852539 -1802.398438
v 380.601807 9807.852539 -1913.414185
v 746.577332 9238.794922 -3753.300049
v 1083.860352 8314.695312 -5448.944824
v 1379.495728 7071.068359 -6935.196777
v 1622.113281 5555.703125 -8154.925293
v 1802.398071 3826.835205 -9061.270508
v 1913.413208 1950.904053 -9619.392578
v 1950.896240 0.000740 -9807.841797
v 1913.413208 -1950.902588 -9619.392578
v 1802.398071 -3826.833740 -9061.270508
v 1622.113281 -5555.702148 -8154.926270
v 1379.495728 -7071.067383 -6935.197754
v 1083.860352 -8314.695312 -5448.945801
v 746.577332 -9238.794922 -3753.301514
v 380.601807 -9807.852539 -1913.415649
v -0.000100 9807.852539 -1950.900269
v -0.000700 9238.794922 -3826.831543
v -0.000900 7071.068359 -7071.065918
v -0.000600 3826.835205 -9238.790039
v -0.000600 -3826.833740 -9238.790039
v -0.000900 -7071.067383 -7071.066895
v -0.002200 -8314.695312 -5555.695801
v -0.000700 -9238.794922 -3826.833008
v -0.000100 -9807.852539 -1950.901733
vn 0.0759 -0.6326 0.7708
vn 0.0624 0.7715 0.6332
vn 0.0865 -0.4696 0.8786
vn 0.0464 0.8810 0.4709
vn 0.0938 -0.2890 0.9527
vn 0.0286 0.9565 0.2902
vn 0.0976 -0.0976 0.9904
vn 0.0097 -0.9951 0.0980
vn 0.0097 0.9951 0.0980
vn 0.0975 0.0975 0.9904
vn 0.0286 -0.9565 0.2902
vn 0.0938 0.2890 0.9527
vn 0.0464 -0.8810 0.4709
vn 0.0865 0.4696 0.8786
vn 0.0624 -0.7715 0.6332
vn 0.0759 0.6326 0.7708
vn 0.2563 0.4696 0.8448
vn 0.1847 -0.7715 0.6088
vn 0.2248 0.6326 0.7412
vn 0.2248 -0.6326 0.7412
vn 0.1847 0.7715 0.6088
vn 0.2563 -0.4696 0.8448
vn 0.1374 0.8810 0.4528
vn 0.2779 -0.2890 0.9161
vn 0.0846 0.9565 0.2790
vn 0.2889 -0.0975 0.9524
vn 0.0286 -0.9951 0.0942
vn 0.0286 0.9951 0.0942
vn 0.2889 0.0975 0.9524
vn 0.0846 -0.9565 0.2790
vn 0.2779 0.2890 0.9161
vn 0.1374 -0.8810 0.4528
vn 0.1374 0.9565 0.2571
vn 0.4691 -0.0975 0.8777
vn 0.0464 -0.9951 0.0869
vn 0.0464 0.9951 0.0869
vn 0.4691 0.0975 0.8777
vn 0.1374 -0.9565 0.2571
vn 0.4513 0.2890 0.8443
vn 0.2230 -0.8810 0.4173
vn 0.4162 0.4696 0.7786
vn 0.2999 -0.7715 0.5611
vn 0.3651 0.6326 0.6831
vn 0.3651 -0.6326 0.6831
vn 0.2999 0.7715 0.5611
vn 0.4162 -0.4696 0.7786
vn 0.2231 0.8810 0.4173
vn 0.4513 -0.2890 0.8443
vn 0.4913 0.6326 0.5987
vn 0.4913 -0.6326 0.5987
vn 0.4036 0.7715 0.4918
vn 0.5601 -0.4696 0.6825
vn 0.3002 0.8810 0.3658
vn 0.6073 -0.2890 0.7400
vn 0.1850 0.9565 0.2254
vn 0.6314 -0.0975 0.7693
vn 0.0625 -0.9951 0.0761
vn 0.0625 0.9951 0.0761
vn 0.6314 0.0975 0.7693
vn 0.1850 -0.9565 0.2254
vn 0.6073 0.2890 0.7400
vn 0.3002 -0.8810 0.3658
vn 0.5601 0.4696 0.6825
vn 0.4036 -0.7715 0.4918
vn 0.0761 -0.9951 0.0625
vn 0.0761 0.9951 0.0625
vn 0.7693 0.0975 0.6314
vn 0.2254 -0.9565 0.1850
vn 0.7400 0.2890 0.6073
vn 0.3658 -0.8810 0.3002
vn 0.6825 0.4696 0.5601
vn 0.4918 -0.7715 0.4036
vn 0.5987 0.6326 0.4913
vn 0.5987 -0.6326 0.4913
vn 0.4918 0.7715 0.4036
vn 0.6825 -0.4696 0.5601
vn 0.3658 0.8810 0.3002
vn 0.7400 -0.2890 0.6073
vn 0.2254 0.9565 0.1850
vn 0.7693 -0.0975 0.6314
vn 0.6831 -0.6326 0.3651
vn 0.5611 0.7715 0.2999
vn 0.7786 -0.4696 0.4162
vn 0.4173 0.8810 0.2230
vn 0.8443 -0.2890 0.4513
vn 0.2571 0.9565 0.1374
vn 0.8777 -0.0975 0.4691
vn 0.0869 -0.9951 0.0464
vn 0.0869 0.9951 0.0464
vn 0.8777 0.0975 0.4691
vn 0.2571 -0.9565 0.1374
vn 0.8443 0.2890 0.4513
vn 0.4173 -0.8810 0.2231
vn 0.7786 0.4696 0.4162
vn 0.5611 -0.7715 0.2999
vn 0.6831 0.6326 0.3651
vn 0.9524 0.0975 0.2889
vn 0.2790 -0.9565 0.0846
vn 0.9161 0.2890 0.2779
vn 0.4528 -0.8810 0.1374
vn 0.8448 0.4696 0.2563
vn 0.6088 -0.7715 0.1847
vn 0.7412 0.6326 0.2248
vn 0.7412 -0.6326 0.2248
vn 0.6088 0.7715 0.1847
vn 0.8448 -0.4696 0.2563
vn 0.4528 0.8810 0.1374
vn 0.9161 -0.2890 0.2779
vn 0.2790 0.9565 0.0846
vn 0.9524 -0.0975 0.2889
vn 0.0942 -0.9951 0.0286
vn 0.0942 0.9951 0.0286
vn 0.6332 0.7715 0.0624
vn 0.8786 -0.4696 0.0865
vn 0.4709 0.8810 0.0464
vn 0.9527 -0.2890 0.0938
vn 0.2902 0.9565 0.0286
vn 0.9904 -0.0975 0.0975
vn 0.0980 -0.9951 0.0097
vn 0.0980 0.9951 0.0097
vn 0.9904 0.0975 0.0975
vn 0.2902 -0.9565 0.0286
vn 0.9527 0.2890 0.0938
vn 0.4709 -0.8810 0.0464
vn 0.8786 0.4696 0.0865
vn 0.6332 -0.7715 0.0624
vn 0.7708 0.6326 0.0759
vn 0.7708 -0.6326 0.0759
vn 0.2902 -0.9565 -0.0286
vn 0.9527 0.2890 -0.0938
vn 0.4709 -0.8810 -0.0464
vn 0.8786 0.4696 -0.0865
vn 0.6332 -0.7715 -0.0624
vn 0.7708 0.6326 -0.0759
vn 0.7708 -0.6326 -0.0759
vn 0.6332 0.7715 -0.0624
vn 0.8786 -0.4696 -0.0865
vn 0.4709 0.8810 -0.0464
vn 0.9527 -0.2890 -0.0938
vn 0.2902 0.9565 -0.0286
vn 0.9904 -0.0976 -0.0976
vn 0.0980 -0.9951 -0.0097
vn 0.0980 0.9951 -0.0097
vn 0.9904 0.0976 -0.0976
vn 0.8448 -0.4696 -0.2563
vn 0.4528 0.8810 -0.1374
vn 0.9161 -0.2890 -0.2779
vn 0.2790 0.9565 -0.0846
vn 0.9524 -0.0975 -0.2889
vn 0.0942 -0.9951 -0.0286
vn 0.0942 0.9951 -0.0286
vn 0.9524 0.0975 -0.2889
vn 0.2790 -0.9565 -0.0846
vn 0.9161 0.2890 -0.2779
vn 0.4528 -0.8810 -0.1374
vn 0.8448 0.4696 -0.2563
vn 0.6088 -0.7715 -0.1847
vn 0.7412 0.6326 -0.2248
vn 0.7412 -0.6326 -0.2248
vn 0.6088 0.7715 -0.1847
vn 0.8443 0.2890 -0.4513
vn 0.4173 -0.8810 -0.2231
vn 0.7786 0.4696 -0.4162
vn 0.5611 -0.7715 -0.2999
vn 0.6831 0.6326 -0.3651
vn 0.6831 -0.6326 -0.3651
vn 0.5611 0.7715 -0.2999
vn 0.7786 -0.4696 -0.4162
vn 0.4173 0.8810 -0.2231
vn 0.8443 -0.2890 -0.4513
vn 0.2571 0.9565 -0.1374
vn 0.8777 -0.0975 -0.4691
vn 0.0869 -0.9951 -0.0464
vn 0.0869 0.9951 -0.0464
vn 0.8777 0.0975 -0.4691
vn 0.2571 -0.9565 -0.1374
vn 0.3658 0.8810 -0.3002
vn 0.7400 -0.2890 -0.6073
vn 0.2254 0.9565 -0.1850
vn 0.7693 -0.0975 -0.6314
vn 0.0761 -0.9951 -0.0625
vn 0.0761 0.9951 -0.0625
vn 0.7693 0.0975 -0.6314
vn 0.2254 -0.9565 -0.1850
vn 0.7400 0.2890 -0.6073
vn 0.3658 -0.8810 -0.3002
vn 0.6825 0.4696 -0.5601
vn 0.4918 -0.7715 -0.4036
vn 0.5987 0.6326 -0.4913
vn 0.5987 -0.6326 -0.4913
vn 0.4918 0.7715 -0.4036
vn 0.6825 -0.4696 -0.5601
vn 0.5601 0.4696 -0.6825
vn 0.4036 -0.7715 -0.4918
vn 0.4913 0.6326 -0.5987
vn 0.4913 -0.6326 -0.5987
vn 0.4036 0.7715 -0.4918
vn 0.5601 -0.4696 -0.6825
vn 0.3002 0.8810 -0.3658
vn 0.6073 -0.2890 -0.7400
vn 0.1850 0.9565 -0.2254
vn 0.6314 -0.0975 -0.7693
vn 0.0625 -0.9951 -0.0761
vn 0.0625 0.9951 -0.0761
vn 0.6314 0.0975 -0.7693
vn 0.1850 -0.9565 -0.2254
vn 0.6073 0.2890 -0.7400
vn 0.3002 -0.8810 -0.3658
vn 0.1374 0.9565 -0.2571
vn 0.4691 -0.0975 -0.8777
vn 0.0464 -0.9951 -0.0869
vn 0.0464 0.9951 -0.0869
vn 0.4691 0.0975 -0.8777
vn 0.1374 -0.9565 -0.2571
vn 0.4513 0.2890 -0.8443
vn 0.2230 -0.8810 -0.4173
vn 0.4162 0.4696 -0.7786
vn 0.2999 -0.7715 -0.5611
vn 0.3651 0.6326 -0.6831
vn 0.3651 -0.6326 -0.6831
vn 0.2999 0.7715 -0.5611
vn 0.4162 -0.4696 -0.7786
vn 0.2231 0.8810 -0.4173
vn 0.4513 -0.2890 -0.8443
vn 0.1847 -0.7715 -0.6088
vn 0.2248 0.6326 -0.7412
vn 0.2248 -0.6326 -0.7412
vn 0.1847 0.7715 -0.6088
vn 0.2563 -0.4696 -0.8448
vn 0.1374 0.8810 -0.4528
vn 0.2779 -0.2890 -0.9161
vn 0.0846 0.9565 -0.2790
vn 0.2889 -0.0975 -0.9524
vn 0.0286 -0.9951 -0.0942
vn 0.0286 0.9951 -0.0942
vn 0.2889 0.0975 -0.9524
vn 0.0846 -0.9565 -0.2790
vn 0.2779 0.2890 -0.9161
vn 0.1374 -0.8810 -0.4528
vn 0.2563 0.4696 -0.8448
vn 0.0975 -0.0975 -0.9904
vn 0.0097 -0.9951 -0.0980
vn 0.0097 0.9951 -0.0980
vn 0.0975 0.0975 -0.9904
vn 0.0286 -0.9565 -0.2902
vn 0.0938 0.2890 -0.9527
vn 0.0464 -0.8810 -0.4709
vn 0.0865 0.4696 -0.8786
vn 0.0624 -0.7715 -0.6332
vn 0.0759 0.6326 -0.7708
vn 0.0759 -0.6326 -0.7708
vn 0.0624 0.7715 -0.6332
vn 0.0865 -0.4696 -0.8786
vn 0.0464 0.8810 -0.4709
vn 0.0938 -0.2890 -0.9527
vn 0.0286 0.9565 -0.2902
vn -0.0759 0.6326 -0.7708
vn -0.0759 -0.6326 -0.7708
vn -0.0624 0.7715 -0.6332
vn -0.0865 -0.4696 -0.8786
vn -0.0464 0.8810 -0.4709
vn -0.0938 -0.2890 -0.9527
vn -0.0286 0.9565 -0.2902
vn -0.0975 -0.0975 -0.9904
vn -0.0097 -0.9951 -0.0980
vn -0.0097 0.9951 -0.0980
vn -0.0975 0.0975 -0.9904
vn -0.0286 -0.9565 -0.2902
vn -0.0938 0.2890 -0.9527
vn -0.0464 -0.8810 -0.4709
vn -0.0865 0.4696 -0.8786
vn -0.0624 -0.7715 -0.6332
vn -0.0286 -0.9951 -0.0942
vn -0.0286 0.9951 -0.0942
vn -0.2889 0.0975 -0.9524
vn -0.0846 -0.9565 -0.2790
vn -0.2779 0.2890 -0.9161
vn -0.1374 -0.8810 -0.4528
vn -0.2563 0.4696 -0.8448
vn -0.1847 -0.7715 -0.6088
vn -0.2248 0.6326 -0.7412
vn -0.2248 -0.6326 -0.7412
vn -0.1847 0.7715 -0.6088
vn -0.2563 -0.4696 -0.8448
vn -0.1374 0.8810 -0.4528
vn -0.2779 -0.2890 -0.9161
vn -0.0846 0.9565 -0.2790
vn -0.2889 -0.0975 -0.9524
vn -0.3651 -0.6326 -0.6831
vn -0.2999 0.7715 -0.5611
vn -0.4162 -0.4696 -0.7786
vn -0.2231 0.8810 -0.4173
vn -0.4513 -0.2890 -0.8443
vn -0.1374 0.9565 -0.2571
vn -0.4691 -0.0975 -0.8777
vn -0.0464 -0.9951 -0.0869
vn -0.0464 0.9951 -0.0869
vn -0.4691 0.0975 -0.8777
vn -0.1374 -0.9565 -0.2571
vn -0.4513 0.2890 -0.8443
vn -0.2231 -0.8810 -0.4173
vn -0.4162 0.4696 -0.7786
vn -0.2999 -0.7715 -0.5611
vn -0.3651 0.6326 -0.6831
vn -0.6314 0.0975 -0.7693
vn -0.1850 -0.9565 -0.2254
vn -0.6073 0.2890 -0.7400
vn -0.3002 -0.8810 -0.3658
vn -0.5601 0.4696 -0.6825
vn -0.4036 -0.7715 -0.4918
vn -0.4913 0.6326 -0.5987
vn -0.4913 -0.6326 -0.5987
vn -0.4036 0.7715 -0.4918
vn -0.5601 -0.4696 -0.6825
vn -0.3002 0.8810 -0.3658
vn -0.6073 -0.2890 -0.7400
vn -0.1850 0.9565 -0.2254
vn -0.6314 -0.0975 -0.7693
vn -0.0625 -0.9951 -0.0761
vn -0.0625 0.9951 -0.0761
vn -0.4918 0.7715 -0.4036
vn -0.6825 -0.4696 -0.5601
vn -0.3658 0.8810 -0.3002
vn -0.7400 -0.2890 -0.6073
vn -0.2254 0.9565 -0.1850
vn -0.7693 -0.0975 -0.6314
vn -0.0761 -0.9951 -0.0625
vn -0.0761 0.9951 -0.0625
vn -0.7693 0.0975 -0.6314
vn -0.2254 -0.9565 -0.1850
vn -0.7400 0.2890 -0.6073
vn -0.3658 -0.8810 -0.3002
vn -0.6825 0.4696 -0.5601
vn -0.4918 -0.7715 -0.4036
vn -0.5987 0.6326 -0.4913
vn -0.5987 -0.6326 -0.4913
vn -0.8443 0.2890 -0.4513
vn -0.4173 -0.8810 -0.2230
vn -0.7786 0.4696 -0.4162
vn -0.5611 -0.7715 -0.2999
vn -0.6831 0.6326 -0.3651
vn -0.6831 -0.6326 -0.3651
vn -0.5611 0.7715 -0.2999
vn -0.7786 -0.4696 -0.4162
vn -0.4173 0.8810 -0.2230
vn -0.8443 -0.2890 -0.4513
vn -0.2571 0.9565 -0.1374
vn -0.8777 -0.0975 -0.4691
vn -0.0869 -0.9951 -0.0464
vn -0.0869 0.9951 -0.0464
vn -0.8777 0.0975 -0.4691
vn -0.2571 -0.9565 -0.1374
vn -0.4528 0.8810 -0.1374
vn -0.9161 -0.2890 -0.2779
vn -0.2790 0.9565 -0.0846
vn -0.9524 -0.0975 -0.2889
vn -0.0942 -0.9951 -0.0286
vn -0.0942 0.9951 -0.0286
vn -0.9524 0.0975 -0.2889
vn -0.2790 -0.9565 -0.0846
vn -0.9161 0.2890 -0.2779
vn -0.4528 -0.8810 -0.1374
vn -0.8448 0.4696 -0.2563
vn -0.6088 -0.7715 -0.1847
vn -0.7412 0.6326 -0.2248
vn -0.7412 -0.6326 -0.2248
vn -0.6088 0.7715 -0.1847
vn -0.8448 -0.4696 -0.2563
vn -0.4709 -0.8810 -0.0464
vn -0.8786 0.4696 -0.0865
vn -0.6332 -0.7715 -0.0624
vn -0.7708 0.6326 -0.0759
vn -0.7708 -0.6326 -0.0759
vn -0.6332 0.7715 -0.0624
vn -0.8786 -0.4696 -0.0865
vn -0.4709 0.8810 -0.0464
vn -0.9527 -0.2890 -0.0938
vn -0.2902 0.9565 -0.0286
vn -0.9904 -0.0975 -0.0975
vn -0.0980 -0.9951 -0.0097
vn -0.0980 0.9951 -0.0097
vn -0.9904 0.0975 -0.0975
vn -0.2902 -0.9565 -0.0286
vn -0.9527 0.2890 -0.0938
vn -0.9527 -0.2890 0.0938
vn -0.2902 0.9565 0.0286
vn -0.9904 -0.0975 0.0976
vn -0.0980 -0.9951 0.0097
vn -0.0980 0.9951 0.0097
vn -0.9904 0.0975 0.0976
vn -0.2902 -0.9565 0.0286
vn -0.9527 0.2890 0.0938
vn -0.4709 -0.8810 0.0464
vn -0.8786 0.4696 0.0865
vn -0.6332 -0.7715 0.0624
vn -0.7708 0.6326 0.0759
vn -0.7708 -0.6326 0.0759
vn -0.6332 0.7715 0.0624
vn -0.8786 -0.4696 0.0865
vn -0.4709 0.8810 0.0464
vn -0.8448 0.4696 0.2563
vn -0.6088 -0.7715 0.1847
vn -0.7412 0.6326 0.2248
vn -0.7412 -0.6326 0.2248
vn -0.6088 0.7715 0.1847
vn -0.8448 -0.4696 0.2563
vn -0.4528 0.8810 0.1374
vn -0.9161 -0.2890 0.2779
vn -0.2790 0.9565 0.0846
vn -0.9524 -0.0975 0.2889
vn -0.0942 -0.9951 0.0286
vn -0.0942 0.9951 0.0286
vn -0.9524 0.0975 0.2889
vn -0.2790 -0.9565 0.0846
vn -0.9161 0.2890 0.2779
vn -0.4528 -0.8810 0.1374
vn -0.2571 0.9565 0.1374
vn -0.8777 -0.0975 0.4691
vn -0.0869 -0.9951 0.0464
vn -0.0869 0.9951 0.0464
vn -0.8777 0.0975 0.4691
vn -0.2571 -0.9565 0.1374
vn -0.8443 0.2890 0.4513
vn -0.4173 -0.8810 0.2230
vn -0.7786 0.4696 0.4162
vn -0.5611 -0.7715 0.2999
vn -0.6831 0.6326 0.3651
vn -0.6831 -0.6326 0.3651
vn -0.5611 0.7715 0.2999
vn -0.7786 -0.4696 0.4162
vn -0.4173 0.8810 0.2230
vn -0.8443 -0.2890 0.4513
vn -0.4918 -0.7715 0.4036
vn -0.5987 0.6326 0.4913
vn -0.5987 -0.6326 0.4913
vn -0.4918 0.7715 0.4036
vn -0.6825 -0.4696 0.5601
vn -0.3658 0.8810 0.3002
vn -0.7400 -0.2890 0.6073
vn -0.2254 0.9565 0.1850
vn -0.7693 -0.0975 0.6314
vn -0.0761 -0.9951 0.0625
vn -0.0761 0.9951 0.0625
vn -0.7693 0.0975 0.6314
vn -0.2254 -0.9565 0.1850
vn -0.7400 0.2890 0.6073
vn -0.3658 -0.8810 0.3002
vn -0.6825 0.4696 0.5601
vn -0.6314 -0.0975 0.7693
vn -0.0625 -0.9951 0.0761
vn -0.0625 0.9951 0.0761
vn -0.6314 0.0975 0.7693
vn -0.1850 -0.9565 0.2254
vn -0.6073 0.2890 0.7400
vn -0.3002 -0.8810 0.3658
vn -0.5601 0.4696 0.6825
vn -0.4036 -0.7715 0.4918
vn -0.4913 0.6326 0.5987
vn -0.4913 -0.6326 0.5987
vn -0.4036 0.7715 0.4918
vn -0.5601 -0.4696 0.6825
vn -0.3002 0.8810 0.3658
vn -0.6073 -0.2890 0.7400
vn -0.1850 0.9565 0.2254
vn -0.3651 0.6326 0.6831
vn -0.3651 -0.6326 0.6831
vn -0.2999 0.7715 0.5611
vn -0.4162 -0.4696 0.7786
vn -0.2231 0.8810 0.4173
vn -0.4513 -0.2890 0.8443
vn -0.1374 0.9565 0.2571
vn -0.4691 -0.0975 0.8777
vn -0.0464 -0.9951 0.0869
vn -0.0464 0.9951 0.0869
vn -0.4691 0.0975 0.8777
vn -0.1374 -0.9565 0.2571
vn -0.4513 0.2890 0.8443
vn -0.2231 -0.8810 0.4173
vn -0.4162 0.4696 0.7786
vn -0.2999 -0.7715 0.5611
vn -0.0286 0.9951 0.0942
vn -0.2889 0.0975 0.9524
vn -0.0846 -0.9565 0.2790
vn -0.2779 0.2890 0.9161
vn -0.1374 -0.8810 0.4528
vn -0.2563 0.4696 0.8448
vn -0.1847 -0.7715 0.6088
vn -0.2248 0.6326 0.7412
vn -0.2248 -0.6326 0.7412
vn -0.1847 0.7715 0.6088
vn -0.2563 -0.4696 0.8448
vn -0.1374 0.8810 0.4528
vn -0.2779 -0.2890 0.9161
vn -0.0846 0.9565 0.2790
vn -0.2889 -0.0975 0.9524
vn -0.0286 -0.9951 0.0942
vn -0.0624 0.7715 0.6332
vn -0.0865 -0.4696 0.8786
vn -0.0464 0.8810 0.4709
vn -0.0938 -0.2890 0.9527
vn -0.0286 0.9565 0.2902
vn -0.0976 -0.0975 0.9904
vn -0.0097 -0.9951 0.0980
vn -0.0097 0.9951 0.0980
vn -0.0976 0.0975 0.9904
vn -0.0286 -0.9565 0.2902
vn -0.0938 0.2890 0.9527
vn -0.0464 -0.8810 0.4709
vn -0.0865 0.4696 0.8786
vn -0.0624 -0.7715 0.6332
vn -0.0759 0.6326 0.7708
vn -0.0759 -0.6326 0.7708
vn 0.0975 -0.0975 0.9904
vn 0.2230 0.8810 0.4173
vn 0.4173 -0.8810 0.2230
vn 0.9904 -0.0975 -0.0976
vn 0.9904 0.0975 -0.0976
vn 0.4173 -0.8810 -0.2230
vn 0.4173 0.8810 -0.2230
vn 0.2254 0.9566 -0.1850
vn 0.2230 0.8810 -0.4173
vn -0.0976 -0.0975 -0.9904
vn -0.0976 0.0975 -0.9904
vn -0.4173 0.8810 -0.2231
vn -0.4173 0.8810 0.2231
vn -0.2230 0.8810 0.4173
vn -0.2230 -0.8810 0.4173
vt 0.718750 0.687500
vt 0.750000 0.687500
vt 0.750000 0.750000
vt 0.718750 0.187500
vt 0.750000 0.187500
vt 0.750000 0.250000
vt 0.750000 0.625000
vt 0.718750 0.125000
vt 0.750000 0.125000
vt 0.750000 0.562500
vt 0.718750 0.625000
vt 0.718750 0.062500
vt 0.750000 0.062500
vt 0.718750 0.500000
vt 0.750000 0.500000
vt 0.750000 0.937500
vt 0.734375 1.000000
vt 0.718750 0.937500
vt 0.734375 0.000000
vt 0.718750 0.437500
vt 0.750000 0.437500
vt 0.750000 0.875000
vt 0.718750 0.375000
vt 0.750000 0.375000
vt 0.750000 0.812500
vt 0.718750 0.875000
vt 0.718750 0.312500
vt 0.750000 0.312500
vt 0.718750 0.812500
vt 0.718750 0.250000
vt 0.687500 0.312500
vt 0.687500 0.750000
vt 0.718750 0.750000
vt 0.687500 0.250000
vt 0.687500 0.687500
vt 0.687500 0.625000
vt 0.687500 0.187500
vt 0.718750 0.562500
vt 0.687500 0.062500
vt 0.687500 0.500000
vt 0.703125 1.000000
vt 0.687500 0.937500
vt 0.703125 0.000000
vt 0.687500 0.437500
vt 0.687500 0.875000
vt 0.687500 0.375000
vt 0.687500 0.812500
vt 0.687500 0.125000
vt 0.656250 0.125000
vt 0.656250 0.500000
vt 0.687500 0.562500
vt 0.671875 1.000000
vt 0.656250 0.937500
vt 0.671875 0.000000
vt 0.656250 0.062500
vt 0.656250 0.875000
vt 0.656250 0.375000
vt 0.656250 0.812500
vt 0.656250 0.750000
vt 0.656250 0.312500
vt 0.656250 0.687500
vt 0.656250 0.250000
vt 0.656250 0.625000
vt 0.625000 0.250000
vt 0.625000 0.687500
vt 0.625000 0.187500
vt 0.656250 0.187500
vt 0.625000 0.625000
vt 0.656250 0.562500
vt 0.625000 0.062500
vt 0.625000 0.500000
vt 0.640625 1.000000
vt 0.625000 0.937500
vt 0.640625 0.000000
vt 0.625000 0.437500
vt 0.656250 0.437500
vt 0.625000 0.875000
vt 0.625000 0.375000
vt 0.625000 0.812500
vt 0.625000 0.750000
vt 0.609375 1.000000
vt 0.593750 0.937500
vt 0.609375 0.000000
vt 0.593750 0.062500
vt 0.593750 0.437500
vt 0.593750 0.875000
vt 0.593750 0.375000
vt 0.593750 0.812500
vt 0.625000 0.312500
vt 0.593750 0.750000
vt 0.593750 0.250000
vt 0.593750 0.625000
vt 0.593750 0.125000
vt 0.625000 0.125000
vt 0.625000 0.562500
vt 0.593750 0.562500
vt 0.593750 0.687500
vt 0.562500 0.750000
vt 0.562500 0.187500
vt 0.593750 0.187500
vt 0.562500 0.625000
vt 0.562500 0.125000
vt 0.593750 0.500000
vt 0.562500 0.562500
vt 0.578125 1.000000
vt 0.562500 0.937500
vt 0.578125 0.000000
vt 0.562500 0.062500
vt 0.562500 0.437500
vt 0.562500 0.875000
vt 0.562500 0.375000
vt 0.562500 0.812500
vt 0.593750 0.312500
vt 0.562500 0.250000
vt 0.531250 0.437500
vt 0.562500 0.500000
vt 0.531250 0.875000
vt 0.531250 0.375000
vt 0.531250 0.812500
vt 0.562500 0.312500
vt 0.531250 0.750000
vt 0.531250 0.250000
vt 0.562500 0.687500
vt 0.531250 0.625000
vt 0.531250 0.187500
vt 0.531250 0.062500
vt 0.531250 0.562500
vt 0.546875 1.000000
vt 0.531250 0.937500
vt 0.546875 0.000000
vt 0.500000 0.250000
vt 0.500000 0.625000
vt 0.531250 0.687500
vt 0.500000 0.125000
vt 0.531250 0.125000
vt 0.531250 0.500000
vt 0.500000 0.562500
vt 0.515625 1.000000
vt 0.500000 0.937500
vt 0.515625 0.000000
vt 0.500000 0.062500
vt 0.500000 0.437500
vt 0.500000 0.875000
vt 0.500000 0.375000
vt 0.500000 0.812500
vt 0.531250 0.312500
vt 0.500000 0.750000
vt 0.468750 0.937500
vt 0.468750 0.375000
vt 0.468750 0.812500
vt 0.500000 0.312500
vt 0.468750 0.750000
vt 0.468750 0.250000
vt 0.500000 0.687500
vt 0.500000 0.187500
vt 0.468750 0.625000
vt 0.468750 0.125000
vt 0.468750 0.062500
vt 0.500000 0.500000
vt 0.468750 0.562500
vt 0.484375 1.000000
vt 0.484375 0.000000
vt 0.468750 0.437500
vt 0.437500 0.625000
vt 0.468750 0.687500
vt 0.437500 0.125000
vt 0.468750 0.187500
vt 0.437500 0.062500
vt 0.468750 0.500000
vt 0.437500 0.562500
vt 0.453125 1.000000
vt 0.437500 0.937500
vt 0.453125 0.000000
vt 0.437500 0.437500
vt 0.437500 0.875000
vt 0.468750 0.875000
vt 0.437500 0.375000
vt 0.437500 0.812500
vt 0.468750 0.312500
vt 0.437500 0.750000
vt 0.437500 0.250000
vt 0.406250 0.375000
vt 0.406250 0.875000
vt 0.437500 0.312500
vt 0.406250 0.750000
vt 0.406250 0.250000
vt 0.437500 0.687500
vt 0.437500 0.187500
vt 0.406250 0.625000
vt 0.406250 0.125000
vt 0.437500 0.500000
vt 0.406250 0.562500
vt 0.421875 1.000000
vt 0.406250 0.937500
vt 0.421875 0.000000
vt 0.406250 0.062500
vt 0.406250 0.437500
vt 0.375000 0.125000
vt 0.406250 0.187500
vt 0.375000 0.625000
vt 0.406250 0.500000
vt 0.375000 0.562500
vt 0.390625 1.000000
vt 0.375000 0.937500
vt 0.390625 0.000000
vt 0.375000 0.062500
vt 0.375000 0.437500
vt 0.375000 0.875000
vt 0.375000 0.375000
vt 0.375000 0.812500
vt 0.406250 0.812500
vt 0.406250 0.312500
vt 0.375000 0.750000
vt 0.375000 0.250000
vt 0.406250 0.687500
vt 0.375000 0.312500
vt 0.343750 0.375000
vt 0.343750 0.750000
vt 0.343750 0.250000
vt 0.375000 0.687500
vt 0.375000 0.187500
vt 0.343750 0.625000
vt 0.343750 0.125000
vt 0.343750 0.062500
vt 0.375000 0.500000
vt 0.343750 0.562500
vt 0.359375 1.000000
vt 0.343750 0.937500
vt 0.359375 0.000000
vt 0.343750 0.437500
vt 0.343750 0.875000
vt 0.312500 0.062500
vt 0.343750 0.500000
vt 0.312500 0.562500
vt 0.328125 1.000000
vt 0.312500 0.937500
vt 0.328125 0.000000
vt 0.312500 0.437500
vt 0.312500 0.875000
vt 0.312500 0.375000
vt 0.312500 0.812500
vt 0.343750 0.812500
vt 0.343750 0.312500
vt 0.312500 0.750000
vt 0.312500 0.250000
vt 0.343750 0.687500
vt 0.343750 0.187500
vt 0.312500 0.625000
vt 0.312500 0.125000
vt 0.281250 0.750000
vt 0.281250 0.250000
vt 0.312500 0.312500
vt 0.312500 0.687500
vt 0.312500 0.187500
vt 0.281250 0.625000
vt 0.281250 0.125000
vt 0.281250 0.062500
vt 0.312500 0.500000
vt 0.281250 0.562500
vt 0.296875 1.000000
vt 0.281250 0.937500
vt 0.296875 0.000000
vt 0.281250 0.437500
vt 0.281250 0.875000
vt 0.281250 0.375000
vt 0.281250 0.812500
vt 0.281250 0.500000
vt 0.250000 0.562500
vt 0.265625 1.000000
vt 0.250000 0.937500
vt 0.265625 0.000000
vt 0.250000 0.062500
vt 0.250000 0.437500
vt 0.250000 0.875000
vt 0.250000 0.375000
vt 0.250000 0.812500
vt 0.281250 0.312500
vt 0.250000 0.750000
vt 0.250000 0.250000
vt 0.281250 0.687500
vt 0.281250 0.187500
vt 0.250000 0.625000
vt 0.250000 0.125000
vt 0.218750 0.250000
vt 0.250000 0.312500
vt 0.250000 0.687500
vt 0.218750 0.750000
vt 0.250000 0.187500
vt 0.218750 0.625000
vt 0.218750 0.125000
vt 0.250000 0.500000
vt 0.218750 0.562500
vt 0.234375 1.000000
vt 0.218750 0.937500
vt 0.234375 0.000000
vt 0.218750 0.062500
vt 0.218750 0.437500
vt 0.218750 0.875000
vt 0.218750 0.375000
vt 0.218750 0.812500
vt 0.203125 1.000000
vt 0.187500 0.937500
vt 0.203125 0.000000
vt 0.187500 0.062500
vt 0.187500 0.437500
vt 0.218750 0.500000
vt 0.187500 0.375000
vt 0.187500 0.812500
vt 0.218750 0.312500
vt 0.187500 0.750000
vt 0.187500 0.250000
vt 0.218750 0.687500
vt 0.218750 0.187500
vt 0.187500 0.625000
vt 0.187500 0.187500
vt 0.187500 0.562500
vt 0.187500 0.687500
vt 0.156250 0.750000
vt 0.156250 0.250000
vt 0.156250 0.625000
vt 0.187500 0.125000
vt 0.156250 0.187500
vt 0.156250 0.062500
vt 0.187500 0.500000
vt 0.156250 0.562500
vt 0.171875 1.000000
vt 0.156250 0.937500
vt 0.171875 0.000000
vt 0.156250 0.437500
vt 0.156250 0.875000
vt 0.187500 0.875000
vt 0.156250 0.375000
vt 0.156250 0.812500
vt 0.187500 0.312500
vt 0.125000 0.437500
vt 0.156250 0.500000
vt 0.125000 0.875000
vt 0.125000 0.375000
vt 0.156250 0.312500
vt 0.125000 0.750000
vt 0.125000 0.250000
vt 0.156250 0.687500
vt 0.125000 0.625000
vt 0.125000 0.125000
vt 0.156250 0.125000
vt 0.125000 0.062500
vt 0.125000 0.562500
vt 0.140625 1.000000
vt 0.125000 0.937500
vt 0.140625 0.000000
vt 0.125000 0.187500
vt 0.093750 0.250000
vt 0.093750 0.625000
vt 0.125000 0.687500
vt 0.093750 0.125000
vt 0.093750 0.062500
vt 0.125000 0.500000
vt 0.093750 0.562500
vt 0.109375 1.000000
vt 0.093750 0.937500
vt 0.109375 0.000000
vt 0.093750 0.437500
vt 0.093750 0.375000
vt 0.125000 0.812500
vt 0.093750 0.875000
vt 0.125000 0.312500
vt 0.093750 0.750000
vt 0.062500 0.375000
vt 0.093750 0.812500
vt 0.062500 0.875000
vt 0.093750 0.312500
vt 0.062500 0.750000
vt 0.062500 0.250000
vt 0.093750 0.687500
vt 0.093750 0.187500
vt 0.062500 0.625000
vt 0.062500 0.187500
vt 0.062500 0.062500
vt 0.093750 0.500000
vt 0.062500 0.562500
vt 0.078125 1.000000
vt 0.062500 0.937500
vt 0.078125 0.000000
vt 0.062500 0.437500
vt 0.031250 0.125000
vt 0.062500 0.125000
vt 0.031250 0.625000
vt 0.062500 0.500000
vt 0.031250 0.562500
vt 0.046875 1.000000
vt 0.031250 0.937500
vt 0.046875 0.000000
vt 0.031250 0.062500
vt 0.031250 0.437500
vt 0.031250 0.375000
vt 0.031250 0.812500
vt 0.062500 0.812500
vt 0.062500 0.312500
vt 0.031250 0.750000
vt 0.031250 0.250000
vt 0.062500 0.687500
vt 0.000000 0.812500
vt 0.031250 0.875000
vt 0.031250 0.312500
vt 0.000000 0.375000
vt 0.000000 0.750000
vt 0.000000 0.250000
vt 0.031250 0.687500
vt 0.031250 0.187500
vt 0.000000 0.625000
vt 0.000000 0.125000
vt 0.000000 0.062500
vt 0.031250 0.500000
vt 0.000000 0.562500
vt 0.015625 1.000000
vt 0.000000 0.937500
vt 0.015625 0.000000
vt 0.000000 0.437500
vt 0.000000 0.875000
vt 1.000000 0.562500
vt 1.000000 0.625000
vt 0.968750 0.625000
vt 0.968750 0.062500
vt 1.000000 0.062500
vt 1.000000 0.125000
vt 1.000000 0.500000
vt 0.968750 0.562500
vt 1.000000 0.937500
vt 0.984375 1.000000
vt 0.968750 0.937500
vt 0.984375 0.000000
vt 0.968750 0.437500
vt 1.000000 0.437500
vt 1.000000 0.875000
vt 0.968750 0.375000
vt 1.000000 0.375000
vt 1.000000 0.812500
vt 0.968750 0.875000
vt 1.000000 0.312500
vt 0.968750 0.750000
vt 1.000000 0.750000
vt 0.968750 0.250000
vt 1.000000 0.250000
vt 1.000000 0.687500
vt 1.000000 0.187500
vt 0.968750 0.125000
vt 0.968750 0.312500
vt 0.937500 0.375000
vt 0.937500 0.750000
vt 0.968750 0.812500
vt 0.937500 0.250000
vt 0.968750 0.687500
vt 0.968750 0.187500
vt 0.937500 0.625000
vt 0.937500 0.125000
vt 0.937500 0.062500
vt 0.968750 0.500000
vt 0.937500 0.562500
vt 0.953125 1.000000
vt 0.937500 0.937500
vt 0.953125 0.000000
vt 0.937500 0.437500
vt 0.937500 0.875000
vt 0.906250 0.062500
vt 0.937500 0.500000
vt 0.906250 0.562500
vt 0.921875 1.000000
vt 0.906250 0.937500
vt 0.921875 0.000000
vt 0.906250 0.437500
vt 0.906250 0.375000
vt 0.906250 0.812500
vt 0.937500 0.812500
vt 0.937500 0.312500
vt 0.906250 0.750000
vt 0.906250 0.250000
vt 0.937500 0.687500
vt 0.937500 0.187500
vt 0.906250 0.625000
vt 0.906250 0.187500
vt 0.875000 0.750000
vt 0.875000 0.250000
vt 0.906250 0.312500
vt 0.906250 0.687500
vt 0.875000 0.625000
vt 0.875000 0.125000
vt 0.906250 0.125000
vt 0.906250 0.500000
vt 0.875000 0.562500
vt 0.890625 1.000000
vt 0.875000 0.937500
vt 0.890625 0.000000
vt 0.875000 0.062500
vt 0.875000 0.437500
vt 0.875000 0.875000
vt 0.906250 0.875000
vt 0.875000 0.375000
vt 0.875000 0.500000
vt 0.843750 0.562500
vt 0.859375 1.000000
vt 0.843750 0.937500
vt 0.859375 0.000000
vt 0.843750 0.062500
vt 0.843750 0.437500
vt 0.843750 0.875000
vt 0.843750 0.375000
vt 0.875000 0.812500
vt 0.875000 0.312500
vt 0.843750 0.750000
vt 0.843750 0.250000
vt 0.875000 0.687500
vt 0.875000 0.187500
vt 0.843750 0.625000
vt 0.843750 0.125000
vt 0.812500 0.250000
vt 0.843750 0.312500
vt 0.843750 0.687500
vt 0.812500 0.750000
vt 0.843750 0.187500
vt 0.812500 0.625000
vt 0.812500 0.125000
vt 0.812500 0.062500
vt 0.843750 0.500000
vt 0.812500 0.562500
vt 0.828125 1.000000
vt 0.812500 0.937500
vt 0.828125 0.000000
vt 0.812500 0.437500
vt 0.812500 0.875000
vt 0.812500 0.375000
vt 0.843750 0.812500
vt 0.796875 0.000000
vt 0.781250 0.062500
vt 0.781250 0.437500
vt 0.812500 0.500000
vt 0.781250 0.875000
vt 0.781250 0.375000
vt 0.812500 0.812500
vt 0.812500 0.312500
vt 0.781250 0.750000
vt 0.781250 0.250000
vt 0.812500 0.687500
vt 0.812500 0.187500
vt 0.781250 0.625000
vt 0.781250 0.125000
vt 0.781250 0.562500
vt 0.796875 1.000000
vt 0.781250 0.937500
vt 0.781250 0.187500
vt 0.781250 0.687500
vt 0.781250 0.500000
vt 0.765625 1.000000
vt 0.765625 0.000000
vt 0.781250 0.812500
vt 0.781250 0.312500
vt 0.000000 0.312500
vt 0.000000 0.687500
vt 0.000000 0.187500
vt 0.000000 0.500000
s 0
usemtl マテリアル
f 11/1/1 2/2/1 476/3/1
f 19/4/2 480/5/2 479/6/2
f 477/7/3 2/2/3 11/1/3
f 20/8/4 481/9/4 480/5/4
f 3/10/5 477/7/5 12/11/5
f 21/12/6 482/13/6 481/9/6
f 14/14/7 4/15/7 3/10/7
f 474/16/8 82/17/8 7/18/8
f 308/19/9 482/13/9 21/12/9
f 15/20/10 5/21/10 4/15/10
f 475/22/11 474/16/11 7/18/11
f 16/23/12 478/24/12 5/21/12
f 1/25/13 475/22/13 8/26/13
f 17/27/14 6/28/14 478/24/14
f 476/3/15 1/25/15 9/29/15
f 18/30/16 479/6/16 6/28/16
f 32/31/17 17/27/17 16/23/17
f 25/32/18 10/33/18 9/29/18
f 33/34/19 18/30/19 17/27/19
f 26/35/20 11/1/20 10/33/20
f 19/4/21 18/30/21 33/34/21
f 27/36/22 12/11/22 11/1/22
f 20/8/23 19/4/23 34/37/23
f 13/38/24 12/11/24 27/36/24
f 36/39/25 21/12/25 20/8/25
f 29/40/26 14/14/26 13/38/26
f 7/18/27 82/41/27 22/42/27
f 308/43/28 21/12/28 36/39/28
f 30/44/29 15/20/29 14/14/29
f 23/45/30 8/26/30 7/18/30
f 31/46/31 16/23/31 15/20/31
f 24/47/32 9/29/32 8/26/32
f 36/39/33 35/48/33 50/49/33
f 44/50/34 29/40/34 28/51/34
f 22/42/35 82/52/35 37/53/35
f 308/54/36 36/39/36 51/55/36
f 30/44/37 29/40/37 44/50/37
f 38/56/38 23/45/38 22/42/38
f 46/57/39 31/46/39 30/44/39
f 39/58/40 24/47/40 23/45/40
f 32/31/41 31/46/41 46/57/41
f 40/59/42 25/32/42 24/47/42
f 33/34/43 32/31/43 47/60/43
f 41/61/44 26/35/44 25/32/44
f 34/37/45 33/34/45 48/62/45
f 42/63/46 27/36/46 26/35/46
f 50/49/47 35/48/47 34/37/47
f 28/51/48 27/36/48 42/63/48
f 63/64/49 48/62/49 47/60/49
f 56/65/50 41/61/50 40/59/50
f 64/66/51 49/67/51 48/62/51
f 57/68/52 42/63/52 41/61/52
f 50/49/53 49/67/53 64/66/53
f 43/69/54 42/63/54 57/68/54
f 66/70/55 51/55/55 50/49/55
f 59/71/56 44/50/56 43/69/56
f 37/53/57 82/72/57 52/73/57
f 308/74/58 51/55/58 66/70/58
f 60/75/59 45/76/59 44/50/59
f 53/77/60 38/56/60 37/53/60
f 61/78/61 46/57/61 45/76/61
f 54/79/62 39/58/62 38/56/62
f 47/60/63 46/57/63 61/78/63
f 55/80/64 40/59/64 39/58/64
f 52/73/65 82/81/65 67/82/65
f 308/83/66 66/70/66 81/84/66
f 75/85/67 60/75/67 59/71/67
f 68/86/68 53/77/68 52/73/68
f 76/87/69 61/78/69 60/75/69
f 69/88/70 54/79/70 53/77/70
f 62/89/71 61/78/71 76/87/71
f 70/90/72 55/80/72 54/79/72
f 78/91/73 63/64/73 62/89/73
f 56/65/74 55/80/74 70/90/74
f 64/66/75 63/64/75 78/91/75
f 72/92/76 57/68/76 56/65/76
f 80/93/77 65/94/77 64/66/77
f 58/95/78 57/68/78 72/92/78
f 81/84/79 66/70/79 65/94/79
f 59/71/80 58/95/80 73/96/80
f 71/97/81 70/90/81 86/98/81
f 95/99/82 79/100/82 78/91/82
f 88/101/83 72/92/83 71/97/83
f 96/102/84 80/93/84 79/100/84
f 73/96/85 72/92/85 88/101/85
f 81/84/86 80/93/86 96/102/86
f 74/103/87 73/96/87 89/104/87
f 67/82/88 82/105/88 83/106/88
f 308/107/89 81/84/89 97/108/89
f 91/109/90 75/85/90 74/103/90
f 84/110/91 68/86/91 67/82/91
f 92/111/92 76/87/92 75/85/92
f 85/112/93 69/88/93 68/86/93
f 77/113/94 76/87/94 92/111/94
f 70/90/95 69/88/95 85/112/95
f 94/114/96 78/91/96 77/113/96
f 106/115/97 91/109/97 90/116/97
f 99/117/98 84/110/98 83/106/98
f 107/118/99 92/111/99 91/109/99
f 100/119/100 85/112/100 84/110/100
f 93/120/101 92/111/101 107/118/101
f 101/121/102 86/98/102 85/112/102
f 109/122/103 94/114/103 93/120/103
f 87/123/104 86/98/104 101/121/104
f 95/99/105 94/114/105 109/122/105
f 103/124/106 88/101/106 87/123/106
f 96/102/107 95/99/107 110/125/107
f 89/104/108 88/101/108 103/124/108
f 112/126/109 97/108/109 96/102/109
f 90/116/110 89/104/110 104/127/110
f 83/106/111 82/128/111 98/129/111
f 308/130/112 97/108/112 112/126/112
f 110/125/113 109/122/113 124/131/113
f 118/132/114 103/124/114 102/133/114
f 126/134/115 111/135/115 110/125/115
f 104/127/116 103/124/116 118/132/116
f 112/126/117 111/135/117 126/134/117
f 105/136/118 104/127/118 119/137/118
f 98/129/119 82/138/119 113/139/119
f 308/140/120 112/126/120 127/141/120
f 121/142/121 106/115/121 105/136/121
f 114/143/122 99/117/122 98/129/122
f 122/144/123 107/118/123 106/115/123
f 115/145/124 100/119/124 99/117/124
f 108/146/125 107/118/125 122/144/125
f 116/147/126 101/121/126 100/119/126
f 124/131/127 109/122/127 108/146/127
f 102/133/128 101/121/128 116/147/128
f 114/143/129 113/139/129 128/148/129
f 137/149/130 122/144/130 121/142/130
f 130/150/131 115/145/131 114/143/131
f 123/151/132 122/144/132 137/149/132
f 131/152/133 116/147/133 115/145/133
f 139/153/134 124/131/134 123/151/134
f 117/154/135 116/147/135 131/152/135
f 125/155/136 124/131/136 139/153/136
f 133/156/137 118/132/137 117/154/137
f 141/157/138 126/134/138 125/155/138
f 119/137/139 118/132/139 133/156/139
f 142/158/140 127/141/140 126/134/140
f 120/159/141 119/137/141 134/160/141
f 113/139/142 82/161/142 128/148/142
f 308/162/143 127/141/143 142/158/143
f 136/163/144 121/142/144 120/159/144
f 148/164/145 133/156/145 132/165/145
f 156/166/146 141/157/146 140/167/146
f 134/160/147 133/156/147 148/164/147
f 157/168/148 142/158/148 141/157/148
f 135/169/149 134/160/149 149/170/149
f 128/148/150 82/171/150 143/172/150
f 308/173/151 142/158/151 157/168/151
f 151/174/152 136/163/152 135/169/152
f 144/175/153 129/176/153 128/148/153
f 152/177/154 137/149/154 136/163/154
f 145/178/155 130/150/155 129/176/155
f 138/179/156 137/149/156 152/177/156
f 146/180/157 131/152/157 130/150/157
f 154/181/158 139/153/158 138/179/158
f 132/165/159 131/152/159 146/180/159
f 140/167/160 139/153/160 154/181/160
f 167/182/161 152/177/161 151/174/161
f 145/178/162 144/175/162 159/183/162
f 153/184/163 152/177/163 167/182/163
f 161/185/164 146/180/164 145/178/164
f 169/186/165 154/181/165 153/184/165
f 147/187/166 146/180/166 161/185/166
f 155/188/167 154/181/167 169/186/167
f 163/189/168 148/164/168 147/187/168
f 171/190/169 156/166/169 155/188/169
f 149/170/170 148/164/170 163/189/170
f 157/168/171 156/166/171 171/190/171
f 150/191/172 149/170/172 164/192/172
f 143/172/173 82/193/173 158/194/173
f 308/195/174 157/168/174 172/196/174
f 166/197/175 151/174/175 150/191/175
f 159/183/176 144/175/176 143/172/176
f 186/198/177 171/190/177 170/199/177
f 164/192/178 163/189/178 178/200/178
f 172/196/179 171/190/179 186/198/179
f 165/201/180 164/192/180 179/202/180
f 158/194/181 82/203/181 173/204/181
f 308/205/182 172/196/182 187/206/182
f 181/207/183 166/197/183 165/201/183
f 174/208/184 159/183/184 158/194/184
f 182/209/185 167/182/185 166/197/185
f 175/210/186 160/211/186 159/183/186
f 168/212/187 167/182/187 182/209/187
f 176/213/188 161/185/188 160/211/188
f 184/214/189 169/186/189 168/212/189
f 162/215/190 161/185/190 176/213/190
f 170/199/191 169/186/191 184/214/191
f 178/200/192 163/189/192 162/215/192
f 183/216/193 182/209/193 197/217/193
f 191/218/194 176/213/194 175/210/194
f 199/219/195 184/214/195 183/216/195
f 177/220/196 176/213/196 191/218/196
f 185/221/197 184/214/197 199/219/197
f 193/222/198 178/200/198 177/220/198
f 201/223/199 186/198/199 185/221/199
f 179/202/200 178/200/200 193/222/200
f 202/224/201 187/206/201 186/198/201
f 180/225/202 179/202/202 194/226/202
f 173/204/203 82/227/203 188/228/203
f 308/229/204 187/206/204 202/224/204
f 196/230/205 181/207/205 180/225/205
f 174/208/206 173/204/206 188/228/206
f 197/217/207 182/209/207 181/207/207
f 175/210/208 174/208/208 189/231/208
f 217/232/209 202/224/209 201/223/209
f 195/233/210 194/226/210 209/234/210
f 188/228/211 82/235/211 203/236/211
f 308/237/212 202/224/212 217/232/212
f 211/238/213 196/230/213 195/233/213
f 204/239/214 189/231/214 188/228/214
f 212/240/215 197/217/215 196/230/215
f 205/241/216 190/242/216 189/231/216
f 198/243/217 197/217/217 212/240/217
f 206/244/218 191/218/218 190/242/218
f 214/245/219 199/219/219 198/243/219
f 192/246/220 191/218/220 206/244/220
f 200/247/221 199/219/221 214/245/221
f 208/248/222 193/222/222 192/246/222
f 216/249/223 201/223/223 200/247/223
f 194/226/224 193/222/224 208/248/224
f 221/250/225 206/244/225 205/241/225
f 229/251/226 214/245/226 213/252/226
f 207/253/227 206/244/227 221/250/227
f 215/254/228 214/245/228 229/251/228
f 223/255/229 208/248/229 207/253/229
f 231/256/230 216/249/230 215/254/230
f 209/234/231 208/248/231 223/255/231
f 232/257/232 217/232/232 216/249/232
f 210/258/233 209/234/233 224/259/233
f 203/236/234 82/260/234 218/261/234
f 308/262/235 217/232/235 232/257/235
f 226/263/236 211/238/236 210/258/236
f 219/264/237 204/239/237 203/236/237
f 227/265/238 212/240/238 211/238/238
f 220/266/239 205/241/239 204/239/239
f 213/252/240 212/240/240 227/265/240
f 225/267/241 224/259/241 239/268/241
f 218/261/242 82/269/242 233/270/242
f 308/271/243 232/257/243 247/272/243
f 241/273/244 226/263/244 225/267/244
f 234/274/245 219/264/245 218/261/245
f 242/275/246 227/265/246 226/263/246
f 235/276/247 220/266/247 219/264/247
f 228/277/248 227/265/248 242/275/248
f 236/278/249 221/250/249 220/266/249
f 244/279/250 229/251/250 228/277/250
f 222/280/251 221/250/251 236/278/251
f 230/281/252 229/251/252 244/279/252
f 238/282/253 223/255/253 222/280/253
f 246/283/254 231/256/254 230/281/254
f 224/259/255 223/255/255 238/282/255
f 247/272/256 232/257/256 231/256/256
f 259/284/257 244/279/257 243/285/257
f 237/286/258 236/278/258 251/287/258
f 245/288/259 244/279/259 259/284/259
f 253/289/260 238/282/260 237/286/260
f 261/290/261 246/283/261 245/288/261
f 239/268/262 238/282/262 253/289/262
f 247/272/263 246/283/263 261/290/263
f 240/291/264 239/268/264 254/292/264
f 233/270/265 82/293/265 248/294/265
f 308/295/266 247/272/266 262/296/266
f 256/297/267 241/273/267 240/291/267
f 249/298/268 234/274/268 233/270/268
f 257/299/269 242/275/269 241/273/269
f 250/300/270 235/276/270 234/274/270
f 243/285/271 242/275/271 257/299/271
f 251/287/272 236/278/272 235/276/272
f 248/294/273 82/301/273 263/302/273
f 308/303/274 262/296/274 277/304/274
f 271/305/275 256/297/275 255/306/275
f 249/298/276 248/294/276 263/302/276
f 272/307/277 257/299/277 256/297/277
f 265/308/278 250/300/278 249/298/278
f 258/309/279 257/299/279 272/307/279
f 266/310/280 251/287/280 250/300/280
f 274/311/281 259/284/281 258/309/281
f 252/312/282 251/287/282 266/310/282
f 260/313/283 259/284/283 274/311/283
f 268/314/284 253/289/284 252/312/284
f 261/290/285 260/313/285 275/315/285
f 254/292/286 253/289/286 268/314/286
f 277/304/287 262/296/287 261/290/287
f 255/306/288 254/292/288 269/316/288
f 267/317/289 266/310/289 281/318/289
f 275/315/290 274/311/290 289/319/290
f 283/320/291 268/314/291 267/317/291
f 276/321/292 275/315/292 290/322/292
f 269/316/293 268/314/293 283/320/293
f 292/323/294 277/304/294 276/321/294
f 270/324/295 269/316/295 284/325/295
f 263/302/296 82/326/296 278/327/296
f 308/328/297 277/304/297 292/323/297
f 286/329/298 271/305/298 270/324/298
f 279/330/299 264/331/299 263/302/299
f 287/332/300 272/307/300 271/305/300
f 280/333/301 265/308/301 264/331/301
f 273/334/302 272/307/302 287/332/302
f 281/318/303 266/310/303 265/308/303
f 289/319/304 274/311/304 273/334/304
f 301/335/305 286/329/305 285/336/305
f 294/337/306 279/330/306 278/327/306
f 302/338/307 287/332/307 286/329/307
f 280/333/308 279/330/308 294/337/308
f 288/339/309 287/332/309 302/338/309
f 296/340/310 281/318/310 280/333/310
f 304/341/311 289/319/311 288/339/311
f 282/342/312 281/318/312 296/340/312
f 290/322/313 289/319/313 304/341/313
f 298/343/314 283/320/314 282/342/314
f 306/344/315 291/345/315 290/322/315
f 284/325/316 283/320/316 298/343/316
f 307/346/317 292/323/317 291/345/317
f 285/336/318 284/325/318 299/347/318
f 278/327/319 82/348/319 293/349/319
f 308/350/320 292/323/320 307/346/320
f 305/351/321 304/341/321 320/352/321
f 314/353/322 298/343/322 297/354/322
f 322/355/323 306/344/323 305/351/323
f 299/347/324 298/343/324 314/353/324
f 323/356/325 307/346/325 306/344/325
f 300/357/326 299/347/326 315/358/326
f 293/349/327 82/359/327 309/360/327
f 308/361/328 307/346/328 323/356/328
f 317/362/329 301/335/329 300/357/329
f 294/337/330 293/349/330 309/360/330
f 318/363/331 302/338/331 301/335/331
f 295/364/332 294/337/332 310/365/332
f 303/366/333 302/338/333 318/363/333
f 312/367/334 296/340/334 295/364/334
f 320/352/335 304/341/335 303/366/335
f 297/354/336 296/340/336 312/367/336
f 333/368/337 318/363/337 317/362/337
f 311/369/338 310/365/338 325/370/338
f 319/371/339 318/363/339 333/368/339
f 327/372/340 312/367/340 311/369/340
f 335/373/341 320/352/341 319/371/341
f 313/374/342 312/367/342 327/372/342
f 321/375/343 320/352/343 335/373/343
f 329/376/344 314/353/344 313/374/344
f 322/355/345 321/375/345 336/377/345
f 315/358/346 314/353/346 329/376/346
f 338/378/347 323/356/347 322/355/347
f 316/379/348 315/358/348 330/380/348
f 309/360/349 82/381/349 324/382/349
f 308/383/350 323/356/350 338/378/350
f 332/384/351 317/362/351 316/379/351
f 325/370/352 310/365/352 309/360/352
f 352/385/353 337/386/353 336/377/353
f 330/380/354 329/376/354 344/387/354
f 338/378/355 337/386/355 352/385/355
f 331/388/356 330/380/356 345/389/356
f 324/382/357 82/390/357 339/391/357
f 308/392/358 338/378/358 353/393/358
f 347/394/359 332/384/359 331/388/359
f 325/370/360 324/382/360 339/391/360
f 348/395/361 333/368/361 332/384/361
f 341/396/362 326/397/362 325/370/362
f 334/398/363 333/368/363 348/395/363
f 342/399/364 327/372/364 326/397/364
f 350/400/365 335/373/365 334/398/365
f 328/401/366 327/372/366 342/399/366
f 336/377/367 335/373/367 350/400/367
f 344/387/368 329/376/368 328/401/368
f 356/402/369 341/396/369 340/403/369
f 349/404/370 348/395/370 363/405/370
f 357/406/371 342/399/371 341/396/371
f 365/407/372 350/400/372 349/404/372
f 343/408/373 342/399/373 357/406/373
f 351/409/374 350/400/374 365/407/374
f 359/410/375 344/387/375 343/408/375
f 367/411/376 352/385/376 351/409/376
f 345/389/377 344/387/377 359/410/377
f 368/412/378 353/393/378 352/385/378
f 346/413/379 345/389/379 360/414/379
f 339/391/380 82/415/380 354/416/380
f 308/417/381 353/393/381 368/412/381
f 362/418/382 347/394/382 346/413/382
f 355/419/383 340/403/383 339/391/383
f 363/405/384 348/395/384 347/394/384
f 360/420/385 359/421/385 374/422/385
f 383/423/386 368/424/386 367/425/386
f 361/426/387 360/420/387 375/427/387
f 354/428/388 82/429/388 369/430/388
f 308/431/389 368/424/389 383/423/389
f 377/432/390 362/433/390 361/426/390
f 355/434/391 354/428/391 369/430/391
f 378/435/392 363/436/392 362/433/392
f 356/437/393 355/434/393 370/438/393
f 364/439/394 363/436/394 378/435/394
f 372/440/395 357/441/395 356/437/395
f 380/442/396 365/443/396 364/439/396
f 358/444/397 357/441/397 372/440/397
f 366/445/398 365/443/398 380/442/398
f 374/422/399 359/421/399 358/444/399
f 382/446/400 367/425/400 366/445/400
f 379/447/401 378/435/401 393/448/401
f 387/449/402 372/440/402 371/450/402
f 395/451/403 380/442/403 379/447/403
f 373/452/404 372/440/404 387/449/404
f 381/453/405 380/442/405 395/451/405
f 389/454/406 374/422/406 373/452/406
f 397/455/407 382/446/407 381/453/407
f 375/427/408 374/422/408 389/454/408
f 398/456/409 383/423/409 382/446/409
f 376/457/410 375/427/410 390/458/410
f 369/430/411 82/459/411 384/460/411
f 308/461/412 383/423/412 398/456/412
f 392/462/413 377/432/413 376/457/413
f 385/463/414 370/438/414 369/430/414
f 393/448/415 378/435/415 377/432/415
f 371/450/416 370/438/416 385/463/416
f 413/464/417 398/456/417 397/455/417
f 391/465/418 390/458/418 405/466/418
f 384/460/419 82/467/419 399/468/419
f 308/469/420 398/456/420 413/464/420
f 407/470/421 392/462/421 391/465/421
f 385/463/422 384/460/422 399/468/422
f 408/471/423 393/448/423 392/462/423
f 401/472/424 386/473/424 385/463/424
f 394/474/425 393/448/425 408/471/425
f 402/475/426 387/449/426 386/473/426
f 410/476/427 395/451/427 394/474/427
f 388/477/428 387/449/428 402/475/428
f 396/478/429 395/451/429 410/476/429
f 404/479/430 389/454/430 388/477/430
f 397/455/431 396/478/431 411/480/431
f 390/458/432 389/454/432 404/479/432
f 417/481/433 402/475/433 401/472/433
f 425/482/434 410/476/434 409/483/434
f 403/484/435 402/475/435 417/481/435
f 411/480/436 410/476/436 425/482/436
f 419/485/437 404/479/437 403/484/437
f 427/486/438 412/487/438 411/480/438
f 405/466/439 404/479/439 419/485/439
f 413/464/440 412/487/440 427/486/440
f 406/488/441 405/466/441 420/489/441
f 399/468/442 82/490/442 414/491/442
f 308/492/443 413/464/443 428/493/443
f 422/494/444 407/470/444 406/488/444
f 415/495/445 400/496/445 399/468/445
f 423/497/446 408/471/446 407/470/446
f 401/472/447 400/496/447 415/495/447
f 409/483/448 408/471/448 423/497/448
f 421/498/449 420/489/449 435/499/449
f 414/491/450 82/500/450 429/501/450
f 308/502/451 428/493/451 443/503/451
f 437/504/452 422/494/452 421/498/452
f 430/505/453 415/495/453 414/491/453
f 438/506/454 423/497/454 422/494/454
f 416/507/455 415/495/455 430/505/455
f 424/508/456 423/497/456 438/506/456
f 432/509/457 417/481/457 416/507/457
f 440/510/458 425/482/458 424/508/458
f 418/511/459 417/481/459 432/509/459
f 426/512/460 425/482/460 440/510/460
f 434/513/461 419/485/461 418/511/461
f 442/514/462 427/486/462 426/512/462
f 420/489/463 419/485/463 434/513/463
f 443/503/464 428/493/464 427/486/464
f 455/515/465 440/510/465 439/516/465
f 433/517/466 432/509/466 447/518/466
f 441/519/467 440/510/467 455/515/467
f 449/520/468 434/513/468 433/517/468
f 457/521/469 442/514/469 441/519/469
f 435/499/470 434/513/470 449/520/470
f 458/522/471 443/503/471 442/514/471
f 436/523/472 435/499/472 450/524/472
f 429/501/473 82/525/473 444/526/473
f 308/527/474 443/503/474 458/522/474
f 452/528/475 437/504/475 436/523/475
f 445/529/476 430/505/476 429/501/476
f 453/530/477 438/506/477 437/504/477
f 431/531/478 430/505/478 445/529/478
f 439/516/479 438/506/479 453/530/479
f 447/518/480 432/509/480 431/531/480
f 308/532/481 458/522/481 473/533/481
f 467/534/482 452/528/482 451/535/482
f 460/536/483 445/529/483 444/526/483
f 468/537/484 453/530/484 452/528/484
f 446/538/485 445/529/485 460/536/485
f 454/539/486 453/530/486 468/537/486
f 462/540/487 447/518/487 446/538/487
f 470/541/488 455/515/488 454/539/488
f 448/542/489 447/518/489 462/540/489
f 456/543/490 455/515/490 470/541/490
f 464/544/491 449/520/491 448/542/491
f 472/545/492 457/521/492 456/543/492
f 450/524/493 449/520/493 464/544/493
f 473/533/494 458/522/494 457/521/494
f 451/535/495 450/524/495 465/546/495
f 444/526/496 82/547/496 459/548/496
f 471/549/497 470/541/497 479/6/497
f 464/544/498 463/550/498 2/2/498
f 481/9/499 472/545/499 471/549/499
f 465/546/500 464/544/500 477/7/500
f 482/13/501 473/533/501 472/545/501
f 466/551/502 465/546/502 3/10/502
f 459/548/503 82/552/503 474/16/503
f 308/553/504 473/533/504 482/13/504
f 5/21/505 467/534/505 466/551/505
f 460/536/506 459/548/506 474/16/506
f 478/24/507 468/537/507 467/534/507
f 461/554/508 460/536/508 475/22/508
f 6/28/509 469/555/509 468/537/509
f 462/540/510 461/554/510 1/25/510
f 479/6/511 470/541/511 469/555/511
f 463/550/512 462/540/512 476/3/512
f 11/1/1 476/3/1 10/33/1
f 19/4/2 479/6/2 18/30/2
f 477/7/3 11/1/3 12/11/3
f 20/8/4 480/5/4 19/4/4
f 3/10/5 12/11/5 13/38/5
f 21/12/6 481/9/6 20/8/6
f 14/14/513 3/10/513 13/38/513
f 15/20/10 4/15/10 14/14/10
f 475/22/11 7/18/11 8/26/11
f 16/23/12 5/21/12 15/20/12
f 1/25/13 8/26/13 9/29/13
f 17/27/14 478/24/14 16/23/14
f 476/3/15 9/29/15 10/33/15
f 18/30/16 6/28/16 17/27/16
f 32/31/17 16/23/17 31/46/17
f 25/32/18 9/29/18 24/47/18
f 33/34/19 17/27/19 32/31/19
f 26/35/20 10/33/20 25/32/20
f 19/4/21 33/34/21 34/37/21
f 27/36/22 11/1/22 26/35/22
f 20/8/23 34/37/23 35/48/23
f 13/38/24 27/36/24 28/51/24
f 36/39/25 20/8/25 35/48/25
f 29/40/26 13/38/26 28/51/26
f 30/44/29 14/14/29 29/40/29
f 23/45/30 7/18/30 22/42/30
f 31/46/31 15/20/31 30/44/31
f 24/47/32 8/26/32 23/45/32
f 36/39/33 50/49/33 51/55/33
f 44/50/34 28/51/34 43/69/34
f 30/44/37 44/50/37 45/76/37
f 38/56/38 22/42/38 37/53/38
f 46/57/39 30/44/39 45/76/39
f 39/58/40 23/45/40 38/56/40
f 32/31/41 46/57/41 47/60/41
f 40/59/42 24/47/42 39/58/42
f 33/34/43 47/60/43 48/62/43
f 41/61/44 25/32/44 40/59/44
f 34/37/45 48/62/45 49/67/45
f 42/63/46 26/35/46 41/61/46
f 50/49/514 34/37/514 49/67/514
f 28/51/48 42/63/48 43/69/48
f 63/64/49 47/60/49 62/89/49
f 56/65/50 40/59/50 55/80/50
f 64/66/51 48/62/51 63/64/51
f 57/68/52 41/61/52 56/65/52
f 50/49/53 64/66/53 65/94/53
f 43/69/54 57/68/54 58/95/54
f 66/70/55 50/49/55 65/94/55
f 59/71/56 43/69/56 58/95/56
f 60/75/59 44/50/59 59/71/59
f 53/77/60 37/53/60 52/73/60
f 61/78/61 45/76/61 60/75/61
f 54/79/62 38/56/62 53/77/62
f 47/60/63 61/78/63 62/89/63
f 55/80/64 39/58/64 54/79/64
f 75/85/67 59/71/67 74/103/67
f 68/86/68 52/73/68 67/82/68
f 76/87/69 60/75/69 75/85/69
f 69/88/70 53/77/70 68/86/70
f 62/89/71 76/87/71 77/113/71
f 70/90/72 54/79/72 69/88/72
f 78/91/73 62/89/73 77/113/73
f 56/65/74 70/90/74 71/97/74
f 64/66/75 78/91/75 79/100/75
f 72/92/76 56/65/76 71/97/76
f 80/93/77 64/66/77 79/100/77
f 58/95/78 72/92/78 73/96/78
f 81/84/79 65/94/79 80/93/79
f 59/71/80 73/96/80 74/103/80
f 71/97/81 86/98/81 87/123/81
f 95/99/82 78/91/82 94/114/82
f 88/101/83 71/97/83 87/123/83
f 96/102/84 79/100/84 95/99/84
f 73/96/85 88/101/85 89/104/85
f 81/84/86 96/102/86 97/108/86
f 74/103/87 89/104/87 90/116/87
f 91/109/90 74/103/90 90/116/90
f 84/110/91 67/82/91 83/106/91
f 92/111/92 75/85/92 91/109/92
f 85/112/515 68/86/515 84/110/515
f 77/113/94 92/111/94 93/120/94
f 70/90/95 85/112/95 86/98/95
f 94/114/96 77/113/96 93/120/96
f 106/115/97 90/116/97 105/136/97
f 99/117/98 83/106/98 98/129/98
f 107/118/99 91/109/99 106/115/99
f 100/119/100 84/110/100 99/117/100
f 93/120/101 107/118/101 108/146/101
f 101/121/102 85/112/102 100/119/102
f 109/122/103 93/120/103 108/146/103
f 87/123/104 101/121/104 102/133/104
f 95/99/105 109/122/105 110/125/105
f 103/124/106 87/123/106 102/133/106
f 96/102/107 110/125/107 111/135/107
f 89/104/108 103/124/108 104/127/108
f 112/126/109 96/102/109 111/135/109
f 90/116/110 104/127/110 105/136/110
f 110/125/113 124/131/113 125/155/113
f 118/132/114 102/133/114 117/154/114
f 126/134/115 110/125/115 125/155/115
f 104/127/116 118/132/116 119/137/116
f 112/126/117 126/134/117 127/141/117
f 105/136/118 119/137/118 120/159/118
f 121/142/121 105/136/121 120/159/121
f 114/143/122 98/129/122 113/139/122
f 122/144/123 106/115/123 121/142/123
f 115/145/124 99/117/124 114/143/124
f 108/146/125 122/144/125 123/151/125
f 116/147/126 100/119/126 115/145/126
f 124/131/127 108/146/127 123/151/127
f 102/133/128 116/147/128 117/154/128
f 114/143/129 128/148/129 129/176/129
f 137/149/130 121/142/130 136/163/130
f 130/150/131 114/143/131 129/176/131
f 123/151/132 137/149/132 138/179/132
f 131/152/133 115/145/133 130/150/133
f 139/153/134 123/151/134 138/179/134
f 117/154/135 131/152/135 132/165/135
f 125/155/136 139/153/136 140/167/136
f 133/156/137 117/154/137 132/165/137
f 141/157/138 125/155/138 140/167/138
f 119/137/139 133/156/139 134/160/139
f 142/158/140 126/134/140 141/157/140
f 120/159/516 134/160/516 135/169/516
f 136/163/517 120/159/517 135/169/517
f 148/164/145 132/165/145 147/187/145
f 156/166/146 140/167/146 155/188/146
f 134/160/147 148/164/147 149/170/147
f 157/168/148 141/157/148 156/166/148
f 135/169/149 149/170/149 150/191/149
f 151/174/152 135/169/152 150/191/152
f 144/175/153 128/148/153 143/172/153
f 152/177/154 136/163/154 151/174/154
f 145/178/155 129/176/155 144/175/155
f 138/179/156 152/177/156 153/184/156
f 146/180/157 130/150/157 145/178/157
f 154/181/158 138/179/158 153/184/158
f 132/165/159 146/180/159 147/187/159
f 140/167/160 154/181/160 155/188/160
f 167/182/161 151/174/161 166/197/161
f 145/178/518 159/183/518 160/211/518
f 153/184/163 167/182/163 168/212/163
f 161/185/164 145/178/164 160/211/164
f 169/186/165 153/184/165 168/212/165
f 147/187/166 161/185/166 162/215/166
f 155/188/167 169/186/167 170/199/167
f 163/189/168 147/187/168 162/215/168
f 171/190/519 155/188/519 170/199/519
f 149/170/170 163/189/170 164/192/170
f 157/168/171 171/190/171 172/196/171
f 150/191/172 164/192/172 165/201/172
f 166/197/175 150/191/175 165/201/175
f 159/183/176 143/172/176 158/194/176
f 186/198/177 170/199/177 185/221/177
f 164/192/178 178/200/178 179/202/178
f 172/196/520 186/198/520 187/206/520
f 165/201/180 179/202/180 180/225/180
f 181/207/183 165/201/183 180/225/183
f 174/208/184 158/194/184 173/204/184
f 182/209/185 166/197/185 181/207/185
f 175/210/186 159/183/186 174/208/186
f 168/212/187 182/209/187 183/216/187
f 176/213/188 160/211/188 175/210/188
f 184/214/189 168/212/189 183/216/189
f 162/215/190 176/213/190 177/220/190
f 170/199/191 184/214/191 185/221/191
f 178/200/192 162/215/192 177/220/192
f 183/216/193 197/217/193 198/243/193
f 191/218/194 175/210/194 190/242/194
f 199/219/195 183/216/195 198/243/195
f 177/220/196 191/218/196 192/246/196
f 185/221/197 199/219/197 200/247/197
f 193/222/198 177/220/198 192/246/198
f 201/223/199 185/221/199 200/247/199
f 179/202/200 193/222/200 194/226/200
f 202/224/201 186/198/201 201/223/201
f 180/225/202 194/226/202 195/233/202
f 196/230/205 180/225/205 195/233/205
f 174/208/206 188/228/206 189/231/206
f 197/217/207 181/207/207 196/230/207
f 175/210/208 189/231/208 190/242/208
f 217/232/209 201/223/209 216/249/209
f 195/233/210 209/234/210 210/258/210
f 211/238/213 195/233/213 210/258/213
f 204/239/214 188/228/214 203/236/214
f 212/240/215 196/230/215 211/238/215
f 205/241/216 189/231/216 204/239/216
f 198/243/217 212/240/217 213/252/217
f 206/244/218 190/242/218 205/241/218
f 214/245/219 198/243/219 213/252/219
f 192/246/220 206/244/220 207/253/220
f 200/247/221 214/245/221 215/254/221
f 208/248/222 192/246/222 207/253/222
f 216/249/521 200/247/521 215/254/521
f 194/226/224 208/248/224 209/234/224
f 221/250/225 205/241/225 220/266/225
f 229/251/226 213/252/226 228/277/226
f 207/253/227 221/250/227 222/280/227
f 215/254/228 229/251/228 230/281/228
f 223/255/229 207/253/229 222/280/229
f 231/256/230 215/254/230 230/281/230
f 209/234/231 223/255/231 224/259/231
f 232/257/232 216/249/232 231/256/232
f 210/258/233 224/259/233 225/267/233
f 226/263/236 210/258/236 225/267/236
f 219/264/237 203/236/237 218/261/237
f 227/265/238 211/238/238 226/263/238
f 220/266/239 204/239/239 219/264/239
f 213/252/240 227/265/240 228/277/240
f 225/267/241 239/268/241 240/291/241
f 241/273/244 225/267/244 240/291/244
f 234/274/245 218/261/245 233/270/245
f 242/275/246 226/263/246 241/273/246
f 235/276/247 219/264/247 234/274/247
f 228/277/248 242/275/248 243/285/248
f 236/278/249 220/266/249 235/276/249
f 244/279/250 228/277/250 243/285/250
f 222/280/251 236/278/251 237/286/251
f 230/281/252 244/279/252 245/288/252
f 238/282/253 222/280/253 237/286/253
f 246/283/254 230/281/254 245/288/254
f 224/259/255 238/282/255 239/268/255
f 247/272/256 231/256/256 246/283/256
f 259/284/257 243/285/257 258/309/257
f 237/286/258 251/287/258 252/312/258
f 245/288/259 259/284/259 260/313/259
f 253/289/260 237/286/260 252/312/260
f 261/290/261 245/288/261 260/313/261
f 239/268/262 253/289/262 254/292/262
f 247/272/263 261/290/263 262/296/263
f 240/291/522 254/292/522 255/306/522
f 256/297/523 240/291/523 255/306/523
f 249/298/268 233/270/268 248/294/268
f 257/299/269 241/273/269 256/297/269
f 250/300/270 234/274/270 249/298/270
f 243/285/271 257/299/271 258/309/271
f 251/287/272 235/276/272 250/300/272
f 271/305/275 255/306/275 270/324/275
f 249/298/276 263/302/276 264/331/276
f 272/307/277 256/297/277 271/305/277
f 265/308/278 249/298/278 264/331/278
f 258/309/279 272/307/279 273/334/279
f 266/310/280 250/300/280 265/308/280
f 274/311/281 258/309/281 273/334/281
f 252/312/282 266/310/282 267/317/282
f 260/313/283 274/311/283 275/315/283
f 268/314/284 252/312/284 267/317/284
f 261/290/285 275/315/285 276/321/285
f 254/292/286 268/314/286 269/316/286
f 277/304/287 261/290/287 276/321/287
f 255/306/288 269/316/288 270/324/288
f 267/317/289 281/318/289 282/342/289
f 275/315/290 289/319/290 290/322/290
f 283/320/291 267/317/291 282/342/291
f 276/321/292 290/322/292 291/345/292
f 269/316/293 283/320/293 284/325/293
f 292/323/294 276/321/294 291/345/294
f 270/324/295 284/325/295 285/336/295
f 286/329/298 270/324/298 285/336/298
f 279/330/299 263/302/299 278/327/299
f 287/332/300 271/305/300 286/329/300
f 280/333/301 264/331/301 279/330/301
f 273/334/302 287/332/302 288/339/302
f 281/318/303 265/308/303 280/333/303
f 289/319/304 273/334/304 288/339/304
f 301/335/305 285/336/305 300/357/305
f 294/337/306 278/327/306 293/349/306
f 302/338/307 286/329/307 301/335/307
f 280/333/308 294/337/308 295/364/308
f 288/339/309 302/338/309 303/366/309
f 296/340/310 280/333/310 295/364/310
f 304/341/311 288/339/311 303/366/311
f 282/342/312 296/340/312 297/354/312
f 290/322/313 304/341/313 305/351/313
f 298/343/314 282/342/314 297/354/314
f 306/344/315 290/322/315 305/351/315
f 284/325/316 298/343/316 299/347/316
f 307/346/317 291/345/317 306/344/317
f 285/336/318 299/347/318 300/357/318
f 305/351/321 320/352/321 321/375/321
f 314/353/322 297/354/322 313/374/322
f 322/355/323 305/351/323 321/375/323
f 299/347/324 314/353/324 315/358/324
f 323/356/325 306/344/325 322/355/325
f 300/357/326 315/358/326 316/379/326
f 317/362/329 300/357/329 316/379/329
f 294/337/330 309/360/330 310/365/330
f 318/363/331 301/335/331 317/362/331
f 295/364/332 310/365/332 311/369/332
f 303/366/333 318/363/333 319/371/333
f 312/367/334 295/364/334 311/369/334
f 320/352/335 303/366/335 319/371/335
f 297/354/336 312/367/336 313/374/336
f 333/368/337 317/362/337 332/384/337
f 311/369/338 325/370/338 326/397/338
f 319/371/339 333/368/339 334/398/339
f 327/372/340 311/369/340 326/397/340
f 335/373/341 319/371/341 334/398/341
f 313/374/342 327/372/342 328/401/342
f 321/375/343 335/373/343 336/377/343
f 329/376/344 313/374/344 328/401/344
f 322/355/524 336/377/524 337/386/524
f 315/358/346 329/376/346 330/380/346
f 338/378/347 322/355/347 337/386/347
f 316/379/348 330/380/348 331/388/348
f 332/384/351 316/379/351 331/388/351
f 325/370/352 309/360/352 324/382/352
f 352/385/353 336/377/353 351/409/353
f 330/380/354 344/387/354 345/389/354
f 338/378/355 352/385/355 353/393/355
f 331/388/356 345/389/356 346/413/356
f 347/394/359 331/388/359 346/413/359
f 325/370/360 339/391/360 340/403/360
f 348/395/361 332/384/361 347/394/361
f 341/396/362 325/370/362 340/403/362
f 334/398/363 348/395/363 349/404/363
f 342/399/364 326/397/364 341/396/364
f 350/400/365 334/398/365 349/404/365
f 328/401/366 342/399/366 343/408/366
f 336/377/367 350/400/367 351/409/367
f 344/387/368 328/401/368 343/408/368
f 356/402/369 340/403/369 355/419/369
f 349/404/370 363/405/370 364/556/370
f 357/406/371 341/396/371 356/402/371
f 365/407/372 349/404/372 364/556/372
f 343/408/373 357/406/373 358/557/373
f 351/409/374 365/407/374 366/558/374
f 359/410/375 343/408/375 358/557/375
f 367/411/376 351/409/376 366/558/376
f 345/389/377 359/410/377 360/414/377
f 368/412/378 352/385/378 367/411/378
f 346/413/379 360/414/379 361/559/379
f 362/418/382 346/413/382 361/559/382
f 355/419/383 339/391/383 354/416/383
f 363/405/384 347/394/384 362/418/384
f 360/420/385 374/422/385 375/427/385
f 383/423/386 367/425/386 382/446/386
f 361/426/387 375/427/387 376/457/387
f 377/432/390 361/426/390 376/457/390
f 355/434/391 369/430/391 370/438/391
f 378/435/392 362/433/392 377/432/392
f 356/437/393 370/438/393 371/450/393
f 364/439/394 378/435/394 379/447/394
f 372/440/395 356/437/395 371/450/395
f 380/442/396 364/439/396 379/447/396
f 358/444/397 372/440/397 373/452/397
f 366/445/398 380/442/398 381/453/398
f 374/422/399 358/444/399 373/452/399
f 382/446/400 366/445/400 381/453/400
f 379/447/401 393/448/401 394/474/401
f 387/449/402 371/450/402 386/473/402
f 395/451/403 379/447/403 394/474/403
f 373/452/404 387/449/404 388/477/404
f 381/453/405 395/451/405 396/478/405
f 389/454/406 373/452/406 388/477/406
f 397/455/407 381/453/407 396/478/407
f 375/427/408 389/454/408 390/458/408
f 398/456/409 382/446/409 397/455/409
f 376/457/410 390/458/410 391/465/410
f 392/462/413 376/457/413 391/465/413
f 385/463/414 369/430/414 384/460/414
f 393/448/415 377/432/415 392/462/415
f 371/450/416 385/463/416 386/473/416
f 413/464/417 397/455/417 412/487/417
f 391/465/418 405/466/418 406/488/418
f 407/470/421 391/465/421 406/488/421
f 385/463/422 399/468/422 400/496/422
f 408/471/423 392/462/423 407/470/423
f 401/472/424 385/463/424 400/496/424
f 394/474/425 408/471/425 409/483/425
f 402/475/426 386/473/426 401/472/426
f 410/476/427 394/474/427 409/483/427
f 388/477/428 402/475/428 403/484/428
f 396/478/429 410/476/429 411/480/429
f 404/479/430 388/477/430 403/484/430
f 397/455/525 411/480/525 412/487/525
f 390/458/432 404/479/432 405/466/432
f 417/481/433 401/472/433 416/507/433
f 425/482/434 409/483/434 424/508/434
f 403/484/435 417/481/435 418/511/435
f 411/480/436 425/482/436 426/512/436
f 419/485/437 403/484/437 418/511/437
f 427/486/438 411/480/438 426/512/438
f 405/466/439 419/485/439 420/489/439
f 413/464/440 427/486/440 428/493/440
f 406/488/441 420/489/441 421/498/441
f 422/494/444 406/488/444 421/498/444
f 415/495/445 399/468/445 414/491/445
f 423/497/446 407/470/446 422/494/446
f 401/472/447 415/495/447 416/507/447
f 409/483/448 423/497/448 424/508/448
f 421/498/449 435/499/449 436/523/449
f 437/504/452 421/498/452 436/523/452
f 430/505/453 414/491/453 429/501/453
f 438/506/454 422/494/454 437/504/454
f 416/507/455 430/505/455 431/531/455
f 424/508/456 438/506/456 439/516/456
f 432/509/457 416/507/457 431/531/457
f 440/510/458 424/508/458 439/516/458
f 418/511/459 432/509/459 433/517/459
f 426/512/460 440/510/460 441/519/460
f 434/513/461 418/511/461 433/517/461
f 442/514/462 426/512/462 441/519/462
f 420/489/463 434/513/463 435/499/463
f 443/503/464 427/486/464 442/514/464
f 455/515/465 439/516/465 454/539/465
f 433/517/466 447/518/466 448/542/466
f 441/519/467 455/515/467 456/543/467
f 449/520/468 433/517/468 448/542/468
f 457/521/526 441/519/526 456/543/526
f 435/499/470 449/520/470 450/524/470
f 458/522/471 442/514/471 457/521/471
f 436/523/472 450/524/472 451/535/472
f 452/528/475 436/523/475 451/535/475
f 445/529/476 429/501/476 444/526/476
f 453/530/477 437/504/477 452/528/477
f 431/531/527 445/529/527 446/538/527
f 439/516/479 453/530/479 454/539/479
f 447/518/480 431/531/480 446/538/480
f 467/534/482 451/535/482 466/551/482
f 460/536/483 444/526/483 459/548/483
f 468/537/484 452/528/484 467/534/484
f 446/538/485 460/536/485 461/554/485
f 454/539/486 468/537/486 469/555/486
f 462/540/487 446/538/487 461/554/487
f 470/541/488 454/539/488 469/555/488
f 448/542/489 462/540/489 463/550/489
f 456/543/490 470/541/490 471/549/490
f 464/544/491 448/542/491 463/550/491
f 472/545/492 456/543/492 471/549/492
f 450/524/493 464/544/493 465/546/493
f 473/533/494 457/521/494 472/545/494
f 451/535/495 465/546/495 466/551/495
f 471/549/497 479/6/497 480/5/497
f 464/544/498 2/2/498 477/7/498
f 481/9/499 471/549/499 480/5/499
f 465/546/500 477/7/500 3/10/500
f 482/13/501 472/545/501 481/9/501
f 466/551/502 3/10/502 4/15/502
f 5/21/505 466/551/505 4/15/505
f 460/536/506 474/16/506 475/22/506
f 478/24/507 467/534/507 5/21/507
f 461/554/508 475/22/508 1/25/508
f 6/28/509 468/537/509 478/24/509
f 462/540/510 1/25/510 476/3/510
f 479/6/511 469/555/511 6/28/511
f 463/550/512 476/3/512 2/2/512
o 球.001
v -0.000024 415.734833 277.785095
v -0.000036 277.785156 415.734772
v -0.000043 97.545204 490.392609
v -0.000044 0.000038 500.000000
v -0.000043 -97.545128 490.392609
v -0.000036 -277.785095 415.734833
v 19.030107 490.392609 95.670815
v 37.328903 461.939728 187.665131
v 54.193169 415.734833 272.447510
v 68.974815 353.553436 346.759918
v 81.105797 277.785156 407.746552
v 90.119934 191.341751 453.063690
v 95.670807 97.545204 480.969849
v 97.545120 0.000037 490.392609
v 95.670807 -97.545128 480.969879
v 90.119934 -191.341690 453.063721
v 81.105797 -277.785095 407.746582
v 68.974815 -353.553375 346.759979
v 54.193169 -415.734772 272.447571
v 37.328903 -461.939728 187.665192
v 19.030107 -490.392609 95.670891
v 37.328907 490.392609 90.119942
v 73.223297 461.939728 176.776688
v 106.303749 415.734833 256.639923
v 135.298996 353.553436 326.640747
v 159.094788 277.785156 384.088806
v 176.776642 191.341751 426.776703
v 187.665085 97.545197 453.063690
v 191.341660 0.000035 461.939758
v 187.665085 -97.545135 453.063721
v 176.776642 -191.341690 426.776733
v 159.094788 -277.785095 384.088837
v 135.298996 -353.553375 326.640778
v 106.303749 -415.734772 256.639984
v 73.223297 -461.939728 176.776764
v 37.328907 -490.392609 90.120010
v 54.193176 490.392609 81.105789
v 106.303757 461.939728 159.094803
v 154.329117 415.734833 230.969833
v 196.423706 353.553436 293.968872
v 230.969818 277.785156 345.670776
v 256.639923 191.341751 384.088867
v 272.447510 97.545197 407.746582
v 277.785095 0.000031 415.734772
v 272.447510 -97.545135 407.746582
v 256.639923 -191.341690 384.088898
v 230.969818 -277.785095 345.670807
v 196.423706 -353.553375 293.968903
v 154.329117 -415.734772 230.969894
v 106.303757 -461.939728 159.094879
v 54.193176 -490.392609 81.105858
v 68.974831 490.392609 68.974800
v 135.299011 461.939728 135.298981
v 196.423706 415.734802 196.423691
v 249.999985 353.553436 250.000000
v 293.968811 277.785156 293.968842
v 326.640656 191.341751 326.640747
v 346.759918 97.545189 346.759949
v 353.553375 0.000027 353.553345
v 346.759918 -97.545143 346.759949
v 326.640656 -191.341690 326.640778
v 293.968811 -277.785095 293.968903
v 249.999985 -353.553375 250.000046
v 196.423706 -415.734802 196.423752
v 135.299011 -461.939728 135.299057
v 68.974831 -490.392609 68.974876
v 81.105812 490.392609 54.193146
v 159.094818 461.939728 106.303726
v 230.969849 415.734802 154.329086
v 293.968842 353.553406 196.423737
v 345.670776 277.785156 230.969833
v 384.088776 191.341736 256.640015
v 407.746521 97.545189 272.447510
v 415.734772 0.000021 277.785034
v 407.746521 -97.545143 272.447510
v 384.088776 -191.341705 256.640045
v 345.670776 -277.785095 230.969864
v 293.968842 -353.553406 196.423782
v 230.969849 -415.734802 154.329147
v 159.094818 -461.939728 106.303795
v 81.105812 -490.392609 54.193222
v 0.000000 500.000000 -0.000038
v 90.119949 490.392609 37.328876
v 176.776672 461.939728 73.223274
v 256.639954 415.734802 106.303719
v 326.640747 353.553406 135.299026
v 384.088806 277.785126 159.094772
v 426.776642 191.341736 176.776733
v 453.063629 97.545181 187.665115
v 461.939667 0.000014 191.341660
v 453.063629 -97.545151 187.665131
v 426.776642 -191.341705 176.776764
v 384.088806 -277.785126 159.094818
v 326.640747 -353.553406 135.299088
v 256.639954 -415.734802 106.303780
v 176.776672 -461.939728 73.223351
v 90.119949 -490.392609 37.328953
v 95.670837 490.392609 19.030077
v 187.665115 461.939728 37.328888
v 272.447540 415.734802 54.193150
v 346.759949 353.553406 68.974854
v 407.746521 277.785126 81.105804
v 453.063660 191.341721 90.120018
v 480.969818 97.545174 95.670845
v 490.392517 0.000007 97.545105
v 480.969818 -97.545158 95.670853
v 453.063660 -191.341721 90.120049
v 407.746521 -277.785126 81.105843
v 346.759949 -353.553406 68.974907
v 272.447540 -415.734802 54.193211
v 187.665115 -461.939728 37.328957
v 95.670837 -490.392609 19.030151
v 97.545128 490.392609 -0.000033
v 191.341705 461.939728 -0.000028
v 277.785065 415.734802 -0.000032
v 353.553345 353.553406 0.000009
v 415.734711 277.785126 -0.000030
v 461.939728 191.341721 0.000046
v 490.392578 97.545166 -0.000009
v 499.999847 -0.000000 -0.000036
v 490.392578 -97.545166 0.000005
v 461.939728 -191.341721 0.000075
v 415.734711 -277.785126 0.000012
v 353.553345 -353.553406 0.000063
v 277.785065 -415.734802 0.000031
v 191.341705 -461.939728 0.000042
v 97.545128 -490.392609 0.000041
v 95.670822 490.392609 -19.030144
v 187.665115 461.939728 -37.328945
v 272.447479 415.734802 -54.193207
v 346.759918 353.553406 -68.974831
v 407.746460 277.785126 -81.105850
v 453.063660 191.341721 -90.119926
v 480.969788 97.545158 -95.670853
v 490.392456 -0.000007 -97.545166
v 480.969788 -97.545174 -95.670845
v 453.063660 -191.341721 -90.119896
v 407.746460 -277.785126 -81.105812
v 346.759918 -353.553406 -68.974777
v 272.447479 -415.734802 -54.193146
v 187.665115 -461.939728 -37.328876
v 95.670822 -490.392609 -19.030069
v 90.119942 490.392609 -37.328941
v 176.776672 461.939728 -73.223335
v 256.639893 415.734802 -106.303780
v 326.640686 353.553406 -135.298996
v 384.088745 277.785126 -159.094818
v 426.776703 191.341705 -176.776642
v 453.063660 97.545151 -187.665131
v 461.939575 -0.000014 -191.341675
v 453.063660 -97.545181 -187.665115
v 426.776703 -191.341736 -176.776611
v 384.088745 -277.785126 -159.094772
v 326.640686 -353.553406 -135.298935
v 256.639893 -415.734802 -106.303719
v 176.776672 -461.939728 -73.223259
v 90.119942 -490.392609 -37.328865
v 81.105804 490.392609 -54.193199
v 159.094803 461.939728 -106.303780
v 230.969803 415.734802 -154.329132
v 293.968872 353.553406 -196.423706
v 345.670776 277.785095 -230.969833
v 384.088837 191.341705 -256.639893
v 407.746490 97.545143 -272.447510
v 415.734589 -0.000021 -277.785065
v 407.746490 -97.545189 -272.447510
v 384.088837 -191.341736 -256.639862
v 345.670776 -277.785156 -230.969803
v 293.968872 -353.553406 -196.423660
v 230.969803 -415.734802 -154.329071
v 159.094803 -461.939728 -106.303711
v 81.105804 -490.392609 -54.193123
v 68.974815 490.392609 -68.974846
v 135.298996 461.939728 -135.299042
v 196.423645 415.734802 -196.423721
v 249.999985 353.553375 -249.999969
v 293.968811 277.785095 -293.968842
v 326.640717 191.341690 -326.640656
v 346.759918 97.545143 -346.759888
v 353.553162 -0.000027 -353.553284
v 346.759918 -97.545189 -346.759888
v 326.640717 -191.341751 -326.640625
v 293.968811 -277.785156 -293.968781
v 249.999985 -353.553436 -249.999924
v 196.423645 -415.734802 -196.423660
v 135.298996 -461.939728 -135.298965
v 68.974815 -490.392609 -68.974770
v 54.193165 490.392609 -81.105827
v 106.303734 461.939728 -159.094849
v 154.329056 415.734772 -230.969849
v 196.423737 353.553375 -293.968842
v 230.969803 277.785095 -345.670776
v 256.639984 191.341690 -384.088776
v 272.447479 97.545135 -407.746490
v 277.784882 -0.000031 -415.734650
v 272.447479 -97.545197 -407.746490
v 256.639984 -191.341751 -384.088745
v 230.969803 -277.785156 -345.670746
v 196.423737 -353.553436 -293.968811
v 154.329056 -415.734833 -230.969788
v 106.303734 -461.939728 -159.094772
v 54.193165 -490.392609 -81.105759
v 37.328896 490.392609 -90.119957
v 73.223274 461.939728 -176.776688
v 106.303696 415.734772 -256.639923
v 135.299026 353.553375 -326.640686
v 159.094757 277.785095 -384.088745
v 176.776703 191.341690 -426.776581
v 187.665070 97.545135 -453.063629
v 191.341522 -0.000035 -461.939545
v 187.665070 -97.545197 -453.063599
v 176.776703 -191.341751 -426.776550
v 159.094757 -277.785156 -384.088715
v 135.299026 -353.553436 -326.640656
v 106.303696 -415.734833 -256.639862
v 73.223274 -461.939728 -176.776611
v 37.328896 -490.392609 -90.119888
v 19.030107 490.392609 -95.670830
v 37.328896 461.939728 -187.665115
v 54.193138 415.734772 -272.447479
v 68.974861 353.553375 -346.759949
v 81.105797 277.785095 -407.746429
v 90.120010 191.341690 -453.063629
v 95.670807 97.545128 -480.969727
v 97.544998 -0.000037 -490.392395
v 95.670807 -97.545204 -480.969696
v 90.120010 -191.341751 -453.063599
v 81.105797 -277.785156 -407.746399
v 68.974861 -353.553436 -346.759888
v 54.193138 -415.734833 -272.447418
v 37.328896 -461.939728 -187.665054
v 19.030107 -490.392609 -95.670753
v 0.000004 490.392609 -97.545135
v -0.000008 461.939728 -191.341705
v -0.000026 415.734772 -277.785004
v 0.000026 353.553375 -353.553345
v -0.000014 277.785095 -415.734650
v 0.000055 191.341690 -461.939636
v -0.000022 97.545128 -490.392487
v -0.000121 -0.000038 -499.999664
v -0.000022 -97.545204 -490.392487
v 0.000055 -191.341751 -461.939636
v -0.000014 -277.785156 -415.734589
v 0.000026 -353.553436 -353.553284
v -0.000026 -415.734833 -277.784943
v -0.000008 -461.939728 -191.341644
v 0.000004 -490.392609 -97.545059
v -19.030098 490.392609 -95.670822
v -37.328915 461.939728 -187.665115
v -54.193188 415.734772 -272.447449
v -68.974808 353.553375 -346.759918
v -81.105827 277.785095 -407.746429
v -90.119896 191.341690 -453.063629
v -95.670845 97.545128 -480.969727
v -97.545212 -0.000037 -490.392273
v -95.670845 -97.545204 -480.969696
v -90.119896 -191.341751 -453.063599
v -81.105827 -277.785156 -407.746399
v -68.974808 -353.553436 -346.759857
v -54.193188 -415.734833 -272.447388
v -37.328915 -461.939728 -187.665054
v -19.030098 -490.392609 -95.670746
v -37.328880 490.392609 -90.119957
v -73.223297 461.939728 -176.776703
v -106.303726 415.734772 -256.639832
v -135.298965 353.553375 -326.640686
v -159.094788 277.785095 -384.088745
v -176.776581 191.341690 -426.776581
v -187.665085 97.545135 -453.063538
v -191.341690 -0.000035 -461.939392
v -187.665085 -97.545197 -453.063507
v -176.776581 -191.341751 -426.776550
v -159.094788 -277.785156 -384.088715
v -135.298965 -353.553436 -326.640656
v -106.303726 -415.734833 -256.639771
v -73.223297 -461.939728 -176.776627
v -37.328880 -490.392609 -90.119888
v -54.193142 490.392609 -81.105812
v -106.303734 461.939728 -159.094803
v -154.329071 415.734772 -230.969742
v -196.423676 353.553375 -293.968872
v -230.969788 277.785095 -345.670685
v -256.639832 191.341690 -384.088776
v -272.447510 97.545135 -407.746429
v -277.785034 -0.000031 -415.734406
v -272.447510 -97.545197 -407.746429
v -256.639832 -191.341751 -384.088745
v -230.969788 -277.785156 -345.670654
v -196.423676 -353.553436 -293.968842
v -154.329071 -415.734833 -230.969681
v -106.303734 -461.939728 -159.094727
v -54.193142 -490.392609 -81.105743
v -68.974785 490.392609 -68.974831
v -135.298981 461.939728 -135.299011
v -196.423630 415.734802 -196.423615
v -249.999954 353.553375 -249.999985
v -293.968750 277.785095 -293.968781
v -326.640594 191.341690 -326.640656
v -346.759857 97.545143 -346.759796
v -353.553192 -0.000027 -353.553009
v -346.759857 -97.545189 -346.759796
v -326.640594 -191.341751 -326.640625
v -293.968750 -277.785156 -293.968719
v -249.999954 -353.553436 -249.999939
v -196.423630 -415.734802 -196.423553
v -135.298981 -461.939728 -135.298935
v -68.974785 -490.392609 -68.974754
v -0.000000 -500.000000 0.000038
v -81.105766 490.392609 -54.193184
v -159.094772 461.939728 -106.303757
v -230.969742 415.734802 -154.329025
v -293.968811 353.553406 -196.423721
v -345.670715 277.785095 -230.969757
v -384.088684 191.341705 -256.639954
v -407.746429 97.545143 -272.447388
v -415.734528 -0.000021 -277.784729
v -407.746429 -97.545189 -272.447388
v -384.088684 -191.341736 -256.639923
v -345.670715 -277.785156 -230.969727
v -293.968811 -353.553406 -196.423676
v -230.969742 -415.734802 -154.328964
v -159.094772 -461.939728 -106.303688
v -81.105766 -490.392609 -54.193108
v -90.119904 490.392609 -37.328922
v -176.776642 461.939728 -73.223312
v -256.639801 415.734802 -106.303673
v -326.640656 353.553406 -135.299042
v -384.088715 277.785126 -159.094727
v -426.776520 191.341705 -176.776688
v -453.063568 97.545151 -187.664993
v -461.939392 -0.000014 -191.341385
v -453.063568 -97.545181 -187.664978
v -426.776520 -191.341736 -176.776657
v -384.088715 -277.785126 -159.094681
v -326.640656 -353.553406 -135.298981
v -256.639801 -415.734802 -106.303612
v -176.776642 -461.939728 -73.223236
v -90.119904 -490.392609 -37.328846
v -95.670776 490.392609 -19.030136
v -187.665070 461.939728 -37.328926
v -272.447357 415.734802 -54.193130
v -346.759888 353.553406 -68.974869
v -407.746399 277.785126 -81.105774
v -453.063538 191.341721 -90.119995
v -480.969696 97.545158 -95.670738
v -490.392212 -0.000007 -97.544899
v -480.969696 -97.545174 -95.670731
v -453.063538 -191.341721 -90.119965
v -407.746399 -277.785126 -81.105736
v -346.759888 -353.553406 -68.974815
v -272.447357 -415.734802 -54.193069
v -187.665070 -461.939728 -37.328857
v -95.670776 -490.392609 -19.030062
v -97.545074 490.392609 -0.000036
v -191.341629 461.939728 -0.000027
v -277.784882 415.734802 0.000019
v -353.553314 353.553406 -0.000043
v -415.734589 277.785126 0.000023
v -461.939575 191.341721 -0.000050
v -490.392426 97.545166 0.000085
v -499.999542 0.000000 0.000181
v -490.392426 -97.545166 0.000099
v -461.939575 -191.341721 -0.000021
v -415.734589 -277.785126 0.000065
v -353.553314 -353.553406 0.000011
v -277.784882 -415.734802 0.000082
v -191.341629 -461.939728 0.000043
v -97.545074 -490.392609 0.000038
v -95.670769 490.392609 19.030064
v -187.665039 461.939728 37.328876
v -272.447327 415.734802 54.193161
v -346.759888 353.553406 68.974792
v -407.746307 277.785126 81.105827
v -453.063507 191.341721 90.119896
v -480.969604 97.545174 95.670898
v -490.392120 0.000007 97.545242
v -480.969604 -97.545158 95.670906
v -453.063507 -191.341721 90.119926
v -407.746307 -277.785126 81.105865
v -346.759888 -353.553406 68.974846
v -272.447327 -415.734802 54.193222
v -187.665039 -461.939728 37.328945
v -95.670769 -490.392609 19.030138
v -90.119888 490.392609 37.328842
v -176.776596 461.939728 73.223244
v -256.639709 415.734802 106.303688
v -326.640625 353.553406 135.298935
v -384.088593 277.785126 159.094757
v -426.776520 191.341736 176.776566
v -453.063446 97.545181 187.665115
v -461.939240 0.000014 191.341690
v -453.063446 -97.545151 187.665131
v -426.776520 -191.341705 176.776596
v -384.088593 -277.785126 159.094803
v -326.640625 -353.553406 135.298996
v -256.639709 -415.734802 106.303749
v -176.776596 -461.939728 73.223320
v -90.119888 -490.392609 37.328918
v -81.105766 490.392609 54.193104
v -159.094742 461.939728 106.303680
v -230.969620 415.734802 154.329041
v -293.968811 353.553406 196.423660
v -345.670624 277.785156 230.969772
v -384.088745 191.341736 256.639801
v -407.746307 97.545189 272.447510
v -415.734253 0.000021 277.785004
v -407.746307 -97.545143 272.447510
v -384.088745 -191.341705 256.639832
v -345.670624 -277.785095 230.969803
v -293.968811 -353.553406 196.423706
v -230.969620 -415.734802 154.329102
v -159.094742 -461.939728 106.303749
v -81.105766 -490.392609 54.193180
v -68.974777 490.392609 68.974739
v -135.298950 461.939728 135.298920
v -196.423492 415.734802 196.423584
v -249.999924 353.553436 249.999893
v -293.968658 277.785156 293.968719
v -326.640625 191.341751 326.640564
v -346.759705 97.545189 346.759857
v -353.552887 0.000027 353.553131
v -346.759705 -97.545143 346.759857
v -326.640625 -191.341690 326.640594
v -293.968658 -277.785095 293.968781
v -249.999924 -353.553375 249.999939
v -196.423492 -415.734802 196.423645
v -135.298950 -461.939728 135.298996
v -68.974777 -490.392609 68.974815
v -54.193130 490.392609 81.105721
v -106.303696 461.939728 159.094711
v -154.328918 415.734833 230.969666
v -196.423676 353.553436 293.968811
v -230.969666 277.785156 345.670624
v -256.639862 191.341751 384.088684
v -272.447296 97.545197 407.746368
v -277.784637 0.000031 415.734467
v -272.447296 -97.545135 407.746368
v -256.639862 -191.341690 384.088715
v -230.969666 -277.785095 345.670654
v -196.423676 -353.553375 293.968842
v -154.328918 -415.734772 230.969727
v -106.303696 -461.939728 159.094788
v -54.193130 -490.392609 81.105789
v -37.328876 490.392609 90.119850
v -73.223259 461.939728 176.776566
v -106.303574 415.734833 256.639709
v -135.298981 353.553436 326.640625
v -159.094635 277.785156 384.088593
v -176.776611 191.341751 426.776459
v -187.664932 97.545197 453.063477
v -191.341324 0.000035 461.939301
v -187.664932 -97.545135 453.063507
v -176.776611 -191.341690 426.776489
v -159.094635 -277.785095 384.088623
v -135.298981 -353.553375 326.640656
v -106.303574 -415.734772 256.639771
v -73.223259 -461.939728 176.776642
v -37.328876 -490.392609 90.119919
v -19.030098 490.392609 95.670708
v -37.328880 461.939728 187.665009
v -54.193043 415.734833 272.447235
v -68.974815 353.553436 346.759857
v -81.105698 277.785156 407.746246
v -90.119942 191.341751 453.063477
v -95.670708 97.545204 480.969574
v -97.544861 0.000037 490.392090
v -95.670708 -97.545128 480.969604
v -90.119942 -191.341690 453.063507
v -81.105698 -277.785095 407.746277
v -68.974815 -353.553375 346.759918
v -54.193043 -415.734772 272.447296
v -37.328880 -461.939728 187.665070
v -19.030098 -490.392609 95.670784
v -0.000004 490.392609 97.545013
v 0.000018 461.939728 191.341583
v 0.000014 353.553436 353.553284
v -0.000010 191.341751 461.939514
v -0.000010 -191.341690 461.939514
v 0.000014 -353.553375 353.553345
v 0.000086 -415.734772 277.784790
v 0.000018 -461.939728 191.341644
v -0.000004 -490.392609 97.545090
vn -0.0759 -0.6326 -0.7708
vn -0.0624 0.7715 -0.6332
vn -0.0865 -0.4696 -0.8786
vn -0.0464 0.8810 -0.4709
vn -0.0938 -0.2890 -0.9527
vn -0.0286 0.9565 -0.2902
vn -0.0976 -0.0976 -0.9904
vn -0.0097 -0.9951 -0.0980
vn -0.0097 0.9951 -0.0980
vn -0.0975 0.0975 -0.9904
vn -0.0286 -0.9565 -0.2902
vn -0.0938 0.2890 -0.9527
vn -0.0464 -0.8810 -0.4709
vn -0.0865 0.4696 -0.8786
vn -0.0624 -0.7715 -0.6332
vn -0.0759 0.6326 -0.7708
vn -0.2563 0.4696 -0.8448
vn -0.1847 -0.7715 -0.6088
vn -0.2248 0.6326 -0.7412
vn -0.2248 -0.6326 -0.7412
vn -0.1847 0.7715 -0.6088
vn -0.2563 -0.4696 -0.8448
vn -0.1374 0.8810 -0.4528
vn -0.2779 -0.2890 -0.9161
vn -0.0846 0.9565 -0.2790
vn -0.2889 -0.0975 -0.9524
vn -0.0286 -0.9951 -0.0942
vn -0.0286 0.9951 -0.0942
vn -0.2889 0.0975 -0.9524
vn -0.0846 -0.9565 -0.2790
vn -0.2779 0.2890 -0.9161
vn -0.1374 -0.8810 -0.4528
vn -0.1374 0.9565 -0.2571
vn -0.4691 -0.0975 -0.8777
vn -0.0464 -0.9951 -0.0869
vn -0.0464 0.9951 -0.0869
vn -0.4691 0.0975 -0.8777
vn -0.1374 -0.9565 -0.2571
vn -0.4513 0.2890 -0.8443
vn -0.2230 -0.8810 -0.4173
vn -0.4162 0.4696 -0.7786
vn -0.2999 -0.7715 -0.5611
vn -0.3651 0.6326 -0.6831
vn -0.3651 -0.6326 -0.6831
vn -0.2999 0.7715 -0.5611
vn -0.4162 -0.4696 -0.7786
vn -0.2231 0.8810 -0.4173
vn -0.4513 -0.2890 -0.8443
vn -0.4913 0.6326 -0.5987
vn -0.4913 -0.6326 -0.5987
vn -0.4036 0.7715 -0.4918
vn -0.5601 -0.4696 -0.6825
vn -0.3002 0.8810 -0.3658
vn -0.6073 -0.2890 -0.7400
vn -0.1850 0.9565 -0.2254
vn -0.6314 -0.0975 -0.7693
vn -0.0625 -0.9951 -0.0761
vn -0.0625 0.9951 -0.0761
vn -0.6314 0.0975 -0.7693
vn -0.1850 -0.9565 -0.2254
vn -0.6073 0.2890 -0.7400
vn -0.3002 -0.8810 -0.3658
vn -0.5601 0.4696 -0.6825
vn -0.4036 -0.7715 -0.4918
vn -0.0761 -0.9951 -0.0625
vn -0.0761 0.9951 -0.0625
vn -0.7693 0.0975 -0.6314
vn -0.2254 -0.9565 -0.1850
vn -0.7400 0.2890 -0.6073
vn -0.3658 -0.8810 -0.3002
vn -0.6825 0.4696 -0.5601
vn -0.4918 -0.7715 -0.4036
vn -0.5987 0.6326 -0.4913
vn -0.5987 -0.6326 -0.4913
vn -0.4918 0.7715 -0.4036
vn -0.6825 -0.4696 -0.5601
vn -0.3658 0.8810 -0.3002
vn -0.7400 -0.2890 -0.6073
vn -0.2254 0.9565 -0.1850
vn -0.7693 -0.0975 -0.6314
vn -0.6831 -0.6326 -0.3651
vn -0.5611 0.7715 -0.2999
vn -0.7786 -0.4696 -0.4162
vn -0.4173 0.8810 -0.2230
vn -0.8443 -0.2890 -0.4513
vn -0.2571 0.9565 -0.1374
vn -0.8777 -0.0975 -0.4691
vn -0.0869 -0.9951 -0.0464
vn -0.0869 0.9951 -0.0464
vn -0.8777 0.0975 -0.4691
vn -0.2571 -0.9565 -0.1374
vn -0.8443 0.2890 -0.4513
vn -0.4173 -0.8810 -0.2231
vn -0.7786 0.4696 -0.4162
vn -0.5611 -0.7715 -0.2999
vn -0.6831 0.6326 -0.3651
vn -0.9524 0.0975 -0.2889
vn -0.2790 -0.9565 -0.0846
vn -0.9161 0.2890 -0.2779
vn -0.4528 -0.8810 -0.1374
vn -0.8448 0.4696 -0.2563
vn -0.6088 -0.7715 -0.1847
vn -0.7412 0.6326 -0.2248
vn -0.7412 -0.6326 -0.2248
vn -0.6088 0.7715 -0.1847
vn -0.8448 -0.4696 -0.2563
vn -0.4528 0.8810 -0.1374
vn -0.9161 -0.2890 -0.2779
vn -0.2790 0.9565 -0.0846
vn -0.9524 -0.0975 -0.2889
vn -0.0942 -0.9951 -0.0286
vn -0.0942 0.9951 -0.0286
vn -0.6332 0.7715 -0.0624
vn -0.8786 -0.4696 -0.0865
vn -0.4709 0.8810 -0.0464
vn -0.9527 -0.2890 -0.0938
vn -0.2902 0.9565 -0.0286
vn -0.9904 -0.0975 -0.0975
vn -0.0980 -0.9951 -0.0097
vn -0.0980 0.9951 -0.0097
vn -0.9904 0.0975 -0.0975
vn -0.2902 -0.9565 -0.0286
vn -0.9527 0.2890 -0.0938
vn -0.4709 -0.8810 -0.0464
vn -0.8786 0.4696 -0.0865
vn -0.6332 -0.7715 -0.0624
vn -0.7708 0.6326 -0.0759
vn -0.7708 -0.6326 -0.0759
vn -0.2902 -0.9565 0.0286
vn -0.9527 0.2890 0.0938
vn -0.4709 -0.8810 0.0464
vn -0.8786 0.4696 0.0865
vn -0.6332 -0.7715 0.0624
vn -0.7708 0.6326 0.0759
vn -0.7708 -0.6326 0.0759
vn -0.6332 0.7715 0.0624
vn -0.8786 -0.4696 0.0865
vn -0.4709 0.8810 0.0464
vn -0.9527 -0.2890 0.0938
vn -0.2902 0.9565 0.0286
vn -0.9904 -0.0976 0.0976
vn -0.0980 -0.9951 0.0097
vn -0.0980 0.9951 0.0097
vn -0.9904 0.0976 0.0976
vn -0.8448 -0.4696 0.2563
vn -0.4528 0.8810 0.1374
vn -0.9161 -0.2890 0.2779
vn -0.2790 0.9565 0.0846
vn -0.9524 -0.0975 0.2889
vn -0.0942 -0.9951 0.0286
vn -0.0942 0.9951 0.0286
vn -0.9524 0.0975 0.2889
vn -0.2790 -0.9565 0.0846
vn -0.9161 0.2890 0.2779
vn -0.4528 -0.8810 0.1374
vn -0.8448 0.4696 0.2563
vn -0.6088 -0.7715 0.1847
vn -0.7412 0.6326 0.2248
vn -0.7412 -0.6326 0.2248
vn -0.6088 0.7715 0.1847
vn -0.8443 0.2890 0.4513
vn -0.4173 -0.8810 0.2231
vn -0.7786 0.4696 0.4162
vn -0.5611 -0.7715 0.2999
vn -0.6831 0.6326 0.3651
vn -0.6831 -0.6326 0.3651
vn -0.5611 0.7715 0.2999
vn -0.7786 -0.4696 0.4162
vn -0.4173 0.8810 0.2231
vn -0.8443 -0.2890 0.4513
vn -0.2571 0.9565 0.1374
vn -0.8777 -0.0975 0.4691
vn -0.0869 -0.9951 0.0464
vn -0.0869 0.9951 0.0464
vn -0.8777 0.0975 0.4691
vn -0.2571 -0.9565 0.1374
vn -0.3658 0.8810 0.3002
vn -0.7400 -0.2890 0.6073
vn -0.2254 0.9565 0.1850
vn -0.7693 -0.0975 0.6314
vn -0.0761 -0.9951 0.0625
vn -0.0761 0.9951 0.0625
vn -0.7693 0.0975 0.6314
vn -0.2254 -0.9565 0.1850
vn -0.7400 0.2890 0.6073
vn -0.3658 -0.8810 0.3002
vn -0.6825 0.4696 0.5601
vn -0.4918 -0.7715 0.4036
vn -0.5987 0.6326 0.4913
vn -0.5987 -0.6326 0.4913
vn -0.4918 0.7715 0.4036
vn -0.6825 -0.4696 0.5601
vn -0.5601 0.4696 0.6825
vn -0.4036 -0.7715 0.4918
vn -0.4913 0.6326 0.5987
vn -0.4913 -0.6326 0.5987
vn -0.4036 0.7715 0.4918
vn -0.5601 -0.4696 0.6825
vn -0.3002 0.8810 0.3658
vn -0.6073 -0.2890 0.7400
vn -0.1850 0.9565 0.2254
vn -0.6314 -0.0975 0.7693
vn -0.0625 -0.9951 0.0761
vn -0.0625 0.9951 0.0761
vn -0.6314 0.0975 0.7693
vn -0.1850 -0.9565 0.2254
vn -0.6073 0.2890 0.7400
vn -0.3002 -0.8810 0.3658
vn -0.1374 0.9565 0.2571
vn -0.4691 -0.0975 0.8777
vn -0.0464 -0.9951 0.0869
vn -0.0464 0.9951 0.0869
vn -0.4691 0.0975 0.8777
vn -0.1374 -0.9565 0.2571
vn -0.4513 0.2890 0.8443
vn -0.2230 -0.8810 0.4173
vn -0.4162 0.4696 0.7786
vn -0.2999 -0.7715 0.5611
vn -0.3651 0.6326 0.6831
vn -0.3651 -0.6326 0.6831
vn -0.2999 0.7715 0.5611
vn -0.4162 -0.4696 0.7786
vn -0.2231 0.8810 0.4173
vn -0.4513 -0.2890 0.8443
vn -0.1847 -0.7715 0.6088
vn -0.2248 0.6326 0.7412
vn -0.2248 -0.6326 0.7412
vn -0.1847 0.7715 0.6088
vn -0.2563 -0.4696 0.8448
vn -0.1374 0.8810 0.4528
vn -0.2779 -0.2890 0.9161
vn -0.0846 0.9565 0.2790
vn -0.2889 -0.0975 0.9524
vn -0.0286 -0.9951 0.0942
vn -0.0286 0.9951 0.0942
vn -0.2889 0.0975 0.9524
vn -0.0846 -0.9565 0.2790
vn -0.2779 0.2890 0.9161
vn -0.1374 -0.8810 0.4528
vn -0.2563 0.4696 0.8448
vn -0.0975 -0.0975 0.9904
vn -0.0097 -0.9951 0.0980
vn -0.0097 0.9951 0.0980
vn -0.0975 0.0975 0.9904
vn -0.0286 -0.9565 0.2902
vn -0.0938 0.2890 0.9527
vn -0.0464 -0.8810 0.4709
vn -0.0865 0.4696 0.8786
vn -0.0624 -0.7715 0.6332
vn -0.0759 0.6326 0.7708
vn -0.0759 -0.6326 0.7708
vn -0.0624 0.7715 0.6332
vn -0.0865 -0.4696 0.8786
vn -0.0464 0.8810 0.4709
vn -0.0938 -0.2890 0.9527
vn -0.0286 0.9565 0.2902
vn 0.0759 0.6326 0.7708
vn 0.0759 -0.6326 0.7708
vn 0.0624 0.7715 0.6332
vn 0.0865 -0.4696 0.8786
vn 0.0464 0.8810 0.4709
vn 0.0938 -0.2890 0.9527
vn 0.0286 0.9565 0.2902
vn 0.0975 -0.0975 0.9904
vn 0.0097 -0.9951 0.0980
vn 0.0097 0.9951 0.0980
vn 0.0975 0.0975 0.9904
vn 0.0286 -0.9565 0.2902
vn 0.0938 0.2890 0.9527
vn 0.0464 -0.8810 0.4709
vn 0.0865 0.4696 0.8786
vn 0.0624 -0.7715 0.6332
vn 0.0286 -0.9951 0.0942
vn 0.0286 0.9951 0.0942
vn 0.2889 0.0975 0.9524
vn 0.0846 -0.9565 0.2790
vn 0.2779 0.2890 0.9161
vn 0.1374 -0.8810 0.4528
vn 0.2563 0.4696 0.8448
vn 0.1847 -0.7715 0.6088
vn 0.2248 0.6326 0.7412
vn 0.2248 -0.6326 0.7412
vn 0.1847 0.7715 0.6088
vn 0.2563 -0.4696 0.8448
vn 0.1374 0.8810 0.4528
vn 0.2779 -0.2890 0.9161
vn 0.0846 0.9565 0.2790
vn 0.2889 -0.0975 0.9524
vn 0.3651 -0.6326 0.6831
vn 0.2999 0.7715 0.5611
vn 0.4162 -0.4696 0.7786
vn 0.2230 0.8810 0.4173
vn 0.4513 -0.2890 0.8443
vn 0.1374 0.9565 0.2571
vn 0.4691 -0.0975 0.8777
vn 0.0464 -0.9951 0.0869
vn 0.0464 0.9951 0.0869
vn 0.4691 0.0975 0.8777
vn 0.1374 -0.9565 0.2571
vn 0.4513 0.2890 0.8443
vn 0.2230 -0.8810 0.4173
vn 0.4162 0.4696 0.7786
vn 0.2999 -0.7715 0.5611
vn 0.3651 0.6326 0.6831
vn 0.6314 0.0975 0.7693
vn 0.1850 -0.9565 0.2254
vn 0.6073 0.2890 0.7400
vn 0.3002 -0.8810 0.3658
vn 0.5601 0.4696 0.6825
vn 0.4036 -0.7715 0.4918
vn 0.4913 0.6326 0.5987
vn 0.4913 -0.6326 0.5987
vn 0.4036 0.7715 0.4918
vn 0.5601 -0.4696 0.6825
vn 0.3002 0.8810 0.3658
vn 0.6073 -0.2890 0.7400
vn 0.1850 0.9565 0.2254
vn 0.6314 -0.0975 0.7693
vn 0.0625 -0.9951 0.0761
vn 0.0625 0.9951 0.0761
vn 0.4918 0.7715 0.4036
vn 0.6825 -0.4696 0.5601
vn 0.3658 0.8810 0.3002
vn 0.7400 -0.2890 0.6073
vn 0.2254 0.9565 0.1850
vn 0.7693 -0.0975 0.6314
vn 0.0761 -0.9951 0.0625
vn 0.0761 0.9951 0.0625
vn 0.7693 0.0975 0.6314
vn 0.2254 -0.9565 0.1850
vn 0.7400 0.2890 0.6073
vn 0.3658 -0.8810 0.3002
vn 0.6825 0.4696 0.5601
vn 0.4918 -0.7715 0.4036
vn 0.5987 0.6326 0.4913
vn 0.5987 -0.6326 0.4913
vn 0.8443 0.2890 0.4513
vn 0.4173 -0.8810 0.2230
vn 0.7786 0.4696 0.4162
vn 0.5611 -0.7715 0.2999
vn 0.6831 0.6326 0.3651
vn 0.6831 -0.6326 0.3651
vn 0.5611 0.7715 0.2999
vn 0.7786 -0.4696 0.4162
vn 0.4173 0.8810 0.2230
vn 0.8443 -0.2890 0.4513
vn 0.2571 0.9565 0.1374
vn 0.8777 -0.0975 0.4691
vn 0.0869 -0.9951 0.0464
vn 0.0869 0.9951 0.0464
vn 0.8777 0.0975 0.4691
vn 0.2571 -0.9565 0.1374
vn 0.4528 0.8810 0.1374
vn 0.9161 -0.2890 0.2779
vn 0.2790 0.9565 0.0846
vn 0.9524 -0.0975 0.2889
vn 0.0942 -0.9951 0.0286
vn 0.0942 0.9951 0.0286
vn 0.9524 0.0975 0.2889
vn 0.2790 -0.9565 0.0846
vn 0.9161 0.2890 0.2779
vn 0.4528 -0.8810 0.1374
vn 0.8448 0.4696 0.2563
vn 0.6088 -0.7715 0.1847
vn 0.7412 0.6326 0.2248
vn 0.7412 -0.6326 0.2248
vn 0.6088 0.7715 0.1847
vn 0.8448 -0.4696 0.2563
vn 0.4709 -0.8810 0.0464
vn 0.8786 0.4696 0.0865
vn 0.6332 -0.7715 0.0624
vn 0.7708 0.6326 0.0759
vn 0.7708 -0.6326 0.0759
vn 0.6332 0.7715 0.0624
vn 0.8786 -0.4696 0.0865
vn 0.4709 0.8810 0.0464
vn 0.9527 -0.2890 0.0938
vn 0.2902 0.9565 0.0286
vn 0.9904 -0.0975 0.0975
vn 0.0980 -0.9951 0.0097
vn 0.0980 0.9951 0.0097
vn 0.9904 0.0975 0.0975
vn 0.2902 -0.9565 0.0286
vn 0.9527 0.2890 0.0938
vn 0.9527 -0.2890 -0.0938
vn 0.2902 0.9565 -0.0286
vn 0.9904 -0.0975 -0.0976
vn 0.0980 -0.9951 -0.0097
vn 0.0980 0.9951 -0.0097
vn 0.9904 0.0975 -0.0976
vn 0.2902 -0.9565 -0.0286
vn 0.9527 0.2890 -0.0938
vn 0.4709 -0.8810 -0.0464
vn 0.8786 0.4696 -0.0865
vn 0.6332 -0.7715 -0.0624
vn 0.7708 0.6326 -0.0759
vn 0.7708 -0.6326 -0.0759
vn 0.6332 0.7715 -0.0624
vn 0.8786 -0.4696 -0.0865
vn 0.4709 0.8810 -0.0464
vn 0.8448 0.4696 -0.2563
vn 0.6088 -0.7715 -0.1847
vn 0.7412 0.6326 -0.2248
vn 0.7412 -0.6326 -0.2248
vn 0.6088 0.7715 -0.1847
vn 0.8448 -0.4696 -0.2563
vn 0.4528 0.8810 -0.1374
vn 0.9161 -0.2890 -0.2779
vn 0.2790 0.9565 -0.0846
vn 0.9524 -0.0975 -0.2889
vn 0.0942 -0.9951 -0.0286
vn 0.0942 0.9951 -0.0286
vn 0.9524 0.0975 -0.2889
vn 0.2790 -0.9565 -0.0846
vn 0.9161 0.2890 -0.2779
vn 0.4528 -0.8810 -0.1374
vn 0.2571 0.9565 -0.1374
vn 0.8777 -0.0975 -0.4691
vn 0.0869 -0.9951 -0.0464
vn 0.0869 0.9951 -0.0464
vn 0.8777 0.0975 -0.4691
vn 0.2571 -0.9565 -0.1374
vn 0.8443 0.2890 -0.4513
vn 0.4173 -0.8810 -0.2230
vn 0.7786 0.4696 -0.4162
vn 0.5611 -0.7715 -0.2999
vn 0.6831 0.6326 -0.3651
vn 0.6831 -0.6326 -0.3651
vn 0.5611 0.7715 -0.2999
vn 0.7786 -0.4696 -0.4162
vn 0.4173 0.8810 -0.2230
vn 0.8443 -0.2890 -0.4513
vn 0.4918 -0.7715 -0.4036
vn 0.5987 0.6326 -0.4913
vn 0.5987 -0.6326 -0.4913
vn 0.4918 0.7715 -0.4036
vn 0.6825 -0.4696 -0.5601
vn 0.3658 0.8810 -0.3002
vn 0.7400 -0.2890 -0.6073
vn 0.2254 0.9565 -0.1850
vn 0.7693 -0.0975 -0.6314
vn 0.0761 -0.9951 -0.0625
vn 0.0761 0.9951 -0.0625
vn 0.7693 0.0975 -0.6314
vn 0.2254 -0.9565 -0.1850
vn 0.7400 0.2890 -0.6073
vn 0.3658 -0.8810 -0.3002
vn 0.6825 0.4696 -0.5601
vn 0.6314 -0.0975 -0.7693
vn 0.0625 -0.9951 -0.0761
vn 0.0625 0.9951 -0.0761
vn 0.6314 0.0975 -0.7693
vn 0.1850 -0.9565 -0.2254
vn 0.6073 0.2890 -0.7400
vn 0.3002 -0.8810 -0.3658
vn 0.5601 0.4696 -0.6825
vn 0.4036 -0.7715 -0.4918
vn 0.4913 0.6326 -0.5987
vn 0.4913 -0.6326 -0.5987
vn 0.4036 0.7715 -0.4918
vn 0.5601 -0.4696 -0.6825
vn 0.3002 0.8810 -0.3658
vn 0.6073 -0.2890 -0.7400
vn 0.1850 0.9565 -0.2254
vn 0.3651 0.6326 -0.6831
vn 0.3651 -0.6326 -0.6831
vn 0.2999 0.7715 -0.5611
vn 0.4162 -0.4696 -0.7786
vn 0.2231 0.8810 -0.4173
vn 0.4513 -0.2890 -0.8443
vn 0.1374 0.9565 -0.2571
vn 0.4691 -0.0975 -0.8777
vn 0.0464 -0.9951 -0.0869
vn 0.0464 0.9951 -0.0869
vn 0.4691 0.0975 -0.8777
vn 0.1374 -0.9565 -0.2571
vn 0.4513 0.2890 -0.8443
vn 0.2231 -0.8810 -0.4173
vn 0.4162 0.4696 -0.7786
vn 0.2999 -0.7715 -0.5611
vn 0.0286 0.9951 -0.0942
vn 0.2889 0.0975 -0.9524
vn 0.0846 -0.9565 -0.2790
vn 0.2779 0.2890 -0.9161
vn 0.1374 -0.8810 -0.4528
vn 0.2563 0.4696 -0.8448
vn 0.1847 -0.7715 -0.6088
vn 0.2248 0.6326 -0.7412
vn 0.2248 -0.6326 -0.7412
vn 0.1847 0.7715 -0.6088
vn 0.2563 -0.4696 -0.8448
vn 0.1374 0.8810 -0.4528
vn 0.2779 -0.2890 -0.9161
vn 0.0846 0.9565 -0.2790
vn 0.2889 -0.0975 -0.9524
vn 0.0286 -0.9951 -0.0942
vn 0.0624 0.7715 -0.6332
vn 0.0865 -0.4696 -0.8786
vn 0.0464 0.8810 -0.4709
vn 0.0938 -0.2890 -0.9527
vn 0.0286 0.9565 -0.2902
vn 0.0976 -0.0975 -0.9904
vn 0.0097 -0.9951 -0.0980
vn 0.0097 0.9951 -0.0980
vn 0.0976 0.0975 -0.9904
vn 0.0286 -0.9565 -0.2902
vn 0.0938 0.2890 -0.9527
vn 0.0464 -0.8810 -0.4709
vn 0.0865 0.4696 -0.8786
vn 0.0624 -0.7715 -0.6332
vn 0.0759 0.6326 -0.7708
vn 0.0759 -0.6326 -0.7708
vn -0.0975 -0.0975 -0.9904
vn -0.2230 0.8810 -0.4173
vn -0.4173 -0.8810 -0.2230
vn -0.9904 -0.0975 0.0975
vn -0.9904 0.0975 0.0975
vn -0.4173 -0.8810 0.2230
vn -0.4173 0.8810 0.2230
vn -0.2254 0.9566 0.1850
vn -0.2230 0.8810 0.4173
vn 0.0976 -0.0975 0.9904
vn 0.0976 0.0975 0.9904
vn 0.2231 0.8810 0.4173
vn 0.2231 -0.8810 0.4173
vn 0.4173 0.8810 0.2231
vn 0.4173 0.8810 -0.2231
vn 0.2230 0.8810 -0.4173
vn 0.2230 -0.8810 -0.4173
vt 0.718750 0.687500
vt 0.750000 0.687500
vt 0.750000 0.750000
vt 0.718750 0.187500
vt 0.750000 0.187500
vt 0.750000 0.250000
vt 0.750000 0.625000
vt 0.718750 0.125000
vt 0.750000 0.125000
vt 0.750000 0.562500
vt 0.718750 0.625000
vt 0.718750 0.062500
vt 0.750000 0.062500
vt 0.718750 0.500000
vt 0.750000 0.500000
vt 0.750000 0.937500
vt 0.734375 1.000000
vt 0.718750 0.937500
vt 0.734375 0.000000
vt 0.718750 0.437500
vt 0.750000 0.437500
vt 0.750000 0.875000
vt 0.718750 0.375000
vt 0.750000 0.375000
vt 0.750000 0.812500
vt 0.718750 0.875000
vt 0.718750 0.312500
vt 0.750000 0.312500
vt 0.718750 0.812500
vt 0.718750 0.250000
vt 0.687500 0.312500
vt 0.687500 0.750000
vt 0.718750 0.750000
vt 0.687500 0.250000
vt 0.687500 0.687500
vt 0.687500 0.625000
vt 0.687500 0.187500
vt 0.718750 0.562500
vt 0.687500 0.062500
vt 0.687500 0.500000
vt 0.703125 1.000000
vt 0.687500 0.937500
vt 0.703125 0.000000
vt 0.687500 0.437500
vt 0.687500 0.875000
vt 0.687500 0.375000
vt 0.687500 0.812500
vt 0.687500 0.125000
vt 0.656250 0.125000
vt 0.656250 0.500000
vt 0.687500 0.562500
vt 0.671875 1.000000
vt 0.656250 0.937500
vt 0.671875 0.000000
vt 0.656250 0.062500
vt 0.656250 0.875000
vt 0.656250 0.375000
vt 0.656250 0.812500
vt 0.656250 0.750000
vt 0.656250 0.312500
vt 0.656250 0.687500
vt 0.656250 0.250000
vt 0.656250 0.625000
vt 0.625000 0.250000
vt 0.625000 0.687500
vt 0.625000 0.187500
vt 0.656250 0.187500
vt 0.625000 0.625000
vt 0.656250 0.562500
vt 0.625000 0.062500
vt 0.625000 0.500000
vt 0.640625 1.000000
vt 0.625000 0.937500
vt 0.640625 0.000000
vt 0.625000 0.437500
vt 0.656250 0.437500
vt 0.625000 0.875000
vt 0.625000 0.375000
vt 0.625000 0.812500
vt 0.625000 0.750000
vt 0.609375 1.000000
vt 0.593750 0.937500
vt 0.609375 0.000000
vt 0.593750 0.062500
vt 0.593750 0.437500
vt 0.593750 0.875000
vt 0.593750 0.375000
vt 0.593750 0.812500
vt 0.625000 0.312500
vt 0.593750 0.750000
vt 0.593750 0.250000
vt 0.593750 0.625000
vt 0.593750 0.125000
vt 0.625000 0.125000
vt 0.625000 0.562500
vt 0.593750 0.562500
vt 0.593750 0.687500
vt 0.562500 0.750000
vt 0.562500 0.187500
vt 0.593750 0.187500
vt 0.562500 0.625000
vt 0.562500 0.125000
vt 0.593750 0.500000
vt 0.562500 0.562500
vt 0.578125 1.000000
vt 0.562500 0.937500
vt 0.578125 0.000000
vt 0.562500 0.062500
vt 0.562500 0.437500
vt 0.562500 0.875000
vt 0.562500 0.375000
vt 0.562500 0.812500
vt 0.593750 0.312500
vt 0.562500 0.250000
vt 0.531250 0.437500
vt 0.562500 0.500000
vt 0.531250 0.875000
vt 0.531250 0.375000
vt 0.531250 0.812500
vt 0.562500 0.312500
vt 0.531250 0.750000
vt 0.531250 0.250000
vt 0.562500 0.687500
vt 0.531250 0.625000
vt 0.531250 0.187500
vt 0.531250 0.062500
vt 0.531250 0.562500
vt 0.546875 1.000000
vt 0.531250 0.937500
vt 0.546875 0.000000
vt 0.500000 0.250000
vt 0.500000 0.625000
vt 0.531250 0.687500
vt 0.500000 0.125000
vt 0.531250 0.125000
vt 0.531250 0.500000
vt 0.500000 0.562500
vt 0.515625 1.000000
vt 0.500000 0.937500
vt 0.515625 0.000000
vt 0.500000 0.062500
vt 0.500000 0.437500
vt 0.500000 0.875000
vt 0.500000 0.375000
vt 0.500000 0.812500
vt 0.531250 0.312500
vt 0.500000 0.750000
vt 0.468750 0.937500
vt 0.468750 0.375000
vt 0.468750 0.812500
vt 0.500000 0.312500
vt 0.468750 0.750000
vt 0.468750 0.250000
vt 0.500000 0.687500
vt 0.500000 0.187500
vt 0.468750 0.625000
vt 0.468750 0.125000
vt 0.468750 0.062500
vt 0.500000 0.500000
vt 0.468750 0.562500
vt 0.484375 1.000000
vt 0.484375 0.000000
vt 0.468750 0.437500
vt 0.437500 0.625000
vt 0.468750 0.687500
vt 0.437500 0.125000
vt 0.468750 0.187500
vt 0.437500 0.062500
vt 0.468750 0.500000
vt 0.437500 0.562500
vt 0.453125 1.000000
vt 0.437500 0.937500
vt 0.453125 0.000000
vt 0.437500 0.437500
vt 0.437500 0.875000
vt 0.468750 0.875000
vt 0.437500 0.375000
vt 0.437500 0.812500
vt 0.468750 0.312500
vt 0.437500 0.750000
vt 0.437500 0.250000
vt 0.406250 0.375000
vt 0.406250 0.875000
vt 0.437500 0.312500
vt 0.406250 0.750000
vt 0.406250 0.250000
vt 0.437500 0.687500
vt 0.437500 0.187500
vt 0.406250 0.625000
vt 0.406250 0.125000
vt 0.437500 0.500000
vt 0.406250 0.562500
vt 0.421875 1.000000
vt 0.406250 0.937500
vt 0.421875 0.000000
vt 0.406250 0.062500
vt 0.406250 0.437500
vt 0.375000 0.125000
vt 0.406250 0.187500
vt 0.375000 0.625000
vt 0.406250 0.500000
vt 0.375000 0.562500
vt 0.390625 1.000000
vt 0.375000 0.937500
vt 0.390625 0.000000
vt 0.375000 0.062500
vt 0.375000 0.437500
vt 0.375000 0.875000
vt 0.375000 0.375000
vt 0.375000 0.812500
vt 0.406250 0.812500
vt 0.406250 0.312500
vt 0.375000 0.750000
vt 0.375000 0.250000
vt 0.406250 0.687500
vt 0.375000 0.312500
vt 0.343750 0.375000
vt 0.343750 0.750000
vt 0.343750 0.250000
vt 0.375000 0.687500
vt 0.375000 0.187500
vt 0.343750 0.625000
vt 0.343750 0.125000
vt 0.343750 0.062500
vt 0.375000 0.500000
vt 0.343750 0.562500
vt 0.359375 1.000000
vt 0.343750 0.937500
vt 0.359375 0.000000
vt 0.343750 0.437500
vt 0.343750 0.875000
vt 0.312500 0.062500
vt 0.343750 0.500000
vt 0.312500 0.562500
vt 0.328125 1.000000
vt 0.312500 0.937500
vt 0.328125 0.000000
vt 0.312500 0.437500
vt 0.312500 0.875000
vt 0.312500 0.375000
vt 0.312500 0.812500
vt 0.343750 0.812500
vt 0.343750 0.312500
vt 0.312500 0.750000
vt 0.312500 0.250000
vt 0.343750 0.687500
vt 0.343750 0.187500
vt 0.312500 0.625000
vt 0.312500 0.125000
vt 0.281250 0.750000
vt 0.281250 0.250000
vt 0.312500 0.312500
vt 0.312500 0.687500
vt 0.312500 0.187500
vt 0.281250 0.625000
vt 0.281250 0.125000
vt 0.281250 0.062500
vt 0.312500 0.500000
vt 0.281250 0.562500
vt 0.296875 1.000000
vt 0.281250 0.937500
vt 0.296875 0.000000
vt 0.281250 0.437500
vt 0.281250 0.875000
vt 0.281250 0.375000
vt 0.281250 0.812500
vt 0.281250 0.500000
vt 0.250000 0.562500
vt 0.265625 1.000000
vt 0.250000 0.937500
vt 0.265625 0.000000
vt 0.250000 0.062500
vt 0.250000 0.437500
vt 0.250000 0.875000
vt 0.250000 0.375000
vt 0.250000 0.812500
vt 0.281250 0.312500
vt 0.250000 0.750000
vt 0.250000 0.250000
vt 0.281250 0.687500
vt 0.281250 0.187500
vt 0.250000 0.625000
vt 0.250000 0.125000
vt 0.218750 0.250000
vt 0.250000 0.312500
vt 0.250000 0.687500
vt 0.218750 0.750000
vt 0.250000 0.187500
vt 0.218750 0.625000
vt 0.218750 0.125000
vt 0.250000 0.500000
vt 0.218750 0.562500
vt 0.234375 1.000000
vt 0.218750 0.937500
vt 0.234375 0.000000
vt 0.218750 0.062500
vt 0.218750 0.437500
vt 0.218750 0.875000
vt 0.218750 0.375000
vt 0.218750 0.812500
vt 0.203125 1.000000
vt 0.187500 0.937500
vt 0.203125 0.000000
vt 0.187500 0.062500
vt 0.187500 0.437500
vt 0.218750 0.500000
vt 0.187500 0.375000
vt 0.187500 0.812500
vt 0.218750 0.312500
vt 0.187500 0.750000
vt 0.187500 0.250000
vt 0.218750 0.687500
vt 0.218750 0.187500
vt 0.187500 0.625000
vt 0.187500 0.187500
vt 0.187500 0.562500
vt 0.187500 0.687500
vt 0.156250 0.750000
vt 0.156250 0.250000
vt 0.156250 0.625000
vt 0.187500 0.125000
vt 0.156250 0.187500
vt 0.156250 0.062500
vt 0.187500 0.500000
vt 0.156250 0.562500
vt 0.171875 1.000000
vt 0.156250 0.937500
vt 0.171875 0.000000
vt 0.156250 0.437500
vt 0.156250 0.875000
vt 0.187500 0.875000
vt 0.156250 0.375000
vt 0.156250 0.812500
vt 0.187500 0.312500
vt 0.125000 0.437500
vt 0.156250 0.500000
vt 0.125000 0.875000
vt 0.125000 0.375000
vt 0.156250 0.312500
vt 0.125000 0.750000
vt 0.125000 0.250000
vt 0.156250 0.687500
vt 0.125000 0.625000
vt 0.125000 0.125000
vt 0.156250 0.125000
vt 0.125000 0.062500
vt 0.125000 0.562500
vt 0.140625 1.000000
vt 0.125000 0.937500
vt 0.140625 0.000000
vt 0.125000 0.187500
vt 0.093750 0.250000
vt 0.093750 0.625000
vt 0.125000 0.687500
vt 0.093750 0.125000
vt 0.093750 0.062500
vt 0.125000 0.500000
vt 0.093750 0.562500
vt 0.109375 1.000000
vt 0.093750 0.937500
vt 0.109375 0.000000
vt 0.093750 0.437500
vt 0.093750 0.375000
vt 0.125000 0.812500
vt 0.093750 0.875000
vt 0.125000 0.312500
vt 0.093750 0.750000
vt 0.062500 0.375000
vt 0.093750 0.812500
vt 0.062500 0.875000
vt 0.093750 0.312500
vt 0.062500 0.750000
vt 0.062500 0.250000
vt 0.093750 0.687500
vt 0.093750 0.187500
vt 0.062500 0.625000
vt 0.062500 0.187500
vt 0.062500 0.062500
vt 0.093750 0.500000
vt 0.062500 0.562500
vt 0.078125 1.000000
vt 0.062500 0.937500
vt 0.078125 0.000000
vt 0.062500 0.437500
vt 0.031250 0.125000
vt 0.062500 0.125000
vt 0.031250 0.625000
vt 0.062500 0.500000
vt 0.031250 0.562500
vt 0.046875 1.000000
vt 0.031250 0.937500
vt 0.046875 0.000000
vt 0.031250 0.062500
vt 0.031250 0.437500
vt 0.031250 0.375000
vt 0.031250 0.812500
vt 0.062500 0.812500
vt 0.062500 0.312500
vt 0.031250 0.750000
vt 0.031250 0.250000
vt 0.062500 0.687500
vt 0.000000 0.812500
vt 0.031250 0.875000
vt 0.031250 0.312500
vt 0.000000 0.375000
vt 0.000000 0.750000
vt 0.000000 0.250000
vt 0.031250 0.687500
vt 0.031250 0.187500
vt 0.000000 0.625000
vt 0.000000 0.125000
vt 0.000000 0.062500
vt 0.031250 0.500000
vt 0.000000 0.562500
vt 0.015625 1.000000
vt 0.000000 0.937500
vt 0.015625 0.000000
vt 0.000000 0.437500
vt 0.000000 0.875000
vt 1.000000 0.562500
vt 1.000000 0.625000
vt 0.968750 0.625000
vt 0.968750 0.062500
vt 1.000000 0.062500
vt 1.000000 0.125000
vt 1.000000 0.500000
vt 0.968750 0.562500
vt 1.000000 0.937500
vt 0.984375 1.000000
vt 0.968750 0.937500
vt 0.984375 0.000000
vt 0.968750 0.437500
vt 1.000000 0.437500
vt 1.000000 0.875000
vt 0.968750 0.375000
vt 1.000000 0.375000
vt 1.000000 0.812500
vt 0.968750 0.875000
vt 1.000000 0.312500
vt 0.968750 0.750000
vt 1.000000 0.750000
vt 0.968750 0.250000
vt 1.000000 0.250000
vt 1.000000 0.687500
vt 1.000000 0.187500
vt 0.968750 0.125000
vt 0.968750 0.312500
vt 0.937500 0.375000
vt 0.937500 0.750000
vt 0.968750 0.812500
vt 0.937500 0.250000
vt 0.968750 0.687500
vt 0.968750 0.187500
vt 0.937500 0.625000
vt 0.937500 0.125000
vt 0.937500 0.062500
vt 0.968750 0.500000
vt 0.937500 0.562500
vt 0.953125 1.000000
vt 0.937500 0.937500
vt 0.953125 0.000000
vt 0.937500 0.437500
vt 0.937500 0.875000
vt 0.906250 0.062500
vt 0.937500 0.500000
vt 0.906250 0.562500
vt 0.921875 1.000000
vt 0.906250 0.937500
vt 0.921875 0.000000
vt 0.906250 0.437500
vt 0.906250 0.375000
vt 0.906250 0.812500
vt 0.937500 0.812500
vt 0.937500 0.312500
vt 0.906250 0.750000
vt 0.906250 0.250000
vt 0.937500 0.687500
vt 0.937500 0.187500
vt 0.906250 0.625000
vt 0.906250 0.187500
vt 0.875000 0.750000
vt 0.875000 0.250000
vt 0.906250 0.312500
vt 0.906250 0.687500
vt 0.875000 0.625000
vt 0.875000 0.125000
vt 0.906250 0.125000
vt 0.906250 0.500000
vt 0.875000 0.562500
vt 0.890625 1.000000
vt 0.875000 0.937500
vt 0.890625 0.000000
vt 0.875000 0.062500
vt 0.875000 0.437500
vt 0.875000 0.875000
vt 0.906250 0.875000
vt 0.875000 0.375000
vt 0.875000 0.500000
vt 0.843750 0.562500
vt 0.859375 1.000000
vt 0.843750 0.937500
vt 0.859375 0.000000
vt 0.843750 0.062500
vt 0.843750 0.437500
vt 0.843750 0.875000
vt 0.843750 0.375000
vt 0.875000 0.812500
vt 0.875000 0.312500
vt 0.843750 0.750000
vt 0.843750 0.250000
vt 0.875000 0.687500
vt 0.875000 0.187500
vt 0.843750 0.625000
vt 0.843750 0.125000
vt 0.812500 0.250000
vt 0.843750 0.312500
vt 0.843750 0.687500
vt 0.812500 0.750000
vt 0.843750 0.187500
vt 0.812500 0.625000
vt 0.812500 0.125000
vt 0.812500 0.062500
vt 0.843750 0.500000
vt 0.812500 0.562500
vt 0.828125 1.000000
vt 0.812500 0.937500
vt 0.828125 0.000000
vt 0.812500 0.437500
vt 0.812500 0.875000
vt 0.812500 0.375000
vt 0.843750 0.812500
vt 0.796875 0.000000
vt 0.781250 0.062500
vt 0.781250 0.437500
vt 0.812500 0.500000
vt 0.781250 0.875000
vt 0.781250 0.375000
vt 0.812500 0.812500
vt 0.812500 0.312500
vt 0.781250 0.750000
vt 0.781250 0.250000
vt 0.812500 0.687500
vt 0.812500 0.187500
vt 0.781250 0.625000
vt 0.781250 0.125000
vt 0.781250 0.562500
vt 0.796875 1.000000
vt 0.781250 0.937500
vt 0.781250 0.187500
vt 0.781250 0.687500
vt 0.781250 0.500000
vt 0.765625 1.000000
vt 0.765625 0.000000
vt 0.781250 0.812500
vt 0.781250 0.312500
vt 0.000000 0.312500
vt 0.000000 0.687500
vt 0.000000 0.187500
vt 0.000000 0.500000
s 0
usemtl マテリアル.001
f 493/560/528 484/561/528 958/562/528
f 501/563/529 962/564/529 961/565/529
f 959/566/530 484/561/530 493/560/530
f 502/567/531 963/568/531 962/564/531
f 485/569/532 959/566/532 494/570/532
f 503/571/533 964/572/533 963/568/533
f 496/573/534 486/574/534 485/569/534
f 956/575/535 564/576/535 489/577/535
f 790/578/536 964/572/536 503/571/536
f 497/579/537 487/580/537 486/574/537
f 957/581/538 956/575/538 489/577/538
f 498/582/539 960/583/539 487/580/539
f 483/584/540 957/581/540 490/585/540
f 499/586/541 488/587/541 960/583/541
f 958/562/542 483/584/542 491/588/542
f 500/589/543 961/565/543 488/587/543
f 514/590/544 499/586/544 498/582/544
f 507/591/545 492/592/545 491/588/545
f 515/593/546 500/589/546 499/586/546
f 508/594/547 493/560/547 492/592/547
f 501/563/548 500/589/548 515/593/548
f 509/595/549 494/570/549 493/560/549
f 502/567/550 501/563/550 516/596/550
f 495/597/551 494/570/551 509/595/551
f 518/598/552 503/571/552 502/567/552
f 511/599/553 496/573/553 495/597/553
f 489/577/554 564/600/554 504/601/554
f 790/602/555 503/571/555 518/598/555
f 512/603/556 497/579/556 496/573/556
f 505/604/557 490/585/557 489/577/557
f 513/605/558 498/582/558 497/579/558
f 506/606/559 491/588/559 490/585/559
f 518/598/560 517/607/560 532/608/560
f 526/609/561 511/599/561 510/610/561
f 504/601/562 564/611/562 519/612/562
f 790/613/563 518/598/563 533/614/563
f 512/603/564 511/599/564 526/609/564
f 520/615/565 505/604/565 504/601/565
f 528/616/566 513/605/566 512/603/566
f 521/617/567 506/606/567 505/604/567
f 514/590/568 513/605/568 528/616/568
f 522/618/569 507/591/569 506/606/569
f 515/593/570 514/590/570 529/619/570
f 523/620/571 508/594/571 507/591/571
f 516/596/572 515/593/572 530/621/572
f 524/622/573 509/595/573 508/594/573
f 532/608/574 517/607/574 516/596/574
f 510/610/575 509/595/575 524/622/575
f 545/623/576 530/621/576 529/619/576
f 538/624/577 523/620/577 522/618/577
f 546/625/578 531/626/578 530/621/578
f 539/627/579 524/622/579 523/620/579
f 532/608/580 531/626/580 546/625/580
f 525/628/581 524/622/581 539/627/581
f 548/629/582 533/614/582 532/608/582
f 541/630/583 526/609/583 525/628/583
f 519/612/584 564/631/584 534/632/584
f 790/633/585 533/614/585 548/629/585
f 542/634/586 527/635/586 526/609/586
f 535/636/587 520/615/587 519/612/587
f 543/637/588 528/616/588 527/635/588
f 536/638/589 521/617/589 520/615/589
f 529/619/590 528/616/590 543/637/590
f 537/639/591 522/618/591 521/617/591
f 534/632/592 564/640/592 549/641/592
f 790/642/593 548/629/593 563/643/593
f 557/644/594 542/634/594 541/630/594
f 550/645/595 535/636/595 534/632/595
f 558/646/596 543/637/596 542/634/596
f 551/647/597 536/638/597 535/636/597
f 544/648/598 543/637/598 558/646/598
f 552/649/599 537/639/599 536/638/599
f 560/650/600 545/623/600 544/648/600
f 538/624/601 537/639/601 552/649/601
f 546/625/602 545/623/602 560/650/602
f 554/651/603 539/627/603 538/624/603
f 562/652/604 547/653/604 546/625/604
f 540/654/605 539/627/605 554/651/605
f 563/643/606 548/629/606 547/653/606
f 541/630/607 540/654/607 555/655/607
f 553/656/608 552/649/608 568/657/608
f 577/658/609 561/659/609 560/650/609
f 570/660/610 554/651/610 553/656/610
f 578/661/611 562/652/611 561/659/611
f 555/655/612 554/651/612 570/660/612
f 563/643/613 562/652/613 578/661/613
f 556/662/614 555/655/614 571/663/614
f 549/641/615 564/664/615 565/665/615
f 790/666/616 563/643/616 579/667/616
f 573/668/617 557/644/617 556/662/617
f 566/669/618 550/645/618 549/641/618
f 574/670/619 558/646/619 557/644/619
f 567/671/620 551/647/620 550/645/620
f 559/672/621 558/646/621 574/670/621
f 552/649/622 551/647/622 567/671/622
f 576/673/623 560/650/623 559/672/623
f 588/674/624 573/668/624 572/675/624
f 581/676/625 566/669/625 565/665/625
f 589/677/626 574/670/626 573/668/626
f 582/678/627 567/671/627 566/669/627
f 575/679/628 574/670/628 589/677/628
f 583/680/629 568/657/629 567/671/629
f 591/681/630 576/673/630 575/679/630
f 569/682/631 568/657/631 583/680/631
f 577/658/632 576/673/632 591/681/632
f 585/683/633 570/660/633 569/682/633
f 578/661/634 577/658/634 592/684/634
f 571/663/635 570/660/635 585/683/635
f 594/685/636 579/667/636 578/661/636
f 572/675/637 571/663/637 586/686/637
f 565/665/638 564/687/638 580/688/638
f 790/689/639 579/667/639 594/685/639
f 592/684/640 591/681/640 606/690/640
f 600/691/641 585/683/641 584/692/641
f 608/693/642 593/694/642 592/684/642
f 586/686/643 585/683/643 600/691/643
f 594/685/644 593/694/644 608/693/644
f 587/695/645 586/686/645 601/696/645
f 580/688/646 564/697/646 595/698/646
f 790/699/647 594/685/647 609/700/647
f 603/701/648 588/674/648 587/695/648
f 596/702/649 581/676/649 580/688/649
f 604/703/650 589/677/650 588/674/650
f 597/704/651 582/678/651 581/676/651
f 590/705/652 589/677/652 604/703/652
f 598/706/653 583/680/653 582/678/653
f 606/690/654 591/681/654 590/705/654
f 584/692/655 583/680/655 598/706/655
f 596/702/656 595/698/656 610/707/656
f 619/708/657 604/703/657 603/701/657
f 612/709/658 597/704/658 596/702/658
f 605/710/659 604/703/659 619/708/659
f 613/711/660 598/706/660 597/704/660
f 621/712/661 606/690/661 605/710/661
f 599/713/662 598/706/662 613/711/662
f 607/714/663 606/690/663 621/712/663
f 615/715/664 600/691/664 599/713/664
f 623/716/665 608/693/665 607/714/665
f 601/696/666 600/691/666 615/715/666
f 624/717/667 609/700/667 608/693/667
f 602/718/668 601/696/668 616/719/668
f 595/698/669 564/720/669 610/707/669
f 790/721/670 609/700/670 624/717/670
f 618/722/671 603/701/671 602/718/671
f 630/723/672 615/715/672 614/724/672
f 638/725/673 623/716/673 622/726/673
f 616/719/674 615/715/674 630/723/674
f 639/727/675 624/717/675 623/716/675
f 617/728/676 616/719/676 631/729/676
f 610/707/677 564/730/677 625/731/677
f 790/732/678 624/717/678 639/727/678
f 633/733/679 618/722/679 617/728/679
f 626/734/680 611/735/680 610/707/680
f 634/736/681 619/708/681 618/722/681
f 627/737/682 612/709/682 611/735/682
f 620/738/683 619/708/683 634/736/683
f 628/739/684 613/711/684 612/709/684
f 636/740/685 621/712/685 620/738/685
f 614/724/686 613/711/686 628/739/686
f 622/726/687 621/712/687 636/740/687
f 649/741/688 634/736/688 633/733/688
f 627/737/689 626/734/689 641/742/689
f 635/743/690 634/736/690 649/741/690
f 643/744/691 628/739/691 627/737/691
f 651/745/692 636/740/692 635/743/692
f 629/746/693 628/739/693 643/744/693
f 637/747/694 636/740/694 651/745/694
f 645/748/695 630/723/695 629/746/695
f 653/749/696 638/725/696 637/747/696
f 631/729/697 630/723/697 645/748/697
f 639/727/698 638/725/698 653/749/698
f 632/750/699 631/729/699 646/751/699
f 625/731/700 564/752/700 640/753/700
f 790/754/701 639/727/701 654/755/701
f 648/756/702 633/733/702 632/750/702
f 641/742/703 626/734/703 625/731/703
f 668/757/704 653/749/704 652/758/704
f 646/751/705 645/748/705 660/759/705
f 654/755/706 653/749/706 668/757/706
f 647/760/707 646/751/707 661/761/707
f 640/753/708 564/762/708 655/763/708
f 790/764/709 654/755/709 669/765/709
f 663/766/710 648/756/710 647/760/710
f 656/767/711 641/742/711 640/753/711
f 664/768/712 649/741/712 648/756/712
f 657/769/713 642/770/713 641/742/713
f 650/771/714 649/741/714 664/768/714
f 658/772/715 643/744/715 642/770/715
f 666/773/716 651/745/716 650/771/716
f 644/774/717 643/744/717 658/772/717
f 652/758/718 651/745/718 666/773/718
f 660/759/719 645/748/719 644/774/719
f 665/775/720 664/768/720 679/776/720
f 673/777/721 658/772/721 657/769/721
f 681/778/722 666/773/722 665/775/722
f 659/779/723 658/772/723 673/777/723
f 667/780/724 666/773/724 681/778/724
f 675/781/725 660/759/725 659/779/725
f 683/782/726 668/757/726 667/780/726
f 661/761/727 660/759/727 675/781/727
f 684/783/728 669/765/728 668/757/728
f 662/784/729 661/761/729 676/785/729
f 655/763/730 564/786/730 670/787/730
f 790/788/731 669/765/731 684/783/731
f 678/789/732 663/766/732 662/784/732
f 656/767/733 655/763/733 670/787/733
f 679/776/734 664/768/734 663/766/734
f 657/769/735 656/767/735 671/790/735
f 699/791/736 684/783/736 683/782/736
f 677/792/737 676/785/737 691/793/737
f 670/787/738 564/794/738 685/795/738
f 790/796/739 684/783/739 699/791/739
f 693/797/740 678/789/740 677/792/740
f 686/798/741 671/790/741 670/787/741
f 694/799/742 679/776/742 678/789/742
f 687/800/743 672/801/743 671/790/743
f 680/802/744 679/776/744 694/799/744
f 688/803/745 673/777/745 672/801/745
f 696/804/746 681/778/746 680/802/746
f 674/805/747 673/777/747 688/803/747
f 682/806/748 681/778/748 696/804/748
f 690/807/749 675/781/749 674/805/749
f 698/808/750 683/782/750 682/806/750
f 676/785/751 675/781/751 690/807/751
f 703/809/752 688/803/752 687/800/752
f 711/810/753 696/804/753 695/811/753
f 689/812/754 688/803/754 703/809/754
f 697/813/755 696/804/755 711/810/755
f 705/814/756 690/807/756 689/812/756
f 713/815/757 698/808/757 697/813/757
f 691/793/758 690/807/758 705/814/758
f 714/816/759 699/791/759 698/808/759
f 692/817/760 691/793/760 706/818/760
f 685/795/761 564/819/761 700/820/761
f 790/821/762 699/791/762 714/816/762
f 708/822/763 693/797/763 692/817/763
f 701/823/764 686/798/764 685/795/764
f 709/824/765 694/799/765 693/797/765
f 702/825/766 687/800/766 686/798/766
f 695/811/767 694/799/767 709/824/767
f 707/826/768 706/818/768 721/827/768
f 700/820/769 564/828/769 715/829/769
f 790/830/770 714/816/770 729/831/770
f 723/832/771 708/822/771 707/826/771
f 716/833/772 701/823/772 700/820/772
f 724/834/773 709/824/773 708/822/773
f 717/835/774 702/825/774 701/823/774
f 710/836/775 709/824/775 724/834/775
f 718/837/776 703/809/776 702/825/776
f 726/838/777 711/810/777 710/836/777
f 704/839/778 703/809/778 718/837/778
f 712/840/779 711/810/779 726/838/779
f 720/841/780 705/814/780 704/839/780
f 728/842/781 713/815/781 712/840/781
f 706/818/782 705/814/782 720/841/782
f 729/831/783 714/816/783 713/815/783
f 741/843/784 726/838/784 725/844/784
f 719/845/785 718/837/785 733/846/785
f 727/847/786 726/838/786 741/843/786
f 735/848/787 720/841/787 719/845/787
f 743/849/788 728/842/788 727/847/788
f 721/827/789 720/841/789 735/848/789
f 729/831/790 728/842/790 743/849/790
f 722/850/791 721/827/791 736/851/791
f 715/829/792 564/852/792 730/853/792
f 790/854/793 729/831/793 744/855/793
f 738/856/794 723/832/794 722/850/794
f 731/857/795 716/833/795 715/829/795
f 739/858/796 724/834/796 723/832/796
f 732/859/797 717/835/797 716/833/797
f 725/844/798 724/834/798 739/858/798
f 733/846/799 718/837/799 717/835/799
f 730/853/800 564/860/800 745/861/800
f 790/862/801 744/855/801 759/863/801
f 753/864/802 738/856/802 737/865/802
f 731/857/803 730/853/803 745/861/803
f 754/866/804 739/858/804 738/856/804
f 747/867/805 732/859/805 731/857/805
f 740/868/806 739/858/806 754/866/806
f 748/869/807 733/846/807 732/859/807
f 756/870/808 741/843/808 740/868/808
f 734/871/809 733/846/809 748/869/809
f 742/872/810 741/843/810 756/870/810
f 750/873/811 735/848/811 734/871/811
f 743/849/812 742/872/812 757/874/812
f 736/851/813 735/848/813 750/873/813
f 759/863/814 744/855/814 743/849/814
f 737/865/815 736/851/815 751/875/815
f 749/876/816 748/869/816 763/877/816
f 757/874/817 756/870/817 771/878/817
f 765/879/818 750/873/818 749/876/818
f 758/880/819 757/874/819 772/881/819
f 751/875/820 750/873/820 765/879/820
f 774/882/821 759/863/821 758/880/821
f 752/883/822 751/875/822 766/884/822
f 745/861/823 564/885/823 760/886/823
f 790/887/824 759/863/824 774/882/824
f 768/888/825 753/864/825 752/883/825
f 761/889/826 746/890/826 745/861/826
f 769/891/827 754/866/827 753/864/827
f 762/892/828 747/867/828 746/890/828
f 755/893/829 754/866/829 769/891/829
f 763/877/830 748/869/830 747/867/830
f 771/878/831 756/870/831 755/893/831
f 783/894/832 768/888/832 767/895/832
f 776/896/833 761/889/833 760/886/833
f 784/897/834 769/891/834 768/888/834
f 762/892/835 761/889/835 776/896/835
f 770/898/836 769/891/836 784/897/836
f 778/899/837 763/877/837 762/892/837
f 786/900/838 771/878/838 770/898/838
f 764/901/839 763/877/839 778/899/839
f 772/881/840 771/878/840 786/900/840
f 780/902/841 765/879/841 764/901/841
f 788/903/842 773/904/842 772/881/842
f 766/884/843 765/879/843 780/902/843
f 789/905/844 774/882/844 773/904/844
f 767/895/845 766/884/845 781/906/845
f 760/886/846 564/907/846 775/908/846
f 790/909/847 774/882/847 789/905/847
f 787/910/848 786/900/848 802/911/848
f 796/912/849 780/902/849 779/913/849
f 804/914/850 788/903/850 787/910/850
f 781/906/851 780/902/851 796/912/851
f 805/915/852 789/905/852 788/903/852
f 782/916/853 781/906/853 797/917/853
f 775/908/854 564/918/854 791/919/854
f 790/920/855 789/905/855 805/915/855
f 799/921/856 783/894/856 782/916/856
f 776/896/857 775/908/857 791/919/857
f 800/922/858 784/897/858 783/894/858
f 777/923/859 776/896/859 792/924/859
f 785/925/860 784/897/860 800/922/860
f 794/926/861 778/899/861 777/923/861
f 802/911/862 786/900/862 785/925/862
f 779/913/863 778/899/863 794/926/863
f 815/927/864 800/922/864 799/921/864
f 793/928/865 792/924/865 807/929/865
f 801/930/866 800/922/866 815/927/866
f 809/931/867 794/926/867 793/928/867
f 817/932/868 802/911/868 801/930/868
f 795/933/869 794/926/869 809/931/869
f 803/934/870 802/911/870 817/932/870
f 811/935/871 796/912/871 795/933/871
f 804/914/872 803/934/872 818/936/872
f 797/917/873 796/912/873 811/935/873
f 820/937/874 805/915/874 804/914/874
f 798/938/875 797/917/875 812/939/875
f 791/919/876 564/940/876 806/941/876
f 790/942/877 805/915/877 820/937/877
f 814/943/878 799/921/878 798/938/878
f 807/929/879 792/924/879 791/919/879
f 834/944/880 819/945/880 818/936/880
f 812/939/881 811/935/881 826/946/881
f 820/937/882 819/945/882 834/944/882
f 813/947/883 812/939/883 827/948/883
f 806/941/884 564/949/884 821/950/884
f 790/951/885 820/937/885 835/952/885
f 829/953/886 814/943/886 813/947/886
f 807/929/887 806/941/887 821/950/887
f 830/954/888 815/927/888 814/943/888
f 823/955/889 808/956/889 807/929/889
f 816/957/890 815/927/890 830/954/890
f 824/958/891 809/931/891 808/956/891
f 832/959/892 817/932/892 816/957/892
f 810/960/893 809/931/893 824/958/893
f 818/936/894 817/932/894 832/959/894
f 826/946/895 811/935/895 810/960/895
f 838/961/896 823/955/896 822/962/896
f 831/963/897 830/954/897 845/964/897
f 839/965/898 824/958/898 823/955/898
f 847/966/899 832/959/899 831/963/899
f 825/967/900 824/958/900 839/965/900
f 833/968/901 832/959/901 847/966/901
f 841/969/902 826/946/902 825/967/902
f 849/970/903 834/944/903 833/968/903
f 827/948/904 826/946/904 841/969/904
f 850/971/905 835/952/905 834/944/905
f 828/972/906 827/948/906 842/973/906
f 821/950/907 564/974/907 836/975/907
f 790/976/908 835/952/908 850/971/908
f 844/977/909 829/953/909 828/972/909
f 837/978/910 822/962/910 821/950/910
f 845/964/911 830/954/911 829/953/911
f 842/979/912 841/980/912 856/981/912
f 865/982/913 850/983/913 849/984/913
f 843/985/914 842/979/914 857/986/914
f 836/987/915 564/988/915 851/989/915
f 790/990/916 850/983/916 865/982/916
f 859/991/917 844/992/917 843/985/917
f 837/993/918 836/987/918 851/989/918
f 860/994/919 845/995/919 844/992/919
f 838/996/920 837/993/920 852/997/920
f 846/998/921 845/995/921 860/994/921
f 854/999/922 839/1000/922 838/996/922
f 862/1001/923 847/1002/923 846/998/923
f 840/1003/924 839/1000/924 854/999/924
f 848/1004/925 847/1002/925 862/1001/925
f 856/981/926 841/980/926 840/1003/926
f 864/1005/927 849/984/927 848/1004/927
f 861/1006/928 860/994/928 875/1007/928
f 869/1008/929 854/999/929 853/1009/929
f 877/1010/930 862/1001/930 861/1006/930
f 855/1011/931 854/999/931 869/1008/931
f 863/1012/932 862/1001/932 877/1010/932
f 871/1013/933 856/981/933 855/1011/933
f 879/1014/934 864/1005/934 863/1012/934
f 857/986/935 856/981/935 871/1013/935
f 880/1015/936 865/982/936 864/1005/936
f 858/1016/937 857/986/937 872/1017/937
f 851/989/938 564/1018/938 866/1019/938
f 790/1020/939 865/982/939 880/1015/939
f 874/1021/940 859/991/940 858/1016/940
f 867/1022/941 852/997/941 851/989/941
f 875/1007/942 860/994/942 859/991/942
f 853/1009/943 852/997/943 867/1022/943
f 895/1023/944 880/1015/944 879/1014/944
f 873/1024/945 872/1017/945 887/1025/945
f 866/1019/946 564/1026/946 881/1027/946
f 790/1028/947 880/1015/947 895/1023/947
f 889/1029/948 874/1021/948 873/1024/948
f 867/1022/949 866/1019/949 881/1027/949
f 890/1030/950 875/1007/950 874/1021/950
f 883/1031/951 868/1032/951 867/1022/951
f 876/1033/952 875/1007/952 890/1030/952
f 884/1034/953 869/1008/953 868/1032/953
f 892/1035/954 877/1010/954 876/1033/954
f 870/1036/955 869/1008/955 884/1034/955
f 878/1037/956 877/1010/956 892/1035/956
f 886/1038/957 871/1013/957 870/1036/957
f 879/1014/958 878/1037/958 893/1039/958
f 872/1017/959 871/1013/959 886/1038/959
f 899/1040/960 884/1034/960 883/1031/960
f 907/1041/961 892/1035/961 891/1042/961
f 885/1043/962 884/1034/962 899/1040/962
f 893/1039/963 892/1035/963 907/1041/963
f 901/1044/964 886/1038/964 885/1043/964
f 909/1045/965 894/1046/965 893/1039/965
f 887/1025/966 886/1038/966 901/1044/966
f 895/1023/967 894/1046/967 909/1045/967
f 888/1047/968 887/1025/968 902/1048/968
f 881/1027/969 564/1049/969 896/1050/969
f 790/1051/970 895/1023/970 910/1052/970
f 904/1053/971 889/1029/971 888/1047/971
f 897/1054/972 882/1055/972 881/1027/972
f 905/1056/973 890/1030/973 889/1029/973
f 883/1031/974 882/1055/974 897/1054/974
f 891/1042/975 890/1030/975 905/1056/975
f 903/1057/976 902/1048/976 917/1058/976
f 896/1050/977 564/1059/977 911/1060/977
f 790/1061/978 910/1052/978 925/1062/978
f 919/1063/979 904/1053/979 903/1057/979
f 912/1064/980 897/1054/980 896/1050/980
f 920/1065/981 905/1056/981 904/1053/981
f 898/1066/982 897/1054/982 912/1064/982
f 906/1067/983 905/1056/983 920/1065/983
f 914/1068/984 899/1040/984 898/1066/984
f 922/1069/985 907/1041/985 906/1067/985
f 900/1070/986 899/1040/986 914/1068/986
f 908/1071/987 907/1041/987 922/1069/987
f 916/1072/988 901/1044/988 900/1070/988
f 924/1073/989 909/1045/989 908/1071/989
f 902/1048/990 901/1044/990 916/1072/990
f 925/1062/991 910/1052/991 909/1045/991
f 937/1074/992 922/1069/992 921/1075/992
f 915/1076/993 914/1068/993 929/1077/993
f 923/1078/994 922/1069/994 937/1074/994
f 931/1079/995 916/1072/995 915/1076/995
f 939/1080/996 924/1073/996 923/1078/996
f 917/1058/997 916/1072/997 931/1079/997
f 940/1081/998 925/1062/998 924/1073/998
f 918/1082/999 917/1058/999 932/1083/999
f 911/1060/1000 564/1084/1000 926/1085/1000
f 790/1086/1001 925/1062/1001 940/1081/1001
f 934/1087/1002 919/1063/1002 918/1082/1002
f 927/1088/1003 912/1064/1003 911/1060/1003
f 935/1089/1004 920/1065/1004 919/1063/1004
f 913/1090/1005 912/1064/1005 927/1088/1005
f 921/1075/1006 920/1065/1006 935/1089/1006
f 929/1077/1007 914/1068/1007 913/1090/1007
f 790/1091/1008 940/1081/1008 955/1092/1008
f 949/1093/1009 934/1087/1009 933/1094/1009
f 942/1095/1010 927/1088/1010 926/1085/1010
f 950/1096/1011 935/1089/1011 934/1087/1011
f 928/1097/1012 927/1088/1012 942/1095/1012
f 936/1098/1013 935/1089/1013 950/1096/1013
f 944/1099/1014 929/1077/1014 928/1097/1014
f 952/1100/1015 937/1074/1015 936/1098/1015
f 930/1101/1016 929/1077/1016 944/1099/1016
f 938/1102/1017 937/1074/1017 952/1100/1017
f 946/1103/1018 931/1079/1018 930/1101/1018
f 954/1104/1019 939/1080/1019 938/1102/1019
f 932/1083/1020 931/1079/1020 946/1103/1020
f 955/1092/1021 940/1081/1021 939/1080/1021
f 933/1094/1022 932/1083/1022 947/1105/1022
f 926/1085/1023 564/1106/1023 941/1107/1023
f 953/1108/1024 952/1100/1024 961/565/1024
f 946/1103/1025 945/1109/1025 484/561/1025
f 963/568/1026 954/1104/1026 953/1108/1026
f 947/1105/1027 946/1103/1027 959/566/1027
f 964/572/1028 955/1092/1028 954/1104/1028
f 948/1110/1029 947/1105/1029 485/569/1029
f 941/1107/1030 564/1111/1030 956/575/1030
f 790/1112/1031 955/1092/1031 964/572/1031
f 487/580/1032 949/1093/1032 948/1110/1032
f 942/1095/1033 941/1107/1033 956/575/1033
f 960/583/1034 950/1096/1034 949/1093/1034
f 943/1113/1035 942/1095/1035 957/581/1035
f 488/587/1036 951/1114/1036 950/1096/1036
f 944/1099/1037 943/1113/1037 483/584/1037
f 961/565/1038 952/1100/1038 951/1114/1038
f 945/1109/1039 944/1099/1039 958/562/1039
f 493/560/528 958/562/528 492/592/528
f 501/563/529 961/565/529 500/589/529
f 959/566/530 493/560/530 494/570/530
f 502/567/531 962/564/531 501/563/531
f 485/569/532 494/570/532 495/597/532
f 503/571/533 963/568/533 502/567/533
f 496/573/1040 485/569/1040 495/597/1040
f 497/579/537 486/574/537 496/573/537
f 957/581/538 489/577/538 490/585/538
f 498/582/539 487/580/539 497/579/539
f 483/584/540 490/585/540 491/588/540
f 499/586/541 960/583/541 498/582/541
f 958/562/542 491/588/542 492/592/542
f 500/589/543 488/587/543 499/586/543
f 514/590/544 498/582/544 513/605/544
f 507/591/545 491/588/545 506/606/545
f 515/593/546 499/586/546 514/590/546
f 508/594/547 492/592/547 507/591/547
f 501/563/548 515/593/548 516/596/548
f 509/595/549 493/560/549 508/594/549
f 502/567/550 516/596/550 517/607/550
f 495/597/551 509/595/551 510/610/551
f 518/598/552 502/567/552 517/607/552
f 511/599/553 495/597/553 510/610/553
f 512/603/556 496/573/556 511/599/556
f 505/604/557 489/577/557 504/601/557
f 513/605/558 497/579/558 512/603/558
f 506/606/559 490/585/559 505/604/559
f 518/598/560 532/608/560 533/614/560
f 526/609/561 510/610/561 525/628/561
f 512/603/564 526/609/564 527/635/564
f 520/615/565 504/601/565 519/612/565
f 528/616/566 512/603/566 527/635/566
f 521/617/567 505/604/567 520/615/567
f 514/590/568 528/616/568 529/619/568
f 522/618/569 506/606/569 521/617/569
f 515/593/570 529/619/570 530/621/570
f 523/620/571 507/591/571 522/618/571
f 516/596/572 530/621/572 531/626/572
f 524/622/573 508/594/573 523/620/573
f 532/608/1041 516/596/1041 531/626/1041
f 510/610/575 524/622/575 525/628/575
f 545/623/576 529/619/576 544/648/576
f 538/624/577 522/618/577 537/639/577
f 546/625/578 530/621/578 545/623/578
f 539/627/579 523/620/579 538/624/579
f 532/608/580 546/625/580 547/653/580
f 525/628/581 539/627/581 540/654/581
f 548/629/582 532/608/582 547/653/582
f 541/630/583 525/628/583 540/654/583
f 542/634/586 526/609/586 541/630/586
f 535/636/587 519/612/587 534/632/587
f 543/637/588 527/635/588 542/634/588
f 536/638/589 520/615/589 535/636/589
f 529/619/590 543/637/590 544/648/590
f 537/639/591 521/617/591 536/638/591
f 557/644/594 541/630/594 556/662/594
f 550/645/595 534/632/595 549/641/595
f 558/646/596 542/634/596 557/644/596
f 551/647/597 535/636/597 550/645/597
f 544/648/598 558/646/598 559/672/598
f 552/649/599 536/638/599 551/647/599
f 560/650/600 544/648/600 559/672/600
f 538/624/601 552/649/601 553/656/601
f 546/625/602 560/650/602 561/659/602
f 554/651/603 538/624/603 553/656/603
f 562/652/604 546/625/604 561/659/604
f 540/654/605 554/651/605 555/655/605
f 563/643/606 547/653/606 562/652/606
f 541/630/607 555/655/607 556/662/607
f 553/656/608 568/657/608 569/682/608
f 577/658/609 560/650/609 576/673/609
f 570/660/610 553/656/610 569/682/610
f 578/661/611 561/659/611 577/658/611
f 555/655/612 570/660/612 571/663/612
f 563/643/613 578/661/613 579/667/613
f 556/662/614 571/663/614 572/675/614
f 573/668/617 556/662/617 572/675/617
f 566/669/618 549/641/618 565/665/618
f 574/670/619 557/644/619 573/668/619
f 567/671/1042 550/645/1042 566/669/1042
f 559/672/621 574/670/621 575/679/621
f 552/649/622 567/671/622 568/657/622
f 576/673/623 559/672/623 575/679/623
f 588/674/624 572/675/624 587/695/624
f 581/676/625 565/665/625 580/688/625
f 589/677/626 573/668/626 588/674/626
f 582/678/627 566/669/627 581/676/627
f 575/679/628 589/677/628 590/705/628
f 583/680/629 567/671/629 582/678/629
f 591/681/630 575/679/630 590/705/630
f 569/682/631 583/680/631 584/692/631
f 577/658/632 591/681/632 592/684/632
f 585/683/633 569/682/633 584/692/633
f 578/661/634 592/684/634 593/694/634
f 571/663/635 585/683/635 586/686/635
f 594/685/636 578/661/636 593/694/636
f 572/675/637 586/686/637 587/695/637
f 592/684/640 606/690/640 607/714/640
f 600/691/641 584/692/641 599/713/641
f 608/693/642 592/684/642 607/714/642
f 586/686/643 600/691/643 601/696/643
f 594/685/644 608/693/644 609/700/644
f 587/695/645 601/696/645 602/718/645
f 603/701/648 587/695/648 602/718/648
f 596/702/649 580/688/649 595/698/649
f 604/703/650 588/674/650 603/701/650
f 597/704/651 581/676/651 596/702/651
f 590/705/652 604/703/652 605/710/652
f 598/706/653 582/678/653 597/704/653
f 606/690/654 590/705/654 605/710/654
f 584/692/655 598/706/655 599/713/655
f 596/702/656 610/707/656 611/735/656
f 619/708/657 603/701/657 618/722/657
f 612/709/658 596/702/658 611/735/658
f 605/710/659 619/708/659 620/738/659
f 613/711/660 597/704/660 612/709/660
f 621/712/661 605/710/661 620/738/661
f 599/713/662 613/711/662 614/724/662
f 607/714/663 621/712/663 622/726/663
f 615/715/664 599/713/664 614/724/664
f 623/716/665 607/714/665 622/726/665
f 601/696/666 615/715/666 616/719/666
f 624/717/667 608/693/667 623/716/667
f 602/718/1043 616/719/1043 617/728/1043
f 618/722/1044 602/718/1044 617/728/1044
f 630/723/672 614/724/672 629/746/672
f 638/725/673 622/726/673 637/747/673
f 616/719/674 630/723/674 631/729/674
f 639/727/675 623/716/675 638/725/675
f 617/728/676 631/729/676 632/750/676
f 633/733/679 617/728/679 632/750/679
f 626/734/680 610/707/680 625/731/680
f 634/736/681 618/722/681 633/733/681
f 627/737/682 611/735/682 626/734/682
f 620/738/683 634/736/683 635/743/683
f 628/739/684 612/709/684 627/737/684
f 636/740/685 620/738/685 635/743/685
f 614/724/686 628/739/686 629/746/686
f 622/726/687 636/740/687 637/747/687
f 649/741/688 633/733/688 648/756/688
f 627/737/1045 641/742/1045 642/770/1045
f 635/743/690 649/741/690 650/771/690
f 643/744/691 627/737/691 642/770/691
f 651/745/692 635/743/692 650/771/692
f 629/746/693 643/744/693 644/774/693
f 637/747/694 651/745/694 652/758/694
f 645/748/695 629/746/695 644/774/695
f 653/749/1046 637/747/1046 652/758/1046
f 631/729/697 645/748/697 646/751/697
f 639/727/698 653/749/698 654/755/698
f 632/750/699 646/751/699 647/760/699
f 648/756/702 632/750/702 647/760/702
f 641/742/703 625/731/703 640/753/703
f 668/757/704 652/758/704 667/780/704
f 646/751/705 660/759/705 661/761/705
f 654/755/1047 668/757/1047 669/765/1047
f 647/760/707 661/761/707 662/784/707
f 663/766/710 647/760/710 662/784/710
f 656/767/711 640/753/711 655/763/711
f 664/768/712 648/756/712 663/766/712
f 657/769/713 641/742/713 656/767/713
f 650/771/714 664/768/714 665/775/714
f 658/772/715 642/770/715 657/769/715
f 666/773/716 650/771/716 665/775/716
f 644/774/717 658/772/717 659/779/717
f 652/758/718 666/773/718 667/780/718
f 660/759/719 644/774/719 659/779/719
f 665/775/720 679/776/720 680/802/720
f 673/777/721 657/769/721 672/801/721
f 681/778/722 665/775/722 680/802/722
f 659/779/723 673/777/723 674/805/723
f 667/780/724 681/778/724 682/806/724
f 675/781/725 659/779/725 674/805/725
f 683/782/726 667/780/726 682/806/726
f 661/761/727 675/781/727 676/785/727
f 684/783/728 668/757/728 683/782/728
f 662/784/729 676/785/729 677/792/729
f 678/789/732 662/784/732 677/792/732
f 656/767/733 670/787/733 671/790/733
f 679/776/734 663/766/734 678/789/734
f 657/769/735 671/790/735 672/801/735
f 699/791/736 683/782/736 698/808/736
f 677/792/737 691/793/737 692/817/737
f 693/797/740 677/792/740 692/817/740
f 686/798/741 670/787/741 685/795/741
f 694/799/742 678/789/742 693/797/742
f 687/800/743 671/790/743 686/798/743
f 680/802/744 694/799/744 695/811/744
f 688/803/745 672/801/745 687/800/745
f 696/804/746 680/802/746 695/811/746
f 674/805/747 688/803/747 689/812/747
f 682/806/748 696/804/748 697/813/748
f 690/807/749 674/805/749 689/812/749
f 698/808/1048 682/806/1048 697/813/1048
f 676/785/751 690/807/751 691/793/751
f 703/809/752 687/800/752 702/825/752
f 711/810/753 695/811/753 710/836/753
f 689/812/754 703/809/754 704/839/754
f 697/813/755 711/810/755 712/840/755
f 705/814/756 689/812/756 704/839/756
f 713/815/757 697/813/757 712/840/757
f 691/793/758 705/814/758 706/818/758
f 714/816/759 698/808/759 713/815/759
f 692/817/760 706/818/760 707/826/760
f 708/822/763 692/817/763 707/826/763
f 701/823/764 685/795/764 700/820/764
f 709/824/765 693/797/765 708/822/765
f 702/825/766 686/798/766 701/823/766
f 695/811/767 709/824/767 710/836/767
f 707/826/768 721/827/768 722/850/768
f 723/832/771 707/826/771 722/850/771
f 716/833/772 700/820/772 715/829/772
f 724/834/773 708/822/773 723/832/773
f 717/835/774 701/823/774 716/833/774
f 710/836/775 724/834/775 725/844/775
f 718/837/776 702/825/776 717/835/776
f 726/838/777 710/836/777 725/844/777
f 704/839/778 718/837/778 719/845/778
f 712/840/779 726/838/779 727/847/779
f 720/841/780 704/839/780 719/845/780
f 728/842/781 712/840/781 727/847/781
f 706/818/782 720/841/782 721/827/782
f 729/831/783 713/815/783 728/842/783
f 741/843/784 725/844/784 740/868/784
f 719/845/785 733/846/785 734/871/785
f 727/847/786 741/843/786 742/872/786
f 735/848/787 719/845/787 734/871/787
f 743/849/788 727/847/788 742/872/788
f 721/827/789 735/848/789 736/851/789
f 729/831/790 743/849/790 744/855/790
f 722/850/1049 736/851/1049 737/865/1049
f 738/856/1050 722/850/1050 737/865/1050
f 731/857/795 715/829/795 730/853/795
f 739/858/796 723/832/796 738/856/796
f 732/859/797 716/833/797 731/857/797
f 725/844/798 739/858/798 740/868/798
f 733/846/799 717/835/799 732/859/799
f 753/864/802 737/865/802 752/883/802
f 731/857/803 745/861/803 746/890/803
f 754/866/804 738/856/804 753/864/804
f 747/867/805 731/857/805 746/890/805
f 740/868/806 754/866/806 755/893/806
f 748/869/807 732/859/807 747/867/807
f 756/870/808 740/868/808 755/893/808
f 734/871/809 748/869/809 749/876/809
f 742/872/810 756/870/810 757/874/810
f 750/873/811 734/871/811 749/876/811
f 743/849/812 757/874/812 758/880/812
f 736/851/813 750/873/813 751/875/813
f 759/863/814 743/849/814 758/880/814
f 737/865/815 751/875/815 752/883/815
f 749/876/816 763/877/816 764/901/816
f 757/874/817 771/878/817 772/881/817
f 765/879/818 749/876/818 764/901/818
f 758/880/1051 772/881/1051 773/904/1051
f 751/875/820 765/879/820 766/884/820
f 774/882/821 758/880/821 773/904/821
f 752/883/822 766/884/822 767/895/822
f 768/888/825 752/883/825 767/895/825
f 761/889/826 745/861/826 760/886/826
f 769/891/827 753/864/827 768/888/827
f 762/892/1052 746/890/1052 761/889/1052
f 755/893/829 769/891/829 770/898/829
f 763/877/830 747/867/830 762/892/830
f 771/878/831 755/893/831 770/898/831
f 783/894/832 767/895/832 782/916/832
f 776/896/833 760/886/833 775/908/833
f 784/897/834 768/888/834 783/894/834
f 762/892/835 776/896/835 777/923/835
f 770/898/836 784/897/836 785/925/836
f 778/899/837 762/892/837 777/923/837
f 786/900/838 770/898/838 785/925/838
f 764/901/839 778/899/839 779/913/839
f 772/881/840 786/900/840 787/910/840
f 780/902/841 764/901/841 779/913/841
f 788/903/842 772/881/842 787/910/842
f 766/884/843 780/902/843 781/906/843
f 789/905/844 773/904/844 788/903/844
f 767/895/845 781/906/845 782/916/845
f 787/910/848 802/911/848 803/934/848
f 796/912/849 779/913/849 795/933/849
f 804/914/850 787/910/850 803/934/850
f 781/906/851 796/912/851 797/917/851
f 805/915/852 788/903/852 804/914/852
f 782/916/853 797/917/853 798/938/853
f 799/921/856 782/916/856 798/938/856
f 776/896/857 791/919/857 792/924/857
f 800/922/858 783/894/858 799/921/858
f 777/923/859 792/924/859 793/928/859
f 785/925/860 800/922/860 801/930/860
f 794/926/861 777/923/861 793/928/861
f 802/911/862 785/925/862 801/930/862
f 779/913/863 794/926/863 795/933/863
f 815/927/864 799/921/864 814/943/864
f 793/928/865 807/929/865 808/956/865
f 801/930/866 815/927/866 816/957/866
f 809/931/867 793/928/867 808/956/867
f 817/932/868 801/930/868 816/957/868
f 795/933/869 809/931/869 810/960/869
f 803/934/870 817/932/870 818/936/870
f 811/935/871 795/933/871 810/960/871
f 804/914/1053 818/936/1053 819/945/1053
f 797/917/873 811/935/873 812/939/873
f 820/937/874 804/914/874 819/945/874
f 798/938/875 812/939/875 813/947/875
f 814/943/878 798/938/878 813/947/878
f 807/929/879 791/919/879 806/941/879
f 834/944/880 818/936/880 833/968/880
f 812/939/881 826/946/881 827/948/881
f 820/937/882 834/944/882 835/952/882
f 813/947/883 827/948/883 828/972/883
f 829/953/886 813/947/886 828/972/886
f 807/929/887 821/950/887 822/962/887
f 830/954/888 814/943/888 829/953/888
f 823/955/889 807/929/889 822/962/889
f 816/957/890 830/954/890 831/963/890
f 824/958/891 808/956/891 823/955/891
f 832/959/892 816/957/892 831/963/892
f 810/960/893 824/958/893 825/967/893
f 818/936/894 832/959/894 833/968/894
f 826/946/895 810/960/895 825/967/895
f 838/961/896 822/962/896 837/978/896
f 831/963/897 845/964/897 846/1115/897
f 839/965/898 823/955/898 838/961/898
f 847/966/899 831/963/899 846/1115/899
f 825/967/900 839/965/900 840/1116/900
f 833/968/901 847/966/901 848/1117/901
f 841/969/902 825/967/902 840/1116/902
f 849/970/903 833/968/903 848/1117/903
f 827/948/904 841/969/904 842/973/904
f 850/971/905 834/944/905 849/970/905
f 828/972/906 842/973/906 843/1118/906
f 844/977/909 828/972/909 843/1118/909
f 837/978/910 821/950/910 836/975/910
f 845/964/911 829/953/911 844/977/911
f 842/979/912 856/981/912 857/986/912
f 865/982/913 849/984/913 864/1005/913
f 843/985/914 857/986/914 858/1016/914
f 859/991/917 843/985/917 858/1016/917
f 837/993/918 851/989/918 852/997/918
f 860/994/919 844/992/919 859/991/919
f 838/996/920 852/997/920 853/1009/920
f 846/998/921 860/994/921 861/1006/921
f 854/999/922 838/996/922 853/1009/922
f 862/1001/923 846/998/923 861/1006/923
f 840/1003/924 854/999/924 855/1011/924
f 848/1004/925 862/1001/925 863/1012/925
f 856/981/926 840/1003/926 855/1011/926
f 864/1005/927 848/1004/927 863/1012/927
f 861/1006/928 875/1007/928 876/1033/928
f 869/1008/929 853/1009/929 868/1032/929
f 877/1010/930 861/1006/930 876/1033/930
f 855/1011/931 869/1008/931 870/1036/931
f 863/1012/932 877/1010/932 878/1037/932
f 871/1013/933 855/1011/933 870/1036/933
f 879/1014/934 863/1012/934 878/1037/934
f 857/986/935 871/1013/935 872/1017/935
f 880/1015/936 864/1005/936 879/1014/936
f 858/1016/937 872/1017/937 873/1024/937
f 874/1021/940 858/1016/940 873/1024/940
f 867/1022/941 851/989/941 866/1019/941
f 875/1007/942 859/991/942 874/1021/942
f 853/1009/943 867/1022/943 868/1032/943
f 895/1023/944 879/1014/944 894/1046/944
f 873/1024/945 887/1025/945 888/1047/945
f 889/1029/948 873/1024/948 888/1047/948
f 867/1022/949 881/1027/949 882/1055/949
f 890/1030/950 874/1021/950 889/1029/950
f 883/1031/951 867/1022/951 882/1055/951
f 876/1033/952 890/1030/952 891/1042/952
f 884/1034/953 868/1032/953 883/1031/953
f 892/1035/954 876/1033/954 891/1042/954
f 870/1036/955 884/1034/955 885/1043/955
f 878/1037/956 892/1035/956 893/1039/956
f 886/1038/957 870/1036/957 885/1043/957
f 879/1014/1054 893/1039/1054 894/1046/1054
f 872/1017/959 886/1038/959 887/1025/959
f 899/1040/960 883/1031/960 898/1066/960
f 907/1041/961 891/1042/961 906/1067/961
f 885/1043/962 899/1040/962 900/1070/962
f 893/1039/963 907/1041/963 908/1071/963
f 901/1044/964 885/1043/964 900/1070/964
f 909/1045/965 893/1039/965 908/1071/965
f 887/1025/966 901/1044/966 902/1048/966
f 895/1023/967 909/1045/967 910/1052/967
f 888/1047/968 902/1048/968 903/1057/968
f 904/1053/971 888/1047/971 903/1057/971
f 897/1054/972 881/1027/972 896/1050/972
f 905/1056/973 889/1029/973 904/1053/973
f 883/1031/974 897/1054/974 898/1066/974
f 891/1042/975 905/1056/975 906/1067/975
f 903/1057/976 917/1058/976 918/1082/976
f 919/1063/979 903/1057/979 918/1082/979
f 912/1064/980 896/1050/980 911/1060/980
f 920/1065/981 904/1053/981 919/1063/981
f 898/1066/982 912/1064/982 913/1090/982
f 906/1067/983 920/1065/983 921/1075/983
f 914/1068/984 898/1066/984 913/1090/984
f 922/1069/985 906/1067/985 921/1075/985
f 900/1070/986 914/1068/986 915/1076/986
f 908/1071/987 922/1069/987 923/1078/987
f 916/1072/988 900/1070/988 915/1076/988
f 924/1073/989 908/1071/989 923/1078/989
f 902/1048/990 916/1072/990 917/1058/990
f 925/1062/991 909/1045/991 924/1073/991
f 937/1074/992 921/1075/992 936/1098/992
f 915/1076/993 929/1077/993 930/1101/993
f 923/1078/994 937/1074/994 938/1102/994
f 931/1079/995 915/1076/995 930/1101/995
f 939/1080/1055 923/1078/1055 938/1102/1055
f 917/1058/997 931/1079/997 932/1083/997
f 940/1081/998 924/1073/998 939/1080/998
f 918/1082/999 932/1083/999 933/1094/999
f 934/1087/1002 918/1082/1002 933/1094/1002
f 927/1088/1003 911/1060/1003 926/1085/1003
f 935/1089/1004 919/1063/1004 934/1087/1004
f 913/1090/1056 927/1088/1056 928/1097/1056
f 921/1075/1006 935/1089/1006 936/1098/1006
f 929/1077/1007 913/1090/1007 928/1097/1007
f 949/1093/1009 933/1094/1009 948/1110/1009
f 942/1095/1010 926/1085/1010 941/1107/1010
f 950/1096/1011 934/1087/1011 949/1093/1011
f 928/1097/1012 942/1095/1012 943/1113/1012
f 936/1098/1013 950/1096/1013 951/1114/1013
f 944/1099/1014 928/1097/1014 943/1113/1014
f 952/1100/1015 936/1098/1015 951/1114/1015
f 930/1101/1016 944/1099/1016 945/1109/1016
f 938/1102/1017 952/1100/1017 953/1108/1017
f 946/1103/1018 930/1101/1018 945/1109/1018
f 954/1104/1019 938/1102/1019 953/1108/1019
f 932/1083/1020 946/1103/1020 947/1105/1020
f 955/1092/1021 939/1080/1021 954/1104/1021
f 933/1094/1022 947/1105/1022 948/1110/1022
f 953/1108/1024 961/565/1024 962/564/1024
f 946/1103/1025 484/561/1025 959/566/1025
f 963/568/1026 953/1108/1026 962/564/1026
f 947/1105/1027 959/566/1027 485/569/1027
f 964/572/1028 954/1104/1028 963/568/1028
f 948/1110/1029 485/569/1029 486/574/1029
f 487/580/1032 948/1110/1032 486/574/1032
f 942/1095/1033 956/575/1033 957/581/1033
f 960/583/1034 949/1093/1034 487/580/1034
f 943/1113/1035 957/581/1035 483/584/1035
f 488/587/1036 950/1096/1036 960/583/1036
f 944/1099/1037 483/584/1037 958/562/1037
f 961/565/1038 951/1114/1038 488/587/1038
f 945/1109/1039 958/562/1039 484/561/1039
