# Blender 4.1.1
# www.blender.org
mtllib controlText.mtl
o テキスト.001
v -1.312144 1.257382 0.796695
v -1.312144 0.300000 0.796695
v -1.199393 0.300000 0.717747
v -1.199393 1.257382 0.717747
v -1.113703 0.841395 0.657746
v -1.113703 0.376468 0.657746
v -1.113261 0.364254 0.657436
v -1.111935 0.353103 0.656508
v -1.109726 0.343013 0.654961
v -1.106632 0.333986 0.652795
v -1.102654 0.326020 0.650009
v -1.097793 0.319117 0.646605
v -1.092047 0.313276 0.642582
v -1.085418 0.308496 0.637941
v -1.077905 0.304779 0.632680
v -1.069508 0.302124 0.626800
v -1.060227 0.300531 0.620301
v -1.050062 0.300000 0.613184
v -0.844606 0.300000 0.469322
v -0.834281 0.300531 0.462092
v -0.824853 0.302124 0.455491
v -0.816324 0.304779 0.449519
v -0.808693 0.308496 0.444175
v -0.801959 0.313276 0.439460
v -0.796123 0.319117 0.435374
v -0.791185 0.326020 0.431916
v -0.787145 0.333986 0.429087
v -0.784002 0.343013 0.426887
v -0.781758 0.353103 0.425315
v -0.780411 0.364254 0.424372
v -0.779962 0.376468 0.424058
v -0.779962 0.841395 0.424058
v -0.780411 0.853608 0.424372
v -0.781758 0.864760 0.425315
v -0.784002 0.874850 0.426887
v -0.787145 0.883877 0.429087
v -0.791185 0.891843 0.431916
v -0.796123 0.898746 0.435374
v -0.801959 0.904587 0.439460
v -0.808693 0.909367 0.444175
v -0.816324 0.913084 0.449519
v -0.824853 0.915739 0.455491
v -0.834281 0.917332 0.462092
v -0.844606 0.917863 0.469322
v -1.050062 0.917863 0.613184
v -1.060227 0.917332 0.620301
v -1.069508 0.915739 0.626800
v -1.077905 0.913084 0.632680
v -1.085418 0.909367 0.637940
v -1.092047 0.904587 0.642582
v -1.097793 0.898746 0.646605
v -1.102654 0.891843 0.650009
v -1.106632 0.883877 0.652794
v -1.109726 0.874850 0.654961
v -1.111935 0.864760 0.656508
v -1.113261 0.853608 0.657436
v -0.892712 0.416232 0.503007
v -1.001454 0.416232 0.579148
v -1.001454 0.801020 0.579148
v -0.892712 0.801020 0.503007
v -0.715319 0.845065 0.378794
v -0.715319 0.659706 0.378794
v -0.601566 0.659706 0.299144
v -0.601566 0.801020 0.299144
v -0.510865 0.798573 0.235634
v -0.510865 0.300000 0.235634
v -0.396110 0.300000 0.155282
v -0.396110 0.917863 0.155282
v -0.510865 0.917863 0.235634
v -0.510865 0.895228 0.235634
v -0.516791 0.896554 0.239783
v -0.522710 0.897879 0.243928
v -0.528623 0.899205 0.248068
v -0.534528 0.900530 0.252203
v -0.540427 0.901856 0.256333
v -0.546318 0.903181 0.260459
v -0.552203 0.904506 0.264579
v -0.558081 0.905832 0.268695
v -0.563951 0.907157 0.272805
v -0.569815 0.908483 0.276911
v -0.575672 0.909808 0.281012
v -0.581522 0.911134 0.285108
v -0.588523 0.912599 0.290011
v -0.595330 0.913938 0.294777
v -0.601942 0.915148 0.299407
v -0.608359 0.916232 0.303900
v -0.614581 0.917188 0.308257
v -0.620608 0.918016 0.312477
v -0.626441 0.918717 0.316561
v -0.632078 0.919290 0.320508
v -0.637521 0.919736 0.324319
v -0.642769 0.920055 0.327994
v -0.647821 0.920246 0.331532
v -0.652679 0.920310 0.334934
v -0.662684 0.919787 0.341939
v -0.671819 0.918220 0.348335
v -0.680084 0.915607 0.354123
v -0.687479 0.911949 0.359300
v -0.694004 0.907247 0.363869
v -0.699659 0.901499 0.367829
v -0.704444 0.894706 0.371179
v -0.708359 0.886868 0.373921
v -0.711404 0.877985 0.376053
v -0.713579 0.868057 0.377576
v -0.714884 0.857083 0.378489
v -0.332468 0.419290 0.110719
v -0.332468 0.300000 0.110719
v -0.205186 0.300000 0.021595
v -0.195021 0.300531 0.014478
v -0.185740 0.302124 0.007979
v -0.177343 0.304779 0.002099
v -0.169830 0.308496 -0.003162
v -0.163200 0.313276 -0.007803
v -0.157455 0.319117 -0.011826
v -0.152593 0.326020 -0.015230
v -0.148616 0.333986 -0.018016
v -0.145522 0.343013 -0.020182
v -0.143312 0.353103 -0.021729
v -0.141987 0.364254 -0.022657
v -0.141545 0.376468 -0.022967
v -0.141545 0.798573 -0.022967
v -0.087424 0.798573 -0.060862
v -0.087424 0.917863 -0.060862
v -0.141545 0.917863 -0.022967
v -0.141545 1.085481 -0.022967
v -0.255798 1.085481 0.057034
v -0.255798 0.917863 0.057034
v -0.329462 0.917863 0.108614
v -0.329462 0.798573 0.108614
v -0.255798 0.798573 0.057034
v -0.255798 0.419290 0.057034
v -0.031801 0.845065 -0.099810
v -0.031801 0.300000 -0.099810
v 0.083455 0.300000 -0.180513
v 0.083455 0.801020 -0.180513
v 0.191194 0.798573 -0.255953
v 0.191194 0.300000 -0.255953
v 0.305949 0.300000 -0.336305
v 0.305949 0.917863 -0.336305
v 0.191194 0.917863 -0.255953
v 0.191194 0.895228 -0.255953
v 0.184516 0.896550 -0.251277
v 0.177845 0.897862 -0.246606
v 0.171181 0.899167 -0.241940
v 0.164524 0.900462 -0.237278
v 0.157874 0.901749 -0.232622
v 0.151230 0.903028 -0.227970
v 0.144594 0.904298 -0.223323
v 0.137965 0.905560 -0.218682
v 0.131343 0.906813 -0.214045
v 0.124727 0.908058 -0.209412
v 0.118119 0.909294 -0.204785
v 0.111517 0.910522 -0.200163
v 0.103454 0.912085 -0.194517
v 0.095635 0.913513 -0.189042
v 0.088059 0.914804 -0.183737
v 0.080727 0.915960 -0.178603
v 0.073638 0.916979 -0.173639
v 0.066793 0.917863 -0.168846
v 0.060192 0.918611 -0.164224
v 0.053834 0.919222 -0.159772
v 0.047719 0.919698 -0.155491
v 0.041849 0.920038 -0.151380
v 0.036222 0.920242 -0.147440
v 0.030838 0.920310 -0.143671
v 0.020833 0.919787 -0.136665
v 0.011698 0.918220 -0.130269
v 0.003434 0.915607 -0.124482
v -0.003961 0.911949 -0.119304
v -0.010486 0.907247 -0.114735
v -0.016141 0.901499 -0.110775
v -0.020926 0.894706 -0.107425
v -0.024841 0.886868 -0.104684
v -0.027886 0.877985 -0.102552
v -0.030061 0.868057 -0.101029
v -0.031366 0.857083 -0.100115
v 0.388633 0.841395 -0.394201
v 0.388633 0.376468 -0.394201
v 0.389075 0.364254 -0.394510
v 0.390400 0.353103 -0.395439
v 0.392610 0.343013 -0.396986
v 0.395704 0.333986 -0.399152
v 0.399681 0.326020 -0.401937
v 0.404543 0.319117 -0.405341
v 0.410288 0.313276 -0.409364
v 0.416918 0.308496 -0.414006
v 0.424431 0.304779 -0.419267
v 0.432828 0.302124 -0.425147
v 0.442109 0.300531 -0.431646
v 0.452274 0.300000 -0.438763
v 0.657730 0.300000 -0.582625
v 0.668055 0.300531 -0.589855
v 0.677482 0.302124 -0.596456
v 0.686012 0.304779 -0.602428
v 0.693643 0.308496 -0.607772
v 0.700377 0.313276 -0.612487
v 0.706213 0.319117 -0.616573
v 0.711151 0.326020 -0.620031
v 0.715191 0.333986 -0.622860
v 0.718333 0.343013 -0.625060
v 0.720578 0.353103 -0.626631
v 0.721925 0.364254 -0.627575
v 0.722374 0.376468 -0.627889
v 0.722374 0.841395 -0.627889
v 0.721925 0.853608 -0.627575
v 0.720578 0.864760 -0.626632
v 0.718333 0.874850 -0.625060
v 0.715191 0.883877 -0.622860
v 0.711151 0.891843 -0.620031
v 0.706213 0.898746 -0.616573
v 0.700377 0.904587 -0.612487
v 0.693643 0.909367 -0.607772
v 0.686012 0.913084 -0.602428
v 0.677482 0.915739 -0.596456
v 0.668055 0.917332 -0.589855
v 0.657730 0.917863 -0.582625
v 0.452274 0.917863 -0.438763
v 0.442109 0.917332 -0.431645
v 0.432828 0.915739 -0.425147
v 0.424431 0.913084 -0.419267
v 0.416918 0.909367 -0.414006
v 0.410288 0.904587 -0.409364
v 0.404543 0.898746 -0.405341
v 0.399681 0.891843 -0.401937
v 0.395704 0.883877 -0.399152
v 0.392610 0.874850 -0.396986
v 0.390400 0.864760 -0.395439
v 0.389074 0.853608 -0.394510
v 0.609623 0.416232 -0.548940
v 0.500882 0.416232 -0.472799
v 0.500882 0.801020 -0.472799
v 0.609623 0.801020 -0.548940
v 0.808565 0.624225 -0.688241
v 0.808565 0.387480 -0.688241
v 0.809063 0.373507 -0.688589
v 0.810555 0.360750 -0.689635
v 0.813044 0.349207 -0.691377
v 0.816527 0.338880 -0.693816
v 0.821006 0.329767 -0.696952
v 0.826480 0.321870 -0.700785
v 0.832949 0.315187 -0.705315
v 0.840413 0.309720 -0.710541
v 0.848873 0.305467 -0.716465
v 0.858328 0.302430 -0.723085
v 0.868778 0.300608 -0.730403
v 0.880224 0.300000 -0.738417
v 1.124767 0.300000 -0.909648
v 1.135892 0.300607 -0.917438
v 1.146050 0.302430 -0.924551
v 1.155241 0.305467 -0.930986
v 1.163464 0.309720 -0.936744
v 1.170720 0.315187 -0.941824
v 1.177008 0.321870 -0.946227
v 1.182329 0.329767 -0.949953
v 1.186682 0.338880 -0.953001
v 1.190068 0.349207 -0.955372
v 1.192487 0.360750 -0.957066
v 1.193938 0.373507 -0.958082
v 1.194422 0.387480 -0.958421
v 1.194422 1.169290 -0.958421
v 1.193938 1.183360 -0.958082
v 1.192487 1.196207 -0.957066
v 1.190068 1.207830 -0.955372
v 1.186682 1.218230 -0.953001
v 1.182329 1.227406 -0.949953
v 1.177008 1.235359 -0.946227
v 1.170719 1.242088 -0.941824
v 1.163464 1.247594 -0.936744
v 1.155241 1.251876 -0.930986
v 1.146050 1.254935 -0.924550
v 1.135892 1.256770 -0.917438
v 1.124767 1.257382 -0.909648
v 0.880224 1.257382 -0.738417
v 0.868778 1.256770 -0.730403
v 0.858328 1.254935 -0.723085
v 0.848873 1.251876 -0.716465
v 0.840413 1.247594 -0.710541
v 0.832949 1.242088 -0.705315
v 0.826480 1.235359 -0.700785
v 0.821006 1.227406 -0.696952
v 0.816527 1.218230 -0.693816
v 0.813043 1.207830 -0.691377
v 0.810555 1.196207 -0.689635
v 0.809063 1.183360 -0.688589
v 0.808565 1.169290 -0.688241
v 0.808565 0.945392 -0.688241
v 0.925324 0.945392 -0.769997
v 0.925324 1.134421 -0.769997
v 1.077161 1.134421 -0.876314
v 1.077161 0.422961 -0.876314
v 0.925324 0.422961 -0.769996
v 0.925324 0.624225 -0.769996
v -1.197428 1.257382 0.960526
v -1.197428 0.300000 0.960526
v -1.084678 0.300000 0.881577
v -1.084678 1.257382 0.881577
v -0.998988 0.841395 0.821576
v -0.998988 0.376468 0.821576
v -0.998546 0.364254 0.821267
v -0.997220 0.353103 0.820338
v -0.995010 0.343013 0.818791
v -0.991917 0.333986 0.816625
v -0.987939 0.326020 0.813840
v -0.983078 0.319117 0.810436
v -0.977332 0.313276 0.806413
v -0.970703 0.308496 0.801771
v -0.963190 0.304779 0.796510
v -0.954792 0.302124 0.790630
v -0.945511 0.300531 0.784132
v -0.935347 0.300000 0.777014
v -0.729890 0.300000 0.633152
v -0.719565 0.300531 0.625923
v -0.710138 0.302124 0.619322
v -0.701609 0.304779 0.613349
v -0.693977 0.308496 0.608006
v -0.687244 0.313276 0.603291
v -0.681408 0.319117 0.599204
v -0.676470 0.326020 0.595747
v -0.672429 0.333986 0.592918
v -0.669287 0.343013 0.590717
v -0.667042 0.353103 0.589146
v -0.665696 0.364254 0.588203
v -0.665247 0.376468 0.587888
v -0.665247 0.841395 0.587888
v -0.665696 0.853608 0.588203
v -0.667042 0.864760 0.589146
v -0.669287 0.874850 0.590717
v -0.672429 0.883877 0.592918
v -0.676470 0.891843 0.595747
v -0.681408 0.898746 0.599204
v -0.687244 0.904587 0.603290
v -0.693977 0.909367 0.608006
v -0.701609 0.913084 0.613349
v -0.710138 0.915739 0.619321
v -0.719565 0.917332 0.625922
v -0.729890 0.917863 0.633152
v -0.935347 0.917863 0.777014
v -0.945511 0.917332 0.784132
v -0.954792 0.915739 0.790630
v -0.963190 0.913084 0.796510
v -0.970703 0.909367 0.801771
v -0.977332 0.904587 0.806413
v -0.983078 0.898746 0.810436
v -0.987939 0.891843 0.813840
v -0.991917 0.883877 0.816625
v -0.995010 0.874850 0.818791
v -0.997220 0.864760 0.820338
v -0.998546 0.853608 0.821267
v -0.777997 0.416232 0.666837
v -0.886739 0.416232 0.742979
v -0.886739 0.801020 0.742979
v -0.777997 0.801020 0.666837
v -0.600603 0.845065 0.542624
v -0.600603 0.659706 0.542624
v -0.486851 0.659706 0.462974
v -0.486851 0.801020 0.462974
v -0.396149 0.798573 0.399464
v -0.396149 0.300000 0.399464
v -0.281395 0.300000 0.319112
v -0.281395 0.917863 0.319112
v -0.396149 0.917863 0.399464
v -0.396149 0.895228 0.399464
v -0.402076 0.896554 0.403614
v -0.407995 0.897879 0.407759
v -0.413908 0.899205 0.411899
v -0.419813 0.900530 0.416034
v -0.425712 0.901856 0.420164
v -0.431603 0.903181 0.424289
v -0.437488 0.904506 0.428410
v -0.443365 0.905832 0.432525
v -0.449236 0.907157 0.436636
v -0.455100 0.908483 0.440742
v -0.460956 0.909808 0.444843
v -0.466806 0.911134 0.448939
v -0.473808 0.912599 0.453841
v -0.480615 0.913938 0.458607
v -0.487227 0.915148 0.463237
v -0.493644 0.916232 0.467730
v -0.499866 0.917188 0.472087
v -0.505893 0.918016 0.476308
v -0.511725 0.918717 0.480391
v -0.517363 0.919290 0.484339
v -0.522806 0.919736 0.488150
v -0.528053 0.920055 0.491824
v -0.533106 0.920246 0.495362
v -0.537964 0.920310 0.498764
v -0.547969 0.919787 0.505769
v -0.557104 0.918220 0.512166
v -0.565369 0.915607 0.517953
v -0.572764 0.911949 0.523131
v -0.579289 0.907247 0.527700
v -0.584944 0.901499 0.531659
v -0.589728 0.894706 0.535010
v -0.593643 0.886868 0.537751
v -0.596688 0.877985 0.539883
v -0.598863 0.868057 0.541406
v -0.600168 0.857083 0.542320
v -0.217753 0.419290 0.274550
v -0.217753 0.300000 0.274550
v -0.090471 0.300000 0.185426
v -0.080306 0.300531 0.178308
v -0.071025 0.302124 0.171809
v -0.062628 0.304779 0.165930
v -0.055114 0.308496 0.160669
v -0.048485 0.313276 0.156027
v -0.042740 0.319117 0.152004
v -0.037878 0.326020 0.148600
v -0.033901 0.333986 0.145815
v -0.030807 0.343013 0.143649
v -0.028597 0.353103 0.142101
v -0.027271 0.364254 0.141173
v -0.026829 0.376468 0.140863
v -0.026829 0.798573 0.140863
v 0.027291 0.798573 0.102968
v 0.027291 0.917863 0.102968
v -0.026829 0.917863 0.140863
v -0.026829 1.085481 0.140863
v -0.141083 1.085481 0.220865
v -0.141083 0.917863 0.220865
v -0.214747 0.917863 0.272445
v -0.214747 0.798573 0.272445
v -0.141083 0.798573 0.220865
v -0.141083 0.419290 0.220865
v 0.082914 0.845065 0.064020
v 0.082914 0.300000 0.064020
v 0.198170 0.300000 -0.016683
v 0.198170 0.801020 -0.016683
v 0.305909 0.798573 -0.092123
v 0.305909 0.300000 -0.092123
v 0.420664 0.300000 -0.172475
v 0.420664 0.917863 -0.172475
v 0.305909 0.917863 -0.092123
v 0.305909 0.895228 -0.092123
v 0.299231 0.896550 -0.087447
v 0.292560 0.897862 -0.082776
v 0.285896 0.899167 -0.078109
v 0.279239 0.900462 -0.073448
v 0.272589 0.901749 -0.068791
v 0.265946 0.903028 -0.064140
v 0.259309 0.904298 -0.059493
v 0.252680 0.905560 -0.054851
v 0.246058 0.906813 -0.050214
v 0.239442 0.908058 -0.045582
v 0.232834 0.909294 -0.040955
v 0.226233 0.910522 -0.036332
v 0.218169 0.912085 -0.030687
v 0.210350 0.913513 -0.025211
v 0.202774 0.914804 -0.019907
v 0.195442 0.915960 -0.014773
v 0.188353 0.916979 -0.009809
v 0.181508 0.917863 -0.005016
v 0.174907 0.918611 -0.000394
v 0.168549 0.919222 0.004058
v 0.162435 0.919698 0.008339
v 0.156564 0.920038 0.012450
v 0.150937 0.920242 0.016390
v 0.145553 0.920310 0.020160
v 0.135549 0.919787 0.027165
v 0.126414 0.918220 0.033562
v 0.118149 0.915607 0.039349
v 0.110754 0.911949 0.044527
v 0.104229 0.907247 0.049095
v 0.098574 0.901499 0.053055
v 0.093789 0.894706 0.056405
v 0.089874 0.886868 0.059147
v 0.086829 0.877985 0.061279
v 0.084654 0.868057 0.062802
v 0.083349 0.857083 0.063716
v 0.503348 0.841395 -0.230371
v 0.503348 0.376468 -0.230371
v 0.503790 0.364254 -0.230680
v 0.505116 0.353103 -0.231608
v 0.507325 0.343013 -0.233156
v 0.510419 0.333986 -0.235322
v 0.514397 0.326020 -0.238107
v 0.519258 0.319117 -0.241511
v 0.525004 0.313276 -0.245534
v 0.531633 0.308496 -0.250176
v 0.539146 0.304779 -0.255437
v 0.547543 0.302124 -0.261316
v 0.556824 0.300531 -0.267815
v 0.566989 0.300000 -0.274933
v 0.772445 0.300000 -0.418795
v 0.782770 0.300531 -0.426024
v 0.792197 0.302124 -0.432625
v 0.800727 0.304779 -0.438598
v 0.808358 0.308496 -0.443941
v 0.815092 0.313276 -0.448656
v 0.820928 0.319117 -0.452742
v 0.825866 0.326020 -0.456200
v 0.829906 0.333986 -0.459029
v 0.833049 0.343013 -0.461230
v 0.835293 0.353103 -0.462801
v 0.836640 0.364254 -0.463744
v 0.837089 0.376468 -0.464058
v 0.837089 0.841395 -0.464059
v 0.836640 0.853608 -0.463744
v 0.835293 0.864760 -0.462801
v 0.833049 0.874850 -0.461230
v 0.829906 0.883877 -0.459029
v 0.825866 0.891843 -0.456200
v 0.820928 0.898746 -0.452743
v 0.815092 0.904587 -0.448656
v 0.808358 0.909367 -0.443941
v 0.800727 0.913084 -0.438598
v 0.792198 0.915739 -0.432625
v 0.782770 0.917332 -0.426024
v 0.772445 0.917863 -0.418795
v 0.566989 0.917863 -0.274933
v 0.556824 0.917332 -0.267815
v 0.547543 0.915739 -0.261316
v 0.539146 0.913084 -0.255437
v 0.531633 0.909367 -0.250176
v 0.525004 0.904587 -0.245534
v 0.519258 0.898746 -0.241511
v 0.514397 0.891843 -0.238107
v 0.510419 0.883877 -0.235322
v 0.507325 0.874850 -0.233156
v 0.505116 0.864760 -0.231608
v 0.503790 0.853608 -0.230680
v 0.724339 0.416232 -0.385110
v 0.615597 0.416232 -0.308968
v 0.615597 0.801020 -0.308968
v 0.724339 0.801020 -0.385110
v 0.923280 0.624225 -0.524410
v 0.923280 0.387480 -0.524410
v 0.923778 0.373507 -0.524759
v 0.925271 0.360750 -0.525804
v 0.927759 0.349207 -0.527546
v 0.931242 0.338880 -0.529985
v 0.935721 0.329767 -0.533121
v 0.941195 0.321870 -0.536954
v 0.947664 0.315187 -0.541484
v 0.955129 0.309720 -0.546711
v 0.963588 0.305467 -0.552634
v 0.973043 0.302430 -0.559255
v 0.983494 0.300608 -0.566572
v 0.994939 0.300000 -0.574587
v 1.239482 0.300000 -0.745817
v 1.250608 0.300607 -0.753607
v 1.260766 0.302430 -0.760720
v 1.269956 0.305467 -0.767155
v 1.278179 0.309720 -0.772913
v 1.285435 0.315187 -0.777994
v 1.291723 0.321870 -0.782397
v 1.297044 0.329767 -0.786123
v 1.301398 0.338880 -0.789171
v 1.304784 0.349207 -0.791542
v 1.307202 0.360750 -0.793235
v 1.308654 0.373507 -0.794252
v 1.309137 0.387480 -0.794590
v 1.309137 1.169290 -0.794590
v 1.308653 1.183360 -0.794251
v 1.307202 1.196207 -0.793235
v 1.304783 1.207830 -0.791542
v 1.301397 1.218230 -0.789171
v 1.297044 1.227406 -0.786123
v 1.291723 1.235359 -0.782397
v 1.285435 1.242088 -0.777994
v 1.278179 1.247594 -0.772913
v 1.269956 1.251876 -0.767155
v 1.260765 1.254935 -0.760720
v 1.250607 1.256770 -0.753607
v 1.239482 1.257382 -0.745817
v 0.994939 1.257382 -0.574587
v 0.983494 1.256770 -0.566572
v 0.973043 1.254935 -0.559255
v 0.963588 1.251876 -0.552635
v 0.955129 1.247594 -0.546711
v 0.947664 1.242088 -0.541484
v 0.941195 1.235359 -0.536954
v 0.935721 1.227406 -0.533121
v 0.931242 1.218230 -0.529985
v 0.927759 1.207830 -0.527546
v 0.925271 1.196207 -0.525804
v 0.923778 1.183360 -0.524759
v 0.923280 1.169290 -0.524410
v 0.923280 0.945392 -0.524410
v 1.040040 0.945392 -0.606166
v 1.040040 1.134421 -0.606166
v 1.191877 1.134421 -0.712484
v 1.191877 0.422961 -0.712484
v 1.040040 0.422961 -0.606166
v 1.040040 0.624225 -0.606166
v 0.923280 0.624225 -0.524410
v 0.808565 0.624225 -0.688241
v 0.923280 0.387480 -0.524410
v 0.808565 0.387480 -0.688241
v 0.923778 0.373507 -0.524759
v 0.809063 0.373507 -0.688589
v 0.925271 0.360750 -0.525804
v 0.810555 0.360750 -0.689635
v 0.927759 0.349207 -0.527546
v 0.813044 0.349207 -0.691377
v 0.931242 0.338880 -0.529985
v 0.816527 0.338880 -0.693816
v 0.935721 0.329767 -0.533121
v 0.821006 0.329767 -0.696952
v 0.941195 0.321870 -0.536954
v 0.826480 0.321870 -0.700785
v 0.947664 0.315187 -0.541484
v 0.832949 0.315187 -0.705315
v 0.955129 0.309720 -0.546711
v 0.840413 0.309720 -0.710541
v 0.963588 0.305467 -0.552634
v 0.848873 0.305467 -0.716465
v 0.973043 0.302430 -0.559255
v 0.858328 0.302430 -0.723085
v 0.983494 0.300608 -0.566572
v 0.868778 0.300608 -0.730403
v 0.994939 0.300000 -0.574587
v 0.880224 0.300000 -0.738417
v 1.239482 0.300000 -0.745817
v 1.124767 0.300000 -0.909648
v 1.250608 0.300607 -0.753607
v 1.135892 0.300607 -0.917438
v 1.260766 0.302430 -0.760720
v 1.146050 0.302430 -0.924551
v 1.269956 0.305467 -0.767155
v 1.155241 0.305467 -0.930986
v 1.278179 0.309720 -0.772913
v 1.163464 0.309720 -0.936744
v 1.285435 0.315187 -0.777994
v 1.170720 0.315187 -0.941824
v 1.291723 0.321870 -0.782397
v 1.177008 0.321870 -0.946227
v 1.297044 0.329767 -0.786123
v 1.182329 0.329767 -0.949953
v 1.301398 0.338880 -0.789171
v 1.186682 0.338880 -0.953001
v 1.304784 0.349207 -0.791542
v 1.190068 0.349207 -0.955372
v 1.307202 0.360750 -0.793235
v 1.192487 0.360750 -0.957066
v 1.308654 0.373507 -0.794252
v 1.193938 0.373507 -0.958082
v 1.309137 0.387480 -0.794590
v 1.194422 0.387480 -0.958421
v 1.309137 1.169290 -0.794590
v 1.194422 1.169290 -0.958421
v 1.308653 1.183360 -0.794251
v 1.193938 1.183360 -0.958082
v 1.307202 1.196207 -0.793235
v 1.192487 1.196207 -0.957066
v 1.304783 1.207830 -0.791542
v 1.190068 1.207830 -0.955372
v 1.301397 1.218230 -0.789171
v 1.186682 1.218230 -0.953001
v 1.297044 1.227406 -0.786123
v 1.182329 1.227406 -0.949953
v 1.291723 1.235359 -0.782397
v 1.177008 1.235359 -0.946227
v 1.285435 1.242088 -0.777994
v 1.170719 1.242088 -0.941824
v 1.278179 1.247594 -0.772913
v 1.163464 1.247594 -0.936744
v 1.269956 1.251876 -0.767155
v 1.155241 1.251876 -0.930986
v 1.260765 1.254935 -0.760720
v 1.146050 1.254935 -0.924550
v 1.250607 1.256770 -0.753607
v 1.135892 1.256770 -0.917438
v 1.239482 1.257382 -0.745817
v 1.124767 1.257382 -0.909648
v 0.994939 1.257382 -0.574587
v 0.880224 1.257382 -0.738417
v 0.983494 1.256770 -0.566572
v 0.868778 1.256770 -0.730403
v 0.973043 1.254935 -0.559255
v 0.858328 1.254935 -0.723085
v 0.963588 1.251876 -0.552635
v 0.848873 1.251876 -0.716465
v 0.955129 1.247594 -0.546711
v 0.840413 1.247594 -0.710541
v 0.947664 1.242088 -0.541484
v 0.832949 1.242088 -0.705315
v 0.941195 1.235359 -0.536954
v 0.826480 1.235359 -0.700785
v 0.935721 1.227406 -0.533121
v 0.821006 1.227406 -0.696952
v 0.931242 1.218230 -0.529985
v 0.816527 1.218230 -0.693816
v 0.927759 1.207830 -0.527546
v 0.813043 1.207830 -0.691377
v 0.925271 1.196207 -0.525804
v 0.810555 1.196207 -0.689635
v 0.923778 1.183360 -0.524759
v 0.809063 1.183360 -0.688589
v 0.923280 1.169290 -0.524410
v 0.808565 1.169290 -0.688241
v 0.923280 0.945392 -0.524410
v 0.808565 0.945392 -0.688241
v 1.040040 0.945392 -0.606166
v 0.925324 0.945392 -0.769997
v 1.040040 1.134421 -0.606166
v 0.925324 1.134421 -0.769997
v 1.191877 1.134421 -0.712484
v 1.077161 1.134421 -0.876314
v 1.191877 0.422961 -0.712484
v 1.077161 0.422961 -0.876314
v 1.040040 0.422961 -0.606166
v 0.925324 0.422961 -0.769996
v 1.040040 0.624225 -0.606166
v 0.925324 0.624225 -0.769996
v 0.503348 0.841395 -0.230371
v 0.388633 0.841395 -0.394201
v 0.503348 0.376468 -0.230371
v 0.388633 0.376468 -0.394201
v 0.503790 0.364254 -0.230680
v 0.389075 0.364254 -0.394510
v 0.505116 0.353103 -0.231608
v 0.390400 0.353103 -0.395439
v 0.507325 0.343013 -0.233156
v 0.392610 0.343013 -0.396986
v 0.510419 0.333986 -0.235322
v 0.395704 0.333986 -0.399152
v 0.514397 0.326020 -0.238107
v 0.399681 0.326020 -0.401937
v 0.519258 0.319117 -0.241511
v 0.404543 0.319117 -0.405341
v 0.525004 0.313276 -0.245534
v 0.410288 0.313276 -0.409364
v 0.531633 0.308496 -0.250176
v 0.416918 0.308496 -0.414006
v 0.539146 0.304779 -0.255437
v 0.424431 0.304779 -0.419267
v 0.547543 0.302124 -0.261316
v 0.432828 0.302124 -0.425147
v 0.556824 0.300531 -0.267815
v 0.442109 0.300531 -0.431646
v 0.566989 0.300000 -0.274933
v 0.452274 0.300000 -0.438763
v 0.772445 0.300000 -0.418795
v 0.657730 0.300000 -0.582625
v 0.782770 0.300531 -0.426024
v 0.668055 0.300531 -0.589855
v 0.792197 0.302124 -0.432625
v 0.677482 0.302124 -0.596456
v 0.800727 0.304779 -0.438598
v 0.686012 0.304779 -0.602428
v 0.808358 0.308496 -0.443941
v 0.693643 0.308496 -0.607772
v 0.815092 0.313276 -0.448656
v 0.700377 0.313276 -0.612487
v 0.820928 0.319117 -0.452742
v 0.706213 0.319117 -0.616573
v 0.825866 0.326020 -0.456200
v 0.711151 0.326020 -0.620031
v 0.829906 0.333986 -0.459029
v 0.715191 0.333986 -0.622860
v 0.833049 0.343013 -0.461230
v 0.718333 0.343013 -0.625060
v 0.835293 0.353103 -0.462801
v 0.720578 0.353103 -0.626631
v 0.836640 0.364254 -0.463744
v 0.721925 0.364254 -0.627575
v 0.837089 0.376468 -0.464058
v 0.722374 0.376468 -0.627889
v 0.837089 0.841395 -0.464059
v 0.722374 0.841395 -0.627889
v 0.836640 0.853608 -0.463744
v 0.721925 0.853608 -0.627575
v 0.835293 0.864760 -0.462801
v 0.720578 0.864760 -0.626632
v 0.833049 0.874850 -0.461230
v 0.718333 0.874850 -0.625060
v 0.829906 0.883877 -0.459029
v 0.715191 0.883877 -0.622860
v 0.825866 0.891843 -0.456200
v 0.711151 0.891843 -0.620031
v 0.820928 0.898746 -0.452743
v 0.706213 0.898746 -0.616573
v 0.815092 0.904587 -0.448656
v 0.700377 0.904587 -0.612487
v 0.808358 0.909367 -0.443941
v 0.693643 0.909367 -0.607772
v 0.800727 0.913084 -0.438598
v 0.686012 0.913084 -0.602428
v 0.792198 0.915739 -0.432625
v 0.677482 0.915739 -0.596456
v 0.782770 0.917332 -0.426024
v 0.668055 0.917332 -0.589855
v 0.772445 0.917863 -0.418795
v 0.657730 0.917863 -0.582625
v 0.566989 0.917863 -0.274933
v 0.452274 0.917863 -0.438763
v 0.556824 0.917332 -0.267815
v 0.442109 0.917332 -0.431645
v 0.547543 0.915739 -0.261316
v 0.432828 0.915739 -0.425147
v 0.539146 0.913084 -0.255437
v 0.424431 0.913084 -0.419267
v 0.531633 0.909367 -0.250176
v 0.416918 0.909367 -0.414006
v 0.525004 0.904587 -0.245534
v 0.410288 0.904587 -0.409364
v 0.519258 0.898746 -0.241511
v 0.404543 0.898746 -0.405341
v 0.514397 0.891843 -0.238107
v 0.399681 0.891843 -0.401937
v 0.510419 0.883877 -0.235322
v 0.395704 0.883877 -0.399152
v 0.507325 0.874850 -0.233156
v 0.392610 0.874850 -0.396986
v 0.505116 0.864760 -0.231608
v 0.390400 0.864760 -0.395439
v 0.503790 0.853608 -0.230680
v 0.389074 0.853608 -0.394510
v 0.724339 0.416232 -0.385110
v 0.609623 0.416232 -0.548940
v 0.615597 0.416232 -0.308968
v 0.500882 0.416232 -0.472799
v 0.615597 0.801020 -0.308968
v 0.500882 0.801020 -0.472799
v 0.724339 0.801020 -0.385110
v 0.609623 0.801020 -0.548940
v 0.082914 0.845065 0.064020
v -0.031801 0.845065 -0.099810
v 0.082914 0.300000 0.064020
v -0.031801 0.300000 -0.099810
v 0.198170 0.300000 -0.016683
v 0.083455 0.300000 -0.180513
v 0.198170 0.801020 -0.016683
v 0.083455 0.801020 -0.180513
v 0.305909 0.798573 -0.092123
v 0.191194 0.798573 -0.255953
v 0.305909 0.300000 -0.092123
v 0.191194 0.300000 -0.255953
v 0.420664 0.300000 -0.172475
v 0.305949 0.300000 -0.336305
v 0.420664 0.917863 -0.172475
v 0.305949 0.917863 -0.336305
v 0.305909 0.917863 -0.092123
v 0.191194 0.917863 -0.255953
v 0.305909 0.895228 -0.092123
v 0.191194 0.895228 -0.255953
v 0.299231 0.896550 -0.087447
v 0.184516 0.896550 -0.251277
v 0.292560 0.897862 -0.082776
v 0.177845 0.897862 -0.246606
v 0.285896 0.899167 -0.078109
v 0.171181 0.899167 -0.241940
v 0.279239 0.900462 -0.073448
v 0.164524 0.900462 -0.237278
v 0.272589 0.901749 -0.068791
v 0.157874 0.901749 -0.232622
v 0.265946 0.903028 -0.064140
v 0.151230 0.903028 -0.227970
v 0.259309 0.904298 -0.059493
v 0.144594 0.904298 -0.223323
v 0.252680 0.905560 -0.054851
v 0.137965 0.905560 -0.218682
v 0.246058 0.906813 -0.050214
v 0.131343 0.906813 -0.214045
v 0.239442 0.908058 -0.045582
v 0.124727 0.908058 -0.209412
v 0.232834 0.909294 -0.040955
v 0.118119 0.909294 -0.204785
v 0.226233 0.910522 -0.036332
v 0.111517 0.910522 -0.200163
v 0.218169 0.912085 -0.030687
v 0.103454 0.912085 -0.194517
v 0.210350 0.913513 -0.025211
v 0.095635 0.913513 -0.189042
v 0.202774 0.914804 -0.019907
v 0.088059 0.914804 -0.183737
v 0.195442 0.915960 -0.014773
v 0.080727 0.915960 -0.178603
v 0.188353 0.916979 -0.009809
v 0.073638 0.916979 -0.173639
v 0.181508 0.917863 -0.005016
v 0.066793 0.917863 -0.168846
v 0.174907 0.918611 -0.000394
v 0.060192 0.918611 -0.164224
v 0.168549 0.919222 0.004058
v 0.053834 0.919222 -0.159772
v 0.162435 0.919698 0.008339
v 0.047719 0.919698 -0.155491
v 0.156564 0.920038 0.012450
v 0.041849 0.920038 -0.151380
v 0.150937 0.920242 0.016390
v 0.036222 0.920242 -0.147440
v 0.145553 0.920310 0.020160
v 0.030838 0.920310 -0.143671
v 0.135549 0.919787 0.027165
v 0.020833 0.919787 -0.136665
v 0.126414 0.918220 0.033562
v 0.011698 0.918220 -0.130269
v 0.118149 0.915607 0.039349
v 0.003434 0.915607 -0.124482
v 0.110754 0.911949 0.044527
v -0.003961 0.911949 -0.119304
v 0.104229 0.907247 0.049095
v -0.010486 0.907247 -0.114735
v 0.098574 0.901499 0.053055
v -0.016141 0.901499 -0.110775
v 0.093789 0.894706 0.056405
v -0.020926 0.894706 -0.107425
v 0.089874 0.886868 0.059147
v -0.024841 0.886868 -0.104684
v 0.086829 0.877985 0.061279
v -0.027886 0.877985 -0.102552
v 0.084654 0.868057 0.062802
v -0.030061 0.868057 -0.101029
v 0.083349 0.857083 0.063716
v -0.031366 0.857083 -0.100115
v -0.217753 0.419290 0.274550
v -0.332468 0.419290 0.110719
v -0.217753 0.300000 0.274550
v -0.332468 0.300000 0.110719
v -0.090471 0.300000 0.185426
v -0.205186 0.300000 0.021595
v -0.080306 0.300531 0.178308
v -0.195021 0.300531 0.014478
v -0.071025 0.302124 0.171809
v -0.185740 0.302124 0.007979
v -0.062628 0.304779 0.165930
v -0.177343 0.304779 0.002099
v -0.055114 0.308496 0.160669
v -0.169830 0.308496 -0.003162
v -0.048485 0.313276 0.156027
v -0.163200 0.313276 -0.007803
v -0.042740 0.319117 0.152004
v -0.157455 0.319117 -0.011826
v -0.037878 0.326020 0.148600
v -0.152593 0.326020 -0.015230
v -0.033901 0.333986 0.145815
v -0.148616 0.333986 -0.018016
v -0.030807 0.343013 0.143649
v -0.145522 0.343013 -0.020182
v -0.028597 0.353103 0.142101
v -0.143312 0.353103 -0.021729
v -0.027271 0.364254 0.141173
v -0.141987 0.364254 -0.022657
v -0.026829 0.376468 0.140863
v -0.141545 0.376468 -0.022967
v -0.026829 0.798573 0.140863
v -0.141545 0.798573 -0.022967
v 0.027291 0.798573 0.102968
v -0.087424 0.798573 -0.060862
v 0.027291 0.917863 0.102968
v -0.087424 0.917863 -0.060862
v -0.026829 0.917863 0.140863
v -0.141545 0.917863 -0.022967
v -0.026829 1.085481 0.140863
v -0.141545 1.085481 -0.022967
v -0.141083 1.085481 0.220865
v -0.255798 1.085481 0.057034
v -0.141083 0.917863 0.220865
v -0.255798 0.917863 0.057034
v -0.214747 0.917863 0.272445
v -0.329462 0.917863 0.108614
v -0.214747 0.798573 0.272445
v -0.329462 0.798573 0.108614
v -0.141083 0.798573 0.220865
v -0.255798 0.798573 0.057034
v -0.141083 0.419290 0.220865
v -0.255798 0.419290 0.057034
v -0.600603 0.845065 0.542624
v -0.715319 0.845065 0.378794
v -0.600603 0.659706 0.542624
v -0.715319 0.659706 0.378794
v -0.486851 0.659706 0.462974
v -0.601566 0.659706 0.299144
v -0.486851 0.801020 0.462974
v -0.601566 0.801020 0.299144
v -0.396149 0.798573 0.399464
v -0.510865 0.798573 0.235634
v -0.396149 0.300000 0.399464
v -0.510865 0.300000 0.235634
v -0.281395 0.300000 0.319112
v -0.396110 0.300000 0.155282
v -0.281395 0.917863 0.319112
v -0.396110 0.917863 0.155282
v -0.396149 0.917863 0.399464
v -0.510865 0.917863 0.235634
v -0.396149 0.895228 0.399464
v -0.510865 0.895228 0.235634
v -0.402076 0.896554 0.403614
v -0.516791 0.896554 0.239783
v -0.407995 0.897879 0.407759
v -0.522710 0.897879 0.243928
v -0.413908 0.899205 0.411899
v -0.528623 0.899205 0.248068
v -0.419813 0.900530 0.416034
v -0.534528 0.900530 0.252203
v -0.425712 0.901856 0.420164
v -0.540427 0.901856 0.256333
v -0.431603 0.903181 0.424289
v -0.546318 0.903181 0.260459
v -0.437488 0.904506 0.428410
v -0.552203 0.904506 0.264579
v -0.443365 0.905832 0.432525
v -0.558081 0.905832 0.268695
v -0.449236 0.907157 0.436636
v -0.563951 0.907157 0.272805
v -0.455100 0.908483 0.440742
v -0.569815 0.908483 0.276911
v -0.460956 0.909808 0.444843
v -0.575672 0.909808 0.281012
v -0.466806 0.911134 0.448939
v -0.581522 0.911134 0.285108
v -0.473808 0.912599 0.453841
v -0.588523 0.912599 0.290011
v -0.480615 0.913938 0.458607
v -0.595330 0.913938 0.294777
v -0.487227 0.915148 0.463237
v -0.601942 0.915148 0.299407
v -0.493644 0.916232 0.467730
v -0.608359 0.916232 0.303900
v -0.499866 0.917188 0.472087
v -0.614581 0.917188 0.308257
v -0.505893 0.918016 0.476308
v -0.620608 0.918016 0.312477
v -0.511725 0.918717 0.480391
v -0.626441 0.918717 0.316561
v -0.517363 0.919290 0.484339
v -0.632078 0.919290 0.320508
v -0.522806 0.919736 0.488150
v -0.637521 0.919736 0.324319
v -0.528053 0.920055 0.491824
v -0.642769 0.920055 0.327994
v -0.533106 0.920246 0.495362
v -0.647821 0.920246 0.331532
v -0.537964 0.920310 0.498764
v -0.652679 0.920310 0.334934
v -0.547969 0.919787 0.505769
v -0.662684 0.919787 0.341939
v -0.557104 0.918220 0.512166
v -0.671819 0.918220 0.348335
v -0.565369 0.915607 0.517953
v -0.680084 0.915607 0.354123
v -0.572764 0.911949 0.523131
v -0.687479 0.911949 0.359300
v -0.579289 0.907247 0.527700
v -0.694004 0.907247 0.363869
v -0.584944 0.901499 0.531659
v -0.699659 0.901499 0.367829
v -0.589728 0.894706 0.535010
v -0.704444 0.894706 0.371179
v -0.593643 0.886868 0.537751
v -0.708359 0.886868 0.373921
v -0.596688 0.877985 0.539883
v -0.711404 0.877985 0.376053
v -0.598863 0.868057 0.541406
v -0.713579 0.868057 0.377576
v -0.600168 0.857083 0.542320
v -0.714884 0.857083 0.378489
v -0.998988 0.841395 0.821576
v -1.113703 0.841395 0.657746
v -0.998988 0.376468 0.821576
v -1.113703 0.376468 0.657746
v -0.998546 0.364254 0.821267
v -1.113261 0.364254 0.657436
v -0.997220 0.353103 0.820338
v -1.111935 0.353103 0.656508
v -0.995010 0.343013 0.818791
v -1.109726 0.343013 0.654961
v -0.991917 0.333986 0.816625
v -1.106632 0.333986 0.652795
v -0.987939 0.326020 0.813840
v -1.102654 0.326020 0.650009
v -0.983078 0.319117 0.810436
v -1.097793 0.319117 0.646605
v -0.977332 0.313276 0.806413
v -1.092047 0.313276 0.642582
v -0.970703 0.308496 0.801771
v -1.085418 0.308496 0.637941
v -0.963190 0.304779 0.796510
v -1.077905 0.304779 0.632680
v -0.954792 0.302124 0.790630
v -1.069508 0.302124 0.626800
v -0.945511 0.300531 0.784132
v -1.060227 0.300531 0.620301
v -0.935347 0.300000 0.777014
v -1.050062 0.300000 0.613184
v -0.729890 0.300000 0.633152
v -0.844606 0.300000 0.469322
v -0.719565 0.300531 0.625923
v -0.834281 0.300531 0.462092
v -0.710138 0.302124 0.619322
v -0.824853 0.302124 0.455491
v -0.701609 0.304779 0.613349
v -0.816324 0.304779 0.449519
v -0.693977 0.308496 0.608006
v -0.808693 0.308496 0.444175
v -0.687244 0.313276 0.603291
v -0.801959 0.313276 0.439460
v -0.681408 0.319117 0.599204
v -0.796123 0.319117 0.435374
v -0.676470 0.326020 0.595747
v -0.791185 0.326020 0.431916
v -0.672429 0.333986 0.592918
v -0.787145 0.333986 0.429087
v -0.669287 0.343013 0.590717
v -0.784002 0.343013 0.426887
v -0.667042 0.353103 0.589146
v -0.781758 0.353103 0.425315
v -0.665696 0.364254 0.588203
v -0.780411 0.364254 0.424372
v -0.665247 0.376468 0.587888
v -0.779962 0.376468 0.424058
v -0.665247 0.841395 0.587888
v -0.779962 0.841395 0.424058
v -0.665696 0.853608 0.588203
v -0.780411 0.853608 0.424372
v -0.667042 0.864760 0.589146
v -0.781758 0.864760 0.425315
v -0.669287 0.874850 0.590717
v -0.784002 0.874850 0.426887
v -0.672429 0.883877 0.592918
v -0.787145 0.883877 0.429087
v -0.676470 0.891843 0.595747
v -0.791185 0.891843 0.431916
v -0.681408 0.898746 0.599204
v -0.796123 0.898746 0.435374
v -0.687244 0.904587 0.603290
v -0.801959 0.904587 0.439460
v -0.693977 0.909367 0.608006
v -0.808693 0.909367 0.444175
v -0.701609 0.913084 0.613349
v -0.816324 0.913084 0.449519
v -0.710138 0.915739 0.619321
v -0.824853 0.915739 0.455491
v -0.719565 0.917332 0.625922
v -0.834281 0.917332 0.462092
v -0.729890 0.917863 0.633152
v -0.844606 0.917863 0.469322
v -0.935347 0.917863 0.777014
v -1.050062 0.917863 0.613184
v -0.945511 0.917332 0.784132
v -1.060227 0.917332 0.620301
v -0.954792 0.915739 0.790630
v -1.069508 0.915739 0.626800
v -0.963190 0.913084 0.796510
v -1.077905 0.913084 0.632680
v -0.970703 0.909367 0.801771
v -1.085418 0.909367 0.637940
v -0.977332 0.904587 0.806413
v -1.092047 0.904587 0.642582
v -0.983078 0.898746 0.810436
v -1.097793 0.898746 0.646605
v -0.987939 0.891843 0.813840
v -1.102654 0.891843 0.650009
v -0.991917 0.883877 0.816625
v -1.106632 0.883877 0.652794
v -0.995010 0.874850 0.818791
v -1.109726 0.874850 0.654961
v -0.997220 0.864760 0.820338
v -1.111935 0.864760 0.656508
v -0.998546 0.853608 0.821267
v -1.113261 0.853608 0.657436
v -0.777997 0.416232 0.666837
v -0.892712 0.416232 0.503007
v -0.886739 0.416232 0.742979
v -1.001454 0.416232 0.579148
v -0.886739 0.801020 0.742979
v -1.001454 0.801020 0.579148
v -0.777997 0.801020 0.666837
v -0.892712 0.801020 0.503007
v -1.197428 1.257382 0.960526
v -1.312144 1.257382 0.796695
v -1.197428 0.300000 0.960526
v -1.312144 0.300000 0.796695
v -1.084678 0.300000 0.881577
v -1.199393 0.300000 0.717747
v -1.084678 1.257382 0.881577
v -1.199393 1.257382 0.717747
vn -0.5736 -0.0000 -0.8192
vn 0.5736 -0.0000 0.8192
vn -0.5792 0.7071 0.4056
vn -0.8190 -0.0217 0.5734
vn -0.8156 -0.0925 0.5711
vn -0.8029 -0.1983 0.5622
vn -0.7765 -0.3183 0.5437
vn -0.7320 -0.4489 0.5125
vn -0.6661 -0.5821 0.4664
vn -0.5792 -0.7071 0.4056
vn -0.4768 -0.8131 0.3339
vn -0.3677 -0.8936 0.2575
vn -0.2608 -0.9480 0.1826
vn -0.1624 -0.9801 0.1137
vn -0.0758 -0.9957 0.0531
vn -0.0178 -0.9998 0.0125
vn 0.0183 -0.9998 -0.0128
vn 0.0780 -0.9955 -0.0546
vn 0.1669 -0.9790 -0.1169
vn 0.2674 -0.9452 -0.1872
vn 0.3760 -0.8884 -0.2633
vn 0.4857 -0.8053 -0.3401
vn 0.5873 -0.6971 -0.4112
vn 0.6723 -0.5713 -0.4707
vn 0.7360 -0.4389 -0.5154
vn 0.7787 -0.3104 -0.5453
vn 0.8038 -0.1930 -0.5628
vn 0.8158 -0.0900 -0.5713
vn 0.8190 -0.0211 -0.5734
vn 0.8190 0.0210 -0.5735
vn 0.8159 0.0894 -0.5713
vn 0.8040 0.1917 -0.5629
vn 0.7792 0.3084 -0.5456
vn 0.7370 0.4364 -0.5161
vn 0.6738 0.5687 -0.4718
vn 0.5892 0.6947 -0.4126
vn 0.4878 0.8033 -0.3416
vn 0.3780 0.8871 -0.2647
vn 0.2691 0.9445 -0.1884
vn 0.1680 0.9787 -0.1176
vn 0.0785 0.9954 -0.0550
vn 0.0184 0.9997 -0.0129
vn -0.0179 0.9998 0.0125
vn -0.0763 0.9956 0.0534
vn -0.1635 0.9799 0.1145
vn -0.2624 0.9473 0.1837
vn -0.3697 0.8923 0.2589
vn -0.4790 0.8112 0.3354
vn -0.5812 0.7047 0.4070
vn -0.6676 0.5795 0.4675
vn -0.7330 0.4464 0.5133
vn -0.7771 0.3164 0.5441
vn -0.8031 0.1970 0.5623
vn -0.8157 0.0919 0.5711
vn -0.8190 0.0216 0.5734
vn 0.5792 -0.7071 -0.4056
vn 0.5792 0.7071 -0.4056
vn -0.8190 0.0221 0.5734
vn -0.8190 -0.0221 0.5734
vn -0.8155 -0.0940 0.5710
vn -0.8024 -0.2013 0.5618
vn -0.7753 -0.3229 0.5429
vn -0.7296 -0.4545 0.5109
vn -0.6625 -0.5882 0.4639
vn -0.5747 -0.7126 0.4024
vn -0.4719 -0.8174 0.3304
vn -0.3631 -0.8964 0.2543
vn -0.2571 -0.9495 0.1800
vn -0.1600 -0.9807 0.1120
vn -0.0746 -0.9958 0.0523
vn -0.0175 -0.9998 0.0123
vn 0.0172 -0.9998 -0.0121
vn 0.0735 -0.9960 -0.0515
vn 0.1576 -0.9813 -0.1104
vn 0.2535 -0.9509 -0.1775
vn 0.3586 -0.8991 -0.2511
vn 0.4670 -0.8215 -0.3270
vn 0.5702 -0.7180 -0.3992
vn 0.6589 -0.5941 -0.4614
vn 0.7273 -0.4601 -0.5093
vn 0.7740 -0.3274 -0.5420
vn 0.8019 -0.2043 -0.5615
vn 0.8154 -0.0955 -0.5710
vn 0.8189 -0.0224 -0.5734
vn 0.8189 0.0224 -0.5734
vn 0.8154 0.0955 -0.5710
vn 0.8019 0.2043 -0.5615
vn 0.7740 0.3274 -0.5420
vn 0.7273 0.4601 -0.5093
vn 0.6589 0.5941 -0.4614
vn 0.5702 0.7180 -0.3992
vn 0.4670 0.8215 -0.3270
vn 0.3586 0.8991 -0.2511
vn 0.2535 0.9509 -0.1775
vn 0.1576 0.9813 -0.1104
vn 0.0735 0.9960 -0.0515
vn 0.0172 0.9998 -0.0121
vn -0.0175 0.9998 0.0123
vn -0.0746 0.9958 0.0523
vn -0.1600 0.9807 0.1120
vn -0.2571 0.9495 0.1800
vn -0.3631 0.8964 0.2543
vn -0.4719 0.8174 0.3304
vn -0.5747 0.7126 0.4024
vn -0.6625 0.5882 0.4639
vn -0.7296 0.4545 0.5109
vn -0.7753 0.3229 0.5429
vn -0.8024 0.2013 0.5618
vn -0.8155 0.0940 0.5710
vn 0.5738 -0.7137 -0.4018
vn -0.5846 -0.7005 0.4093
vn -0.5309 0.7616 0.3717
vn 0.1307 0.9872 -0.0915
vn 0.1300 0.9873 -0.0910
vn 0.1293 0.9875 -0.0905
vn 0.1286 0.9876 -0.0901
vn 0.1279 0.9877 -0.0896
vn 0.1272 0.9879 -0.0891
vn 0.1265 0.9880 -0.0886
vn 0.1258 0.9881 -0.0881
vn 0.1251 0.9883 -0.0876
vn 0.1244 0.9884 -0.0871
vn 0.1237 0.9885 -0.0866
vn 0.1259 0.9881 -0.0882
vn 0.1248 0.9883 -0.0874
vn 0.1172 0.9897 -0.0821
vn 0.1091 0.9911 -0.0764
vn 0.1004 0.9925 -0.0703
vn 0.0910 0.9938 -0.0637
vn 0.0809 0.9951 -0.0567
vn 0.0700 0.9963 -0.0490
vn 0.0582 0.9975 -0.0408
vn 0.0455 0.9985 -0.0318
vn 0.0316 0.9993 -0.0221
vn 0.0164 0.9998 -0.0115
vn -0.0133 0.9999 0.0093
vn -0.0746 0.9958 0.0522
vn -0.1599 0.9808 0.1120
vn -0.2570 0.9495 0.1800
vn -0.3630 0.8964 0.2542
vn -0.4718 0.8175 0.3304
vn -0.5746 0.7127 0.4023
vn -0.6624 0.5882 0.4638
vn -0.7296 0.4546 0.5109
vn -0.7753 0.3229 0.5428
vn -0.8024 0.2014 0.5618
vn 0.0175 -0.9998 -0.0123
vn 0.0746 -0.9958 -0.0523
vn 0.1600 -0.9807 -0.1120
vn 0.2571 -0.9495 -0.1800
vn 0.3631 -0.8964 -0.2543
vn 0.4719 -0.8174 -0.3304
vn 0.5747 -0.7126 -0.4024
vn 0.6625 -0.5882 -0.4639
vn 0.7296 -0.4545 -0.5109
vn 0.7753 -0.3229 -0.5429
vn 0.8024 -0.2013 -0.5618
vn 0.8155 -0.0940 -0.5710
vn 0.8190 -0.0221 -0.5734
vn 0.5728 -0.7149 -0.4011
vn -0.5856 -0.6993 0.4100
vn -0.5244 0.7682 0.3672
vn 0.1477 0.9836 -0.1034
vn 0.1479 0.9836 -0.1035
vn 0.1480 0.9835 -0.1037
vn 0.1482 0.9835 -0.1038
vn 0.1484 0.9835 -0.1039
vn 0.1485 0.9834 -0.1040
vn 0.1487 0.9834 -0.1041
vn 0.1489 0.9833 -0.1042
vn 0.1491 0.9833 -0.1044
vn 0.1492 0.9833 -0.1045
vn 0.1494 0.9832 -0.1046
vn 0.1440 0.9844 -0.1008
vn 0.1343 0.9865 -0.0941
vn 0.1259 0.9881 -0.0881
vn 0.1169 0.9898 -0.0818
vn 0.1072 0.9914 -0.0751
vn 0.0970 0.9930 -0.0679
vn 0.0860 0.9945 -0.0602
vn 0.0741 0.9959 -0.0519
vn 0.0615 0.9972 -0.0430
vn 0.0478 0.9983 -0.0335
vn 0.0330 0.9992 -0.0231
vn 0.0171 0.9998 -0.0120
vn -0.0131 0.9999 0.0092
vn -0.6625 -0.5881 0.4639
vn -0.6625 0.5881 0.4639
vt 0.666667 0.000000
vt 0.000000 0.000000
vt 1.000000 0.000000
vt 0.333333 0.000000
vt 0.690909 0.000000
vt 0.727273 0.000000
vt 0.709091 0.000000
vt 0.745455 0.000000
vt 0.672727 0.000000
vt 0.763636 0.000000
vt 0.654545 0.000000
vt 0.781818 0.000000
vt 0.636364 0.000000
vt 0.800000 0.000000
vt 0.618182 0.000000
vt 0.818182 0.000000
vt 0.600000 0.000000
vt 0.836364 0.000000
vt 0.581818 0.000000
vt 0.854545 0.000000
vt 0.563636 0.000000
vt 0.872727 0.000000
vt 0.545455 0.000000
vt 0.890909 0.000000
vt 0.527273 0.000000
vt 0.909091 0.000000
vt 0.509091 0.000000
vt 0.927273 0.000000
vt 0.490909 0.000000
vt 0.472727 0.000000
vt 0.981818 0.000000
vt 0.018182 0.000000
vt 0.945455 0.000000
vt 0.963636 0.000000
vt 0.454545 0.000000
vt 0.036364 0.000000
vt 0.436364 0.000000
vt 0.054545 0.000000
vt 0.418182 0.000000
vt 0.072727 0.000000
vt 0.400000 0.000000
vt 0.090909 0.000000
vt 0.381818 0.000000
vt 0.109091 0.000000
vt 0.363636 0.000000
vt 0.127273 0.000000
vt 0.345455 0.000000
vt 0.145455 0.000000
vt 0.327273 0.000000
vt 0.163636 0.000000
vt 0.309091 0.000000
vt 0.181818 0.000000
vt 0.290909 0.000000
vt 0.200000 0.000000
vt 0.272727 0.000000
vt 0.218182 0.000000
vt 0.254545 0.000000
vt 0.236364 0.000000
vt 0.772727 0.000000
vt 0.750000 0.000000
vt 0.704545 0.000000
vt 0.681818 0.000000
vt 0.795455 0.000000
vt 0.659091 0.000000
vt 0.613636 0.000000
vt 0.590909 0.000000
vt 0.136364 0.000000
vt 0.159091 0.000000
vt 0.204545 0.000000
vt 0.568182 0.000000
vt 0.840909 0.000000
vt 0.522727 0.000000
vt 0.500000 0.000000
vt 0.477273 0.000000
vt 0.863636 0.000000
vt 0.431818 0.000000
vt 0.409091 0.000000
vt 0.886364 0.000000
vt 0.386364 0.000000
vt 0.340909 0.000000
vt 0.318182 0.000000
vt 0.295455 0.000000
vt 0.250000 0.000000
vt 0.227273 0.000000
vt 0.931818 0.000000
vt 0.954545 0.000000
vt 0.977273 0.000000
vt 0.068182 0.000000
vt 0.022727 0.000000
vt 0.045455 0.000000
vt 0.113636 0.000000
vt 0.720000 0.000000
vt 0.760000 0.000000
vt 0.840000 0.000000
vt 0.640000 0.000000
vt 0.680000 0.000000
vt 0.880000 0.000000
vt 0.920000 0.000000
vt 0.560000 0.000000
vt 0.960000 0.000000
vt 0.040000 0.000000
vt 0.520000 0.000000
vt 0.480000 0.000000
vt 0.440000 0.000000
vt 0.360000 0.000000
vt 0.320000 0.000000
vt 0.280000 0.000000
vt 0.240000 0.000000
vt 0.160000 0.000000
vt 0.120000 0.000000
vt 0.080000 0.000000
vt 0.644068 0.000000
vt 0.677966 0.000000
vt 0.661017 0.000000
vt 0.694915 0.000000
vt 0.627119 0.000000
vt 0.711864 0.000000
vt 0.610169 0.000000
vt 0.728814 0.000000
vt 0.593220 0.000000
vt 0.745763 0.000000
vt 0.576271 0.000000
vt 0.762712 0.000000
vt 0.559322 0.000000
vt 0.779661 0.000000
vt 0.542373 0.000000
vt 0.796610 0.000000
vt 0.525424 0.000000
vt 0.813559 0.000000
vt 0.508475 0.000000
vt 0.830508 0.000000
vt 0.491525 0.000000
vt 0.847458 0.000000
vt 0.474576 0.000000
vt 0.864407 0.000000
vt 0.457627 0.000000
vt 0.881356 0.000000
vt 0.440678 0.000000
vt 0.949153 0.000000
vt 0.932203 0.000000
vt 0.898305 0.000000
vt 0.966102 0.000000
vt 0.915254 0.000000
vt 0.983051 0.000000
vt 0.016949 0.000000
vt 0.423729 0.000000
vt 0.033898 0.000000
vt 0.406780 0.000000
vt 0.050847 0.000000
vt 0.389830 0.000000
vt 0.067797 0.000000
vt 0.372881 0.000000
vt 0.084746 0.000000
vt 0.355932 0.000000
vt 0.101695 0.000000
vt 0.338983 0.000000
vt 0.118644 0.000000
vt 0.322034 0.000000
vt 0.135593 0.000000
vt 0.152542 0.000000
vt 0.305085 0.000000
vt 0.169492 0.000000
vt 0.288136 0.000000
vt 0.186441 0.000000
vt 0.271186 0.000000
vt 0.203390 0.000000
vt 0.254237 0.000000
vt 0.220339 0.000000
vt 0.237288 0.000000
vt 0.000000 1.000000
vt 0.016667 1.000000
vt 0.016667 0.000000
vt 0.033333 1.000000
vt 0.033333 0.000000
vt 0.050000 1.000000
vt 0.050000 0.000000
vt 0.066667 1.000000
vt 0.066667 0.000000
vt 0.083333 1.000000
vt 0.083333 0.000000
vt 0.100000 1.000000
vt 0.100000 0.000000
vt 0.116667 1.000000
vt 0.116667 0.000000
vt 0.133333 1.000000
vt 0.133333 0.000000
vt 0.150000 1.000000
vt 0.150000 0.000000
vt 0.166667 1.000000
vt 0.166667 0.000000
vt 0.183333 1.000000
vt 0.183333 0.000000
vt 0.200000 1.000000
vt 0.216667 1.000000
vt 0.216667 0.000000
vt 0.233333 1.000000
vt 0.233333 0.000000
vt 0.250000 1.000000
vt 0.266667 1.000000
vt 0.266667 0.000000
vt 0.283333 1.000000
vt 0.283333 0.000000
vt 0.300000 1.000000
vt 0.300000 0.000000
vt 0.316667 1.000000
vt 0.316667 0.000000
vt 0.333333 1.000000
vt 0.350000 1.000000
vt 0.350000 0.000000
vt 0.366667 1.000000
vt 0.366667 0.000000
vt 0.383333 1.000000
vt 0.383333 0.000000
vt 0.400000 1.000000
vt 0.416667 1.000000
vt 0.416667 0.000000
vt 0.433333 1.000000
vt 0.433333 0.000000
vt 0.450000 1.000000
vt 0.450000 0.000000
vt 0.466667 1.000000
vt 0.466667 0.000000
vt 0.483333 1.000000
vt 0.483333 0.000000
vt 0.500000 1.000000
vt 0.516667 1.000000
vt 0.516667 0.000000
vt 0.533333 1.000000
vt 0.533333 0.000000
vt 0.550000 1.000000
vt 0.550000 0.000000
vt 0.566667 1.000000
vt 0.566667 0.000000
vt 0.583333 1.000000
vt 0.583333 0.000000
vt 0.600000 1.000000
vt 0.616667 1.000000
vt 0.616667 0.000000
vt 0.633333 1.000000
vt 0.633333 0.000000
vt 0.650000 1.000000
vt 0.650000 0.000000
vt 0.666667 1.000000
vt 0.683333 1.000000
vt 0.683333 0.000000
vt 0.700000 1.000000
vt 0.700000 0.000000
vt 0.716667 1.000000
vt 0.716667 0.000000
vt 0.733333 1.000000
vt 0.733333 0.000000
vt 0.750000 1.000000
vt 0.766667 1.000000
vt 0.766667 0.000000
vt 0.783333 1.000000
vt 0.783333 0.000000
vt 0.800000 1.000000
vt 0.816667 1.000000
vt 0.816667 0.000000
vt 0.833333 1.000000
vt 0.833333 0.000000
vt 0.850000 1.000000
vt 0.850000 0.000000
vt 0.866667 1.000000
vt 0.866667 0.000000
vt 0.883333 1.000000
vt 0.883333 0.000000
vt 0.900000 1.000000
vt 0.900000 0.000000
vt 0.916667 1.000000
vt 0.916667 0.000000
vt 0.933333 1.000000
vt 0.933333 0.000000
vt 0.950000 1.000000
vt 0.950000 0.000000
vt 0.966667 1.000000
vt 0.966667 0.000000
vt 0.983333 1.000000
vt 0.983333 0.000000
vt 1.000000 1.000000
vt 0.019231 1.000000
vt 0.019231 0.000000
vt 0.038462 1.000000
vt 0.038462 0.000000
vt 0.057692 1.000000
vt 0.057692 0.000000
vt 0.076923 1.000000
vt 0.076923 0.000000
vt 0.096154 1.000000
vt 0.096154 0.000000
vt 0.115385 1.000000
vt 0.115385 0.000000
vt 0.134615 1.000000
vt 0.134615 0.000000
vt 0.153846 1.000000
vt 0.153846 0.000000
vt 0.173077 1.000000
vt 0.173077 0.000000
vt 0.192308 1.000000
vt 0.192308 0.000000
vt 0.211538 1.000000
vt 0.211538 0.000000
vt 0.230769 1.000000
vt 0.230769 0.000000
vt 0.269231 1.000000
vt 0.269231 0.000000
vt 0.288462 1.000000
vt 0.288462 0.000000
vt 0.307692 1.000000
vt 0.307692 0.000000
vt 0.326923 1.000000
vt 0.326923 0.000000
vt 0.346154 1.000000
vt 0.346154 0.000000
vt 0.365385 1.000000
vt 0.365385 0.000000
vt 0.384615 1.000000
vt 0.384615 0.000000
vt 0.403846 1.000000
vt 0.403846 0.000000
vt 0.423077 1.000000
vt 0.423077 0.000000
vt 0.442308 1.000000
vt 0.442308 0.000000
vt 0.461538 1.000000
vt 0.461538 0.000000
vt 0.480769 1.000000
vt 0.480769 0.000000
vt 0.519231 1.000000
vt 0.519231 0.000000
vt 0.538462 1.000000
vt 0.538462 0.000000
vt 0.557692 1.000000
vt 0.557692 0.000000
vt 0.576923 1.000000
vt 0.576923 0.000000
vt 0.596154 1.000000
vt 0.596154 0.000000
vt 0.615385 1.000000
vt 0.615385 0.000000
vt 0.634615 1.000000
vt 0.634615 0.000000
vt 0.653846 1.000000
vt 0.653846 0.000000
vt 0.673077 1.000000
vt 0.673077 0.000000
vt 0.692308 1.000000
vt 0.692308 0.000000
vt 0.711538 1.000000
vt 0.711538 0.000000
vt 0.730769 1.000000
vt 0.730769 0.000000
vt 0.769231 1.000000
vt 0.769231 0.000000
vt 0.788462 1.000000
vt 0.788462 0.000000
vt 0.807692 1.000000
vt 0.807692 0.000000
vt 0.826923 1.000000
vt 0.826923 0.000000
vt 0.846154 1.000000
vt 0.846154 0.000000
vt 0.865385 1.000000
vt 0.865385 0.000000
vt 0.884615 1.000000
vt 0.884615 0.000000
vt 0.903846 1.000000
vt 0.903846 0.000000
vt 0.923077 1.000000
vt 0.923077 0.000000
vt 0.942308 1.000000
vt 0.942308 0.000000
vt 0.961538 1.000000
vt 0.961538 0.000000
vt 0.980769 1.000000
vt 0.980769 0.000000
vt 0.022222 1.000000
vt 0.022222 0.000000
vt 0.044444 1.000000
vt 0.044444 0.000000
vt 0.088889 1.000000
vt 0.088889 0.000000
vt 0.111111 1.000000
vt 0.111111 0.000000
vt 0.155556 1.000000
vt 0.155556 0.000000
vt 0.177778 1.000000
vt 0.177778 0.000000
vt 0.222222 1.000000
vt 0.222222 0.000000
vt 0.244444 1.000000
vt 0.244444 0.000000
vt 0.288889 1.000000
vt 0.288889 0.000000
vt 0.311111 1.000000
vt 0.311111 0.000000
vt 0.355556 1.000000
vt 0.355556 0.000000
vt 0.377778 1.000000
vt 0.377778 0.000000
vt 0.422222 1.000000
vt 0.422222 0.000000
vt 0.444444 1.000000
vt 0.444444 0.000000
vt 0.488889 1.000000
vt 0.488889 0.000000
vt 0.511111 1.000000
vt 0.511111 0.000000
vt 0.555556 1.000000
vt 0.555556 0.000000
vt 0.577778 1.000000
vt 0.577778 0.000000
vt 0.622222 1.000000
vt 0.622222 0.000000
vt 0.644444 1.000000
vt 0.644444 0.000000
vt 0.688889 1.000000
vt 0.688889 0.000000
vt 0.711111 1.000000
vt 0.711111 0.000000
vt 0.755556 1.000000
vt 0.755556 0.000000
vt 0.777778 1.000000
vt 0.777778 0.000000
vt 0.822222 1.000000
vt 0.822222 0.000000
vt 0.844444 1.000000
vt 0.844444 0.000000
vt 0.888889 1.000000
vt 0.888889 0.000000
vt 0.911111 1.000000
vt 0.911111 0.000000
vt 0.955556 1.000000
vt 0.955556 0.000000
vt 0.977778 1.000000
vt 0.977778 0.000000
s 0
f 3/1/1 1/2/1 4/3/1
f 3/1/1 2/4/1 1/2/1
f 43/5/1 45/6/1 44/7/1
f 43/5/1 46/8/1 45/6/1
f 42/9/1 46/8/1 43/5/1
f 42/9/1 47/10/1 46/8/1
f 41/11/1 47/10/1 42/9/1
f 41/11/1 48/12/1 47/10/1
f 40/13/1 48/12/1 41/11/1
f 40/13/1 49/14/1 48/12/1
f 39/15/1 49/14/1 40/13/1
f 39/15/1 50/16/1 49/14/1
f 38/17/1 50/16/1 39/15/1
f 38/17/1 51/18/1 50/16/1
f 37/19/1 51/18/1 38/17/1
f 37/19/1 52/20/1 51/18/1
f 36/21/1 52/20/1 37/19/1
f 36/21/1 53/22/1 52/20/1
f 35/23/1 53/22/1 36/21/1
f 35/23/1 54/24/1 53/22/1
f 34/25/1 54/24/1 35/23/1
f 34/25/1 55/26/1 54/24/1
f 33/27/1 55/26/1 34/25/1
f 33/27/1 56/28/1 55/26/1
f 32/29/1 56/28/1 33/27/1
f 32/29/1 5/2/1 56/28/1
f 31/30/1 60/3/1 32/29/1
f 60/3/1 5/2/1 32/29/1
f 60/3/1 59/31/1 5/2/1
f 59/31/1 6/32/1 5/2/1
f 31/30/1 57/33/1 60/3/1
f 58/34/1 6/32/1 59/31/1
f 31/30/1 58/34/1 57/33/1
f 31/30/1 6/32/1 58/34/1
f 30/35/1 6/32/1 31/30/1
f 30/35/1 7/36/1 6/32/1
f 29/37/1 7/36/1 30/35/1
f 29/37/1 8/38/1 7/36/1
f 28/39/1 8/38/1 29/37/1
f 28/39/1 9/40/1 8/38/1
f 27/41/1 9/40/1 28/39/1
f 27/41/1 10/42/1 9/40/1
f 26/43/1 10/42/1 27/41/1
f 26/43/1 11/44/1 10/42/1
f 25/45/1 11/44/1 26/43/1
f 25/45/1 12/46/1 11/44/1
f 24/47/1 12/46/1 25/45/1
f 24/47/1 13/48/1 12/46/1
f 23/49/1 13/48/1 24/47/1
f 23/49/1 14/50/1 13/48/1
f 22/51/1 14/50/1 23/49/1
f 22/51/1 15/52/1 14/50/1
f 21/53/1 15/52/1 22/51/1
f 21/53/1 16/54/1 15/52/1
f 20/55/1 16/54/1 21/53/1
f 20/55/1 17/56/1 16/54/1
f 19/57/1 17/56/1 20/55/1
f 19/57/1 18/58/1 17/56/1
f 93/6/1 95/59/1 94/60/1
f 92/61/1 95/59/1 93/6/1
f 91/62/1 95/59/1 92/61/1
f 91/62/1 96/63/1 95/59/1
f 90/64/1 96/63/1 91/62/1
f 89/13/1 96/63/1 90/64/1
f 88/65/1 96/63/1 89/13/1
f 88/65/1 97/16/1 96/63/1
f 87/66/1 97/16/1 88/65/1
f 67/67/1 69/52/1 68/68/1
f 67/67/1 70/69/1 69/52/1
f 86/70/1 97/16/1 87/66/1
f 85/23/1 97/16/1 86/70/1
f 85/23/1 98/71/1 97/16/1
f 84/72/1 98/71/1 85/23/1
f 83/73/1 98/71/1 84/72/1
f 82/74/1 98/71/1 83/73/1
f 82/74/1 99/75/1 98/71/1
f 81/35/1 99/75/1 82/74/1
f 80/76/1 99/75/1 81/35/1
f 79/77/1 99/75/1 80/76/1
f 79/77/1 100/78/1 99/75/1
f 78/79/1 100/78/1 79/77/1
f 77/45/1 100/78/1 78/79/1
f 76/80/1 100/78/1 77/45/1
f 75/81/1 100/78/1 76/80/1
f 74/82/1 100/78/1 75/81/1
f 74/82/1 101/26/1 100/78/1
f 73/55/1 101/26/1 74/82/1
f 72/83/1 101/26/1 73/55/1
f 71/84/1 101/26/1 72/83/1
f 70/69/1 101/26/1 71/84/1
f 67/67/1 65/42/1 70/69/1
f 65/42/1 101/26/1 70/69/1
f 65/42/1 102/85/1 101/26/1
f 65/42/1 103/86/1 102/85/1
f 65/42/1 104/87/1 103/86/1
f 65/42/1 105/3/1 104/87/1
f 65/42/1 61/2/1 105/3/1
f 65/42/1 64/88/1 61/2/1
f 64/88/1 62/89/1 61/2/1
f 63/90/1 62/89/1 64/88/1
f 67/67/1 66/91/1 65/42/1
f 124/92/1 126/14/1 125/93/1
f 124/92/1 127/94/1 126/14/1
f 122/95/1 124/92/1 123/96/1
f 122/95/1 127/94/1 124/92/1
f 122/95/1 128/97/1 127/94/1
f 122/95/1 129/98/1 128/97/1
f 121/17/1 129/98/1 122/95/1
f 120/99/1 130/100/1 121/17/1
f 130/100/1 129/98/1 121/17/1
f 120/99/1 131/3/1 130/100/1
f 120/99/1 106/2/1 131/3/1
f 120/99/1 107/101/1 106/2/1
f 119/102/1 107/101/1 120/99/1
f 118/103/1 107/101/1 119/102/1
f 117/104/1 107/101/1 118/103/1
f 116/41/1 107/101/1 117/104/1
f 115/105/1 107/101/1 116/41/1
f 114/106/1 107/101/1 115/105/1
f 113/107/1 107/101/1 114/106/1
f 112/108/1 107/101/1 113/107/1
f 111/54/1 107/101/1 112/108/1
f 110/109/1 107/101/1 111/54/1
f 109/110/1 107/101/1 110/109/1
f 108/111/1 107/101/1 109/110/1
f 164/6/1 166/59/1 165/60/1
f 163/61/1 166/59/1 164/6/1
f 162/62/1 166/59/1 163/61/1
f 162/62/1 167/63/1 166/59/1
f 161/64/1 167/63/1 162/62/1
f 160/13/1 167/63/1 161/64/1
f 159/65/1 167/63/1 160/13/1
f 159/65/1 168/16/1 167/63/1
f 138/67/1 140/52/1 139/68/1
f 138/67/1 141/69/1 140/52/1
f 158/66/1 168/16/1 159/65/1
f 157/70/1 168/16/1 158/66/1
f 156/23/1 168/16/1 157/70/1
f 156/23/1 169/71/1 168/16/1
f 155/72/1 169/71/1 156/23/1
f 154/73/1 169/71/1 155/72/1
f 153/74/1 169/71/1 154/73/1
f 153/74/1 170/75/1 169/71/1
f 152/35/1 170/75/1 153/74/1
f 151/76/1 170/75/1 152/35/1
f 150/77/1 170/75/1 151/76/1
f 150/77/1 171/78/1 170/75/1
f 149/79/1 171/78/1 150/77/1
f 148/45/1 171/78/1 149/79/1
f 147/80/1 171/78/1 148/45/1
f 146/81/1 171/78/1 147/80/1
f 145/82/1 171/78/1 146/81/1
f 145/82/1 172/26/1 171/78/1
f 144/55/1 172/26/1 145/82/1
f 143/83/1 172/26/1 144/55/1
f 142/84/1 172/26/1 143/83/1
f 141/69/1 172/26/1 142/84/1
f 138/67/1 136/42/1 141/69/1
f 136/42/1 172/26/1 141/69/1
f 136/42/1 173/85/1 172/26/1
f 136/42/1 174/86/1 173/85/1
f 136/42/1 175/87/1 174/86/1
f 136/42/1 176/3/1 175/87/1
f 136/42/1 132/2/1 176/3/1
f 136/42/1 135/88/1 132/2/1
f 135/88/1 133/89/1 132/2/1
f 134/90/1 133/89/1 135/88/1
f 138/67/1 137/91/1 136/42/1
f 215/5/1 217/6/1 216/7/1
f 215/5/1 218/8/1 217/6/1
f 214/9/1 218/8/1 215/5/1
f 214/9/1 219/10/1 218/8/1
f 213/11/1 219/10/1 214/9/1
f 213/11/1 220/12/1 219/10/1
f 212/13/1 220/12/1 213/11/1
f 212/13/1 221/14/1 220/12/1
f 211/15/1 221/14/1 212/13/1
f 211/15/1 222/16/1 221/14/1
f 210/17/1 222/16/1 211/15/1
f 210/17/1 223/18/1 222/16/1
f 209/19/1 223/18/1 210/17/1
f 209/19/1 224/20/1 223/18/1
f 208/21/1 224/20/1 209/19/1
f 208/21/1 225/22/1 224/20/1
f 207/23/1 225/22/1 208/21/1
f 207/23/1 226/24/1 225/22/1
f 206/25/1 226/24/1 207/23/1
f 206/25/1 227/26/1 226/24/1
f 205/27/1 227/26/1 206/25/1
f 205/27/1 228/28/1 227/26/1
f 204/29/1 228/28/1 205/27/1
f 204/29/1 177/2/1 228/28/1
f 203/30/1 232/3/1 204/29/1
f 232/3/1 177/2/1 204/29/1
f 232/3/1 231/31/1 177/2/1
f 231/31/1 178/32/1 177/2/1
f 203/30/1 229/33/1 232/3/1
f 230/34/1 178/32/1 231/31/1
f 203/30/1 230/34/1 229/33/1
f 203/30/1 178/32/1 230/34/1
f 202/35/1 178/32/1 203/30/1
f 202/35/1 179/36/1 178/32/1
f 201/37/1 179/36/1 202/35/1
f 201/37/1 180/38/1 179/36/1
f 200/39/1 180/38/1 201/37/1
f 200/39/1 181/40/1 180/38/1
f 199/41/1 181/40/1 200/39/1
f 199/41/1 182/42/1 181/40/1
f 198/43/1 182/42/1 199/41/1
f 198/43/1 183/44/1 182/42/1
f 197/45/1 183/44/1 198/43/1
f 197/45/1 184/46/1 183/44/1
f 196/47/1 184/46/1 197/45/1
f 196/47/1 185/48/1 184/46/1
f 195/49/1 185/48/1 196/47/1
f 195/49/1 186/50/1 185/48/1
f 194/51/1 186/50/1 195/49/1
f 194/51/1 187/52/1 186/50/1
f 193/53/1 187/52/1 194/51/1
f 193/53/1 188/54/1 187/52/1
f 192/55/1 188/54/1 193/53/1
f 192/55/1 189/56/1 188/54/1
f 191/57/1 189/56/1 192/55/1
f 191/57/1 190/58/1 189/56/1
f 271/112/1 273/113/1 272/114/1
f 271/112/1 274/115/1 273/113/1
f 270/116/1 274/115/1 271/112/1
f 270/116/1 275/117/1 274/115/1
f 269/118/1 275/117/1 270/116/1
f 269/118/1 276/119/1 275/117/1
f 268/120/1 276/119/1 269/118/1
f 268/120/1 277/121/1 276/119/1
f 267/122/1 277/121/1 268/120/1
f 267/122/1 278/123/1 277/121/1
f 266/124/1 278/123/1 267/122/1
f 266/124/1 279/125/1 278/123/1
f 265/126/1 279/125/1 266/124/1
f 265/126/1 280/127/1 279/125/1
f 264/128/1 280/127/1 265/126/1
f 264/128/1 281/129/1 280/127/1
f 263/130/1 281/129/1 264/128/1
f 263/130/1 282/131/1 281/129/1
f 262/132/1 282/131/1 263/130/1
f 262/132/1 283/133/1 282/131/1
f 261/134/1 283/133/1 262/132/1
f 261/134/1 284/135/1 283/133/1
f 260/136/1 284/135/1 261/134/1
f 260/136/1 285/137/1 284/135/1
f 259/138/1 289/139/1 260/136/1
f 289/139/1 285/137/1 260/136/1
f 289/139/1 288/140/1 285/137/1
f 288/140/1 286/141/1 285/137/1
f 259/138/1 290/142/1 289/139/1
f 287/143/1 286/141/1 288/140/1
f 291/144/1 233/2/1 292/3/1
f 291/144/1 234/145/1 233/2/1
f 259/138/1 291/144/1 290/142/1
f 259/138/1 234/145/1 291/144/1
f 258/146/1 234/145/1 259/138/1
f 258/146/1 235/147/1 234/145/1
f 257/148/1 235/147/1 258/146/1
f 257/148/1 236/149/1 235/147/1
f 256/150/1 236/149/1 257/148/1
f 256/150/1 237/151/1 236/149/1
f 255/152/1 237/151/1 256/150/1
f 255/152/1 238/153/1 237/151/1
f 254/154/1 238/153/1 255/152/1
f 254/154/1 239/155/1 238/153/1
f 253/156/1 239/155/1 254/154/1
f 253/156/1 240/157/1 239/155/1
f 252/158/1 240/157/1 253/156/1
f 252/158/1 241/159/1 240/157/1
f 252/158/1 242/160/1 241/159/1
f 251/161/1 242/160/1 252/158/1
f 251/161/1 243/162/1 242/160/1
f 250/163/1 243/162/1 251/161/1
f 250/163/1 244/164/1 243/162/1
f 249/165/1 244/164/1 250/163/1
f 249/165/1 245/166/1 244/164/1
f 248/167/1 245/166/1 249/165/1
f 248/167/1 246/168/1 245/166/1
f 247/169/1 246/168/1 248/167/1
f 295/1/2 296/3/2 293/2/2
f 295/1/2 293/2/2 294/4/2
f 335/5/2 336/7/2 337/6/2
f 335/5/2 337/6/2 338/8/2
f 334/9/2 335/5/2 338/8/2
f 334/9/2 338/8/2 339/10/2
f 333/11/2 334/9/2 339/10/2
f 333/11/2 339/10/2 340/12/2
f 332/13/2 333/11/2 340/12/2
f 332/13/2 340/12/2 341/14/2
f 331/15/2 332/13/2 341/14/2
f 331/15/2 341/14/2 342/16/2
f 330/17/2 331/15/2 342/16/2
f 330/17/2 342/16/2 343/18/2
f 329/19/2 330/17/2 343/18/2
f 329/19/2 343/18/2 344/20/2
f 328/21/2 329/19/2 344/20/2
f 328/21/2 344/20/2 345/22/2
f 327/23/2 328/21/2 345/22/2
f 327/23/2 345/22/2 346/24/2
f 326/25/2 327/23/2 346/24/2
f 326/25/2 346/24/2 347/26/2
f 325/27/2 326/25/2 347/26/2
f 325/27/2 347/26/2 348/28/2
f 324/29/2 325/27/2 348/28/2
f 324/29/2 348/28/2 297/2/2
f 323/30/2 324/29/2 352/3/2
f 352/3/2 324/29/2 297/2/2
f 352/3/2 297/2/2 351/31/2
f 351/31/2 297/2/2 298/32/2
f 323/30/2 352/3/2 349/33/2
f 350/34/2 351/31/2 298/32/2
f 323/30/2 349/33/2 350/34/2
f 323/30/2 350/34/2 298/32/2
f 322/35/2 323/30/2 298/32/2
f 322/35/2 298/32/2 299/36/2
f 321/37/2 322/35/2 299/36/2
f 321/37/2 299/36/2 300/38/2
f 320/39/2 321/37/2 300/38/2
f 320/39/2 300/38/2 301/40/2
f 319/41/2 320/39/2 301/40/2
f 319/41/2 301/40/2 302/42/2
f 318/43/2 319/41/2 302/42/2
f 318/43/2 302/42/2 303/44/2
f 317/45/2 318/43/2 303/44/2
f 317/45/2 303/44/2 304/46/2
f 316/47/2 317/45/2 304/46/2
f 316/47/2 304/46/2 305/48/2
f 315/49/2 316/47/2 305/48/2
f 315/49/2 305/48/2 306/50/2
f 314/51/2 315/49/2 306/50/2
f 314/51/2 306/50/2 307/52/2
f 313/53/2 314/51/2 307/52/2
f 313/53/2 307/52/2 308/54/2
f 312/55/2 313/53/2 308/54/2
f 312/55/2 308/54/2 309/56/2
f 311/57/2 312/55/2 309/56/2
f 311/57/2 309/56/2 310/58/2
f 385/6/2 386/60/2 387/59/2
f 384/61/2 385/6/2 387/59/2
f 383/62/2 384/61/2 387/59/2
f 383/62/2 387/59/2 388/63/2
f 382/64/2 383/62/2 388/63/2
f 381/13/2 382/64/2 388/63/2
f 380/65/2 381/13/2 388/63/2
f 380/65/2 388/63/2 389/16/2
f 379/66/2 380/65/2 389/16/2
f 359/67/2 360/68/2 361/52/2
f 359/67/2 361/52/2 362/69/2
f 378/70/2 379/66/2 389/16/2
f 377/23/2 378/70/2 389/16/2
f 377/23/2 389/16/2 390/71/2
f 376/72/2 377/23/2 390/71/2
f 375/73/2 376/72/2 390/71/2
f 374/74/2 375/73/2 390/71/2
f 374/74/2 390/71/2 391/75/2
f 373/35/2 374/74/2 391/75/2
f 372/76/2 373/35/2 391/75/2
f 371/77/2 372/76/2 391/75/2
f 371/77/2 391/75/2 392/78/2
f 370/79/2 371/77/2 392/78/2
f 369/45/2 370/79/2 392/78/2
f 368/80/2 369/45/2 392/78/2
f 367/81/2 368/80/2 392/78/2
f 366/82/2 367/81/2 392/78/2
f 366/82/2 392/78/2 393/26/2
f 365/55/2 366/82/2 393/26/2
f 364/83/2 365/55/2 393/26/2
f 363/84/2 364/83/2 393/26/2
f 362/69/2 363/84/2 393/26/2
f 359/67/2 362/69/2 357/42/2
f 357/42/2 362/69/2 393/26/2
f 357/42/2 393/26/2 394/85/2
f 357/42/2 394/85/2 395/86/2
f 357/42/2 395/86/2 396/87/2
f 357/42/2 396/87/2 397/3/2
f 357/42/2 397/3/2 353/2/2
f 357/42/2 353/2/2 356/88/2
f 356/88/2 353/2/2 354/89/2
f 355/90/2 356/88/2 354/89/2
f 359/67/2 357/42/2 358/91/2
f 416/92/2 417/93/2 418/14/2
f 416/92/2 418/14/2 419/94/2
f 414/95/2 415/96/2 416/92/2
f 414/95/2 416/92/2 419/94/2
f 414/95/2 419/94/2 420/97/2
f 414/95/2 420/97/2 421/98/2
f 413/17/2 414/95/2 421/98/2
f 412/99/2 413/17/2 422/100/2
f 422/100/1 413/17/1 421/98/1
f 412/99/2 422/100/2 423/3/2
f 412/99/2 423/3/2 398/2/2
f 412/99/2 398/2/2 399/101/2
f 411/102/2 412/99/2 399/101/2
f 410/103/2 411/102/2 399/101/2
f 409/104/2 410/103/2 399/101/2
f 408/41/2 409/104/2 399/101/2
f 407/105/2 408/41/2 399/101/2
f 406/106/2 407/105/2 399/101/2
f 405/107/2 406/106/2 399/101/2
f 404/108/2 405/107/2 399/101/2
f 403/54/2 404/108/2 399/101/2
f 402/109/2 403/54/2 399/101/2
f 401/110/2 402/109/2 399/101/2
f 400/111/2 401/110/2 399/101/2
f 456/6/2 457/60/2 458/59/2
f 455/61/2 456/6/2 458/59/2
f 454/62/2 455/61/2 458/59/2
f 454/62/2 458/59/2 459/63/2
f 453/64/2 454/62/2 459/63/2
f 452/13/2 453/64/2 459/63/2
f 451/65/2 452/13/2 459/63/2
f 451/65/2 459/63/2 460/16/2
f 430/67/2 431/68/2 432/52/2
f 430/67/2 432/52/2 433/69/2
f 450/66/2 451/65/2 460/16/2
f 449/70/2 450/66/2 460/16/2
f 448/23/2 449/70/2 460/16/2
f 448/23/2 460/16/2 461/71/2
f 447/72/2 448/23/2 461/71/2
f 446/73/2 447/72/2 461/71/2
f 445/74/2 446/73/2 461/71/2
f 445/74/2 461/71/2 462/75/2
f 444/35/2 445/74/2 462/75/2
f 443/76/2 444/35/2 462/75/2
f 442/77/2 443/76/2 462/75/2
f 442/77/2 462/75/2 463/78/2
f 441/79/2 442/77/2 463/78/2
f 440/45/2 441/79/2 463/78/2
f 439/80/2 440/45/2 463/78/2
f 438/81/2 439/80/2 463/78/2
f 437/82/2 438/81/2 463/78/2
f 437/82/2 463/78/2 464/26/2
f 436/55/2 437/82/2 464/26/2
f 435/83/2 436/55/2 464/26/2
f 434/84/2 435/83/2 464/26/2
f 433/69/2 434/84/2 464/26/2
f 430/67/2 433/69/2 428/42/2
f 428/42/2 433/69/2 464/26/2
f 428/42/2 464/26/2 465/85/2
f 428/42/2 465/85/2 466/86/2
f 428/42/2 466/86/2 467/87/2
f 428/42/2 467/87/2 468/3/2
f 428/42/2 468/3/2 424/2/2
f 428/42/2 424/2/2 427/88/2
f 427/88/2 424/2/2 425/89/2
f 426/90/2 427/88/2 425/89/2
f 430/67/2 428/42/2 429/91/2
f 507/5/2 508/7/2 509/6/2
f 507/5/2 509/6/2 510/8/2
f 506/9/2 507/5/2 510/8/2
f 506/9/2 510/8/2 511/10/2
f 505/11/2 506/9/2 511/10/2
f 505/11/2 511/10/2 512/12/2
f 504/13/2 505/11/2 512/12/2
f 504/13/2 512/12/2 513/14/2
f 503/15/2 504/13/2 513/14/2
f 503/15/2 513/14/2 514/16/2
f 502/17/2 503/15/2 514/16/2
f 502/17/2 514/16/2 515/18/2
f 501/19/2 502/17/2 515/18/2
f 501/19/2 515/18/2 516/20/2
f 500/21/2 501/19/2 516/20/2
f 500/21/2 516/20/2 517/22/2
f 499/23/2 500/21/2 517/22/2
f 499/23/2 517/22/2 518/24/2
f 498/25/2 499/23/2 518/24/2
f 498/25/2 518/24/2 519/26/2
f 497/27/2 498/25/2 519/26/2
f 497/27/2 519/26/2 520/28/2
f 496/29/2 497/27/2 520/28/2
f 496/29/2 520/28/2 469/2/2
f 495/30/2 496/29/2 524/3/2
f 524/3/2 496/29/2 469/2/2
f 524/3/2 469/2/2 523/31/2
f 523/31/2 469/2/2 470/32/2
f 495/30/2 524/3/2 521/33/2
f 522/34/2 523/31/2 470/32/2
f 495/30/2 521/33/2 522/34/2
f 495/30/2 522/34/2 470/32/2
f 494/35/2 495/30/2 470/32/2
f 494/35/2 470/32/2 471/36/2
f 493/37/2 494/35/2 471/36/2
f 493/37/2 471/36/2 472/38/2
f 492/39/2 493/37/2 472/38/2
f 492/39/2 472/38/2 473/40/2
f 491/41/2 492/39/2 473/40/2
f 491/41/2 473/40/2 474/42/2
f 490/43/2 491/41/2 474/42/2
f 490/43/2 474/42/2 475/44/2
f 489/45/2 490/43/2 475/44/2
f 489/45/2 475/44/2 476/46/2
f 488/47/2 489/45/2 476/46/2
f 488/47/2 476/46/2 477/48/2
f 487/49/2 488/47/2 477/48/2
f 487/49/2 477/48/2 478/50/2
f 486/51/2 487/49/2 478/50/2
f 486/51/2 478/50/2 479/52/2
f 485/53/2 486/51/2 479/52/2
f 485/53/2 479/52/2 480/54/2
f 484/55/2 485/53/2 480/54/2
f 484/55/2 480/54/2 481/56/2
f 483/57/2 484/55/2 481/56/2
f 483/57/2 481/56/2 482/58/2
f 563/112/2 564/114/2 565/113/2
f 563/112/2 565/113/2 566/115/2
f 562/116/2 563/112/2 566/115/2
f 562/116/2 566/115/2 567/117/2
f 561/118/2 562/116/2 567/117/2
f 561/118/2 567/117/2 568/119/2
f 560/120/2 561/118/2 568/119/2
f 560/120/2 568/119/2 569/121/2
f 559/122/2 560/120/2 569/121/2
f 559/122/2 569/121/2 570/123/2
f 558/124/2 559/122/2 570/123/2
f 558/124/2 570/123/2 571/125/2
f 557/126/2 558/124/2 571/125/2
f 557/126/2 571/125/2 572/127/2
f 556/128/2 557/126/2 572/127/2
f 556/128/2 572/127/2 573/129/2
f 555/130/2 556/128/2 573/129/2
f 555/130/2 573/129/2 574/131/2
f 554/132/2 555/130/2 574/131/2
f 554/132/2 574/131/2 575/133/2
f 553/134/2 554/132/2 575/133/2
f 553/134/2 575/133/2 576/135/2
f 552/136/2 553/134/2 576/135/2
f 552/136/2 576/135/2 577/137/2
f 551/138/2 552/136/2 581/139/2
f 581/139/2 552/136/2 577/137/2
f 581/139/2 577/137/2 580/140/2
f 580/140/2 577/137/2 578/141/2
f 551/138/2 581/139/2 582/142/2
f 579/143/2 580/140/2 578/141/2
f 583/144/2 584/3/2 525/2/2
f 583/144/2 525/2/2 526/145/2
f 551/138/2 582/142/2 583/144/2
f 551/138/2 583/144/2 526/145/2
f 550/146/2 551/138/2 526/145/2
f 550/146/2 526/145/2 527/147/2
f 549/148/2 550/146/2 527/147/2
f 549/148/2 527/147/2 528/149/2
f 548/150/2 549/148/2 528/149/2
f 548/150/2 528/149/2 529/151/2
f 547/152/2 548/150/2 529/151/2
f 547/152/2 529/151/2 530/153/2
f 546/154/2 547/152/2 530/153/2
f 546/154/2 530/153/2 531/155/2
f 545/156/2 546/154/2 531/155/2
f 545/156/2 531/155/2 532/157/2
f 544/158/2 545/156/2 532/157/2
f 544/158/2 532/157/2 533/159/2
f 544/158/2 533/159/2 534/160/2
f 543/161/2 544/158/2 534/160/2
f 543/161/2 534/160/2 535/162/2
f 542/163/2 543/161/2 535/162/2
f 542/163/2 535/162/2 536/164/2
f 541/165/2 542/163/2 536/164/2
f 541/165/2 536/164/2 537/166/2
f 540/167/2 541/165/2 537/166/2
f 540/167/2 537/166/2 538/168/2
f 539/169/2 540/167/2 538/168/2
s 1
f 586/170/3 588/171/4 587/172/4 585/2/3
f 588/171/4 590/173/5 589/174/5 587/172/4
f 590/173/5 592/175/6 591/176/6 589/174/5
f 592/175/6 594/177/7 593/178/7 591/176/6
f 594/177/7 596/179/8 595/180/8 593/178/7
f 596/179/8 598/181/9 597/182/9 595/180/8
f 598/181/9 600/183/10 599/184/10 597/182/9
f 600/183/10 602/185/11 601/186/11 599/184/10
f 602/185/11 604/187/12 603/188/12 601/186/11
f 604/187/12 606/189/13 605/190/13 603/188/12
f 606/189/13 608/191/14 607/192/14 605/190/13
f 608/191/14 610/193/15 609/54/15 607/192/14
f 610/193/15 612/194/16 611/195/16 609/54/15
f 612/194/16 614/196/17 613/197/17 611/195/16
f 614/196/17 616/198/18 615/83/18 613/197/17
f 616/198/18 618/199/19 617/200/19 615/83/18
f 618/199/19 620/201/20 619/202/20 617/200/19
f 620/201/20 622/203/21 621/204/21 619/202/20
f 622/203/21 624/205/22 623/206/22 621/204/21
f 624/205/22 626/207/23 625/4/23 623/206/22
f 626/207/23 628/208/24 627/209/24 625/4/23
f 628/208/24 630/210/25 629/211/25 627/209/24
f 630/210/25 632/212/26 631/213/26 629/211/25
f 632/212/26 634/214/27 633/41/27 631/213/26
f 634/214/27 636/215/28 635/216/28 633/41/27
f 636/215/28 638/217/29 637/218/29 635/216/28
f 638/217/29 640/219/30 639/220/30 637/218/29
f 640/219/30 642/221/31 641/222/31 639/220/30
f 642/221/31 644/223/32 643/224/32 641/222/31
f 644/223/32 646/225/33 645/73/33 643/224/32
f 646/225/33 648/226/34 647/227/34 645/73/33
f 648/226/34 650/228/35 649/229/35 647/227/34
f 650/228/35 652/230/36 651/231/36 649/229/35
f 652/230/36 654/232/37 653/233/37 651/231/36
f 654/232/37 656/234/38 655/235/38 653/233/37
f 656/234/38 658/236/39 657/17/39 655/235/38
f 658/236/39 660/237/40 659/238/40 657/17/39
f 660/237/40 662/239/41 661/240/41 659/238/40
f 662/239/41 664/241/42 663/242/42 661/240/41
f 664/241/42 666/243/43 665/1/43 663/242/42
f 666/243/43 668/244/44 667/245/44 665/1/43
f 668/244/44 670/246/45 669/247/45 667/245/44
f 670/246/45 672/248/46 671/249/46 669/247/45
f 672/248/46 674/250/47 673/251/47 671/249/46
f 674/250/47 676/252/48 675/60/48 673/251/47
f 676/252/48 678/253/49 677/254/49 675/60/48
f 678/253/49 680/255/50 679/256/50 677/254/49
f 680/255/50 682/257/51 681/14/51 679/256/50
f 682/257/51 684/258/52 683/259/52 681/14/51
f 684/258/52 686/260/53 685/261/53 683/259/52
f 686/260/53 688/262/54 687/263/54 685/261/53
f 688/262/54 690/264/55 689/265/55 687/263/54
f 690/264/55 692/266/10 691/267/10 689/265/55
f 692/266/10 694/268/56 693/269/56 691/267/10
f 694/268/56 696/270/56 695/271/56 693/269/56
f 696/270/56 698/272/10 697/273/10 695/271/56
f 698/272/10 700/274/3 699/275/3 697/273/10
f 700/274/3 702/276/57 701/277/57 699/275/3
f 702/276/57 704/278/57 703/279/57 701/277/57
f 704/278/57 586/280/3 585/3/3 703/279/57
f 706/170/58 708/281/59 707/282/59 705/2/58
f 708/281/59 710/283/60 709/284/60 707/282/59
f 710/283/60 712/285/61 711/286/61 709/284/60
f 712/285/61 714/287/62 713/288/62 711/286/61
f 714/287/62 716/289/63 715/290/63 713/288/62
f 716/289/63 718/291/64 717/292/64 715/290/63
f 718/291/64 720/293/65 719/294/65 717/292/64
f 720/293/65 722/295/66 721/296/66 719/294/65
f 722/295/66 724/297/67 723/298/67 721/296/66
f 724/297/67 726/299/68 725/300/68 723/298/67
f 726/299/68 728/301/69 727/302/69 725/300/68
f 728/301/69 730/303/70 729/304/70 727/302/69
f 730/303/70 732/198/71 731/83/71 729/304/70
f 732/198/71 734/305/72 733/306/72 731/83/71
f 734/305/72 736/307/73 735/308/73 733/306/72
f 736/307/73 738/309/74 737/310/74 735/308/73
f 738/309/74 740/311/75 739/312/75 737/310/74
f 740/311/75 742/313/76 741/314/76 739/312/75
f 742/313/76 744/315/77 743/316/77 741/314/76
f 744/315/77 746/317/78 745/318/78 743/316/77
f 746/317/78 748/319/79 747/320/79 745/318/78
f 748/319/79 750/321/80 749/322/80 747/320/79
f 750/321/80 752/323/81 751/324/81 749/322/80
f 752/323/81 754/325/82 753/326/82 751/324/81
f 754/325/82 756/327/83 755/328/83 753/326/82
f 756/327/83 758/225/84 757/73/84 755/328/83
f 758/225/84 760/329/85 759/330/85 757/73/84
f 760/329/85 762/331/86 761/332/86 759/330/85
f 762/331/86 764/333/87 763/334/87 761/332/86
f 764/333/87 766/335/88 765/336/88 763/334/87
f 766/335/88 768/337/89 767/338/89 765/336/88
f 768/337/89 770/339/90 769/340/90 767/338/89
f 770/339/90 772/341/91 771/342/91 769/340/90
f 772/341/91 774/343/92 773/344/92 771/342/91
f 774/343/92 776/345/93 775/346/93 773/344/92
f 776/345/93 778/347/94 777/348/94 775/346/93
f 778/347/94 780/349/95 779/350/95 777/348/94
f 780/349/95 782/351/96 781/352/96 779/350/95
f 782/351/96 784/252/97 783/60/97 781/352/96
f 784/252/97 786/353/98 785/354/98 783/60/97
f 786/353/98 788/355/99 787/356/99 785/354/98
f 788/355/99 790/357/100 789/358/100 787/356/99
f 790/357/100 792/359/101 791/360/101 789/358/100
f 792/359/101 794/361/102 793/362/102 791/360/101
f 794/361/102 796/363/103 795/364/103 793/362/102
f 796/363/103 798/365/104 797/366/104 795/364/103
f 798/365/104 800/367/105 799/368/105 797/366/104
f 800/367/105 802/369/106 801/370/106 799/368/105
f 802/369/106 804/371/107 803/372/107 801/370/106
f 804/371/107 806/373/108 805/374/108 803/372/107
f 806/373/108 808/375/109 807/376/109 805/374/108
f 808/375/109 706/280/58 705/3/58 807/376/109
f 810/170/3 812/198/57 811/83/57 809/2/3
f 812/198/57 814/225/56 813/73/56 811/83/57
f 814/225/56 816/252/10 815/60/10 813/73/56
f 816/252/10 810/280/3 809/3/3 815/60/10
f 818/170/58 820/377/10 819/378/10 817/2/58
f 820/377/10 822/379/56 821/380/56 819/378/10
f 822/379/56 824/177/110 823/178/110 821/380/56
f 824/177/110 826/381/111 825/382/111 823/178/110
f 826/381/111 828/383/10 827/384/10 825/382/111
f 828/383/10 830/185/56 829/186/56 827/384/10
f 830/185/56 832/385/57 831/386/57 829/186/56
f 832/385/57 834/387/3 833/388/3 831/386/57
f 834/387/3 836/193/112 835/54/112 833/388/3
f 836/193/112 838/389/113 837/390/113 835/54/112
f 838/389/113 840/391/114 839/392/114 837/390/113
f 840/391/114 842/199/115 841/200/115 839/392/114
f 842/199/115 844/393/116 843/394/116 841/200/115
f 844/393/116 846/395/117 845/396/117 843/394/116
f 846/395/117 848/207/118 847/4/118 845/396/117
f 848/207/118 850/397/119 849/398/119 847/4/118
f 850/397/119 852/399/120 851/400/120 849/398/119
f 852/399/120 854/214/121 853/41/121 851/400/120
f 854/214/121 856/401/122 855/402/122 853/41/121
f 856/401/122 858/403/123 857/404/123 855/402/122
f 858/403/123 860/221/124 859/222/124 857/404/123
f 860/221/124 862/405/125 861/406/125 859/222/124
f 862/405/125 864/407/126 863/408/126 861/406/125
f 864/407/126 866/228/127 865/229/127 863/408/126
f 866/228/127 868/409/128 867/410/128 865/229/127
f 868/409/128 870/411/129 869/412/129 867/410/128
f 870/411/129 872/236/130 871/17/130 869/412/129
f 872/236/130 874/413/131 873/414/131 871/17/130
f 874/413/131 876/415/132 875/416/132 873/414/131
f 876/415/132 878/243/133 877/1/133 875/416/132
f 878/243/133 880/417/134 879/418/134 877/1/133
f 880/417/134 882/419/135 881/420/135 879/418/134
f 882/419/135 884/250/136 883/251/136 881/420/135
f 884/250/136 886/421/137 885/422/137 883/251/136
f 886/421/137 888/423/138 887/424/138 885/422/137
f 888/423/138 890/257/139 889/14/139 887/424/138
f 890/257/139 892/425/140 891/426/140 889/14/139
f 892/425/140 894/427/141 893/428/141 891/426/140
f 894/427/141 896/264/142 895/265/142 893/428/141
f 896/264/142 898/429/143 897/430/143 895/265/142
f 898/429/143 900/431/144 899/432/144 897/430/143
f 900/431/144 902/272/145 901/273/145 899/432/144
f 902/272/145 904/433/146 903/434/146 901/273/145
f 904/433/146 906/435/109 905/436/109 903/434/146
f 906/435/109 818/280/58 817/3/58 905/436/109
f 908/170/3 910/283/10 909/284/10 907/2/3
f 910/283/10 912/287/147 911/288/147 909/284/10
f 912/287/147 914/291/148 913/292/148 911/288/147
f 914/291/148 916/295/149 915/296/149 913/292/148
f 916/295/149 918/299/150 917/300/150 915/296/149
f 918/299/150 920/303/151 919/304/151 917/300/150
f 920/303/151 922/305/152 921/306/152 919/304/151
f 922/305/152 924/309/153 923/310/153 921/306/152
f 924/309/153 926/313/154 925/314/154 923/310/153
f 926/313/154 928/317/155 927/318/155 925/314/154
f 928/317/155 930/321/156 929/322/156 927/318/155
f 930/321/156 932/325/157 931/326/157 929/322/156
f 932/325/157 934/225/158 933/73/158 931/326/157
f 934/225/158 936/331/159 935/332/159 933/73/158
f 936/331/159 938/335/56 937/336/56 935/332/159
f 938/335/56 940/339/56 939/340/56 937/336/56
f 940/339/56 942/343/57 941/344/57 939/340/56
f 942/343/57 944/347/57 943/348/57 941/344/57
f 944/347/57 946/351/57 945/352/57 943/348/57
f 946/351/57 948/353/3 947/354/3 945/352/57
f 948/353/3 950/357/3 949/358/3 947/354/3
f 950/357/3 952/361/3 951/362/3 949/358/3
f 952/361/3 954/365/10 953/366/10 951/362/3
f 954/365/10 956/369/10 955/370/10 953/366/10
f 956/369/10 958/373/3 957/374/3 955/370/10
f 958/373/3 908/280/3 907/3/3 957/374/3
f 960/170/58 962/377/10 961/378/10 959/2/58
f 962/377/10 964/379/56 963/380/56 961/378/10
f 964/379/56 966/177/160 965/178/160 963/380/56
f 966/177/160 968/381/161 967/382/161 965/178/160
f 968/381/161 970/383/10 969/384/10 967/382/161
f 970/383/10 972/185/56 971/186/56 969/384/10
f 972/185/56 974/385/57 973/386/57 971/186/56
f 974/385/57 976/387/3 975/388/3 973/386/57
f 976/387/3 978/193/162 977/54/162 975/388/3
f 978/193/162 980/389/163 979/390/163 977/54/162
f 980/389/163 982/391/164 981/392/164 979/390/163
f 982/391/164 984/199/165 983/200/165 981/392/164
f 984/199/165 986/393/166 985/394/166 983/200/165
f 986/393/166 988/395/167 987/396/167 985/394/166
f 988/395/167 990/207/168 989/4/168 987/396/167
f 990/207/168 992/397/169 991/398/169 989/4/168
f 992/397/169 994/399/170 993/400/170 991/398/169
f 994/399/170 996/214/171 995/41/171 993/400/170
f 996/214/171 998/401/172 997/402/172 995/41/171
f 998/401/172 1000/403/173 999/404/173 997/402/172
f 1000/403/173 1002/221/174 1001/222/174 999/404/173
f 1002/221/174 1004/405/175 1003/406/175 1001/222/174
f 1004/405/175 1006/407/176 1005/408/176 1003/406/175
f 1006/407/176 1008/228/177 1007/229/177 1005/408/176
f 1008/228/177 1010/409/178 1009/410/178 1007/229/177
f 1010/409/178 1012/411/179 1011/412/179 1009/410/178
f 1012/411/179 1014/236/180 1013/17/180 1011/412/179
f 1014/236/180 1016/413/181 1015/414/181 1013/17/180
f 1016/413/181 1018/415/182 1017/416/182 1015/414/181
f 1018/415/182 1020/243/183 1019/1/183 1017/416/182
f 1020/243/183 1022/417/184 1021/418/184 1019/1/183
f 1022/417/184 1024/419/185 1023/420/185 1021/418/184
f 1024/419/185 1026/250/186 1025/251/186 1023/420/185
f 1026/250/186 1028/421/137 1027/422/137 1025/251/186
f 1028/421/137 1030/423/138 1029/424/138 1027/422/137
f 1030/423/138 1032/257/139 1031/14/139 1029/424/138
f 1032/257/139 1034/425/140 1033/426/140 1031/14/139
f 1034/425/140 1036/427/141 1035/428/141 1033/426/140
f 1036/427/141 1038/264/142 1037/265/142 1035/428/141
f 1038/264/142 1040/429/143 1039/430/143 1037/265/142
f 1040/429/143 1042/431/144 1041/432/144 1039/430/143
f 1042/431/144 1044/272/145 1043/273/145 1041/432/144
f 1044/272/145 1046/433/146 1045/434/146 1043/273/145
f 1046/433/146 1048/435/109 1047/436/109 1045/434/146
f 1048/435/109 960/280/58 959/3/58 1047/436/109
f 1050/170/58 1052/281/59 1051/282/59 1049/2/58
f 1052/281/59 1054/283/60 1053/284/60 1051/282/59
f 1054/283/60 1056/285/61 1055/286/61 1053/284/60
f 1056/285/61 1058/287/62 1057/288/62 1055/286/61
f 1058/287/62 1060/289/63 1059/290/63 1057/288/62
f 1060/289/63 1062/291/187 1061/292/187 1059/290/63
f 1062/291/187 1064/293/65 1063/294/65 1061/292/187
f 1064/293/65 1066/295/66 1065/296/66 1063/294/65
f 1066/295/66 1068/297/67 1067/298/67 1065/296/66
f 1068/297/67 1070/299/68 1069/300/68 1067/298/67
f 1070/299/68 1072/301/69 1071/302/69 1069/300/68
f 1072/301/69 1074/303/70 1073/304/70 1071/302/69
f 1074/303/70 1076/198/71 1075/83/71 1073/304/70
f 1076/198/71 1078/305/72 1077/306/72 1075/83/71
f 1078/305/72 1080/307/73 1079/308/73 1077/306/72
f 1080/307/73 1082/309/74 1081/310/74 1079/308/73
f 1082/309/74 1084/311/75 1083/312/75 1081/310/74
f 1084/311/75 1086/313/76 1085/314/76 1083/312/75
f 1086/313/76 1088/315/77 1087/316/77 1085/314/76
f 1088/315/77 1090/317/78 1089/318/78 1087/316/77
f 1090/317/78 1092/319/79 1091/320/79 1089/318/78
f 1092/319/79 1094/321/80 1093/322/80 1091/320/79
f 1094/321/80 1096/323/81 1095/324/81 1093/322/80
f 1096/323/81 1098/325/82 1097/326/82 1095/324/81
f 1098/325/82 1100/327/83 1099/328/83 1097/326/82
f 1100/327/83 1102/225/84 1101/73/84 1099/328/83
f 1102/225/84 1104/329/85 1103/330/85 1101/73/84
f 1104/329/85 1106/331/86 1105/332/86 1103/330/85
f 1106/331/86 1108/333/87 1107/334/87 1105/332/86
f 1108/333/87 1110/335/88 1109/336/88 1107/334/87
f 1110/335/88 1112/337/89 1111/338/89 1109/336/88
f 1112/337/89 1114/339/90 1113/340/90 1111/338/89
f 1114/339/90 1116/341/91 1115/342/91 1113/340/90
f 1116/341/91 1118/343/92 1117/344/92 1115/342/91
f 1118/343/92 1120/345/93 1119/346/93 1117/344/92
f 1120/345/93 1122/347/94 1121/348/94 1119/346/93
f 1122/347/94 1124/349/95 1123/350/95 1121/348/94
f 1124/349/95 1126/351/96 1125/352/96 1123/350/95
f 1126/351/96 1128/252/97 1127/60/97 1125/352/96
f 1128/252/97 1130/353/98 1129/354/98 1127/60/97
f 1130/353/98 1132/355/99 1131/356/99 1129/354/98
f 1132/355/99 1134/357/100 1133/358/100 1131/356/99
f 1134/357/100 1136/359/101 1135/360/101 1133/358/100
f 1136/359/101 1138/361/102 1137/362/102 1135/360/101
f 1138/361/102 1140/363/103 1139/364/103 1137/362/102
f 1140/363/103 1142/365/104 1141/366/104 1139/364/103
f 1142/365/104 1144/367/188 1143/368/188 1141/366/104
f 1144/367/188 1146/369/106 1145/370/106 1143/368/188
f 1146/369/106 1148/371/107 1147/372/107 1145/370/106
f 1148/371/107 1150/373/108 1149/374/108 1147/372/107
f 1150/373/108 1152/375/109 1151/376/109 1149/374/108
f 1152/375/109 1050/280/58 1049/3/58 1151/376/109
f 1154/170/3 1156/198/57 1155/83/57 1153/2/3
f 1156/198/57 1158/225/56 1157/73/56 1155/83/57
f 1158/225/56 1160/252/10 1159/60/10 1157/73/56
f 1160/252/10 1154/280/3 1153/3/3 1159/60/10
f 1162/170/3 1164/198/10 1163/83/10 1161/2/3
f 1164/198/10 1166/225/56 1165/73/56 1163/83/10
f 1166/225/56 1168/252/57 1167/60/57 1165/73/56
f 1168/252/57 1162/280/3 1161/3/3 1167/60/57
o テキスト.002
v -0.698514 -1.961746 0.367028
v -0.777690 -1.961746 0.422467
v -0.701187 -2.600816 0.368899
v -0.624684 -2.600816 0.315331
v -0.577913 -2.239070 0.282582
v -0.577793 -2.235674 0.282497
v -0.577653 -2.232012 0.282400
v -0.577496 -2.228084 0.282289
v -0.577319 -2.223890 0.282166
v -0.577124 -2.219429 0.282030
v -0.576911 -2.214702 0.281880
v -0.576679 -2.209709 0.281718
v -0.576428 -2.204450 0.281542
v -0.576159 -2.198924 0.281354
v -0.575872 -2.193133 0.281152
v -0.575565 -2.187075 0.280938
v -0.575241 -2.180750 0.280711
v -0.575222 -2.184146 0.280698
v -0.575166 -2.187808 0.280659
v -0.575074 -2.191736 0.280594
v -0.574944 -2.195931 0.280503
v -0.574777 -2.200391 0.280386
v -0.574573 -2.205118 0.280243
v -0.574331 -2.210111 0.280074
v -0.574053 -2.215370 0.279879
v -0.573737 -2.220896 0.279658
v -0.573385 -2.226688 0.279411
v -0.572995 -2.232746 0.279138
v -0.572568 -2.239070 0.278839
v -0.526132 -2.600816 0.246324
v -0.449294 -2.600816 0.192522
v -0.372791 -1.961746 0.138954
v -0.451967 -1.961746 0.194393
v -0.492390 -2.340212 0.222698
v -0.492562 -2.343608 0.222818
v -0.492743 -2.347270 0.222945
v -0.492933 -2.351198 0.223078
v -0.493132 -2.355392 0.223218
v -0.493341 -2.359853 0.223364
v -0.493559 -2.364580 0.223517
v -0.493787 -2.369573 0.223676
v -0.494023 -2.374832 0.223841
v -0.494269 -2.380358 0.224014
v -0.494524 -2.386149 0.224192
v -0.494789 -2.392207 0.224378
v -0.495063 -2.398532 0.224569
v -0.495135 -2.395136 0.224620
v -0.495239 -2.391474 0.224693
v -0.495376 -2.387546 0.224789
v -0.495545 -2.383351 0.224907
v -0.495747 -2.378891 0.225048
v -0.495981 -2.374164 0.225213
v -0.496248 -2.369171 0.225399
v -0.496547 -2.363911 0.225609
v -0.496879 -2.358386 0.225841
v -0.497243 -2.352594 0.226096
v -0.497640 -2.346536 0.226374
v -0.498069 -2.340212 0.226675
v -0.543169 -1.961746 0.258254
v -0.607312 -1.961746 0.303167
v -0.652412 -2.340212 0.334746
v -0.652586 -2.343608 0.334868
v -0.652774 -2.347270 0.335000
v -0.652976 -2.351198 0.335141
v -0.653192 -2.355392 0.335292
v -0.653421 -2.359853 0.335453
v -0.653665 -2.364580 0.335624
v -0.653922 -2.369573 0.335804
v -0.654194 -2.374832 0.335994
v -0.654479 -2.380358 0.336194
v -0.654778 -2.386149 0.336403
v -0.655092 -2.392207 0.336623
v -0.655419 -2.398532 0.336852
v -0.655488 -2.395136 0.336901
v -0.655586 -2.391474 0.336969
v -0.655711 -2.387546 0.337056
v -0.655864 -2.383351 0.337164
v -0.656045 -2.378891 0.337290
v -0.656254 -2.374164 0.337437
v -0.656491 -2.369171 0.337602
v -0.656755 -2.363911 0.337788
v -0.657047 -2.358386 0.337992
v -0.657367 -2.352594 0.338216
v -0.657715 -2.346536 0.338460
v -0.658091 -2.340212 0.338723
v -0.194061 -2.501305 0.013806
v -0.194061 -2.600000 0.013806
v -0.118894 -2.600000 -0.038827
v -0.118894 -2.501305 -0.038827
v -0.194061 -2.241517 0.013806
v -0.194061 -2.341028 0.013806
v -0.118894 -2.341028 -0.038827
v -0.118894 -2.241517 -0.038827
v 0.074201 -2.236623 -0.174034
v 0.074201 -2.517210 -0.174034
v 0.074405 -2.525361 -0.174177
v 0.075018 -2.533093 -0.174605
v 0.076039 -2.540406 -0.175320
v 0.077468 -2.547299 -0.176321
v 0.079305 -2.553773 -0.177607
v 0.081551 -2.559829 -0.179180
v 0.084205 -2.565464 -0.181038
v 0.087267 -2.570681 -0.183183
v 0.090738 -2.575479 -0.185613
v 0.094617 -2.579858 -0.188329
v 0.098904 -2.583817 -0.191331
v 0.103600 -2.587357 -0.194619
v 0.107316 -2.589637 -0.197221
v 0.111339 -2.591719 -0.200038
v 0.115668 -2.593602 -0.203069
v 0.120304 -2.595287 -0.206315
v 0.125245 -2.596774 -0.209775
v 0.130493 -2.598063 -0.213449
v 0.136047 -2.599153 -0.217338
v 0.141907 -2.600045 -0.221442
v 0.148074 -2.600739 -0.225760
v 0.154546 -2.601235 -0.230292
v 0.161325 -2.601532 -0.235039
v 0.168410 -2.601631 -0.240000
v 0.170138 -2.601625 -0.241209
v 0.171979 -2.601609 -0.242498
v 0.173933 -2.601580 -0.243867
v 0.176001 -2.601541 -0.245315
v 0.178183 -2.601490 -0.246843
v 0.180479 -2.601427 -0.248450
v 0.182888 -2.601354 -0.250137
v 0.185411 -2.601269 -0.251904
v 0.188048 -2.601172 -0.253750
v 0.190798 -2.601065 -0.255676
v 0.193662 -2.600946 -0.257681
v 0.196640 -2.600816 -0.259766
v 0.199604 -2.600685 -0.261841
v 0.202426 -2.600566 -0.263817
v 0.205107 -2.600459 -0.265694
v 0.207646 -2.600363 -0.267472
v 0.210043 -2.600278 -0.269151
v 0.212300 -2.600204 -0.270731
v 0.214414 -2.600142 -0.272212
v 0.216387 -2.600091 -0.273593
v 0.218219 -2.600051 -0.274876
v 0.219909 -2.600023 -0.276059
v 0.221458 -2.600006 -0.277144
v 0.222865 -2.600000 -0.278129
v 0.222865 -2.750489 -0.278129
v 0.299368 -2.750489 -0.331697
v 0.299368 -2.188091 -0.331697
v 0.222865 -2.188091 -0.278129
v 0.222865 -2.203181 -0.278129
v 0.218410 -2.202363 -0.275010
v 0.213956 -2.201538 -0.271891
v 0.209502 -2.200708 -0.268772
v 0.205047 -2.199873 -0.265653
v 0.200593 -2.199032 -0.262534
v 0.196139 -2.198185 -0.259415
v 0.191684 -2.197332 -0.256296
v 0.187230 -2.196474 -0.253177
v 0.182776 -2.195611 -0.250058
v 0.178321 -2.194741 -0.246939
v 0.173867 -2.193866 -0.243820
v 0.169413 -2.192985 -0.240701
v 0.163887 -2.191943 -0.236832
v 0.158555 -2.190992 -0.233099
v 0.153419 -2.190131 -0.229502
v 0.148477 -2.189360 -0.226042
v 0.143731 -2.188681 -0.222719
v 0.139179 -2.188092 -0.219531
v 0.134822 -2.187593 -0.216481
v 0.130660 -2.187185 -0.213566
v 0.126693 -2.186868 -0.210789
v 0.122921 -2.186641 -0.208147
v 0.119343 -2.186506 -0.205642
v 0.115961 -2.186460 -0.203274
v 0.109291 -2.186808 -0.198604
v 0.103201 -2.187853 -0.194339
v 0.097691 -2.189595 -0.190481
v 0.092761 -2.192034 -0.187029
v 0.088411 -2.195169 -0.183983
v 0.084641 -2.199001 -0.181344
v 0.081451 -2.203529 -0.179110
v 0.078841 -2.208755 -0.177283
v 0.076811 -2.214677 -0.175861
v 0.075361 -2.221296 -0.174846
v 0.074491 -2.228611 -0.174237
v 0.175426 -2.522512 -0.244912
v 0.171531 -2.522297 -0.242184
v 0.167974 -2.521651 -0.239694
v 0.164756 -2.520575 -0.237441
v 0.161877 -2.519068 -0.235425
v 0.159337 -2.517131 -0.233646
v 0.157135 -2.514763 -0.232105
v 0.155272 -2.511965 -0.230800
v 0.153748 -2.508737 -0.229733
v 0.152563 -2.505077 -0.228903
v 0.151716 -2.500988 -0.228310
v 0.151208 -2.496468 -0.227954
v 0.151039 -2.491517 -0.227836
v 0.151039 -2.265987 -0.227836
v 0.222865 -2.267618 -0.278129
v 0.222865 -2.522512 -0.278129
v 0.354156 -2.236623 -0.370060
v 0.354156 -2.600000 -0.370060
v 0.429991 -2.600000 -0.423160
v 0.429991 -2.265987 -0.423160
v 0.501817 -2.267618 -0.473454
v 0.501817 -2.600000 -0.473454
v 0.577986 -2.600000 -0.526788
v 0.577986 -2.265987 -0.526788
v 0.649813 -2.267618 -0.577081
v 0.649813 -2.600000 -0.577081
v 0.726316 -2.600000 -0.630649
v 0.726316 -2.188091 -0.630649
v 0.649813 -2.188091 -0.577081
v 0.649813 -2.203181 -0.577081
v 0.645361 -2.202297 -0.573964
v 0.640913 -2.201414 -0.570850
v 0.636470 -2.200530 -0.567739
v 0.632032 -2.199647 -0.564631
v 0.627599 -2.198763 -0.561527
v 0.623170 -2.197880 -0.558426
v 0.618746 -2.196996 -0.555328
v 0.614326 -2.196112 -0.552233
v 0.609912 -2.195229 -0.549142
v 0.605501 -2.194345 -0.546054
v 0.601096 -2.193462 -0.542969
v 0.596695 -2.192577 -0.539887
v 0.591370 -2.191600 -0.536159
v 0.586199 -2.190708 -0.532538
v 0.581181 -2.189901 -0.529025
v 0.576316 -2.189179 -0.525618
v 0.571604 -2.188542 -0.522319
v 0.567046 -2.187989 -0.519127
v 0.562640 -2.187522 -0.516042
v 0.558388 -2.187140 -0.513064
v 0.554288 -2.186842 -0.510194
v 0.550342 -2.186630 -0.507431
v 0.546549 -2.186502 -0.504775
v 0.542909 -2.186460 -0.502226
v 0.538640 -2.186588 -0.499237
v 0.534631 -2.186970 -0.496430
v 0.530882 -2.187607 -0.493805
v 0.527393 -2.188499 -0.491362
v 0.524163 -2.189646 -0.489100
v 0.521194 -2.191048 -0.487021
v 0.518484 -2.192705 -0.485124
v 0.516034 -2.194617 -0.483408
v 0.513844 -2.196783 -0.481875
v 0.511914 -2.199205 -0.480523
v 0.510243 -2.201881 -0.479354
v 0.508833 -2.204812 -0.478366
v 0.504156 -2.203926 -0.475091
v 0.499479 -2.203034 -0.471816
v 0.494802 -2.202136 -0.468541
v 0.490125 -2.201232 -0.465266
v 0.485448 -2.200323 -0.461991
v 0.480770 -2.199409 -0.458716
v 0.476093 -2.198488 -0.455442
v 0.471416 -2.197562 -0.452167
v 0.466739 -2.196630 -0.448892
v 0.462062 -2.195693 -0.445617
v 0.457385 -2.194750 -0.442342
v 0.452708 -2.193801 -0.439067
v 0.446649 -2.192628 -0.434824
v 0.440830 -2.191558 -0.430750
v 0.435253 -2.190589 -0.426845
v 0.429917 -2.189723 -0.423108
v 0.424822 -2.188958 -0.419541
v 0.419969 -2.188295 -0.416143
v 0.415357 -2.187734 -0.412913
v 0.410986 -2.187276 -0.409853
v 0.406856 -2.186919 -0.406961
v 0.402968 -2.186664 -0.404239
v 0.399321 -2.186511 -0.401685
v 0.395916 -2.186460 -0.399300
v 0.389246 -2.186808 -0.394630
v 0.383156 -2.187853 -0.390366
v 0.377646 -2.189595 -0.386508
v 0.372716 -2.192034 -0.383056
v 0.368366 -2.195169 -0.380010
v 0.364596 -2.199001 -0.377370
v 0.361406 -2.203529 -0.375137
v 0.358796 -2.208755 -0.373309
v 0.356766 -2.214677 -0.371888
v 0.355316 -2.221296 -0.370872
v 0.354446 -2.228611 -0.370263
v 0.781772 -2.188091 -0.669480
v 0.781772 -2.600000 -0.669480
v 0.857941 -2.600000 -0.722814
v 0.857941 -2.585726 -0.722814
v 0.862342 -2.586609 -0.725896
v 0.866748 -2.587493 -0.728981
v 0.871158 -2.588377 -0.732069
v 0.875573 -2.589260 -0.735160
v 0.879993 -2.590144 -0.738255
v 0.884417 -2.591027 -0.741353
v 0.888846 -2.591911 -0.744454
v 0.893279 -2.592794 -0.747558
v 0.897717 -2.593678 -0.750666
v 0.902160 -2.594562 -0.753777
v 0.906607 -2.595445 -0.756891
v 0.911059 -2.596329 -0.760008
v 0.916381 -2.597306 -0.763734
v 0.921546 -2.598199 -0.767350
v 0.926552 -2.599006 -0.770856
v 0.931401 -2.599728 -0.774251
v 0.936092 -2.600365 -0.777536
v 0.940625 -2.600917 -0.780710
v 0.945000 -2.601385 -0.783774
v 0.949218 -2.601767 -0.786727
v 0.953278 -2.602064 -0.789570
v 0.957180 -2.602277 -0.792302
v 0.960925 -2.602404 -0.794924
v 0.964511 -2.602447 -0.797435
v 0.971181 -2.602093 -0.802106
v 0.977271 -2.601031 -0.806370
v 0.982781 -2.599261 -0.810228
v 0.987711 -2.596782 -0.813680
v 0.992061 -2.593596 -0.816726
v 0.995831 -2.589702 -0.819366
v 0.999021 -2.585100 -0.821599
v 1.001631 -2.579790 -0.823427
v 1.003661 -2.573771 -0.824848
v 1.005111 -2.567045 -0.825863
v 1.005981 -2.559611 -0.826473
v 1.006271 -2.551468 -0.826676
v 1.006271 -2.188091 -0.826676
v 0.930436 -2.188091 -0.773575
v 0.930436 -2.522512 -0.773575
v 0.857941 -2.520473 -0.722814
v 0.857941 -2.188091 -0.722814
v 1.064400 -1.961746 -0.867378
v 1.064400 -2.541680 -0.867378
v 1.064734 -2.550995 -0.867612
v 1.065736 -2.559500 -0.868314
v 1.067406 -2.567195 -0.869483
v 1.069745 -2.574080 -0.871121
v 1.072752 -2.580155 -0.873226
v 1.076427 -2.585420 -0.875799
v 1.080770 -2.589875 -0.878840
v 1.085781 -2.593520 -0.882349
v 1.091460 -2.596355 -0.886326
v 1.097807 -2.598380 -0.890770
v 1.104823 -2.599595 -0.895683
v 1.112507 -2.600000 -0.901063
v 1.260836 -2.600000 -1.004924
v 1.268360 -2.599595 -1.010192
v 1.275229 -2.598380 -1.015002
v 1.281444 -2.596355 -1.019354
v 1.287005 -2.593520 -1.023248
v 1.291912 -2.589875 -1.026684
v 1.296164 -2.585420 -1.029661
v 1.299763 -2.580155 -1.032181
v 1.302707 -2.574080 -1.034242
v 1.304996 -2.567195 -1.035846
v 1.306632 -2.559500 -1.036991
v 1.307613 -2.550995 -1.037678
v 1.307940 -2.541680 -1.037907
v 1.307940 -2.384665 -1.037907
v 1.230101 -2.384665 -0.983403
v 1.230101 -2.518026 -0.983403
v 1.142573 -2.518026 -0.922116
v 1.142573 -1.961746 -0.922116
v -0.561043 -0.960930 0.270769
v -0.661599 -1.600000 0.341179
v -0.584094 -1.600000 0.286910
v -0.568392 -1.478874 0.275915
v -0.470508 -1.478874 0.207376
v -0.454807 -1.600000 0.196382
v -0.377635 -1.600000 0.142346
v -0.377635 -1.598369 0.142346
v -0.478860 -0.960930 0.213224
v -0.480865 -1.396900 0.214628
v -0.557368 -1.396900 0.268196
v -0.519283 -1.108972 0.241529
v -0.198905 -1.501305 0.017198
v -0.198905 -1.600000 0.017198
v -0.123738 -1.600000 -0.035435
v -0.123738 -1.501305 -0.035435
v -0.198905 -1.241517 0.017198
v -0.198905 -1.341028 0.017198
v -0.123738 -1.341028 -0.035435
v -0.123738 -1.241517 -0.035435
v 0.339624 -1.520473 -0.359884
v 0.339624 -1.600000 -0.359884
v 0.424479 -1.600000 -0.419301
v 0.431255 -1.599646 -0.424046
v 0.437443 -1.598584 -0.428378
v 0.443041 -1.596814 -0.432298
v 0.448050 -1.594336 -0.435805
v 0.452469 -1.591149 -0.438900
v 0.456299 -1.587255 -0.441582
v 0.459540 -1.582653 -0.443851
v 0.462192 -1.577343 -0.445708
v 0.464254 -1.571324 -0.447152
v 0.465728 -1.564598 -0.448183
v 0.466611 -1.557164 -0.448802
v 0.466906 -1.549021 -0.449009
v 0.466906 -1.267618 -0.449009
v 0.502986 -1.267618 -0.474272
v 0.502986 -1.188091 -0.474272
v 0.466906 -1.188091 -0.449009
v 0.466906 -1.076346 -0.449009
v 0.390737 -1.076346 -0.395674
v 0.390737 -1.188091 -0.395674
v 0.341628 -1.188091 -0.361288
v 0.341628 -1.267618 -0.361288
v 0.390737 -1.267618 -0.395674
v 0.390737 -1.520473 -0.395674
v 0.513343 -0.961745 -0.481524
v 0.513343 -1.042904 -0.481524
v 0.569467 -1.042904 -0.520823
v 0.569467 -1.188091 -0.520823
v 0.520692 -1.188091 -0.486670
v 0.520692 -1.267618 -0.486670
v 0.569467 -1.267618 -0.520823
v 0.569467 -1.600000 -0.520823
v 0.645302 -1.600000 -0.573923
v 0.645302 -1.267618 -0.573923
v 0.680046 -1.267618 -0.598251
v 0.680046 -1.188091 -0.598251
v 0.645302 -1.188091 -0.573923
v 0.645302 -1.012724 -0.573923
v 0.645008 -1.004582 -0.573717
v 0.644124 -0.997147 -0.573098
v 0.642651 -0.990421 -0.572066
v 0.640588 -0.984403 -0.570622
v 0.637936 -0.979092 -0.568765
v 0.634696 -0.974490 -0.566496
v 0.630865 -0.970596 -0.563814
v 0.626446 -0.967410 -0.560719
v 0.621437 -0.964932 -0.557212
v 0.615839 -0.963161 -0.553293
v 0.609652 -0.962099 -0.548960
v 0.602875 -0.961745 -0.544215
v 0.717129 -1.462969 -0.624216
v 0.717129 -1.549021 -0.624216
v 0.717428 -1.557164 -0.624426
v 0.718326 -1.564598 -0.625054
v 0.719822 -1.571324 -0.626102
v 0.721917 -1.577343 -0.627569
v 0.724611 -1.582653 -0.629455
v 0.727903 -1.587255 -0.631760
v 0.731793 -1.591149 -0.634484
v 0.736282 -1.594336 -0.637628
v 0.741370 -1.596814 -0.641190
v 0.747056 -1.598584 -0.645172
v 0.753341 -1.599646 -0.649572
v 0.760224 -1.600000 -0.654392
v 0.892184 -1.600000 -0.746791
v 0.899067 -1.599646 -0.751611
v 0.905352 -1.598584 -0.756012
v 0.911038 -1.596814 -0.759993
v 0.916126 -1.594336 -0.763556
v 0.920615 -1.591149 -0.766699
v 0.924506 -1.587255 -0.769423
v 0.927798 -1.582653 -0.771728
v 0.930491 -1.577343 -0.773614
v 0.932586 -1.571324 -0.775081
v 0.934082 -1.564598 -0.776129
v 0.934980 -1.557164 -0.776757
v 0.935279 -1.549021 -0.776967
v 0.935279 -1.239070 -0.776967
v 0.934980 -1.230928 -0.776758
v 0.934082 -1.223493 -0.776129
v 0.932586 -1.216767 -0.775081
v 0.930491 -1.210749 -0.773614
v 0.927798 -1.205438 -0.771728
v 0.924506 -1.200836 -0.769423
v 0.920615 -1.196942 -0.766699
v 0.916126 -1.193756 -0.763556
v 0.911038 -1.191278 -0.759993
v 0.905352 -1.189507 -0.756012
v 0.899067 -1.188445 -0.751611
v 0.892184 -1.188091 -0.746791
v 0.760224 -1.188091 -0.654392
v 0.753341 -1.188445 -0.649572
v 0.747056 -1.189507 -0.645172
v 0.741370 -1.191278 -0.641190
v 0.736282 -1.193756 -0.637628
v 0.731793 -1.196942 -0.634484
v 0.727902 -1.200836 -0.631760
v 0.724610 -1.205438 -0.629455
v 0.721917 -1.210749 -0.627569
v 0.719822 -1.216767 -0.626102
v 0.718326 -1.223493 -0.625054
v 0.717428 -1.230928 -0.624426
v 0.717129 -1.239070 -0.624216
v 0.717129 -1.390375 -0.624216
v 0.738175 -1.416068 -0.638953
v 0.862117 -1.416068 -0.725738
v 0.862117 -1.531484 -0.725738
v 0.790291 -1.531484 -0.675445
v 0.790291 -1.462969 -0.675445
v 0.862117 -1.355302 -0.725738
v 0.790291 -1.355302 -0.675445
v 0.790291 -1.256607 -0.675445
v 0.862117 -1.256607 -0.725738
v 0.977707 -1.514763 -0.806675
v 0.977707 -1.600000 -0.806675
v 1.183163 -1.600000 -0.950537
v 1.183163 -0.961745 -0.950537
v 1.104990 -0.961745 -0.895800
v 1.104990 -1.514763 -0.895800
v -0.663437 -0.082871 0.342466
v -0.663437 -0.479690 0.342466
v -0.663246 -0.488902 0.342333
v -0.662676 -0.497776 0.341933
v -0.661725 -0.506314 0.341267
v -0.660393 -0.514514 0.340335
v -0.658681 -0.522378 0.339136
v -0.656588 -0.529904 0.337671
v -0.654115 -0.537094 0.335939
v -0.651261 -0.543946 0.333941
v -0.648027 -0.550461 0.331676
v -0.644413 -0.556640 0.329145
v -0.640418 -0.562481 0.326348
v -0.636042 -0.567985 0.323284
v -0.631345 -0.573099 0.319995
v -0.626382 -0.577768 0.316520
v -0.621155 -0.581992 0.312860
v -0.615664 -0.585771 0.309015
v -0.609908 -0.589106 0.304985
v -0.603888 -0.591996 0.300769
v -0.597603 -0.594442 0.296369
v -0.591054 -0.596443 0.291783
v -0.584240 -0.597999 0.287012
v -0.577162 -0.599111 0.282056
v -0.569819 -0.599778 0.276914
v -0.562212 -0.600000 0.271588
v -0.402858 -0.600000 0.160007
v -0.402858 0.038254 0.160007
v -0.562212 0.038254 0.271588
v -0.569819 0.038029 0.276914
v -0.577162 0.037354 0.282056
v -0.584240 0.036228 0.287012
v -0.591054 0.034652 0.291783
v -0.597603 0.032626 0.296369
v -0.603888 0.030149 0.300769
v -0.609908 0.027222 0.304985
v -0.615664 0.023844 0.309015
v -0.621155 0.020017 0.312860
v -0.626382 0.015739 0.316520
v -0.631345 0.011011 0.319995
v -0.636042 0.005832 0.323284
v -0.640418 0.000263 0.326348
v -0.644413 -0.005638 0.329145
v -0.648027 -0.011870 0.331676
v -0.651261 -0.018434 0.333941
v -0.654115 -0.025329 0.335939
v -0.656588 -0.032555 0.337670
v -0.658681 -0.040113 0.339136
v -0.660393 -0.048002 0.340335
v -0.661725 -0.056222 0.341267
v -0.662676 -0.064774 0.341933
v -0.663246 -0.073657 0.342333
v -0.537156 -0.518026 0.254043
v -0.544787 -0.517649 0.259386
v -0.551753 -0.516519 0.264264
v -0.558057 -0.514636 0.268678
v -0.563697 -0.511999 0.272627
v -0.568673 -0.508609 0.276112
v -0.572986 -0.504466 0.279132
v -0.576635 -0.499569 0.281687
v -0.579621 -0.493919 0.283777
v -0.581943 -0.487515 0.285404
v -0.583602 -0.480358 0.286565
v -0.584597 -0.472448 0.287262
v -0.584929 -0.463785 0.287494
v -0.584929 -0.097145 0.287494
v -0.584611 -0.088612 0.287272
v -0.583658 -0.080821 0.286604
v -0.582068 -0.073771 0.285491
v -0.579844 -0.067464 0.283933
v -0.576983 -0.061899 0.281930
v -0.573487 -0.057076 0.279482
v -0.569355 -0.052995 0.276589
v -0.564587 -0.049656 0.273251
v -0.559184 -0.047058 0.269468
v -0.553145 -0.045203 0.265239
v -0.546471 -0.044090 0.260566
v -0.539161 -0.043719 0.255447
v -0.481032 -0.043719 0.214744
v -0.481032 -0.518026 0.214745
v -0.205086 -0.501305 0.021525
v -0.205086 -0.600000 0.021525
v -0.129919 -0.600000 -0.031107
v -0.129919 -0.501305 -0.031107
v -0.205086 -0.241517 0.021525
v -0.205086 -0.341028 0.021525
v -0.129919 -0.341028 -0.031107
v -0.129919 -0.241517 -0.031107
v 0.051484 -0.520473 -0.158127
v 0.051484 -0.600000 -0.158127
v 0.136339 -0.600000 -0.217543
v 0.143116 -0.599646 -0.222288
v 0.149303 -0.598584 -0.226621
v 0.154901 -0.596814 -0.230540
v 0.159910 -0.594336 -0.234048
v 0.164330 -0.591150 -0.237142
v 0.168160 -0.587255 -0.239824
v 0.171401 -0.582653 -0.242094
v 0.174053 -0.577343 -0.243950
v 0.176115 -0.571324 -0.245394
v 0.177588 -0.564598 -0.246426
v 0.178472 -0.557164 -0.247045
v 0.178767 -0.549021 -0.247251
v 0.178767 -0.267618 -0.247251
v 0.214847 -0.267618 -0.272515
v 0.214847 -0.188091 -0.272515
v 0.178767 -0.188091 -0.247251
v 0.178767 -0.076346 -0.247251
v 0.102598 -0.076346 -0.193917
v 0.102598 -0.188091 -0.193917
v 0.053489 -0.188091 -0.159530
v 0.053489 -0.267618 -0.159530
v 0.102598 -0.267618 -0.193917
v 0.102598 -0.520473 -0.193917
v 0.251929 -0.236623 -0.298480
v 0.251929 -0.600000 -0.298480
v 0.328766 -0.600000 -0.352282
v 0.328766 -0.265987 -0.352282
v 0.400593 -0.267618 -0.402575
v 0.400593 -0.600000 -0.402575
v 0.477096 -0.600000 -0.456143
v 0.477096 0.038254 -0.456143
v 0.400593 0.038254 -0.402575
v 0.400593 -0.203181 -0.402575
v 0.396138 -0.202363 -0.399456
v 0.391684 -0.201538 -0.396337
v 0.387230 -0.200709 -0.393218
v 0.382775 -0.199873 -0.390100
v 0.378321 -0.199032 -0.386981
v 0.373867 -0.198185 -0.383862
v 0.369412 -0.197333 -0.380743
v 0.364958 -0.196474 -0.377624
v 0.360504 -0.195611 -0.374505
v 0.356049 -0.194741 -0.371386
v 0.351595 -0.193866 -0.368267
v 0.347140 -0.192985 -0.365148
v 0.341614 -0.191943 -0.361278
v 0.336283 -0.190991 -0.357545
v 0.331147 -0.190130 -0.353949
v 0.326205 -0.189360 -0.350489
v 0.321458 -0.188680 -0.347165
v 0.316907 -0.188091 -0.343978
v 0.312550 -0.187593 -0.340927
v 0.308388 -0.187185 -0.338013
v 0.304421 -0.186868 -0.335235
v 0.300648 -0.186641 -0.332594
v 0.297071 -0.186505 -0.330089
v 0.293688 -0.186460 -0.327720
v 0.287019 -0.186808 -0.323050
v 0.280929 -0.187853 -0.318786
v 0.275419 -0.189595 -0.314928
v 0.270489 -0.192034 -0.311476
v 0.266139 -0.195169 -0.308430
v 0.262369 -0.199001 -0.305790
v 0.259179 -0.203529 -0.303557
v 0.256569 -0.208755 -0.301729
v 0.254539 -0.214677 -0.300308
v 0.253089 -0.221296 -0.299292
v 0.252219 -0.228611 -0.298683
v 0.532552 -0.188091 -0.494974
v 0.532552 -0.699511 -0.494974
v 0.532851 -0.707653 -0.495184
v 0.533749 -0.715087 -0.495813
v 0.535246 -0.721814 -0.496860
v 0.537341 -0.727832 -0.498327
v 0.540034 -0.733142 -0.500213
v 0.543326 -0.737745 -0.502518
v 0.547217 -0.741639 -0.505243
v 0.551706 -0.744825 -0.508386
v 0.556794 -0.747303 -0.511948
v 0.562480 -0.749073 -0.515930
v 0.568765 -0.750135 -0.520331
v 0.575648 -0.750489 -0.525150
v 0.708610 -0.750489 -0.618251
v 0.715493 -0.750135 -0.623071
v 0.721778 -0.749073 -0.627472
v 0.727464 -0.747303 -0.631453
v 0.732552 -0.744825 -0.635016
v 0.737041 -0.741639 -0.638159
v 0.740931 -0.737745 -0.640883
v 0.744223 -0.733142 -0.643188
v 0.746917 -0.727832 -0.645074
v 0.749012 -0.721814 -0.646541
v 0.750508 -0.715087 -0.647589
v 0.751406 -0.707653 -0.648218
v 0.751705 -0.699511 -0.648427
v 0.751705 -0.633442 -0.648427
v 0.677875 -0.633442 -0.596730
v 0.677875 -0.682790 -0.596730
v 0.608721 -0.682790 -0.548309
v 0.608721 -0.597553 -0.548309
v 0.687229 -0.597553 -0.603280
v 0.692482 -0.597400 -0.606959
v 0.697553 -0.596941 -0.610509
v 0.702440 -0.596177 -0.613931
v 0.707143 -0.595106 -0.617225
v 0.711664 -0.593729 -0.620390
v 0.716001 -0.592047 -0.623427
v 0.720155 -0.590059 -0.626335
v 0.724126 -0.587765 -0.629116
v 0.727913 -0.585165 -0.631768
v 0.731517 -0.582259 -0.634291
v 0.734938 -0.579048 -0.636686
v 0.738175 -0.575530 -0.638953
v 0.741190 -0.571744 -0.641064
v 0.743943 -0.567725 -0.642992
v 0.746433 -0.563474 -0.644736
v 0.748662 -0.558990 -0.646296
v 0.750628 -0.554275 -0.647673
v 0.752332 -0.549327 -0.648866
v 0.753774 -0.544147 -0.649875
v 0.754953 -0.538735 -0.650701
v 0.755871 -0.533090 -0.651344
v 0.756526 -0.527214 -0.651803
v 0.756919 -0.521105 -0.652078
v 0.757051 -0.514763 -0.652170
v 0.757051 -0.262724 -0.652170
v 0.756937 -0.256916 -0.652090
v 0.756596 -0.251316 -0.651852
v 0.756027 -0.245927 -0.651454
v 0.755232 -0.240747 -0.650896
v 0.754209 -0.235776 -0.650180
v 0.752958 -0.231015 -0.649304
v 0.751480 -0.226464 -0.648270
v 0.749775 -0.222122 -0.647076
v 0.747843 -0.217990 -0.645723
v 0.745683 -0.214068 -0.644210
v 0.743296 -0.210355 -0.642539
v 0.740681 -0.206852 -0.640708
v 0.737867 -0.203595 -0.638737
v 0.734881 -0.200621 -0.636647
v 0.731723 -0.197930 -0.634436
v 0.728394 -0.195523 -0.632105
v 0.724893 -0.193399 -0.629653
v 0.721221 -0.191558 -0.627082
v 0.717377 -0.190000 -0.624390
v 0.713361 -0.188726 -0.621578
v 0.709173 -0.187734 -0.618646
v 0.704814 -0.187026 -0.615594
v 0.700283 -0.186602 -0.612421
v 0.695581 -0.186460 -0.609128
v 0.692783 -0.186576 -0.607169
v 0.689178 -0.186924 -0.604645
v 0.684765 -0.187505 -0.601555
v 0.679545 -0.188318 -0.597900
v 0.673518 -0.189363 -0.593680
v 0.666683 -0.190640 -0.588894
v 0.659041 -0.192150 -0.583543
v 0.650592 -0.193892 -0.577627
v 0.641335 -0.195866 -0.571145
v 0.631271 -0.198072 -0.564098
v 0.620400 -0.200510 -0.556486
v 0.608721 -0.203181 -0.548309
v 0.608721 -0.188091 -0.548309
v 0.655826 -0.522512 -0.581292
v 0.608721 -0.522512 -0.548309
v 0.608721 -0.269250 -0.548309
v 0.614922 -0.268468 -0.552651
v 0.620720 -0.267754 -0.556710
v 0.626114 -0.267108 -0.560487
v 0.631104 -0.266531 -0.563981
v 0.635691 -0.266021 -0.567193
v 0.639874 -0.265579 -0.570122
v 0.643653 -0.265205 -0.572768
v 0.647028 -0.264899 -0.575132
v 0.650000 -0.264661 -0.577213
v 0.652569 -0.264492 -0.579011
v 0.654733 -0.264390 -0.580526
v 0.656494 -0.264356 -0.581759
v 0.660443 -0.264562 -0.584524
v 0.664048 -0.265183 -0.587049
v 0.667310 -0.266216 -0.589333
v 0.670228 -0.267664 -0.591376
v 0.672803 -0.269524 -0.593179
v 0.675035 -0.271798 -0.594742
v 0.676924 -0.274486 -0.596064
v 0.678469 -0.277587 -0.597146
v 0.679670 -0.281102 -0.597988
v 0.680529 -0.285030 -0.598589
v 0.681044 -0.289372 -0.598949
v 0.681216 -0.294127 -0.599070
v 0.681216 -0.491517 -0.599070
v 0.681039 -0.496468 -0.598946
v 0.680510 -0.500988 -0.598576
v 0.679629 -0.505077 -0.597959
v 0.678394 -0.508737 -0.597094
v 0.676808 -0.511965 -0.595983
v 0.674868 -0.514763 -0.594625
v 0.672576 -0.517131 -0.593020
v 0.669931 -0.519068 -0.591168
v 0.666934 -0.520575 -0.589069
v 0.663584 -0.521651 -0.586724
v 0.659881 -0.522297 -0.584131
v 0.813175 -0.188091 -0.691469
v 0.813175 -0.600000 -0.691469
v 0.888342 -0.600000 -0.744101
v 0.888342 -0.188091 -0.744101
v 0.812507 -0.032708 -0.691001
v 0.812507 -0.128956 -0.691001
v 0.889010 -0.128956 -0.744569
v 0.889010 -0.032708 -0.744569
v 1.020302 -0.310848 -0.836500
v 0.934110 -0.600000 -0.776149
v 1.015625 -0.600000 -0.833225
v 1.101816 -0.303507 -0.893577
v 1.101816 -0.303108 -0.893577
v 1.101816 -0.301910 -0.893577
v 1.101816 -0.299913 -0.893577
v 1.101816 -0.297118 -0.893577
v 1.101816 -0.293524 -0.893577
v 1.101816 -0.289131 -0.893577
v 1.101816 -0.283940 -0.893577
v 1.101816 -0.277950 -0.893577
v 1.101816 -0.271161 -0.893577
v 1.101816 -0.263574 -0.893577
v 1.101816 -0.255188 -0.893577
v 1.101816 -0.246003 -0.893577
v 1.024979 -0.246003 -0.839775
v 1.024979 -0.043719 -0.839775
v 1.123531 -0.043719 -0.908782
v 1.123531 -0.600000 -0.908782
v 1.201705 -0.600000 -0.963520
v 1.201705 0.038254 -0.963520
v 0.994244 0.038254 -0.818255
v 0.986720 0.037847 -0.812986
v 0.979851 0.036623 -0.808176
v 0.973636 0.034584 -0.803824
v 0.968075 0.031729 -0.799931
v 0.963168 0.028059 -0.796495
v 0.958915 0.023573 -0.793517
v 0.955317 0.018271 -0.790998
v 0.952373 0.012153 -0.788936
v 0.950083 0.005220 -0.787333
v 0.948448 -0.002529 -0.786188
v 0.947466 -0.011093 -0.785501
v 0.947139 -0.020473 -0.785272
v 0.947139 -0.252529 -0.785272
v 0.947295 -0.259059 -0.785380
v 0.947761 -0.265194 -0.785707
v 0.948538 -0.270932 -0.786251
v 0.949626 -0.276273 -0.787013
v 0.951025 -0.281218 -0.787992
v 0.952735 -0.285767 -0.789190
v 0.954756 -0.289919 -0.790605
v 0.957087 -0.293674 -0.792237
v 0.959730 -0.297033 -0.794087
v 0.962683 -0.299995 -0.796155
v 0.965947 -0.302561 -0.798441
v 0.969522 -0.304731 -0.800944
v 0.971712 -0.305708 -0.802478
v 0.974274 -0.306600 -0.804271
v 0.977206 -0.307407 -0.806324
v 0.980510 -0.308129 -0.808638
v 0.984184 -0.308767 -0.811211
v 0.988230 -0.309319 -0.814044
v 0.992648 -0.309786 -0.817137
v 0.997436 -0.310169 -0.820490
v 1.002596 -0.310466 -0.824103
v 1.008126 -0.310678 -0.827975
v 1.014028 -0.310806 -0.832108
v -0.583799 -1.961746 0.530858
v -0.662975 -1.961746 0.586298
v -0.586472 -2.600816 0.532729
v -0.509969 -2.600816 0.479161
v -0.463198 -2.239070 0.446412
v -0.463077 -2.235674 0.446328
v -0.462938 -2.232012 0.446230
v -0.462780 -2.228084 0.446120
v -0.462604 -2.223890 0.445996
v -0.462409 -2.219429 0.445860
v -0.462196 -2.214702 0.445711
v -0.461964 -2.209709 0.445548
v -0.461713 -2.204450 0.445373
v -0.461444 -2.198924 0.445184
v -0.461156 -2.193133 0.444983
v -0.460850 -2.187075 0.444768
v -0.460525 -2.180750 0.444541
v -0.460507 -2.184146 0.444528
v -0.460451 -2.187808 0.444489
v -0.460358 -2.191736 0.444424
v -0.460228 -2.195931 0.444333
v -0.460061 -2.200391 0.444216
v -0.459857 -2.205118 0.444073
v -0.459616 -2.210111 0.443904
v -0.459338 -2.215370 0.443709
v -0.459022 -2.220896 0.443488
v -0.458669 -2.226688 0.443241
v -0.458280 -2.232746 0.442968
v -0.457853 -2.239070 0.442670
v -0.411416 -2.600816 0.410154
v -0.334579 -2.600816 0.356352
v -0.258076 -1.961746 0.302784
v -0.337252 -1.961746 0.358224
v -0.377675 -2.340212 0.386528
v -0.377846 -2.343608 0.386649
v -0.378027 -2.347270 0.386775
v -0.378218 -2.351198 0.386908
v -0.378417 -2.355392 0.387048
v -0.378626 -2.359853 0.387194
v -0.378844 -2.364580 0.387347
v -0.379071 -2.369573 0.387506
v -0.379308 -2.374832 0.387672
v -0.379554 -2.380358 0.387844
v -0.379809 -2.386149 0.388023
v -0.380074 -2.392207 0.388208
v -0.380347 -2.398532 0.388400
v -0.380419 -2.395136 0.388450
v -0.380524 -2.391474 0.388523
v -0.380661 -2.387546 0.388619
v -0.380830 -2.383351 0.388738
v -0.381032 -2.378891 0.388879
v -0.381266 -2.374164 0.389043
v -0.381533 -2.369171 0.389230
v -0.381832 -2.363911 0.389439
v -0.382164 -2.358386 0.389672
v -0.382528 -2.352594 0.389927
v -0.382925 -2.346536 0.390204
v -0.383354 -2.340212 0.390505
v -0.428454 -1.961746 0.422084
v -0.492597 -1.961746 0.466997
v -0.537697 -2.340212 0.498577
v -0.537871 -2.343608 0.498699
v -0.538059 -2.347270 0.498830
v -0.538260 -2.351198 0.498972
v -0.538476 -2.355392 0.499123
v -0.538706 -2.359853 0.499284
v -0.538949 -2.364580 0.499454
v -0.539207 -2.369573 0.499634
v -0.539478 -2.374832 0.499824
v -0.539764 -2.380358 0.500024
v -0.540063 -2.386149 0.500234
v -0.540376 -2.392207 0.500453
v -0.540703 -2.398532 0.500682
v -0.540773 -2.395136 0.500731
v -0.540870 -2.391474 0.500799
v -0.540996 -2.387546 0.500887
v -0.541149 -2.383351 0.500994
v -0.541330 -2.378891 0.501121
v -0.541539 -2.374164 0.501267
v -0.541775 -2.369171 0.501433
v -0.542040 -2.363911 0.501618
v -0.542332 -2.358386 0.501823
v -0.542652 -2.352594 0.502047
v -0.543000 -2.346536 0.502290
v -0.543376 -2.340212 0.502554
v -0.079346 -2.501305 0.177636
v -0.079346 -2.600000 0.177636
v -0.004179 -2.600000 0.125004
v -0.004179 -2.501305 0.125004
v -0.079346 -2.241517 0.177636
v -0.079346 -2.341028 0.177636
v -0.004179 -2.341028 0.125004
v -0.004179 -2.241517 0.125004
v 0.188917 -2.236623 -0.010203
v 0.188917 -2.517210 -0.010203
v 0.189121 -2.525361 -0.010346
v 0.189733 -2.533093 -0.010775
v 0.190754 -2.540406 -0.011490
v 0.192183 -2.547299 -0.012490
v 0.194020 -2.553773 -0.013777
v 0.196266 -2.559829 -0.015350
v 0.198920 -2.565464 -0.017208
v 0.201983 -2.570681 -0.019352
v 0.205453 -2.575479 -0.021782
v 0.209332 -2.579858 -0.024498
v 0.213620 -2.583817 -0.027500
v 0.218315 -2.587357 -0.030788
v 0.222032 -2.589637 -0.033391
v 0.226055 -2.591719 -0.036208
v 0.230384 -2.593602 -0.039239
v 0.235019 -2.595287 -0.042484
v 0.239960 -2.596774 -0.045945
v 0.245208 -2.598063 -0.049619
v 0.250762 -2.599153 -0.053508
v 0.256622 -2.600045 -0.057611
v 0.262789 -2.600739 -0.061929
v 0.269262 -2.601235 -0.066461
v 0.276041 -2.601532 -0.071208
v 0.283126 -2.601631 -0.076169
v 0.284853 -2.601625 -0.077379
v 0.286694 -2.601609 -0.078668
v 0.288648 -2.601580 -0.080036
v 0.290717 -2.601541 -0.081484
v 0.292899 -2.601490 -0.083012
v 0.295194 -2.601427 -0.084620
v 0.297603 -2.601354 -0.086307
v 0.300126 -2.601269 -0.088073
v 0.302763 -2.601172 -0.089919
v 0.305513 -2.601065 -0.091845
v 0.308377 -2.600946 -0.093851
v 0.311355 -2.600816 -0.095936
v 0.314319 -2.600685 -0.098011
v 0.317141 -2.600566 -0.099987
v 0.319822 -2.600459 -0.101864
v 0.322361 -2.600363 -0.103642
v 0.324759 -2.600278 -0.105321
v 0.327015 -2.600204 -0.106901
v 0.329130 -2.600142 -0.108381
v 0.331103 -2.600091 -0.109763
v 0.332934 -2.600051 -0.111046
v 0.334624 -2.600023 -0.112229
v 0.336173 -2.600006 -0.113313
v 0.337580 -2.600000 -0.114298
v 0.337580 -2.750489 -0.114298
v 0.414083 -2.750489 -0.167867
v 0.414083 -2.188091 -0.167867
v 0.337580 -2.188091 -0.114298
v 0.337580 -2.203181 -0.114298
v 0.333126 -2.202363 -0.111180
v 0.328671 -2.201538 -0.108061
v 0.324217 -2.200708 -0.104942
v 0.319763 -2.199873 -0.101823
v 0.315308 -2.199032 -0.098704
v 0.310854 -2.198185 -0.095585
v 0.306400 -2.197332 -0.092466
v 0.301945 -2.196474 -0.089347
v 0.297491 -2.195611 -0.086228
v 0.293037 -2.194741 -0.083109
v 0.288582 -2.193866 -0.079990
v 0.284128 -2.192985 -0.076871
v 0.278602 -2.191943 -0.073002
v 0.273270 -2.190992 -0.069269
v 0.268134 -2.190131 -0.065672
v 0.263193 -2.189360 -0.062212
v 0.258446 -2.188681 -0.058888
v 0.253894 -2.188092 -0.055701
v 0.249537 -2.187593 -0.052650
v 0.245375 -2.187185 -0.049736
v 0.241408 -2.186868 -0.046958
v 0.237636 -2.186641 -0.044317
v 0.234058 -2.186506 -0.041812
v 0.230676 -2.186460 -0.039443
v 0.224006 -2.186808 -0.034773
v 0.217916 -2.187853 -0.030509
v 0.212406 -2.189595 -0.026651
v 0.207476 -2.192034 -0.023199
v 0.203126 -2.195169 -0.020153
v 0.199356 -2.199001 -0.017513
v 0.196166 -2.203529 -0.015280
v 0.193556 -2.208755 -0.013452
v 0.191527 -2.214677 -0.012031
v 0.190077 -2.221296 -0.011015
v 0.189207 -2.228611 -0.010406
v 0.290141 -2.522512 -0.081082
v 0.286246 -2.522297 -0.078354
v 0.282690 -2.521651 -0.075864
v 0.279472 -2.520575 -0.073611
v 0.276593 -2.519068 -0.071595
v 0.274052 -2.517131 -0.069816
v 0.271851 -2.514763 -0.068274
v 0.269988 -2.511965 -0.066970
v 0.268463 -2.508737 -0.065903
v 0.267278 -2.505077 -0.065072
v 0.266431 -2.500988 -0.064480
v 0.265923 -2.496468 -0.064124
v 0.265754 -2.491517 -0.064005
v 0.265754 -2.265987 -0.064005
v 0.337580 -2.267618 -0.114298
v 0.337580 -2.522512 -0.114298
v 0.468871 -2.236623 -0.206230
v 0.468871 -2.600000 -0.206230
v 0.544706 -2.600000 -0.259330
v 0.544706 -2.265987 -0.259330
v 0.616533 -2.267618 -0.309623
v 0.616533 -2.600000 -0.309623
v 0.692702 -2.600000 -0.362957
v 0.692702 -2.265987 -0.362957
v 0.764528 -2.267618 -0.413251
v 0.764528 -2.600000 -0.413251
v 0.841031 -2.600000 -0.466819
v 0.841031 -2.188091 -0.466819
v 0.764528 -2.188091 -0.413251
v 0.764528 -2.203181 -0.413251
v 0.760076 -2.202297 -0.410133
v 0.755628 -2.201414 -0.407019
v 0.751186 -2.200530 -0.403908
v 0.746748 -2.199647 -0.400801
v 0.742314 -2.198763 -0.397696
v 0.737885 -2.197880 -0.394595
v 0.733461 -2.196996 -0.391498
v 0.729042 -2.196112 -0.388403
v 0.724627 -2.195229 -0.385312
v 0.720217 -2.194345 -0.382224
v 0.715811 -2.193462 -0.379139
v 0.711410 -2.192577 -0.376057
v 0.706086 -2.191600 -0.372329
v 0.700915 -2.190708 -0.368708
v 0.695896 -2.189901 -0.365194
v 0.691031 -2.189179 -0.361788
v 0.686320 -2.188542 -0.358489
v 0.681761 -2.187989 -0.355297
v 0.677355 -2.187522 -0.352212
v 0.673103 -2.187140 -0.349234
v 0.669003 -2.186842 -0.346364
v 0.665057 -2.186630 -0.343600
v 0.661264 -2.186502 -0.340944
v 0.657624 -2.186460 -0.338396
v 0.653355 -2.186588 -0.335407
v 0.649346 -2.186970 -0.332600
v 0.645597 -2.187607 -0.329974
v 0.642108 -2.188499 -0.327531
v 0.638878 -2.189646 -0.325270
v 0.635909 -2.191048 -0.323191
v 0.633199 -2.192705 -0.321293
v 0.630749 -2.194617 -0.319578
v 0.628559 -2.196783 -0.318044
v 0.626629 -2.199205 -0.316693
v 0.624959 -2.201881 -0.315523
v 0.623548 -2.204812 -0.314536
v 0.618871 -2.203926 -0.311261
v 0.614194 -2.203034 -0.307986
v 0.609517 -2.202136 -0.304711
v 0.604840 -2.201232 -0.301436
v 0.600163 -2.200323 -0.298161
v 0.595486 -2.199409 -0.294886
v 0.590809 -2.198488 -0.291611
v 0.586132 -2.197562 -0.288336
v 0.581455 -2.196630 -0.285061
v 0.576777 -2.195693 -0.281786
v 0.572100 -2.194750 -0.278511
v 0.567424 -2.193801 -0.275237
v 0.561364 -2.192628 -0.270994
v 0.555545 -2.191558 -0.266919
v 0.549968 -2.190589 -0.263014
v 0.544632 -2.189723 -0.259278
v 0.539538 -2.188958 -0.255711
v 0.534684 -2.188295 -0.252312
v 0.530072 -2.187734 -0.249083
v 0.525701 -2.187276 -0.246022
v 0.521572 -2.186919 -0.243131
v 0.517684 -2.186664 -0.240408
v 0.514036 -2.186511 -0.237855
v 0.510631 -2.186460 -0.235470
v 0.503961 -2.186808 -0.230800
v 0.497871 -2.187853 -0.226535
v 0.492361 -2.189595 -0.222677
v 0.487431 -2.192034 -0.219225
v 0.483081 -2.195169 -0.216179
v 0.479311 -2.199001 -0.213540
v 0.476121 -2.203529 -0.211306
v 0.473511 -2.208755 -0.209479
v 0.471481 -2.214677 -0.208057
v 0.470031 -2.221296 -0.207042
v 0.469161 -2.228611 -0.206433
v 0.896488 -2.188091 -0.505650
v 0.896488 -2.600000 -0.505650
v 0.972657 -2.600000 -0.558984
v 0.972657 -2.585726 -0.558984
v 0.977058 -2.586609 -0.562066
v 0.981463 -2.587493 -0.565150
v 0.985874 -2.588377 -0.568238
v 0.990288 -2.589260 -0.571330
v 0.994708 -2.590144 -0.574424
v 0.999132 -2.591027 -0.577522
v 1.003561 -2.591911 -0.580623
v 1.007994 -2.592794 -0.583728
v 1.012433 -2.593678 -0.586835
v 1.016875 -2.594562 -0.589946
v 1.021323 -2.595445 -0.593060
v 1.025775 -2.596329 -0.596178
v 1.031097 -2.597306 -0.599904
v 1.036261 -2.598199 -0.603520
v 1.041267 -2.599006 -0.607026
v 1.046116 -2.599728 -0.610421
v 1.050807 -2.600365 -0.613705
v 1.055340 -2.600917 -0.616880
v 1.059716 -2.601385 -0.619943
v 1.063933 -2.601767 -0.622897
v 1.067993 -2.602064 -0.625739
v 1.071896 -2.602277 -0.628472
v 1.075640 -2.602404 -0.631094
v 1.079227 -2.602447 -0.633605
v 1.085897 -2.602093 -0.638275
v 1.091987 -2.601031 -0.642540
v 1.097496 -2.599261 -0.646398
v 1.102426 -2.596782 -0.649850
v 1.106776 -2.593596 -0.652895
v 1.110546 -2.589702 -0.655535
v 1.113736 -2.585100 -0.657769
v 1.116346 -2.579790 -0.659596
v 1.118376 -2.573771 -0.661018
v 1.119826 -2.567045 -0.662033
v 1.120696 -2.559611 -0.662642
v 1.120986 -2.551468 -0.662845
v 1.120986 -2.188091 -0.662845
v 1.045151 -2.188091 -0.609745
v 1.045151 -2.522512 -0.609745
v 0.972657 -2.520473 -0.558984
v 0.972657 -2.188091 -0.558984
v 1.179115 -1.961746 -0.703548
v 1.179115 -2.541680 -0.703548
v 1.179449 -2.550995 -0.703782
v 1.180451 -2.559500 -0.704483
v 1.182122 -2.567195 -0.705653
v 1.184460 -2.574080 -0.707290
v 1.187467 -2.580155 -0.709396
v 1.191142 -2.585420 -0.711969
v 1.195485 -2.589875 -0.715010
v 1.200496 -2.593520 -0.718519
v 1.206175 -2.596355 -0.722495
v 1.212523 -2.598380 -0.726940
v 1.219538 -2.599595 -0.731852
v 1.227222 -2.600000 -0.737232
v 1.375551 -2.600000 -0.841094
v 1.383075 -2.599595 -0.846362
v 1.389944 -2.598380 -0.851172
v 1.396160 -2.596355 -0.855524
v 1.401721 -2.593520 -0.859418
v 1.406627 -2.589875 -0.862853
v 1.410880 -2.585420 -0.865831
v 1.414478 -2.580155 -0.868350
v 1.417422 -2.574080 -0.870412
v 1.419712 -2.567195 -0.872015
v 1.421347 -2.559500 -0.873160
v 1.422329 -2.550995 -0.873848
v 1.422656 -2.541680 -0.874077
v 1.422656 -2.384665 -0.874077
v 1.344816 -2.384665 -0.819573
v 1.344816 -2.518026 -0.819573
v 1.257289 -2.518026 -0.758285
v 1.257288 -1.961746 -0.758285
v -0.446327 -0.960930 0.434599
v -0.546884 -1.600000 0.505010
v -0.469379 -1.600000 0.450740
v -0.453677 -1.478874 0.439746
v -0.355793 -1.478874 0.371206
v -0.340091 -1.600000 0.360212
v -0.262920 -1.600000 0.306176
v -0.262920 -1.598369 0.306176
v -0.364145 -0.960930 0.377055
v -0.366149 -1.396900 0.378458
v -0.442652 -1.396900 0.432026
v -0.404568 -1.108972 0.405359
v -0.084190 -1.501305 0.181028
v -0.084190 -1.600000 0.181028
v -0.009023 -1.600000 0.128396
v -0.009023 -1.501305 0.128396
v -0.084190 -1.241517 0.181028
v -0.084190 -1.341028 0.181028
v -0.009023 -1.341028 0.128396
v -0.009023 -1.241517 0.128396
v 0.454339 -1.520473 -0.196054
v 0.454339 -1.600000 -0.196054
v 0.539194 -1.600000 -0.255470
v 0.545971 -1.599646 -0.260215
v 0.552158 -1.598584 -0.264548
v 0.557756 -1.596814 -0.268467
v 0.562765 -1.594336 -0.271975
v 0.567184 -1.591149 -0.275069
v 0.571015 -1.587255 -0.277751
v 0.574256 -1.582653 -0.280021
v 0.576907 -1.577343 -0.281877
v 0.578970 -1.571324 -0.283321
v 0.580443 -1.564598 -0.284353
v 0.581327 -1.557164 -0.284972
v 0.581622 -1.549021 -0.285178
v 0.581622 -1.267618 -0.285178
v 0.617702 -1.267618 -0.310442
v 0.617702 -1.188091 -0.310442
v 0.581622 -1.188091 -0.285178
v 0.581622 -1.076346 -0.285178
v 0.505452 -1.076346 -0.231844
v 0.505452 -1.188091 -0.231844
v 0.456343 -1.188091 -0.197458
v 0.456343 -1.267618 -0.197458
v 0.505452 -1.267618 -0.231844
v 0.505452 -1.520473 -0.231844
v 0.628058 -0.961745 -0.317693
v 0.628058 -1.042904 -0.317693
v 0.684183 -1.042904 -0.356992
v 0.684183 -1.188091 -0.356992
v 0.635408 -1.188091 -0.322840
v 0.635408 -1.267618 -0.322840
v 0.684183 -1.267618 -0.356992
v 0.684183 -1.600000 -0.356992
v 0.760018 -1.600000 -0.410093
v 0.760018 -1.267618 -0.410093
v 0.794761 -1.267618 -0.434420
v 0.794761 -1.188091 -0.434420
v 0.760018 -1.188091 -0.410093
v 0.760018 -1.012724 -0.410093
v 0.759723 -1.004582 -0.409886
v 0.758839 -0.997147 -0.409267
v 0.757366 -0.990421 -0.408236
v 0.755304 -0.984403 -0.406792
v 0.752652 -0.979092 -0.404935
v 0.749411 -0.974490 -0.402666
v 0.745581 -0.970596 -0.399984
v 0.741161 -0.967410 -0.396889
v 0.736152 -0.964932 -0.393382
v 0.730554 -0.963161 -0.389462
v 0.724367 -0.962099 -0.385130
v 0.717590 -0.961745 -0.380385
v 0.831844 -1.462969 -0.460386
v 0.831844 -1.549021 -0.460386
v 0.832143 -1.557164 -0.460595
v 0.833041 -1.564598 -0.461224
v 0.834537 -1.571324 -0.462272
v 0.836632 -1.577343 -0.463739
v 0.839326 -1.582653 -0.465625
v 0.842618 -1.587255 -0.467930
v 0.846508 -1.591149 -0.470654
v 0.850998 -1.594336 -0.473797
v 0.856085 -1.596814 -0.477360
v 0.861771 -1.598584 -0.481341
v 0.868056 -1.599646 -0.485742
v 0.874940 -1.600000 -0.490562
v 1.006899 -1.600000 -0.582961
v 1.013783 -1.599646 -0.587781
v 1.020067 -1.598584 -0.592181
v 1.025753 -1.596814 -0.596163
v 1.030841 -1.594336 -0.599725
v 1.035330 -1.591149 -0.602868
v 1.039221 -1.587255 -0.605593
v 1.042513 -1.582653 -0.607898
v 1.045206 -1.577343 -0.609784
v 1.047301 -1.571324 -0.611251
v 1.048798 -1.564598 -0.612298
v 1.049695 -1.557164 -0.612927
v 1.049995 -1.549021 -0.613137
v 1.049995 -1.239070 -0.613137
v 1.049695 -1.230928 -0.612927
v 1.048798 -1.223493 -0.612299
v 1.047301 -1.216767 -0.611251
v 1.045206 -1.210749 -0.609784
v 1.042513 -1.205438 -0.607898
v 1.039221 -1.200836 -0.605593
v 1.035330 -1.196942 -0.602869
v 1.030841 -1.193756 -0.599725
v 1.025754 -1.191278 -0.596163
v 1.020067 -1.189507 -0.592181
v 1.013783 -1.188445 -0.587781
v 1.006899 -1.188091 -0.582961
v 0.874939 -1.188091 -0.490562
v 0.868056 -1.188445 -0.485742
v 0.861771 -1.189507 -0.481341
v 0.856085 -1.191278 -0.477360
v 0.850997 -1.193756 -0.473797
v 0.846508 -1.196942 -0.470654
v 0.842618 -1.200836 -0.467930
v 0.839326 -1.205438 -0.465625
v 0.836632 -1.210749 -0.463739
v 0.834537 -1.216767 -0.462272
v 0.833041 -1.223493 -0.461224
v 0.832143 -1.230928 -0.460595
v 0.831844 -1.239070 -0.460386
v 0.831844 -1.390375 -0.460386
v 0.852891 -1.416068 -0.475123
v 0.976832 -1.416068 -0.561908
v 0.976832 -1.531484 -0.561908
v 0.905006 -1.531484 -0.511615
v 0.905006 -1.462969 -0.511615
v 0.976832 -1.355302 -0.561908
v 0.905006 -1.355302 -0.511615
v 0.905006 -1.256607 -0.511615
v 0.976832 -1.256607 -0.561908
v 1.092422 -1.514763 -0.642845
v 1.092422 -1.600000 -0.642845
v 1.297879 -1.600000 -0.786707
v 1.297879 -0.961745 -0.786707
v 1.219705 -0.961745 -0.731969
v 1.219705 -1.514763 -0.731969
v -0.548721 -0.082871 0.506296
v -0.548721 -0.479690 0.506296
v -0.548531 -0.488902 0.506163
v -0.547960 -0.497776 0.505763
v -0.547009 -0.506314 0.505097
v -0.545678 -0.514514 0.504165
v -0.543965 -0.522378 0.502966
v -0.541873 -0.529904 0.501501
v -0.539400 -0.537094 0.499769
v -0.536546 -0.543946 0.497771
v -0.533312 -0.550461 0.495507
v -0.529698 -0.556640 0.492976
v -0.525703 -0.562481 0.490178
v -0.521327 -0.567985 0.487115
v -0.516629 -0.573099 0.483825
v -0.511667 -0.577768 0.480350
v -0.506440 -0.581992 0.476691
v -0.500949 -0.585771 0.472845
v -0.495193 -0.589106 0.468815
v -0.489172 -0.591996 0.464600
v -0.482888 -0.594442 0.460199
v -0.476338 -0.596443 0.455613
v -0.469525 -0.597999 0.450842
v -0.462446 -0.599111 0.445886
v -0.455104 -0.599778 0.440745
v -0.447497 -0.600000 0.435418
v -0.288143 -0.600000 0.323837
v -0.288143 0.038255 0.323837
v -0.447497 0.038255 0.435418
v -0.455104 0.038029 0.440745
v -0.462446 0.037354 0.445886
v -0.469525 0.036228 0.450842
v -0.476338 0.034652 0.455613
v -0.482888 0.032626 0.460199
v -0.489172 0.030149 0.464600
v -0.495193 0.027222 0.468815
v -0.500949 0.023845 0.472845
v -0.506440 0.020017 0.476691
v -0.511667 0.015739 0.480350
v -0.516629 0.011011 0.483825
v -0.521327 0.005832 0.487115
v -0.525703 0.000263 0.490178
v -0.529698 -0.005638 0.492976
v -0.533312 -0.011870 0.495507
v -0.536546 -0.018434 0.497771
v -0.539400 -0.025329 0.499769
v -0.541873 -0.032555 0.501501
v -0.543965 -0.040113 0.502966
v -0.545678 -0.048002 0.504165
v -0.547009 -0.056222 0.505097
v -0.547960 -0.064774 0.505763
v -0.548531 -0.073657 0.506163
v -0.422441 -0.518026 0.417874
v -0.430071 -0.517649 0.423217
v -0.437038 -0.516519 0.428095
v -0.443341 -0.514636 0.432509
v -0.448981 -0.511999 0.436458
v -0.453958 -0.508609 0.439942
v -0.458270 -0.504466 0.442962
v -0.461920 -0.499569 0.445517
v -0.464906 -0.493919 0.447608
v -0.467228 -0.487515 0.449234
v -0.468887 -0.480358 0.450395
v -0.469882 -0.472448 0.451092
v -0.470214 -0.463785 0.451325
v -0.470214 -0.097145 0.451325
v -0.469896 -0.088612 0.451102
v -0.468942 -0.080821 0.450434
v -0.467353 -0.073771 0.449322
v -0.465128 -0.067464 0.447764
v -0.462268 -0.061899 0.445761
v -0.458772 -0.057076 0.443313
v -0.454640 -0.052995 0.440420
v -0.449872 -0.049656 0.437081
v -0.444469 -0.047058 0.433298
v -0.438430 -0.045203 0.429070
v -0.431756 -0.044090 0.424396
v -0.424445 -0.043719 0.419277
v -0.366316 -0.043719 0.378575
v -0.366316 -0.518026 0.378575
v -0.090370 -0.501305 0.185355
v -0.090370 -0.600000 0.185355
v -0.015203 -0.600000 0.132723
v -0.015203 -0.501305 0.132723
v -0.090370 -0.241517 0.185355
v -0.090370 -0.341028 0.185355
v -0.015203 -0.341028 0.132723
v -0.015203 -0.241517 0.132723
v 0.166199 -0.520473 0.005703
v 0.166199 -0.600000 0.005703
v 0.251054 -0.600000 -0.053713
v 0.257831 -0.599646 -0.058458
v 0.264018 -0.598584 -0.062790
v 0.269616 -0.596814 -0.066710
v 0.274625 -0.594336 -0.070217
v 0.279045 -0.591150 -0.073312
v 0.282875 -0.587255 -0.075994
v 0.286116 -0.582653 -0.078263
v 0.288768 -0.577343 -0.080120
v 0.290830 -0.571324 -0.081564
v 0.292303 -0.564598 -0.082596
v 0.293187 -0.557164 -0.083215
v 0.293482 -0.549021 -0.083421
v 0.293482 -0.267618 -0.083421
v 0.329562 -0.267618 -0.108684
v 0.329562 -0.188091 -0.108684
v 0.293482 -0.188091 -0.083421
v 0.293482 -0.076346 -0.083421
v 0.217313 -0.076346 -0.030087
v 0.217313 -0.188091 -0.030087
v 0.168204 -0.188091 0.004300
v 0.168204 -0.267618 0.004300
v 0.217313 -0.267618 -0.030087
v 0.217313 -0.520473 -0.030087
v 0.366644 -0.236623 -0.134650
v 0.366644 -0.600000 -0.134650
v 0.443482 -0.600000 -0.188452
v 0.443482 -0.265987 -0.188452
v 0.515308 -0.267618 -0.238745
v 0.515308 -0.600000 -0.238745
v 0.591811 -0.600000 -0.292313
v 0.591811 0.038255 -0.292313
v 0.515308 0.038255 -0.238745
v 0.515308 -0.203181 -0.238745
v 0.510853 -0.202363 -0.235626
v 0.506399 -0.201538 -0.232507
v 0.501945 -0.200709 -0.229388
v 0.497490 -0.199873 -0.226269
v 0.493036 -0.199032 -0.223150
v 0.488582 -0.198185 -0.220031
v 0.484127 -0.197333 -0.216912
v 0.479673 -0.196474 -0.213793
v 0.475219 -0.195611 -0.210674
v 0.470764 -0.194741 -0.207555
v 0.466310 -0.193866 -0.204436
v 0.461856 -0.192985 -0.201317
v 0.456330 -0.191943 -0.197448
v 0.450998 -0.190991 -0.193715
v 0.445862 -0.190130 -0.190118
v 0.440920 -0.189360 -0.186658
v 0.436174 -0.188680 -0.183335
v 0.431622 -0.188091 -0.180148
v 0.427265 -0.187593 -0.177097
v 0.423103 -0.187185 -0.174183
v 0.419136 -0.186868 -0.171405
v 0.415364 -0.186641 -0.168763
v 0.411786 -0.186505 -0.166258
v 0.408404 -0.186460 -0.163890
v 0.401734 -0.186808 -0.159220
v 0.395644 -0.187853 -0.154955
v 0.390134 -0.189595 -0.151097
v 0.385204 -0.192034 -0.147645
v 0.380854 -0.195169 -0.144600
v 0.377084 -0.199001 -0.141960
v 0.373894 -0.203529 -0.139726
v 0.371284 -0.208755 -0.137899
v 0.369254 -0.214677 -0.136477
v 0.367804 -0.221296 -0.135462
v 0.366934 -0.228611 -0.134853
v 0.647267 -0.188091 -0.331144
v 0.647267 -0.699511 -0.331144
v 0.647567 -0.707653 -0.331354
v 0.648464 -0.715087 -0.331982
v 0.649961 -0.721814 -0.333030
v 0.652056 -0.727832 -0.334497
v 0.654749 -0.733142 -0.336383
v 0.658041 -0.737745 -0.338688
v 0.661932 -0.741639 -0.341412
v 0.666421 -0.744825 -0.344556
v 0.671509 -0.747303 -0.348118
v 0.677195 -0.749073 -0.352100
v 0.683480 -0.750135 -0.356500
v 0.690363 -0.750489 -0.361320
v 0.823325 -0.750489 -0.454421
v 0.830208 -0.750135 -0.459241
v 0.836493 -0.749073 -0.463641
v 0.842179 -0.747303 -0.467623
v 0.847267 -0.744825 -0.471185
v 0.851756 -0.741639 -0.474329
v 0.855647 -0.737745 -0.477053
v 0.858939 -0.733142 -0.479358
v 0.861632 -0.727832 -0.481244
v 0.863727 -0.721814 -0.482711
v 0.865224 -0.715087 -0.483759
v 0.866121 -0.707653 -0.484387
v 0.866421 -0.699511 -0.484597
v 0.866421 -0.633442 -0.484597
v 0.792590 -0.633442 -0.432900
v 0.792590 -0.682790 -0.432900
v 0.723436 -0.682790 -0.384478
v 0.723436 -0.597553 -0.384478
v 0.801944 -0.597553 -0.439450
v 0.807198 -0.597400 -0.443128
v 0.812268 -0.596941 -0.446679
v 0.817155 -0.596177 -0.450101
v 0.821859 -0.595106 -0.453394
v 0.826379 -0.593729 -0.456559
v 0.830716 -0.592047 -0.459596
v 0.834870 -0.590059 -0.462505
v 0.838841 -0.587765 -0.465285
v 0.842628 -0.585165 -0.467937
v 0.846232 -0.582259 -0.470461
v 0.849653 -0.579048 -0.472856
v 0.852891 -0.575530 -0.475123
v 0.855905 -0.571744 -0.477234
v 0.858658 -0.567725 -0.479161
v 0.861148 -0.563474 -0.480905
v 0.863377 -0.558990 -0.482466
v 0.865343 -0.554275 -0.483842
v 0.867047 -0.549327 -0.485035
v 0.868489 -0.544147 -0.486045
v 0.869669 -0.538735 -0.486871
v 0.870586 -0.533090 -0.487513
v 0.871241 -0.527214 -0.487972
v 0.871635 -0.521105 -0.488248
v 0.871766 -0.514763 -0.488340
v 0.871766 -0.262724 -0.488340
v 0.871652 -0.256916 -0.488260
v 0.871311 -0.251316 -0.488021
v 0.870743 -0.245927 -0.487623
v 0.869947 -0.240747 -0.487066
v 0.868924 -0.235776 -0.486350
v 0.867673 -0.231015 -0.485474
v 0.866196 -0.226464 -0.484439
v 0.864490 -0.222122 -0.483245
v 0.862558 -0.217990 -0.481892
v 0.860398 -0.214068 -0.480380
v 0.858011 -0.210355 -0.478708
v 0.855396 -0.206852 -0.476877
v 0.852582 -0.203595 -0.474907
v 0.849596 -0.200621 -0.472816
v 0.846439 -0.197930 -0.470605
v 0.843110 -0.195523 -0.468274
v 0.839609 -0.193399 -0.465823
v 0.835936 -0.191558 -0.463251
v 0.832092 -0.190000 -0.460560
v 0.828076 -0.188726 -0.457748
v 0.823889 -0.187734 -0.454816
v 0.819529 -0.187026 -0.451763
v 0.814999 -0.186602 -0.448591
v 0.810296 -0.186460 -0.445298
v 0.807498 -0.186576 -0.443339
v 0.803893 -0.186924 -0.440814
v 0.799480 -0.187505 -0.437725
v 0.794260 -0.188318 -0.434070
v 0.788233 -0.189363 -0.429849
v 0.781399 -0.190640 -0.425064
v 0.773757 -0.192150 -0.419713
v 0.765307 -0.193892 -0.413796
v 0.756051 -0.195866 -0.407315
v 0.745987 -0.198072 -0.400268
v 0.735115 -0.200510 -0.392656
v 0.723436 -0.203181 -0.384478
v 0.723436 -0.188091 -0.384478
v 0.770541 -0.522512 -0.417461
v 0.723436 -0.522512 -0.384478
v 0.723436 -0.269250 -0.384478
v 0.729638 -0.268468 -0.388820
v 0.735435 -0.267754 -0.392880
v 0.740829 -0.267108 -0.396657
v 0.745819 -0.266531 -0.400151
v 0.750406 -0.266021 -0.403363
v 0.754589 -0.265579 -0.406291
v 0.758368 -0.265205 -0.408938
v 0.761744 -0.264899 -0.411301
v 0.764716 -0.264661 -0.413382
v 0.767284 -0.264492 -0.415181
v 0.769448 -0.264390 -0.416696
v 0.771209 -0.264356 -0.417929
v 0.775158 -0.264562 -0.420694
v 0.778763 -0.265183 -0.423218
v 0.782025 -0.266216 -0.425502
v 0.784943 -0.267664 -0.427546
v 0.787519 -0.269524 -0.429349
v 0.789750 -0.271798 -0.430912
v 0.791639 -0.274486 -0.432234
v 0.793184 -0.277587 -0.433316
v 0.794386 -0.281102 -0.434157
v 0.795244 -0.285030 -0.434758
v 0.795759 -0.289372 -0.435119
v 0.795931 -0.294127 -0.435239
v 0.795931 -0.491517 -0.435239
v 0.795754 -0.496468 -0.435116
v 0.795226 -0.500988 -0.434745
v 0.794344 -0.505077 -0.434128
v 0.793110 -0.508737 -0.433264
v 0.791523 -0.511965 -0.432153
v 0.789583 -0.514763 -0.430795
v 0.787291 -0.517131 -0.429190
v 0.784646 -0.519068 -0.427338
v 0.781649 -0.520575 -0.425239
v 0.778299 -0.521651 -0.422893
v 0.774596 -0.522297 -0.420301
v 0.927890 -0.188091 -0.527638
v 0.927890 -0.600000 -0.527638
v 1.003057 -0.600000 -0.580271
v 1.003057 -0.188091 -0.580271
v 0.927222 -0.032708 -0.527171
v 0.927222 -0.128956 -0.527171
v 1.003726 -0.128956 -0.580739
v 1.003726 -0.032708 -0.580739
v 1.135017 -0.310848 -0.672670
v 1.048826 -0.600000 -0.612318
v 1.130340 -0.600000 -0.669395
v 1.216531 -0.303507 -0.729747
v 1.216531 -0.303108 -0.729747
v 1.216531 -0.301910 -0.729747
v 1.216531 -0.299913 -0.729747
v 1.216531 -0.297118 -0.729747
v 1.216531 -0.293524 -0.729747
v 1.216531 -0.289131 -0.729747
v 1.216531 -0.283940 -0.729747
v 1.216531 -0.277950 -0.729747
v 1.216531 -0.271161 -0.729747
v 1.216531 -0.263574 -0.729747
v 1.216531 -0.255188 -0.729747
v 1.216531 -0.246003 -0.729747
v 1.139694 -0.246003 -0.675945
v 1.139694 -0.043719 -0.675945
v 1.238246 -0.043719 -0.744952
v 1.238246 -0.600000 -0.744952
v 1.316420 -0.600000 -0.799690
v 1.316420 0.038255 -0.799690
v 1.108959 0.038255 -0.654424
v 1.101436 0.037847 -0.649156
v 1.094566 0.036623 -0.644346
v 1.088351 0.034584 -0.639994
v 1.082790 0.031729 -0.636100
v 1.077883 0.028059 -0.632665
v 1.073631 0.023573 -0.629687
v 1.070032 0.018271 -0.627167
v 1.067088 0.012153 -0.625106
v 1.064799 0.005220 -0.623503
v 1.063163 -0.002529 -0.622357
v 1.062182 -0.011093 -0.621670
v 1.061855 -0.020473 -0.621441
v 1.061855 -0.252529 -0.621441
v 1.062010 -0.259059 -0.621550
v 1.062476 -0.265194 -0.621876
v 1.063254 -0.270932 -0.622421
v 1.064342 -0.276273 -0.623183
v 1.065741 -0.281218 -0.624162
v 1.067450 -0.285767 -0.625359
v 1.069471 -0.289919 -0.626774
v 1.071803 -0.293674 -0.628407
v 1.074445 -0.297033 -0.630257
v 1.077398 -0.299995 -0.632325
v 1.080662 -0.302561 -0.634611
v 1.084238 -0.304731 -0.637114
v 1.086428 -0.305708 -0.638647
v 1.088989 -0.306600 -0.640441
v 1.091921 -0.307407 -0.642494
v 1.095225 -0.308129 -0.644807
v 1.098900 -0.308767 -0.647380
v 1.102946 -0.309319 -0.650213
v 1.107363 -0.309786 -0.653306
v 1.112151 -0.310169 -0.656659
v 1.117311 -0.310466 -0.660272
v 1.122842 -0.310678 -0.664145
v 1.128744 -0.310806 -0.668277
v 1.135017 -0.310848 -0.672670
v 1.020302 -0.310848 -0.836500
v 1.048826 -0.600000 -0.612318
v 0.934110 -0.600000 -0.776149
v 1.130340 -0.600000 -0.669395
v 1.015625 -0.600000 -0.833225
v 1.216531 -0.303507 -0.729747
v 1.101816 -0.303507 -0.893577
v 1.216531 -0.303108 -0.729747
v 1.101816 -0.303108 -0.893577
v 1.216531 -0.301910 -0.729747
v 1.101816 -0.301910 -0.893577
v 1.216531 -0.299913 -0.729747
v 1.101816 -0.299913 -0.893577
v 1.216531 -0.297118 -0.729747
v 1.101816 -0.297118 -0.893577
v 1.216531 -0.293524 -0.729747
v 1.101816 -0.293524 -0.893577
v 1.216531 -0.289131 -0.729747
v 1.101816 -0.289131 -0.893577
v 1.216531 -0.283940 -0.729747
v 1.101816 -0.283940 -0.893577
v 1.216531 -0.277950 -0.729747
v 1.101816 -0.277950 -0.893577
v 1.216531 -0.271161 -0.729747
v 1.101816 -0.271161 -0.893577
v 1.216531 -0.263574 -0.729747
v 1.101816 -0.263574 -0.893577
v 1.216531 -0.255188 -0.729747
v 1.101816 -0.255188 -0.893577
v 1.216531 -0.246003 -0.729747
v 1.101816 -0.246003 -0.893577
v 1.139694 -0.246003 -0.675945
v 1.024979 -0.246003 -0.839775
v 1.139694 -0.043719 -0.675945
v 1.024979 -0.043719 -0.839775
v 1.238246 -0.043719 -0.744952
v 1.123531 -0.043719 -0.908782
v 1.238246 -0.600000 -0.744952
v 1.123531 -0.600000 -0.908782
v 1.316420 -0.600000 -0.799690
v 1.201705 -0.600000 -0.963520
v 1.316420 0.038255 -0.799690
v 1.201705 0.038254 -0.963520
v 1.108959 0.038255 -0.654424
v 0.994244 0.038254 -0.818255
v 1.101436 0.037847 -0.649156
v 0.986720 0.037847 -0.812986
v 1.094566 0.036623 -0.644346
v 0.979851 0.036623 -0.808176
v 1.088351 0.034584 -0.639994
v 0.973636 0.034584 -0.803824
v 1.082790 0.031729 -0.636100
v 0.968075 0.031729 -0.799931
v 1.077883 0.028059 -0.632665
v 0.963168 0.028059 -0.796495
v 1.073631 0.023573 -0.629687
v 0.958915 0.023573 -0.793517
v 1.070032 0.018271 -0.627167
v 0.955317 0.018271 -0.790998
v 1.067088 0.012153 -0.625106
v 0.952373 0.012153 -0.788936
v 1.064799 0.005220 -0.623503
v 0.950083 0.005220 -0.787333
v 1.063163 -0.002529 -0.622357
v 0.948448 -0.002529 -0.786188
v 1.062182 -0.011093 -0.621670
v 0.947466 -0.011093 -0.785501
v 1.061855 -0.020473 -0.621441
v 0.947139 -0.020473 -0.785272
v 1.061855 -0.252529 -0.621441
v 0.947139 -0.252529 -0.785272
v 1.062010 -0.259059 -0.621550
v 0.947295 -0.259059 -0.785380
v 1.062476 -0.265194 -0.621876
v 0.947761 -0.265194 -0.785707
v 1.063254 -0.270932 -0.622421
v 0.948538 -0.270932 -0.786251
v 1.064342 -0.276273 -0.623183
v 0.949626 -0.276273 -0.787013
v 1.065741 -0.281218 -0.624162
v 0.951025 -0.281218 -0.787992
v 1.067450 -0.285767 -0.625359
v 0.952735 -0.285767 -0.789190
v 1.069471 -0.289919 -0.626774
v 0.954756 -0.289919 -0.790605
v 1.071803 -0.293674 -0.628407
v 0.957087 -0.293674 -0.792237
v 1.074445 -0.297033 -0.630257
v 0.959730 -0.297033 -0.794087
v 1.077398 -0.299995 -0.632325
v 0.962683 -0.299995 -0.796155
v 1.080662 -0.302561 -0.634611
v 0.965947 -0.302561 -0.798441
v 1.084238 -0.304731 -0.637114
v 0.969522 -0.304731 -0.800944
v 1.086428 -0.305708 -0.638647
v 0.971712 -0.305708 -0.802478
v 1.088989 -0.306600 -0.640441
v 0.974274 -0.306600 -0.804271
v 1.091921 -0.307407 -0.642494
v 0.977206 -0.307407 -0.806324
v 1.095225 -0.308129 -0.644807
v 0.980510 -0.308129 -0.808638
v 1.098900 -0.308767 -0.647380
v 0.984184 -0.308767 -0.811211
v 1.102946 -0.309319 -0.650213
v 0.988230 -0.309319 -0.814044
v 1.107363 -0.309786 -0.653306
v 0.992648 -0.309786 -0.817137
v 1.112151 -0.310169 -0.656659
v 0.997436 -0.310169 -0.820490
v 1.117311 -0.310466 -0.660272
v 1.002596 -0.310466 -0.824103
v 1.122842 -0.310678 -0.664145
v 1.008126 -0.310678 -0.827975
v 1.128744 -0.310806 -0.668277
v 1.014028 -0.310806 -0.832108
v 0.927222 -0.032708 -0.527171
v 0.812507 -0.032708 -0.691001
v 0.927222 -0.128956 -0.527171
v 0.812507 -0.128956 -0.691001
v 1.003726 -0.128956 -0.580739
v 0.889010 -0.128956 -0.744569
v 1.003726 -0.032708 -0.580739
v 0.889010 -0.032708 -0.744569
v 0.927890 -0.188091 -0.527638
v 0.813175 -0.188091 -0.691469
v 0.927890 -0.600000 -0.527638
v 0.813175 -0.600000 -0.691469
v 1.003057 -0.600000 -0.580271
v 0.888342 -0.600000 -0.744101
v 1.003057 -0.188091 -0.580271
v 0.888342 -0.188091 -0.744101
v 0.647267 -0.188091 -0.331144
v 0.532552 -0.188091 -0.494974
v 0.647267 -0.699511 -0.331144
v 0.532552 -0.699511 -0.494974
v 0.647567 -0.707653 -0.331354
v 0.532851 -0.707653 -0.495184
v 0.648464 -0.715087 -0.331982
v 0.533749 -0.715087 -0.495813
v 0.649961 -0.721814 -0.333030
v 0.535246 -0.721814 -0.496860
v 0.652056 -0.727832 -0.334497
v 0.537341 -0.727832 -0.498327
v 0.654749 -0.733142 -0.336383
v 0.540034 -0.733142 -0.500213
v 0.658041 -0.737745 -0.338688
v 0.543326 -0.737745 -0.502518
v 0.661932 -0.741639 -0.341412
v 0.547217 -0.741639 -0.505243
v 0.666421 -0.744825 -0.344556
v 0.551706 -0.744825 -0.508386
v 0.671509 -0.747303 -0.348118
v 0.556794 -0.747303 -0.511948
v 0.677195 -0.749073 -0.352100
v 0.562480 -0.749073 -0.515930
v 0.683480 -0.750135 -0.356500
v 0.568765 -0.750135 -0.520331
v 0.690363 -0.750489 -0.361320
v 0.575648 -0.750489 -0.525150
v 0.823325 -0.750489 -0.454421
v 0.708610 -0.750489 -0.618251
v 0.830208 -0.750135 -0.459241
v 0.715493 -0.750135 -0.623071
v 0.836493 -0.749073 -0.463641
v 0.721778 -0.749073 -0.627472
v 0.842179 -0.747303 -0.467623
v 0.727464 -0.747303 -0.631453
v 0.847267 -0.744825 -0.471185
v 0.732552 -0.744825 -0.635016
v 0.851756 -0.741639 -0.474329
v 0.737041 -0.741639 -0.638159
v 0.855647 -0.737745 -0.477053
v 0.740931 -0.737745 -0.640883
v 0.858939 -0.733142 -0.479358
v 0.744223 -0.733142 -0.643188
v 0.861632 -0.727832 -0.481244
v 0.746917 -0.727832 -0.645074
v 0.863727 -0.721814 -0.482711
v 0.749012 -0.721814 -0.646541
v 0.865224 -0.715087 -0.483759
v 0.750508 -0.715087 -0.647589
v 0.866121 -0.707653 -0.484387
v 0.751406 -0.707653 -0.648218
v 0.866421 -0.699511 -0.484597
v 0.751705 -0.699511 -0.648427
v 0.866421 -0.633442 -0.484597
v 0.751705 -0.633442 -0.648427
v 0.792590 -0.633442 -0.432900
v 0.677875 -0.633442 -0.596730
v 0.792590 -0.682790 -0.432900
v 0.677875 -0.682790 -0.596730
v 0.723436 -0.682790 -0.384478
v 0.608721 -0.682790 -0.548309
v 0.723436 -0.597553 -0.384478
v 0.608721 -0.597553 -0.548309
v 0.801944 -0.597553 -0.439450
v 0.687229 -0.597553 -0.603280
v 0.807198 -0.597400 -0.443128
v 0.692482 -0.597400 -0.606959
v 0.812268 -0.596941 -0.446679
v 0.697553 -0.596941 -0.610509
v 0.817155 -0.596177 -0.450101
v 0.702440 -0.596177 -0.613931
v 0.821859 -0.595106 -0.453394
v 0.707143 -0.595106 -0.617225
v 0.826379 -0.593729 -0.456559
v 0.711664 -0.593729 -0.620390
v 0.830716 -0.592047 -0.459596
v 0.716001 -0.592047 -0.623427
v 0.834870 -0.590059 -0.462505
v 0.720155 -0.590059 -0.626335
v 0.838841 -0.587765 -0.465285
v 0.724126 -0.587765 -0.629116
v 0.842628 -0.585165 -0.467937
v 0.727913 -0.585165 -0.631768
v 0.846232 -0.582259 -0.470461
v 0.731517 -0.582259 -0.634291
v 0.849653 -0.579048 -0.472856
v 0.734938 -0.579048 -0.636686
v 0.852891 -0.575530 -0.475123
v 0.738175 -0.575530 -0.638953
v 0.855905 -0.571744 -0.477234
v 0.741190 -0.571744 -0.641064
v 0.858658 -0.567725 -0.479161
v 0.743943 -0.567725 -0.642992
v 0.861148 -0.563474 -0.480905
v 0.746433 -0.563474 -0.644736
v 0.863377 -0.558990 -0.482466
v 0.748662 -0.558990 -0.646296
v 0.865343 -0.554275 -0.483842
v 0.750628 -0.554275 -0.647673
v 0.867047 -0.549327 -0.485035
v 0.752332 -0.549327 -0.648866
v 0.868489 -0.544147 -0.486045
v 0.753774 -0.544147 -0.649875
v 0.869669 -0.538735 -0.486871
v 0.754953 -0.538735 -0.650701
v 0.870586 -0.533090 -0.487513
v 0.755871 -0.533090 -0.651344
v 0.871241 -0.527214 -0.487972
v 0.756526 -0.527214 -0.651803
v 0.871635 -0.521105 -0.488248
v 0.756919 -0.521105 -0.652078
v 0.871766 -0.514763 -0.488340
v 0.757051 -0.514763 -0.652170
v 0.871766 -0.262724 -0.488340
v 0.757051 -0.262724 -0.652170
v 0.871652 -0.256916 -0.488260
v 0.756937 -0.256916 -0.652090
v 0.871311 -0.251316 -0.488021
v 0.756596 -0.251316 -0.651852
v 0.870743 -0.245927 -0.487623
v 0.756027 -0.245927 -0.651454
v 0.869947 -0.240747 -0.487066
v 0.755232 -0.240747 -0.650896
v 0.868924 -0.235776 -0.486350
v 0.754209 -0.235776 -0.650180
v 0.867673 -0.231015 -0.485474
v 0.752958 -0.231015 -0.649304
v 0.866196 -0.226464 -0.484439
v 0.751480 -0.226464 -0.648270
v 0.864490 -0.222122 -0.483245
v 0.749775 -0.222122 -0.647076
v 0.862558 -0.217990 -0.481892
v 0.747843 -0.217990 -0.645723
v 0.860398 -0.214068 -0.480380
v 0.745683 -0.214068 -0.644210
v 0.858011 -0.210355 -0.478708
v 0.743296 -0.210355 -0.642539
v 0.855396 -0.206852 -0.476877
v 0.740681 -0.206852 -0.640708
v 0.852582 -0.203595 -0.474907
v 0.737867 -0.203595 -0.638737
v 0.849596 -0.200621 -0.472816
v 0.734881 -0.200621 -0.636647
v 0.846439 -0.197930 -0.470605
v 0.731723 -0.197930 -0.634436
v 0.843110 -0.195523 -0.468274
v 0.728394 -0.195523 -0.632105
v 0.839609 -0.193399 -0.465823
v 0.724893 -0.193399 -0.629653
v 0.835936 -0.191558 -0.463251
v 0.721221 -0.191558 -0.627082
v 0.832092 -0.190000 -0.460560
v 0.717377 -0.190000 -0.624390
v 0.828076 -0.188726 -0.457748
v 0.713361 -0.188726 -0.621578
v 0.823889 -0.187734 -0.454816
v 0.709173 -0.187734 -0.618646
v 0.819529 -0.187026 -0.451763
v 0.704814 -0.187026 -0.615594
v 0.814999 -0.186602 -0.448591
v 0.700283 -0.186602 -0.612421
v 0.810296 -0.186460 -0.445298
v 0.695581 -0.186460 -0.609128
v 0.807498 -0.186576 -0.443339
v 0.692783 -0.186576 -0.607169
v 0.803893 -0.186924 -0.440814
v 0.689178 -0.186924 -0.604645
v 0.799480 -0.187505 -0.437725
v 0.684765 -0.187505 -0.601555
v 0.794260 -0.188318 -0.434070
v 0.679545 -0.188318 -0.597900
v 0.788233 -0.189363 -0.429849
v 0.673518 -0.189363 -0.593680
v 0.781399 -0.190640 -0.425064
v 0.666683 -0.190640 -0.588894
v 0.773757 -0.192150 -0.419713
v 0.659041 -0.192150 -0.583543
v 0.765307 -0.193892 -0.413796
v 0.650592 -0.193892 -0.577627
v 0.756051 -0.195866 -0.407315
v 0.641335 -0.195866 -0.571145
v 0.745987 -0.198072 -0.400268
v 0.631271 -0.198072 -0.564098
v 0.735115 -0.200510 -0.392656
v 0.620400 -0.200510 -0.556486
v 0.723436 -0.203181 -0.384478
v 0.608721 -0.203181 -0.548309
v 0.723436 -0.188091 -0.384478
v 0.608721 -0.188091 -0.548309
v 0.770541 -0.522512 -0.417461
v 0.655826 -0.522512 -0.581292
v 0.723436 -0.522512 -0.384478
v 0.608721 -0.522512 -0.548309
v 0.723436 -0.269250 -0.384478
v 0.608721 -0.269250 -0.548309
v 0.729638 -0.268468 -0.388820
v 0.614922 -0.268468 -0.552651
v 0.735435 -0.267754 -0.392880
v 0.620720 -0.267754 -0.556710
v 0.740829 -0.267108 -0.396657
v 0.626114 -0.267108 -0.560487
v 0.745819 -0.266531 -0.400151
v 0.631104 -0.266531 -0.563981
v 0.750406 -0.266021 -0.403363
v 0.635691 -0.266021 -0.567193
v 0.754589 -0.265579 -0.406291
v 0.639874 -0.265579 -0.570122
v 0.758368 -0.265205 -0.408938
v 0.643653 -0.265205 -0.572768
v 0.761744 -0.264899 -0.411301
v 0.647028 -0.264899 -0.575132
v 0.764716 -0.264661 -0.413382
v 0.650000 -0.264661 -0.577213
v 0.767284 -0.264492 -0.415181
v 0.652569 -0.264492 -0.579011
v 0.769448 -0.264390 -0.416696
v 0.654733 -0.264390 -0.580526
v 0.771209 -0.264356 -0.417929
v 0.656494 -0.264356 -0.581759
v 0.775158 -0.264562 -0.420694
v 0.660443 -0.264562 -0.584524
v 0.778763 -0.265183 -0.423218
v 0.664048 -0.265183 -0.587049
v 0.782025 -0.266216 -0.425502
v 0.667310 -0.266216 -0.589333
v 0.784943 -0.267664 -0.427546
v 0.670228 -0.267664 -0.591376
v 0.787519 -0.269524 -0.429349
v 0.672803 -0.269524 -0.593179
v 0.789750 -0.271798 -0.430912
v 0.675035 -0.271798 -0.594742
v 0.791639 -0.274486 -0.432234
v 0.676924 -0.274486 -0.596064
v 0.793184 -0.277587 -0.433316
v 0.678469 -0.277587 -0.597146
v 0.794386 -0.281102 -0.434157
v 0.679670 -0.281102 -0.597988
v 0.795244 -0.285030 -0.434758
v 0.680529 -0.285030 -0.598589
v 0.795759 -0.289372 -0.435119
v 0.681044 -0.289372 -0.598949
v 0.795931 -0.294127 -0.435239
v 0.681216 -0.294127 -0.599070
v 0.795931 -0.491517 -0.435239
v 0.681216 -0.491517 -0.599070
v 0.795754 -0.496468 -0.435116
v 0.681039 -0.496468 -0.598946
v 0.795226 -0.500988 -0.434745
v 0.680510 -0.500988 -0.598576
v 0.794344 -0.505077 -0.434128
v 0.679629 -0.505077 -0.597959
v 0.793110 -0.508737 -0.433264
v 0.678394 -0.508737 -0.597094
v 0.791523 -0.511965 -0.432153
v 0.676808 -0.511965 -0.595983
v 0.789583 -0.514763 -0.430795
v 0.674868 -0.514763 -0.594625
v 0.787291 -0.517131 -0.429190
v 0.672576 -0.517131 -0.593020
v 0.784646 -0.519068 -0.427338
v 0.669931 -0.519068 -0.591168
v 0.781649 -0.520575 -0.425239
v 0.666934 -0.520575 -0.589069
v 0.778299 -0.521651 -0.422893
v 0.663584 -0.521651 -0.586724
v 0.774596 -0.522297 -0.420301
v 0.659881 -0.522297 -0.584131
v 0.366644 -0.236623 -0.134650
v 0.251929 -0.236623 -0.298480
v 0.366644 -0.600000 -0.134650
v 0.251929 -0.600000 -0.298480
v 0.443482 -0.600000 -0.188452
v 0.328766 -0.600000 -0.352282
v 0.443482 -0.265987 -0.188452
v 0.328766 -0.265987 -0.352282
v 0.515308 -0.267618 -0.238745
v 0.400593 -0.267618 -0.402575
v 0.515308 -0.600000 -0.238745
v 0.400593 -0.600000 -0.402575
v 0.591811 -0.600000 -0.292313
v 0.477096 -0.600000 -0.456143
v 0.591811 0.038255 -0.292313
v 0.477096 0.038254 -0.456143
v 0.515308 0.038255 -0.238745
v 0.400593 0.038254 -0.402575
v 0.515308 -0.203181 -0.238745
v 0.400593 -0.203181 -0.402575
v 0.510853 -0.202363 -0.235626
v 0.396138 -0.202363 -0.399456
v 0.506399 -0.201538 -0.232507
v 0.391684 -0.201538 -0.396337
v 0.501945 -0.200709 -0.229388
v 0.387230 -0.200709 -0.393218
v 0.497490 -0.199873 -0.226269
v 0.382775 -0.199873 -0.390100
v 0.493036 -0.199032 -0.223150
v 0.378321 -0.199032 -0.386981
v 0.488582 -0.198185 -0.220031
v 0.373867 -0.198185 -0.383862
v 0.484127 -0.197333 -0.216912
v 0.369412 -0.197333 -0.380743
v 0.479673 -0.196474 -0.213793
v 0.364958 -0.196474 -0.377624
v 0.475219 -0.195611 -0.210674
v 0.360504 -0.195611 -0.374505
v 0.470764 -0.194741 -0.207555
v 0.356049 -0.194741 -0.371386
v 0.466310 -0.193866 -0.204436
v 0.351595 -0.193866 -0.368267
v 0.461856 -0.192985 -0.201317
v 0.347140 -0.192985 -0.365148
v 0.456330 -0.191943 -0.197448
v 0.341614 -0.191943 -0.361278
v 0.450998 -0.190991 -0.193715
v 0.336283 -0.190991 -0.357545
v 0.445862 -0.190130 -0.190118
v 0.331147 -0.190130 -0.353949
v 0.440920 -0.189360 -0.186658
v 0.326205 -0.189360 -0.350489
v 0.436174 -0.188680 -0.183335
v 0.321458 -0.188680 -0.347165
v 0.431622 -0.188091 -0.180148
v 0.316907 -0.188091 -0.343978
v 0.427265 -0.187593 -0.177097
v 0.312550 -0.187593 -0.340927
v 0.423103 -0.187185 -0.174183
v 0.308388 -0.187185 -0.338013
v 0.419136 -0.186868 -0.171405
v 0.304421 -0.186868 -0.335235
v 0.415364 -0.186641 -0.168763
v 0.300648 -0.186641 -0.332594
v 0.411786 -0.186505 -0.166258
v 0.297071 -0.186505 -0.330089
v 0.408404 -0.186460 -0.163890
v 0.293688 -0.186460 -0.327720
v 0.401734 -0.186808 -0.159220
v 0.287019 -0.186808 -0.323050
v 0.395644 -0.187853 -0.154955
v 0.280929 -0.187853 -0.318786
v 0.390134 -0.189595 -0.151097
v 0.275419 -0.189595 -0.314928
v 0.385204 -0.192034 -0.147645
v 0.270489 -0.192034 -0.311476
v 0.380854 -0.195169 -0.144600
v 0.266139 -0.195169 -0.308430
v 0.377084 -0.199001 -0.141960
v 0.262369 -0.199001 -0.305790
v 0.373894 -0.203529 -0.139726
v 0.259179 -0.203529 -0.303557
v 0.371284 -0.208755 -0.137899
v 0.256569 -0.208755 -0.301729
v 0.369254 -0.214677 -0.136477
v 0.254539 -0.214677 -0.300308
v 0.367804 -0.221296 -0.135462
v 0.253089 -0.221296 -0.299292
v 0.366934 -0.228611 -0.134853
v 0.252219 -0.228611 -0.298683
v 0.166199 -0.520473 0.005703
v 0.051484 -0.520473 -0.158127
v 0.166199 -0.600000 0.005703
v 0.051484 -0.600000 -0.158127
v 0.251054 -0.600000 -0.053713
v 0.136339 -0.600000 -0.217543
v 0.257831 -0.599646 -0.058458
v 0.143116 -0.599646 -0.222288
v 0.264018 -0.598584 -0.062790
v 0.149303 -0.598584 -0.226621
v 0.269616 -0.596814 -0.066710
v 0.154901 -0.596814 -0.230540
v 0.274625 -0.594336 -0.070217
v 0.159910 -0.594336 -0.234048
v 0.279045 -0.591150 -0.073312
v 0.164330 -0.591150 -0.237142
v 0.282875 -0.587255 -0.075994
v 0.168160 -0.587255 -0.239824
v 0.286116 -0.582653 -0.078263
v 0.171401 -0.582653 -0.242094
v 0.288768 -0.577343 -0.080120
v 0.174053 -0.577343 -0.243950
v 0.290830 -0.571324 -0.081564
v 0.176115 -0.571324 -0.245394
v 0.292303 -0.564598 -0.082596
v 0.177588 -0.564598 -0.246426
v 0.293187 -0.557164 -0.083215
v 0.178472 -0.557164 -0.247045
v 0.293482 -0.549021 -0.083421
v 0.178767 -0.549021 -0.247251
v 0.293482 -0.267618 -0.083421
v 0.178767 -0.267618 -0.247251
v 0.329562 -0.267618 -0.108684
v 0.214847 -0.267618 -0.272515
v 0.329562 -0.188091 -0.108684
v 0.214847 -0.188091 -0.272515
v 0.293482 -0.188091 -0.083421
v 0.178767 -0.188091 -0.247251
v 0.293482 -0.076346 -0.083421
v 0.178767 -0.076346 -0.247251
v 0.217313 -0.076346 -0.030087
v 0.102598 -0.076346 -0.193917
v 0.217313 -0.188091 -0.030087
v 0.102598 -0.188091 -0.193917
v 0.168204 -0.188091 0.004300
v 0.053489 -0.188091 -0.159530
v 0.168204 -0.267618 0.004300
v 0.053489 -0.267618 -0.159530
v 0.217313 -0.267618 -0.030087
v 0.102598 -0.267618 -0.193917
v 0.217313 -0.520473 -0.030087
v 0.102598 -0.520473 -0.193917
v -0.090370 -0.241517 0.185355
v -0.205086 -0.241517 0.021525
v -0.090370 -0.341028 0.185355
v -0.205086 -0.341028 0.021525
v -0.015203 -0.341028 0.132723
v -0.129919 -0.341028 -0.031107
v -0.015203 -0.241517 0.132723
v -0.129919 -0.241517 -0.031107
v -0.090370 -0.501305 0.185355
v -0.205086 -0.501305 0.021525
v -0.090370 -0.600000 0.185355
v -0.205086 -0.600000 0.021525
v -0.015203 -0.600000 0.132723
v -0.129919 -0.600000 -0.031107
v -0.015203 -0.501305 0.132723
v -0.129919 -0.501305 -0.031107
v -0.548721 -0.082871 0.506296
v -0.663437 -0.082871 0.342466
v -0.548721 -0.479690 0.506296
v -0.663437 -0.479690 0.342466
v -0.548531 -0.488902 0.506163
v -0.663246 -0.488902 0.342333
v -0.547960 -0.497776 0.505763
v -0.662676 -0.497776 0.341933
v -0.547009 -0.506314 0.505097
v -0.661725 -0.506314 0.341267
v -0.545678 -0.514514 0.504165
v -0.660393 -0.514514 0.340335
v -0.543965 -0.522378 0.502966
v -0.658681 -0.522378 0.339136
v -0.541873 -0.529904 0.501501
v -0.656588 -0.529904 0.337671
v -0.539400 -0.537094 0.499769
v -0.654115 -0.537094 0.335939
v -0.536546 -0.543946 0.497771
v -0.651261 -0.543946 0.333941
v -0.533312 -0.550461 0.495507
v -0.648027 -0.550461 0.331676
v -0.529698 -0.556640 0.492976
v -0.644413 -0.556640 0.329145
v -0.525703 -0.562481 0.490178
v -0.640418 -0.562481 0.326348
v -0.521327 -0.567985 0.487115
v -0.636042 -0.567985 0.323284
v -0.516629 -0.573099 0.483825
v -0.631345 -0.573099 0.319995
v -0.511667 -0.577768 0.480350
v -0.626382 -0.577768 0.316520
v -0.506440 -0.581992 0.476691
v -0.621155 -0.581992 0.312860
v -0.500949 -0.585771 0.472845
v -0.615664 -0.585771 0.309015
v -0.495193 -0.589106 0.468815
v -0.609908 -0.589106 0.304985
v -0.489172 -0.591996 0.464600
v -0.603888 -0.591996 0.300769
v -0.482888 -0.594442 0.460199
v -0.597603 -0.594442 0.296369
v -0.476338 -0.596443 0.455613
v -0.591054 -0.596443 0.291783
v -0.469525 -0.597999 0.450842
v -0.584240 -0.597999 0.287012
v -0.462446 -0.599111 0.445886
v -0.577162 -0.599111 0.282056
v -0.455104 -0.599778 0.440745
v -0.569819 -0.599778 0.276914
v -0.447497 -0.600000 0.435418
v -0.562212 -0.600000 0.271588
v -0.288143 -0.600000 0.323837
v -0.402858 -0.600000 0.160007
v -0.288143 0.038255 0.323837
v -0.402858 0.038254 0.160007
v -0.447497 0.038255 0.435418
v -0.562212 0.038254 0.271588
v -0.455104 0.038029 0.440745
v -0.569819 0.038029 0.276914
v -0.462446 0.037354 0.445886
v -0.577162 0.037354 0.282056
v -0.469525 0.036228 0.450842
v -0.584240 0.036228 0.287012
v -0.476338 0.034652 0.455613
v -0.591054 0.034652 0.291783
v -0.482888 0.032626 0.460199
v -0.597603 0.032626 0.296369
v -0.489172 0.030149 0.464600
v -0.603888 0.030149 0.300769
v -0.495193 0.027222 0.468815
v -0.609908 0.027222 0.304985
v -0.500949 0.023845 0.472845
v -0.615664 0.023844 0.309015
v -0.506440 0.020017 0.476691
v -0.621155 0.020017 0.312860
v -0.511667 0.015739 0.480350
v -0.626382 0.015739 0.316520
v -0.516629 0.011011 0.483825
v -0.631345 0.011011 0.319995
v -0.521327 0.005832 0.487115
v -0.636042 0.005832 0.323284
v -0.525703 0.000263 0.490178
v -0.640418 0.000263 0.326348
v -0.529698 -0.005638 0.492976
v -0.644413 -0.005638 0.329145
v -0.533312 -0.011870 0.495507
v -0.648027 -0.011870 0.331676
v -0.536546 -0.018434 0.497771
v -0.651261 -0.018434 0.333941
v -0.539400 -0.025329 0.499769
v -0.654115 -0.025329 0.335939
v -0.541873 -0.032555 0.501501
v -0.656588 -0.032555 0.337670
v -0.543965 -0.040113 0.502966
v -0.658681 -0.040113 0.339136
v -0.545678 -0.048002 0.504165
v -0.660393 -0.048002 0.340335
v -0.547009 -0.056222 0.505097
v -0.661725 -0.056222 0.341267
v -0.547960 -0.064774 0.505763
v -0.662676 -0.064774 0.341933
v -0.548531 -0.073657 0.506163
v -0.663246 -0.073657 0.342333
v -0.422441 -0.518026 0.417874
v -0.537156 -0.518026 0.254043
v -0.430071 -0.517649 0.423217
v -0.544787 -0.517649 0.259386
v -0.437038 -0.516519 0.428095
v -0.551753 -0.516519 0.264264
v -0.443341 -0.514636 0.432509
v -0.558057 -0.514636 0.268678
v -0.448981 -0.511999 0.436458
v -0.563697 -0.511999 0.272627
v -0.453958 -0.508609 0.439942
v -0.568673 -0.508609 0.276112
v -0.458270 -0.504466 0.442962
v -0.572986 -0.504466 0.279132
v -0.461920 -0.499569 0.445517
v -0.576635 -0.499569 0.281687
v -0.464906 -0.493919 0.447608
v -0.579621 -0.493919 0.283777
v -0.467228 -0.487515 0.449234
v -0.581943 -0.487515 0.285404
v -0.468887 -0.480358 0.450395
v -0.583602 -0.480358 0.286565
v -0.469882 -0.472448 0.451092
v -0.584597 -0.472448 0.287262
v -0.470214 -0.463785 0.451325
v -0.584929 -0.463785 0.287494
v -0.470214 -0.097145 0.451325
v -0.584929 -0.097145 0.287494
v -0.469896 -0.088612 0.451102
v -0.584611 -0.088612 0.287272
v -0.468942 -0.080821 0.450434
v -0.583658 -0.080821 0.286604
v -0.467353 -0.073771 0.449322
v -0.582068 -0.073771 0.285491
v -0.465128 -0.067464 0.447764
v -0.579844 -0.067464 0.283933
v -0.462268 -0.061899 0.445761
v -0.576983 -0.061899 0.281930
v -0.458772 -0.057076 0.443313
v -0.573487 -0.057076 0.279482
v -0.454640 -0.052995 0.440420
v -0.569355 -0.052995 0.276589
v -0.449872 -0.049656 0.437081
v -0.564587 -0.049656 0.273251
v -0.444469 -0.047058 0.433298
v -0.559184 -0.047058 0.269468
v -0.438430 -0.045203 0.429070
v -0.553145 -0.045203 0.265239
v -0.431756 -0.044090 0.424396
v -0.546471 -0.044090 0.260566
v -0.424445 -0.043719 0.419277
v -0.539161 -0.043719 0.255447
v -0.366316 -0.043719 0.378575
v -0.481032 -0.043719 0.214744
v -0.366316 -0.518026 0.378575
v -0.481032 -0.518026 0.214745
v 1.092422 -1.514763 -0.642845
v 0.977707 -1.514763 -0.806675
v 1.092422 -1.600000 -0.642845
v 0.977707 -1.600000 -0.806675
v 1.297879 -1.600000 -0.786707
v 1.183163 -1.600000 -0.950537
v 1.297879 -0.961745 -0.786707
v 1.183163 -0.961745 -0.950537
v 1.219705 -0.961745 -0.731969
v 1.104990 -0.961745 -0.895800
v 1.219705 -1.514763 -0.731969
v 1.104990 -1.514763 -0.895800
v 0.831844 -1.462969 -0.460386
v 0.717129 -1.462969 -0.624216
v 0.831844 -1.549021 -0.460386
v 0.717129 -1.549021 -0.624216
v 0.832143 -1.557164 -0.460595
v 0.717428 -1.557164 -0.624426
v 0.833041 -1.564598 -0.461224
v 0.718326 -1.564598 -0.625054
v 0.834537 -1.571324 -0.462272
v 0.719822 -1.571324 -0.626102
v 0.836632 -1.577343 -0.463739
v 0.721917 -1.577343 -0.627569
v 0.839326 -1.582653 -0.465625
v 0.724611 -1.582653 -0.629455
v 0.842618 -1.587255 -0.467930
v 0.727903 -1.587255 -0.631760
v 0.846508 -1.591149 -0.470654
v 0.731793 -1.591149 -0.634484
v 0.850998 -1.594336 -0.473797
v 0.736282 -1.594336 -0.637628
v 0.856085 -1.596814 -0.477360
v 0.741370 -1.596814 -0.641190
v 0.861771 -1.598584 -0.481341
v 0.747056 -1.598584 -0.645172
v 0.868056 -1.599646 -0.485742
v 0.753341 -1.599646 -0.649572
v 0.874940 -1.600000 -0.490562
v 0.760224 -1.600000 -0.654392
v 1.006899 -1.600000 -0.582961
v 0.892184 -1.600000 -0.746791
v 1.013783 -1.599646 -0.587781
v 0.899067 -1.599646 -0.751611
v 1.020067 -1.598584 -0.592181
v 0.905352 -1.598584 -0.756012
v 1.025753 -1.596814 -0.596163
v 0.911038 -1.596814 -0.759993
v 1.030841 -1.594336 -0.599725
v 0.916126 -1.594336 -0.763556
v 1.035330 -1.591149 -0.602868
v 0.920615 -1.591149 -0.766699
v 1.039221 -1.587255 -0.605593
v 0.924506 -1.587255 -0.769423
v 1.042513 -1.582653 -0.607898
v 0.927798 -1.582653 -0.771728
v 1.045206 -1.577343 -0.609784
v 0.930491 -1.577343 -0.773614
v 1.047301 -1.571324 -0.611251
v 0.932586 -1.571324 -0.775081
v 1.048798 -1.564598 -0.612298
v 0.934082 -1.564598 -0.776129
v 1.049695 -1.557164 -0.612927
v 0.934980 -1.557164 -0.776757
v 1.049995 -1.549021 -0.613137
v 0.935279 -1.549021 -0.776967
v 1.049995 -1.239070 -0.613137
v 0.935279 -1.239070 -0.776967
v 1.049695 -1.230928 -0.612927
v 0.934980 -1.230928 -0.776758
v 1.048798 -1.223493 -0.612299
v 0.934082 -1.223493 -0.776129
v 1.047301 -1.216767 -0.611251
v 0.932586 -1.216767 -0.775081
v 1.045206 -1.210749 -0.609784
v 0.930491 -1.210749 -0.773614
v 1.042513 -1.205438 -0.607898
v 0.927798 -1.205438 -0.771728
v 1.039221 -1.200836 -0.605593
v 0.924506 -1.200836 -0.769423
v 1.035330 -1.196942 -0.602869
v 0.920615 -1.196942 -0.766699
v 1.030841 -1.193756 -0.599725
v 0.916126 -1.193756 -0.763556
v 1.025754 -1.191278 -0.596163
v 0.911038 -1.191278 -0.759993
v 1.020067 -1.189507 -0.592181
v 0.905352 -1.189507 -0.756012
v 1.013783 -1.188445 -0.587781
v 0.899067 -1.188445 -0.751611
v 1.006899 -1.188091 -0.582961
v 0.892184 -1.188091 -0.746791
v 0.874939 -1.188091 -0.490562
v 0.760224 -1.188091 -0.654392
v 0.868056 -1.188445 -0.485742
v 0.753341 -1.188445 -0.649572
v 0.861771 -1.189507 -0.481341
v 0.747056 -1.189507 -0.645172
v 0.856085 -1.191278 -0.477360
v 0.741370 -1.191278 -0.641190
v 0.850997 -1.193756 -0.473797
v 0.736282 -1.193756 -0.637628
v 0.846508 -1.196942 -0.470654
v 0.731793 -1.196942 -0.634484
v 0.842618 -1.200836 -0.467930
v 0.727902 -1.200836 -0.631760
v 0.839326 -1.205438 -0.465625
v 0.724610 -1.205438 -0.629455
v 0.836632 -1.210749 -0.463739
v 0.721917 -1.210749 -0.627569
v 0.834537 -1.216767 -0.462272
v 0.719822 -1.216767 -0.626102
v 0.833041 -1.223493 -0.461224
v 0.718326 -1.223493 -0.625054
v 0.832143 -1.230928 -0.460595
v 0.717428 -1.230928 -0.624426
v 0.831844 -1.239070 -0.460386
v 0.717129 -1.239070 -0.624216
v 0.831844 -1.390375 -0.460386
v 0.717129 -1.390375 -0.624216
v 0.852891 -1.416068 -0.475123
v 0.738175 -1.416068 -0.638953
v 0.976832 -1.416068 -0.561908
v 0.862117 -1.416068 -0.725738
v 0.976832 -1.531484 -0.561908
v 0.862117 -1.531484 -0.725738
v 0.905006 -1.531484 -0.511615
v 0.790291 -1.531484 -0.675445
v 0.905006 -1.462969 -0.511615
v 0.790291 -1.462969 -0.675445
v 0.976832 -1.355302 -0.561908
v 0.862117 -1.355302 -0.725738
v 0.905006 -1.355302 -0.511615
v 0.790291 -1.355302 -0.675445
v 0.905006 -1.256607 -0.511615
v 0.790291 -1.256607 -0.675445
v 0.976832 -1.256607 -0.561908
v 0.862117 -1.256607 -0.725738
v 0.628058 -0.961745 -0.317693
v 0.513343 -0.961745 -0.481524
v 0.628058 -1.042904 -0.317693
v 0.513343 -1.042904 -0.481524
v 0.684183 -1.042904 -0.356992
v 0.569467 -1.042904 -0.520823
v 0.684183 -1.188091 -0.356992
v 0.569467 -1.188091 -0.520823
v 0.635408 -1.188091 -0.322840
v 0.520692 -1.188091 -0.486670
v 0.635408 -1.267618 -0.322840
v 0.520692 -1.267618 -0.486670
v 0.684183 -1.267618 -0.356992
v 0.569467 -1.267618 -0.520823
v 0.684183 -1.600000 -0.356992
v 0.569467 -1.600000 -0.520823
v 0.760018 -1.600000 -0.410093
v 0.645302 -1.600000 -0.573923
v 0.760018 -1.267618 -0.410093
v 0.645302 -1.267618 -0.573923
v 0.794761 -1.267618 -0.434420
v 0.680046 -1.267618 -0.598251
v 0.794761 -1.188091 -0.434420
v 0.680046 -1.188091 -0.598251
v 0.760018 -1.188091 -0.410093
v 0.645302 -1.188091 -0.573923
v 0.760018 -1.012724 -0.410093
v 0.645302 -1.012724 -0.573923
v 0.759723 -1.004582 -0.409886
v 0.645008 -1.004582 -0.573717
v 0.758839 -0.997147 -0.409267
v 0.644124 -0.997147 -0.573098
v 0.757366 -0.990421 -0.408236
v 0.642651 -0.990421 -0.572066
v 0.755304 -0.984403 -0.406792
v 0.640588 -0.984403 -0.570622
v 0.752652 -0.979092 -0.404935
v 0.637936 -0.979092 -0.568765
v 0.749411 -0.974490 -0.402666
v 0.634696 -0.974490 -0.566496
v 0.745581 -0.970596 -0.399984
v 0.630865 -0.970596 -0.563814
v 0.741161 -0.967410 -0.396889
v 0.626446 -0.967410 -0.560719
v 0.736152 -0.964932 -0.393382
v 0.621437 -0.964932 -0.557212
v 0.730554 -0.963161 -0.389462
v 0.615839 -0.963161 -0.553293
v 0.724367 -0.962099 -0.385130
v 0.609652 -0.962099 -0.548960
v 0.717590 -0.961745 -0.380385
v 0.602875 -0.961745 -0.544215
v 0.454339 -1.520473 -0.196054
v 0.339624 -1.520473 -0.359884
v 0.454339 -1.600000 -0.196054
v 0.339624 -1.600000 -0.359884
v 0.539194 -1.600000 -0.255470
v 0.424479 -1.600000 -0.419301
v 0.545971 -1.599646 -0.260215
v 0.431255 -1.599646 -0.424046
v 0.552158 -1.598584 -0.264548
v 0.437443 -1.598584 -0.428378
v 0.557756 -1.596814 -0.268467
v 0.443041 -1.596814 -0.432298
v 0.562765 -1.594336 -0.271975
v 0.448050 -1.594336 -0.435805
v 0.567184 -1.591149 -0.275069
v 0.452469 -1.591149 -0.438900
v 0.571015 -1.587255 -0.277751
v 0.456299 -1.587255 -0.441582
v 0.574256 -1.582653 -0.280021
v 0.459540 -1.582653 -0.443851
v 0.576907 -1.577343 -0.281877
v 0.462192 -1.577343 -0.445708
v 0.578970 -1.571324 -0.283321
v 0.464254 -1.571324 -0.447152
v 0.580443 -1.564598 -0.284353
v 0.465728 -1.564598 -0.448183
v 0.581327 -1.557164 -0.284972
v 0.466611 -1.557164 -0.448802
v 0.581622 -1.549021 -0.285178
v 0.466906 -1.549021 -0.449009
v 0.581622 -1.267618 -0.285178
v 0.466906 -1.267618 -0.449009
v 0.617702 -1.267618 -0.310442
v 0.502986 -1.267618 -0.474272
v 0.617702 -1.188091 -0.310442
v 0.502986 -1.188091 -0.474272
v 0.581622 -1.188091 -0.285178
v 0.466906 -1.188091 -0.449009
v 0.581622 -1.076346 -0.285178
v 0.466906 -1.076346 -0.449009
v 0.505452 -1.076346 -0.231844
v 0.390737 -1.076346 -0.395674
v 0.505452 -1.188091 -0.231844
v 0.390737 -1.188091 -0.395674
v 0.456343 -1.188091 -0.197458
v 0.341628 -1.188091 -0.361288
v 0.456343 -1.267618 -0.197458
v 0.341628 -1.267618 -0.361288
v 0.505452 -1.267618 -0.231844
v 0.390737 -1.267618 -0.395674
v 0.505452 -1.520473 -0.231844
v 0.390737 -1.520473 -0.395674
v -0.084190 -1.241517 0.181028
v -0.198905 -1.241517 0.017198
v -0.084190 -1.341028 0.181028
v -0.198905 -1.341028 0.017198
v -0.009023 -1.341028 0.128396
v -0.123738 -1.341028 -0.035435
v -0.009023 -1.241517 0.128396
v -0.123738 -1.241517 -0.035435
v -0.084190 -1.501305 0.181028
v -0.198905 -1.501305 0.017198
v -0.084190 -1.600000 0.181028
v -0.198905 -1.600000 0.017198
v -0.009023 -1.600000 0.128396
v -0.123738 -1.600000 -0.035435
v -0.009023 -1.501305 0.128396
v -0.123738 -1.501305 -0.035435
v -0.446327 -0.960930 0.434599
v -0.561043 -0.960930 0.270769
v -0.546884 -1.600000 0.505010
v -0.661599 -1.600000 0.341179
v -0.469379 -1.600000 0.450740
v -0.584094 -1.600000 0.286910
v -0.453677 -1.478874 0.439746
v -0.568392 -1.478874 0.275915
v -0.355793 -1.478874 0.371206
v -0.470508 -1.478874 0.207376
v -0.340091 -1.600000 0.360212
v -0.454807 -1.600000 0.196382
v -0.262920 -1.600000 0.306176
v -0.377635 -1.600000 0.142346
v -0.262920 -1.598369 0.306176
v -0.377635 -1.598369 0.142346
v -0.364145 -0.960930 0.377055
v -0.478860 -0.960930 0.213224
v -0.366149 -1.396900 0.378458
v -0.480865 -1.396900 0.214628
v -0.442652 -1.396900 0.432026
v -0.557368 -1.396900 0.268196
v -0.404568 -1.108972 0.405359
v -0.519283 -1.108972 0.241529
v 1.179115 -1.961746 -0.703548
v 1.064400 -1.961746 -0.867378
v 1.179115 -2.541680 -0.703548
v 1.064400 -2.541680 -0.867378
v 1.179449 -2.550995 -0.703782
v 1.064734 -2.550995 -0.867612
v 1.180451 -2.559500 -0.704483
v 1.065736 -2.559500 -0.868314
v 1.182122 -2.567195 -0.705653
v 1.067406 -2.567195 -0.869483
v 1.184460 -2.574080 -0.707290
v 1.069745 -2.574080 -0.871121
v 1.187467 -2.580155 -0.709396
v 1.072752 -2.580155 -0.873226
v 1.191142 -2.585420 -0.711969
v 1.076427 -2.585420 -0.875799
v 1.195485 -2.589875 -0.715010
v 1.080770 -2.589875 -0.878840
v 1.200496 -2.593520 -0.718519
v 1.085781 -2.593520 -0.882349
v 1.206175 -2.596355 -0.722495
v 1.091460 -2.596355 -0.886326
v 1.212523 -2.598380 -0.726940
v 1.097807 -2.598380 -0.890770
v 1.219538 -2.599595 -0.731852
v 1.104823 -2.599595 -0.895683
v 1.227222 -2.600000 -0.737232
v 1.112507 -2.600000 -0.901063
v 1.375551 -2.600000 -0.841094
v 1.260836 -2.600000 -1.004924
v 1.383075 -2.599595 -0.846362
v 1.268360 -2.599595 -1.010192
v 1.389944 -2.598380 -0.851172
v 1.275229 -2.598380 -1.015002
v 1.396160 -2.596355 -0.855524
v 1.281444 -2.596355 -1.019354
v 1.401721 -2.593520 -0.859418
v 1.287005 -2.593520 -1.023248
v 1.406627 -2.589875 -0.862853
v 1.291912 -2.589875 -1.026684
v 1.410880 -2.585420 -0.865831
v 1.296164 -2.585420 -1.029661
v 1.414478 -2.580155 -0.868350
v 1.299763 -2.580155 -1.032181
v 1.417422 -2.574080 -0.870412
v 1.302707 -2.574080 -1.034242
v 1.419712 -2.567195 -0.872015
v 1.304996 -2.567195 -1.035846
v 1.421347 -2.559500 -0.873160
v 1.306632 -2.559500 -1.036991
v 1.422329 -2.550995 -0.873848
v 1.307613 -2.550995 -1.037678
v 1.422656 -2.541680 -0.874077
v 1.307940 -2.541680 -1.037907
v 1.422656 -2.384665 -0.874077
v 1.307940 -2.384665 -1.037907
v 1.344816 -2.384665 -0.819573
v 1.230101 -2.384665 -0.983403
v 1.344816 -2.518026 -0.819573
v 1.230101 -2.518026 -0.983403
v 1.257289 -2.518026 -0.758285
v 1.142573 -2.518026 -0.922116
v 1.257288 -1.961746 -0.758285
v 1.142573 -1.961746 -0.922116
v 0.896488 -2.188091 -0.505650
v 0.781772 -2.188091 -0.669480
v 0.896488 -2.600000 -0.505650
v 0.781772 -2.600000 -0.669480
v 0.972657 -2.600000 -0.558984
v 0.857941 -2.600000 -0.722814
v 0.972657 -2.585726 -0.558984
v 0.857941 -2.585726 -0.722814
v 0.977058 -2.586609 -0.562066
v 0.862342 -2.586609 -0.725896
v 0.981463 -2.587493 -0.565150
v 0.866748 -2.587493 -0.728981
v 0.985874 -2.588377 -0.568238
v 0.871158 -2.588377 -0.732069
v 0.990288 -2.589260 -0.571330
v 0.875573 -2.589260 -0.735160
v 0.994708 -2.590144 -0.574424
v 0.879993 -2.590144 -0.738255
v 0.999132 -2.591027 -0.577522
v 0.884417 -2.591027 -0.741353
v 1.003561 -2.591911 -0.580623
v 0.888846 -2.591911 -0.744454
v 1.007994 -2.592794 -0.583728
v 0.893279 -2.592794 -0.747558
v 1.012433 -2.593678 -0.586835
v 0.897717 -2.593678 -0.750666
v 1.016875 -2.594562 -0.589946
v 0.902160 -2.594562 -0.753777
v 1.021323 -2.595445 -0.593060
v 0.906607 -2.595445 -0.756891
v 1.025775 -2.596329 -0.596178
v 0.911059 -2.596329 -0.760008
v 1.031097 -2.597306 -0.599904
v 0.916381 -2.597306 -0.763734
v 1.036261 -2.598199 -0.603520
v 0.921546 -2.598199 -0.767350
v 1.041267 -2.599006 -0.607026
v 0.926552 -2.599006 -0.770856
v 1.046116 -2.599728 -0.610421
v 0.931401 -2.599728 -0.774251
v 1.050807 -2.600365 -0.613705
v 0.936092 -2.600365 -0.777536
v 1.055340 -2.600917 -0.616880
v 0.940625 -2.600917 -0.780710
v 1.059716 -2.601385 -0.619943
v 0.945000 -2.601385 -0.783774
v 1.063933 -2.601767 -0.622897
v 0.949218 -2.601767 -0.786727
v 1.067993 -2.602064 -0.625739
v 0.953278 -2.602064 -0.789570
v 1.071896 -2.602277 -0.628472
v 0.957180 -2.602277 -0.792302
v 1.075640 -2.602404 -0.631094
v 0.960925 -2.602404 -0.794924
v 1.079227 -2.602447 -0.633605
v 0.964511 -2.602447 -0.797435
v 1.085897 -2.602093 -0.638275
v 0.971181 -2.602093 -0.802106
v 1.091987 -2.601031 -0.642540
v 0.977271 -2.601031 -0.806370
v 1.097496 -2.599261 -0.646398
v 0.982781 -2.599261 -0.810228
v 1.102426 -2.596782 -0.649850
v 0.987711 -2.596782 -0.813680
v 1.106776 -2.593596 -0.652895
v 0.992061 -2.593596 -0.816726
v 1.110546 -2.589702 -0.655535
v 0.995831 -2.589702 -0.819366
v 1.113736 -2.585100 -0.657769
v 0.999021 -2.585100 -0.821599
v 1.116346 -2.579790 -0.659596
v 1.001631 -2.579790 -0.823427
v 1.118376 -2.573771 -0.661018
v 1.003661 -2.573771 -0.824848
v 1.119826 -2.567045 -0.662033
v 1.005111 -2.567045 -0.825863
v 1.120696 -2.559611 -0.662642
v 1.005981 -2.559611 -0.826473
v 1.120986 -2.551468 -0.662845
v 1.006271 -2.551468 -0.826676
v 1.120986 -2.188091 -0.662845
v 1.006271 -2.188091 -0.826676
v 1.045151 -2.188091 -0.609745
v 0.930436 -2.188091 -0.773575
v 1.045151 -2.522512 -0.609745
v 0.930436 -2.522512 -0.773575
v 0.972657 -2.520473 -0.558984
v 0.857941 -2.520473 -0.722814
v 0.972657 -2.188091 -0.558984
v 0.857941 -2.188091 -0.722814
v 0.468871 -2.236623 -0.206230
v 0.354156 -2.236623 -0.370060
v 0.468871 -2.600000 -0.206230
v 0.354156 -2.600000 -0.370060
v 0.544706 -2.600000 -0.259330
v 0.429991 -2.600000 -0.423160
v 0.544706 -2.265987 -0.259330
v 0.429991 -2.265987 -0.423160
v 0.616533 -2.267618 -0.309623
v 0.501817 -2.267618 -0.473454
v 0.616533 -2.600000 -0.309623
v 0.501817 -2.600000 -0.473454
v 0.692702 -2.600000 -0.362957
v 0.577986 -2.600000 -0.526788
v 0.692702 -2.265987 -0.362957
v 0.577986 -2.265987 -0.526788
v 0.764528 -2.267618 -0.413251
v 0.649813 -2.267618 -0.577081
v 0.764528 -2.600000 -0.413251
v 0.649813 -2.600000 -0.577081
v 0.841031 -2.600000 -0.466819
v 0.726316 -2.600000 -0.630649
v 0.841031 -2.188091 -0.466819
v 0.726316 -2.188091 -0.630649
v 0.764528 -2.188091 -0.413251
v 0.649813 -2.188091 -0.577081
v 0.764528 -2.203181 -0.413251
v 0.649813 -2.203181 -0.577081
v 0.760076 -2.202297 -0.410133
v 0.645361 -2.202297 -0.573964
v 0.755628 -2.201414 -0.407019
v 0.640913 -2.201414 -0.570850
v 0.751186 -2.200530 -0.403908
v 0.636470 -2.200530 -0.567739
v 0.746748 -2.199647 -0.400801
v 0.632032 -2.199647 -0.564631
v 0.742314 -2.198763 -0.397696
v 0.627599 -2.198763 -0.561527
v 0.737885 -2.197880 -0.394595
v 0.623170 -2.197880 -0.558426
v 0.733461 -2.196996 -0.391498
v 0.618746 -2.196996 -0.555328
v 0.729042 -2.196112 -0.388403
v 0.614326 -2.196112 -0.552233
v 0.724627 -2.195229 -0.385312
v 0.609912 -2.195229 -0.549142
v 0.720217 -2.194345 -0.382224
v 0.605501 -2.194345 -0.546054
v 0.715811 -2.193462 -0.379139
v 0.601096 -2.193462 -0.542969
v 0.711410 -2.192577 -0.376057
v 0.596695 -2.192577 -0.539887
v 0.706086 -2.191600 -0.372329
v 0.591370 -2.191600 -0.536159
v 0.700915 -2.190708 -0.368708
v 0.586199 -2.190708 -0.532538
v 0.695896 -2.189901 -0.365194
v 0.581181 -2.189901 -0.529025
v 0.691031 -2.189179 -0.361788
v 0.576316 -2.189179 -0.525618
v 0.686320 -2.188542 -0.358489
v 0.571604 -2.188542 -0.522319
v 0.681761 -2.187989 -0.355297
v 0.567046 -2.187989 -0.519127
v 0.677355 -2.187522 -0.352212
v 0.562640 -2.187522 -0.516042
v 0.673103 -2.187140 -0.349234
v 0.558388 -2.187140 -0.513064
v 0.669003 -2.186842 -0.346364
v 0.554288 -2.186842 -0.510194
v 0.665057 -2.186630 -0.343600
v 0.550342 -2.186630 -0.507431
v 0.661264 -2.186502 -0.340944
v 0.546549 -2.186502 -0.504775
v 0.657624 -2.186460 -0.338396
v 0.542909 -2.186460 -0.502226
v 0.653355 -2.186588 -0.335407
v 0.538640 -2.186588 -0.499237
v 0.649346 -2.186970 -0.332600
v 0.534631 -2.186970 -0.496430
v 0.645597 -2.187607 -0.329974
v 0.530882 -2.187607 -0.493805
v 0.642108 -2.188499 -0.327531
v 0.527393 -2.188499 -0.491362
v 0.638878 -2.189646 -0.325270
v 0.524163 -2.189646 -0.489100
v 0.635909 -2.191048 -0.323191
v 0.521194 -2.191048 -0.487021
v 0.633199 -2.192705 -0.321293
v 0.518484 -2.192705 -0.485124
v 0.630749 -2.194617 -0.319578
v 0.516034 -2.194617 -0.483408
v 0.628559 -2.196783 -0.318044
v 0.513844 -2.196783 -0.481875
v 0.626629 -2.199205 -0.316693
v 0.511914 -2.199205 -0.480523
v 0.624959 -2.201881 -0.315523
v 0.510243 -2.201881 -0.479354
v 0.623548 -2.204812 -0.314536
v 0.508833 -2.204812 -0.478366
v 0.618871 -2.203926 -0.311261
v 0.504156 -2.203926 -0.475091
v 0.614194 -2.203034 -0.307986
v 0.499479 -2.203034 -0.471816
v 0.609517 -2.202136 -0.304711
v 0.494802 -2.202136 -0.468541
v 0.604840 -2.201232 -0.301436
v 0.490125 -2.201232 -0.465266
v 0.600163 -2.200323 -0.298161
v 0.485448 -2.200323 -0.461991
v 0.595486 -2.199409 -0.294886
v 0.480770 -2.199409 -0.458716
v 0.590809 -2.198488 -0.291611
v 0.476093 -2.198488 -0.455442
v 0.586132 -2.197562 -0.288336
v 0.471416 -2.197562 -0.452167
v 0.581455 -2.196630 -0.285061
v 0.466739 -2.196630 -0.448892
v 0.576777 -2.195693 -0.281786
v 0.462062 -2.195693 -0.445617
v 0.572100 -2.194750 -0.278511
v 0.457385 -2.194750 -0.442342
v 0.567424 -2.193801 -0.275237
v 0.452708 -2.193801 -0.439067
v 0.561364 -2.192628 -0.270994
v 0.446649 -2.192628 -0.434824
v 0.555545 -2.191558 -0.266919
v 0.440830 -2.191558 -0.430750
v 0.549968 -2.190589 -0.263014
v 0.435253 -2.190589 -0.426845
v 0.544632 -2.189723 -0.259278
v 0.429917 -2.189723 -0.423108
v 0.539538 -2.188958 -0.255711
v 0.424822 -2.188958 -0.419541
v 0.534684 -2.188295 -0.252312
v 0.419969 -2.188295 -0.416143
v 0.530072 -2.187734 -0.249083
v 0.415357 -2.187734 -0.412913
v 0.525701 -2.187276 -0.246022
v 0.410986 -2.187276 -0.409853
v 0.521572 -2.186919 -0.243131
v 0.406856 -2.186919 -0.406961
v 0.517684 -2.186664 -0.240408
v 0.402968 -2.186664 -0.404239
v 0.514036 -2.186511 -0.237855
v 0.399321 -2.186511 -0.401685
v 0.510631 -2.186460 -0.235470
v 0.395916 -2.186460 -0.399300
v 0.503961 -2.186808 -0.230800
v 0.389246 -2.186808 -0.394630
v 0.497871 -2.187853 -0.226535
v 0.383156 -2.187853 -0.390366
v 0.492361 -2.189595 -0.222677
v 0.377646 -2.189595 -0.386508
v 0.487431 -2.192034 -0.219225
v 0.372716 -2.192034 -0.383056
v 0.483081 -2.195169 -0.216179
v 0.368366 -2.195169 -0.380010
v 0.479311 -2.199001 -0.213540
v 0.364596 -2.199001 -0.377370
v 0.476121 -2.203529 -0.211306
v 0.361406 -2.203529 -0.375137
v 0.473511 -2.208755 -0.209479
v 0.358796 -2.208755 -0.373309
v 0.471481 -2.214677 -0.208057
v 0.356766 -2.214677 -0.371888
v 0.470031 -2.221296 -0.207042
v 0.355316 -2.221296 -0.370872
v 0.469161 -2.228611 -0.206433
v 0.354446 -2.228611 -0.370263
v 0.188917 -2.236623 -0.010203
v 0.074201 -2.236623 -0.174034
v 0.188917 -2.517210 -0.010203
v 0.074201 -2.517210 -0.174034
v 0.189121 -2.525361 -0.010346
v 0.074405 -2.525361 -0.174177
v 0.189733 -2.533093 -0.010775
v 0.075018 -2.533093 -0.174605
v 0.190754 -2.540406 -0.011490
v 0.076039 -2.540406 -0.175320
v 0.192183 -2.547299 -0.012490
v 0.077468 -2.547299 -0.176321
v 0.194020 -2.553773 -0.013777
v 0.079305 -2.553773 -0.177607
v 0.196266 -2.559829 -0.015350
v 0.081551 -2.559829 -0.179180
v 0.198920 -2.565464 -0.017208
v 0.084205 -2.565464 -0.181038
v 0.201983 -2.570681 -0.019352
v 0.087267 -2.570681 -0.183183
v 0.205453 -2.575479 -0.021782
v 0.090738 -2.575479 -0.185613
v 0.209332 -2.579858 -0.024498
v 0.094617 -2.579858 -0.188329
v 0.213620 -2.583817 -0.027500
v 0.098904 -2.583817 -0.191331
v 0.218315 -2.587357 -0.030788
v 0.103600 -2.587357 -0.194619
v 0.222032 -2.589637 -0.033391
v 0.107316 -2.589637 -0.197221
v 0.226055 -2.591719 -0.036208
v 0.111339 -2.591719 -0.200038
v 0.230384 -2.593602 -0.039239
v 0.115668 -2.593602 -0.203069
v 0.235019 -2.595287 -0.042484
v 0.120304 -2.595287 -0.206315
v 0.239960 -2.596774 -0.045945
v 0.125245 -2.596774 -0.209775
v 0.245208 -2.598063 -0.049619
v 0.130493 -2.598063 -0.213449
v 0.250762 -2.599153 -0.053508
v 0.136047 -2.599153 -0.217338
v 0.256622 -2.600045 -0.057611
v 0.141907 -2.600045 -0.221442
v 0.262789 -2.600739 -0.061929
v 0.148074 -2.600739 -0.225760
v 0.269262 -2.601235 -0.066461
v 0.154546 -2.601235 -0.230292
v 0.276041 -2.601532 -0.071208
v 0.161325 -2.601532 -0.235039
v 0.283126 -2.601631 -0.076169
v 0.168410 -2.601631 -0.240000
v 0.284853 -2.601625 -0.077379
v 0.170138 -2.601625 -0.241209
v 0.286694 -2.601609 -0.078668
v 0.171979 -2.601609 -0.242498
v 0.288648 -2.601580 -0.080036
v 0.173933 -2.601580 -0.243867
v 0.290717 -2.601541 -0.081484
v 0.176001 -2.601541 -0.245315
v 0.292899 -2.601490 -0.083012
v 0.178183 -2.601490 -0.246843
v 0.295194 -2.601427 -0.084620
v 0.180479 -2.601427 -0.248450
v 0.297603 -2.601354 -0.086307
v 0.182888 -2.601354 -0.250137
v 0.300126 -2.601269 -0.088073
v 0.185411 -2.601269 -0.251904
v 0.302763 -2.601172 -0.089919
v 0.188048 -2.601172 -0.253750
v 0.305513 -2.601065 -0.091845
v 0.190798 -2.601065 -0.255676
v 0.308377 -2.600946 -0.093851
v 0.193662 -2.600946 -0.257681
v 0.311355 -2.600816 -0.095936
v 0.196640 -2.600816 -0.259766
v 0.314319 -2.600685 -0.098011
v 0.199604 -2.600685 -0.261841
v 0.317141 -2.600566 -0.099987
v 0.202426 -2.600566 -0.263817
v 0.319822 -2.600459 -0.101864
v 0.205107 -2.600459 -0.265694
v 0.322361 -2.600363 -0.103642
v 0.207646 -2.600363 -0.267472
v 0.324759 -2.600278 -0.105321
v 0.210043 -2.600278 -0.269151
v 0.327015 -2.600204 -0.106901
v 0.212300 -2.600204 -0.270731
v 0.329130 -2.600142 -0.108381
v 0.214414 -2.600142 -0.272212
v 0.331103 -2.600091 -0.109763
v 0.216387 -2.600091 -0.273593
v 0.332934 -2.600051 -0.111046
v 0.218219 -2.600051 -0.274876
v 0.334624 -2.600023 -0.112229
v 0.219909 -2.600023 -0.276059
v 0.336173 -2.600006 -0.113313
v 0.221458 -2.600006 -0.277144
v 0.337580 -2.600000 -0.114298
v 0.222865 -2.600000 -0.278129
v 0.337580 -2.750489 -0.114298
v 0.222865 -2.750489 -0.278129
v 0.414083 -2.750489 -0.167867
v 0.299368 -2.750489 -0.331697
v 0.414083 -2.188091 -0.167867
v 0.299368 -2.188091 -0.331697
v 0.337580 -2.188091 -0.114298
v 0.222865 -2.188091 -0.278129
v 0.337580 -2.203181 -0.114298
v 0.222865 -2.203181 -0.278129
v 0.333126 -2.202363 -0.111180
v 0.218410 -2.202363 -0.275010
v 0.328671 -2.201538 -0.108061
v 0.213956 -2.201538 -0.271891
v 0.324217 -2.200708 -0.104942
v 0.209502 -2.200708 -0.268772
v 0.319763 -2.199873 -0.101823
v 0.205047 -2.199873 -0.265653
v 0.315308 -2.199032 -0.098704
v 0.200593 -2.199032 -0.262534
v 0.310854 -2.198185 -0.095585
v 0.196139 -2.198185 -0.259415
v 0.306400 -2.197332 -0.092466
v 0.191684 -2.197332 -0.256296
v 0.301945 -2.196474 -0.089347
v 0.187230 -2.196474 -0.253177
v 0.297491 -2.195611 -0.086228
v 0.182776 -2.195611 -0.250058
v 0.293037 -2.194741 -0.083109
v 0.178321 -2.194741 -0.246939
v 0.288582 -2.193866 -0.079990
v 0.173867 -2.193866 -0.243820
v 0.284128 -2.192985 -0.076871
v 0.169413 -2.192985 -0.240701
v 0.278602 -2.191943 -0.073002
v 0.163887 -2.191943 -0.236832
v 0.273270 -2.190992 -0.069269
v 0.158555 -2.190992 -0.233099
v 0.268134 -2.190131 -0.065672
v 0.153419 -2.190131 -0.229502
v 0.263193 -2.189360 -0.062212
v 0.148477 -2.189360 -0.226042
v 0.258446 -2.188681 -0.058888
v 0.143731 -2.188681 -0.222719
v 0.253894 -2.188092 -0.055701
v 0.139179 -2.188092 -0.219531
v 0.249537 -2.187593 -0.052650
v 0.134822 -2.187593 -0.216481
v 0.245375 -2.187185 -0.049736
v 0.130660 -2.187185 -0.213566
v 0.241408 -2.186868 -0.046958
v 0.126693 -2.186868 -0.210789
v 0.237636 -2.186641 -0.044317
v 0.122921 -2.186641 -0.208147
v 0.234058 -2.186506 -0.041812
v 0.119343 -2.186506 -0.205642
v 0.230676 -2.186460 -0.039443
v 0.115961 -2.186460 -0.203274
v 0.224006 -2.186808 -0.034773
v 0.109291 -2.186808 -0.198604
v 0.217916 -2.187853 -0.030509
v 0.103201 -2.187853 -0.194339
v 0.212406 -2.189595 -0.026651
v 0.097691 -2.189595 -0.190481
v 0.207476 -2.192034 -0.023199
v 0.092761 -2.192034 -0.187029
v 0.203126 -2.195169 -0.020153
v 0.088411 -2.195169 -0.183983
v 0.199356 -2.199001 -0.017513
v 0.084641 -2.199001 -0.181344
v 0.196166 -2.203529 -0.015280
v 0.081451 -2.203529 -0.179110
v 0.193556 -2.208755 -0.013452
v 0.078841 -2.208755 -0.177283
v 0.191527 -2.214677 -0.012031
v 0.076811 -2.214677 -0.175861
v 0.190077 -2.221296 -0.011015
v 0.075361 -2.221296 -0.174846
v 0.189207 -2.228611 -0.010406
v 0.074491 -2.228611 -0.174237
v 0.290141 -2.522512 -0.081082
v 0.175426 -2.522512 -0.244912
v 0.286246 -2.522297 -0.078354
v 0.171531 -2.522297 -0.242184
v 0.282690 -2.521651 -0.075864
v 0.167974 -2.521651 -0.239694
v 0.279472 -2.520575 -0.073611
v 0.164756 -2.520575 -0.237441
v 0.276593 -2.519068 -0.071595
v 0.161877 -2.519068 -0.235425
v 0.274052 -2.517131 -0.069816
v 0.159337 -2.517131 -0.233646
v 0.271851 -2.514763 -0.068274
v 0.157135 -2.514763 -0.232105
v 0.269988 -2.511965 -0.066970
v 0.155272 -2.511965 -0.230800
v 0.268463 -2.508737 -0.065903
v 0.153748 -2.508737 -0.229733
v 0.267278 -2.505077 -0.065072
v 0.152563 -2.505077 -0.228903
v 0.266431 -2.500988 -0.064480
v 0.151716 -2.500988 -0.228310
v 0.265923 -2.496468 -0.064124
v 0.151208 -2.496468 -0.227954
v 0.265754 -2.491517 -0.064005
v 0.151039 -2.491517 -0.227836
v 0.265754 -2.265987 -0.064005
v 0.151039 -2.265987 -0.227836
v 0.337580 -2.267618 -0.114298
v 0.222865 -2.267618 -0.278129
v 0.337580 -2.522512 -0.114298
v 0.222865 -2.522512 -0.278129
v -0.079346 -2.241517 0.177636
v -0.194061 -2.241517 0.013806
v -0.079346 -2.341028 0.177636
v -0.194061 -2.341028 0.013806
v -0.004179 -2.341028 0.125004
v -0.118894 -2.341028 -0.038827
v -0.004179 -2.241517 0.125004
v -0.118894 -2.241517 -0.038827
v -0.079346 -2.501305 0.177636
v -0.194061 -2.501305 0.013806
v -0.079346 -2.600000 0.177636
v -0.194061 -2.600000 0.013806
v -0.004179 -2.600000 0.125004
v -0.118894 -2.600000 -0.038827
v -0.004179 -2.501305 0.125004
v -0.118894 -2.501305 -0.038827
v -0.583799 -1.961746 0.530858
v -0.698514 -1.961746 0.367028
v -0.662975 -1.961746 0.586298
v -0.777690 -1.961746 0.422467
v -0.586472 -2.600816 0.532729
v -0.701187 -2.600816 0.368899
v -0.509969 -2.600816 0.479161
v -0.624684 -2.600816 0.315331
v -0.463198 -2.239070 0.446412
v -0.577913 -2.239070 0.282582
v -0.463077 -2.235674 0.446328
v -0.577793 -2.235674 0.282497
v -0.462938 -2.232012 0.446230
v -0.577653 -2.232012 0.282400
v -0.462780 -2.228084 0.446120
v -0.577496 -2.228084 0.282289
v -0.462604 -2.223890 0.445996
v -0.577319 -2.223890 0.282166
v -0.462409 -2.219429 0.445860
v -0.577124 -2.219429 0.282030
v -0.462196 -2.214702 0.445711
v -0.576911 -2.214702 0.281880
v -0.461964 -2.209709 0.445548
v -0.576679 -2.209709 0.281718
v -0.461713 -2.204450 0.445373
v -0.576428 -2.204450 0.281542
v -0.461444 -2.198924 0.445184
v -0.576159 -2.198924 0.281354
v -0.461156 -2.193133 0.444983
v -0.575872 -2.193133 0.281152
v -0.460850 -2.187075 0.444768
v -0.575565 -2.187075 0.280938
v -0.460525 -2.180750 0.444541
v -0.575241 -2.180750 0.280711
v -0.460507 -2.184146 0.444528
v -0.575222 -2.184146 0.280698
v -0.460451 -2.187808 0.444489
v -0.575166 -2.187808 0.280659
v -0.460358 -2.191736 0.444424
v -0.575074 -2.191736 0.280594
v -0.460228 -2.195931 0.444333
v -0.574944 -2.195931 0.280503
v -0.460061 -2.200391 0.444216
v -0.574777 -2.200391 0.280386
v -0.459857 -2.205118 0.444073
v -0.574573 -2.205118 0.280243
v -0.459616 -2.210111 0.443904
v -0.574331 -2.210111 0.280074
v -0.459338 -2.215370 0.443709
v -0.574053 -2.215370 0.279879
v -0.459022 -2.220896 0.443488
v -0.573737 -2.220896 0.279658
v -0.458669 -2.226688 0.443241
v -0.573385 -2.226688 0.279411
v -0.458280 -2.232746 0.442968
v -0.572995 -2.232746 0.279138
v -0.457853 -2.239070 0.442670
v -0.572568 -2.239070 0.278839
v -0.411416 -2.600816 0.410154
v -0.526132 -2.600816 0.246324
v -0.334579 -2.600816 0.356352
v -0.449294 -2.600816 0.192522
v -0.258076 -1.961746 0.302784
v -0.372791 -1.961746 0.138954
v -0.337252 -1.961746 0.358224
v -0.451967 -1.961746 0.194393
v -0.377675 -2.340212 0.386528
v -0.492390 -2.340212 0.222698
v -0.377846 -2.343608 0.386649
v -0.492562 -2.343608 0.222818
v -0.378027 -2.347270 0.386775
v -0.492743 -2.347270 0.222945
v -0.378218 -2.351198 0.386908
v -0.492933 -2.351198 0.223078
v -0.378417 -2.355392 0.387048
v -0.493132 -2.355392 0.223218
v -0.378626 -2.359853 0.387194
v -0.493341 -2.359853 0.223364
v -0.378844 -2.364580 0.387347
v -0.493559 -2.364580 0.223517
v -0.379071 -2.369573 0.387506
v -0.493787 -2.369573 0.223676
v -0.379308 -2.374832 0.387672
v -0.494023 -2.374832 0.223841
v -0.379554 -2.380358 0.387844
v -0.494269 -2.380358 0.224014
v -0.379809 -2.386149 0.388023
v -0.494524 -2.386149 0.224192
v -0.380074 -2.392207 0.388208
v -0.494789 -2.392207 0.224378
v -0.380347 -2.398532 0.388400
v -0.495063 -2.398532 0.224569
v -0.380419 -2.395136 0.388450
v -0.495135 -2.395136 0.224620
v -0.380524 -2.391474 0.388523
v -0.495239 -2.391474 0.224693
v -0.380661 -2.387546 0.388619
v -0.495376 -2.387546 0.224789
v -0.380830 -2.383351 0.388738
v -0.495545 -2.383351 0.224907
v -0.381032 -2.378891 0.388879
v -0.495747 -2.378891 0.225048
v -0.381266 -2.374164 0.389043
v -0.495981 -2.374164 0.225213
v -0.381533 -2.369171 0.389230
v -0.496248 -2.369171 0.225399
v -0.381832 -2.363911 0.389439
v -0.496547 -2.363911 0.225609
v -0.382164 -2.358386 0.389672
v -0.496879 -2.358386 0.225841
v -0.382528 -2.352594 0.389927
v -0.497243 -2.352594 0.226096
v -0.382925 -2.346536 0.390204
v -0.497640 -2.346536 0.226374
v -0.383354 -2.340212 0.390505
v -0.498069 -2.340212 0.226675
v -0.428454 -1.961746 0.422084
v -0.543169 -1.961746 0.258254
v -0.492597 -1.961746 0.466997
v -0.607312 -1.961746 0.303167
v -0.537697 -2.340212 0.498577
v -0.652412 -2.340212 0.334746
v -0.537871 -2.343608 0.498699
v -0.652586 -2.343608 0.334868
v -0.538059 -2.347270 0.498830
v -0.652774 -2.347270 0.335000
v -0.538260 -2.351198 0.498972
v -0.652976 -2.351198 0.335141
v -0.538476 -2.355392 0.499123
v -0.653192 -2.355392 0.335292
v -0.538706 -2.359853 0.499284
v -0.653421 -2.359853 0.335453
v -0.538949 -2.364580 0.499454
v -0.653665 -2.364580 0.335624
v -0.539207 -2.369573 0.499634
v -0.653922 -2.369573 0.335804
v -0.539478 -2.374832 0.499824
v -0.654194 -2.374832 0.335994
v -0.539764 -2.380358 0.500024
v -0.654479 -2.380358 0.336194
v -0.540063 -2.386149 0.500234
v -0.654778 -2.386149 0.336403
v -0.540376 -2.392207 0.500453
v -0.655092 -2.392207 0.336623
v -0.540703 -2.398532 0.500682
v -0.655419 -2.398532 0.336852
v -0.540773 -2.395136 0.500731
v -0.655488 -2.395136 0.336901
v -0.540870 -2.391474 0.500799
v -0.655586 -2.391474 0.336969
v -0.540996 -2.387546 0.500887
v -0.655711 -2.387546 0.337056
v -0.541149 -2.383351 0.500994
v -0.655864 -2.383351 0.337164
v -0.541330 -2.378891 0.501121
v -0.656045 -2.378891 0.337290
v -0.541539 -2.374164 0.501267
v -0.656254 -2.374164 0.337437
v -0.541775 -2.369171 0.501433
v -0.656491 -2.369171 0.337602
v -0.542040 -2.363911 0.501618
v -0.656755 -2.363911 0.337788
v -0.542332 -2.358386 0.501823
v -0.657047 -2.358386 0.337992
v -0.542652 -2.352594 0.502047
v -0.657367 -2.352594 0.338216
v -0.543000 -2.346536 0.502290
v -0.657715 -2.346536 0.338460
v -0.543376 -2.340212 0.502554
v -0.658091 -2.340212 0.338723
vn -0.5736 -0.0000 -0.8192
vn -0.5736 -0.0000 -0.8191
vn 0.5736 -0.0000 0.8192
vn 0.5736 -0.0000 0.8191
vn 0.5735 -0.0000 0.8192
vn -0.6723 -0.5713 0.4707
vn -0.6710 -0.5736 0.4698
vn 0.4725 -0.8168 -0.3309
vn 0.8073 -0.1697 -0.5653
vn 0.8192 -0.0000 -0.5736
vn 0.5792 0.7071 -0.4056
vn 0.5792 -0.7071 -0.4056
vn -0.5792 -0.7071 0.4056
vn -0.0182 0.9998 0.0127
vn -0.0774 0.9955 0.0542
vn -0.1657 0.9793 0.1160
vn -0.2657 0.9459 0.1860
vn -0.3738 0.8898 0.2618
vn -0.4834 0.8073 0.3385
vn -0.5852 0.6997 0.4098
vn -0.6707 0.5741 0.4696
vn -0.7350 0.4415 0.5147
vn -0.7782 0.3124 0.5449
vn -0.8035 0.1943 0.5626
vn -0.8158 0.0906 0.5712
vn -0.8190 0.0213 0.5734
vn -0.8191 -0.0145 0.5735
vn -0.8176 -0.0608 0.5725
vn -0.8124 -0.1278 0.5689
vn -0.8022 -0.2024 0.5617
vn -0.7854 -0.2842 0.5499
vn -0.7603 -0.3722 0.5324
vn -0.7254 -0.4646 0.5079
vn -0.6796 -0.5583 0.4759
vn -0.6229 -0.6495 0.4361
vn -0.5564 -0.7339 0.3896
vn -0.4826 -0.8081 0.3379
vn -0.4047 -0.8695 0.2834
vn -0.3234 -0.9188 0.2265
vn -0.2531 -0.9511 0.1773
vn -0.2025 -0.9689 0.1418
vn -0.1623 -0.9802 0.1137
vn -0.1298 -0.9874 0.0909
vn -0.1031 -0.9920 0.0722
vn -0.0809 -0.9951 0.0566
vn -0.0621 -0.9971 0.0435
vn -0.0460 -0.9984 0.0322
vn -0.0322 -0.9992 0.0225
vn -0.0201 -0.9997 0.0141
vn -0.0095 -0.9999 0.0067
vn -0.5792 0.7071 0.4056
vn -0.8189 -0.0224 0.5734
vn -0.8154 -0.0955 0.5710
vn -0.8019 -0.2043 0.5615
vn -0.7740 -0.3274 0.5420
vn -0.7273 -0.4601 0.5093
vn -0.6589 -0.5941 0.4614
vn -0.5702 -0.7180 0.3992
vn -0.4670 -0.8215 0.3270
vn -0.3586 -0.8991 0.2511
vn -0.2535 -0.9509 0.1775
vn -0.1576 -0.9813 0.1104
vn -0.0735 -0.9960 0.0515
vn -0.0172 -0.9998 0.0121
vn 0.0172 -0.9998 -0.0121
vn 0.0735 -0.9960 -0.0515
vn 0.1576 -0.9813 -0.1104
vn 0.2535 -0.9509 -0.1775
vn 0.3586 -0.8991 -0.2511
vn 0.4670 -0.8215 -0.3270
vn 0.5702 -0.7180 -0.3992
vn 0.6589 -0.5941 -0.4614
vn 0.7273 -0.4601 -0.5093
vn 0.7740 -0.3274 -0.5420
vn 0.8019 -0.2043 -0.5615
vn 0.8154 -0.0954 -0.5710
vn 0.8189 -0.0224 -0.5734
vn 0.0098 -0.9999 -0.0068
vn 0.0401 -0.9988 -0.0280
vn 0.0824 -0.9949 -0.0577
vn 0.1272 -0.9879 -0.0891
vn 0.1743 -0.9771 -0.1220
vn 0.2233 -0.9621 -0.1563
vn 0.2737 -0.9425 -0.1916
vn 0.3249 -0.9180 -0.2275
vn 0.3762 -0.8883 -0.2634
vn 0.4267 -0.8536 -0.2988
vn 0.4757 -0.8141 -0.3331
vn 0.5223 -0.7703 -0.3657
vn 0.5664 -0.7225 -0.3966
vn 0.6083 -0.6697 -0.4260
vn 0.6478 -0.6120 -0.4536
vn 0.6838 -0.5506 -0.4788
vn 0.7157 -0.4865 -0.5011
vn 0.7431 -0.4209 -0.5203
vn 0.7658 -0.3549 -0.5362
vn 0.7840 -0.2896 -0.5490
vn 0.7980 -0.2260 -0.5587
vn 0.8079 -0.1648 -0.5657
vn 0.8145 -0.1067 -0.5703
vn 0.8181 -0.0518 -0.5728
vn 0.8191 -0.0126 -0.5735
vn 0.8191 0.0119 -0.5735
vn 0.8182 0.0490 -0.5729
vn 0.8150 0.1010 -0.5706
vn 0.8091 0.1561 -0.5665
vn 0.8002 0.2141 -0.5603
vn 0.7876 0.2747 -0.5515
vn 0.7712 0.3371 -0.5400
vn 0.7505 0.4007 -0.5255
vn 0.7255 0.4644 -0.5080
vn 0.6961 0.5272 -0.4874
vn 0.6625 0.5881 -0.4639
vn 0.6254 0.6459 -0.4379
vn 0.5849 0.7001 -0.4096
vn 0.5411 0.7508 -0.3789
vn 0.4937 0.7980 -0.3457
vn 0.4435 0.8408 -0.3105
vn 0.3913 0.8785 -0.2740
vn 0.3381 0.9109 -0.2367
vn 0.2848 0.9376 -0.1994
vn 0.2322 0.9590 -0.1626
vn 0.1811 0.9753 -0.1268
vn 0.1320 0.9869 -0.0925
vn 0.0854 0.9945 -0.0598
vn 0.0415 0.9987 -0.0290
vn -0.0038 1.0000 0.0027
vn -0.0462 0.9984 0.0324
vn -0.0762 0.9957 0.0534
vn -0.0957 0.9931 0.0670
vn -0.1094 0.9910 0.0766
vn -0.1196 0.9893 0.0837
vn -0.1274 0.9878 0.0892
vn -0.1336 0.9866 0.0936
vn -0.1387 0.9856 0.0971
vn -0.1429 0.9847 0.1000
vn -0.1464 0.9839 0.1025
vn -0.1494 0.9832 0.1046
vn 0.5232 0.7695 -0.3663
vn -0.0178 0.9998 0.0125
vn 0.6082 -0.6698 -0.4259
vn 0.0832 -0.9948 -0.0582
vn 0.0811 -0.9951 -0.0568
vn 0.0786 -0.9954 -0.0551
vn 0.0758 -0.9957 -0.0531
vn 0.0724 -0.9961 -0.0507
vn 0.0684 -0.9965 -0.0479
vn 0.0634 -0.9970 -0.0444
vn 0.0571 -0.9976 -0.0400
vn 0.0490 -0.9982 -0.0343
vn 0.0380 -0.9989 -0.0266
vn 0.0223 -0.9996 -0.0156
vn -0.0111 -0.9999 0.0078
vn -0.0748 -0.9958 0.0524
vn -0.1603 -0.9807 0.1123
vn -0.2576 -0.9493 0.1804
vn -0.3638 -0.8960 0.2547
vn -0.4726 -0.8168 0.3309
vn -0.5753 -0.7118 0.4028
vn -0.6630 -0.5873 0.4642
vn -0.7300 -0.4537 0.5111
vn -0.7755 -0.3222 0.5430
vn -0.8025 -0.2009 0.5619
vn -0.8155 -0.0938 0.5710
vn -0.8190 -0.0220 0.5734
vn -0.8190 0.0217 0.5734
vn -0.8156 0.0925 0.5711
vn -0.8029 0.1983 0.5622
vn -0.7765 0.3183 0.5437
vn -0.7320 0.4489 0.5125
vn -0.6660 0.5821 0.4664
vn -0.4768 0.8131 0.3339
vn -0.3677 0.8936 0.2575
vn -0.2608 0.9480 0.1826
vn -0.1624 0.9801 0.1137
vn -0.0758 0.9957 0.0531
vn -0.8190 0.0221 0.5734
vn 0.5738 -0.7137 -0.4018
vn -0.5846 -0.7005 0.4093
vn -0.5344 0.7579 0.3742
vn 0.1223 0.9888 -0.0857
vn 0.1232 0.9886 -0.0862
vn 0.1240 0.9885 -0.0868
vn 0.1248 0.9883 -0.0874
vn 0.1256 0.9882 -0.0880
vn 0.1265 0.9880 -0.0885
vn 0.1273 0.9879 -0.0891
vn 0.1281 0.9877 -0.0897
vn 0.1289 0.9875 -0.0903
vn 0.1297 0.9874 -0.0908
vn 0.1306 0.9872 -0.0914
vn 0.1280 0.9877 -0.0896
vn 0.1218 0.9889 -0.0853
vn 0.1150 0.9901 -0.0805
vn 0.1076 0.9913 -0.0753
vn 0.0996 0.9926 -0.0697
vn 0.0909 0.9938 -0.0636
vn 0.0814 0.9951 -0.0570
vn 0.0710 0.9962 -0.0497
vn 0.0595 0.9974 -0.0417
vn 0.0469 0.9984 -0.0328
vn 0.0329 0.9992 -0.0230
vn 0.0172 0.9998 -0.0121
vn -0.0130 0.9999 0.0091
vn -0.0746 0.9958 0.0522
vn -0.1599 0.9808 0.1120
vn -0.2570 0.9495 0.1800
vn -0.3630 0.8964 0.2542
vn -0.4718 0.8175 0.3304
vn -0.5746 0.7127 0.4023
vn -0.6624 0.5882 0.4638
vn -0.7296 0.4546 0.5109
vn -0.7753 0.3229 0.5428
vn -0.8024 0.2014 0.5618
vn -0.8155 0.0940 0.5710
vn 0.0175 -0.9998 -0.0123
vn 0.0746 -0.9958 -0.0523
vn 0.1600 -0.9807 -0.1120
vn 0.2571 -0.9495 -0.1800
vn 0.3631 -0.8964 -0.2542
vn 0.4719 -0.8174 -0.3304
vn 0.5747 -0.7126 -0.4024
vn 0.6625 -0.5882 -0.4639
vn 0.7296 -0.4545 -0.5109
vn 0.7753 -0.3229 -0.5429
vn 0.8024 -0.2013 -0.5618
vn 0.8155 -0.0940 -0.5710
vn 0.8190 -0.0221 -0.5734
vn -0.8191 0.0126 0.5735
vn -0.8191 -0.0126 0.5735
vn -0.8181 -0.0518 0.5728
vn -0.8145 -0.1066 0.5703
vn -0.8080 -0.1647 0.5657
vn -0.7980 -0.2258 0.5588
vn -0.7841 -0.2893 0.5490
vn -0.7659 -0.3545 0.5363
vn -0.7432 -0.4205 0.5204
vn -0.7159 -0.4860 0.5013
vn -0.6841 -0.5501 0.4790
vn -0.6482 -0.6115 0.4538
vn -0.6088 -0.6691 0.4263
vn -0.5669 -0.7219 0.3969
vn -0.5229 -0.7697 0.3662
vn -0.4764 -0.8135 0.3336
vn -0.4275 -0.8530 0.2993
vn -0.3770 -0.8878 0.2640
vn -0.3257 -0.9176 0.2281
vn -0.2744 -0.9422 0.1922
vn -0.2239 -0.9619 0.1568
vn -0.1748 -0.9770 0.1224
vn -0.1276 -0.9878 0.0894
vn -0.0827 -0.9949 0.0579
vn -0.0402 -0.9988 0.0281
vn -0.0098 -0.9999 0.0069
vn -0.0099 0.9999 0.0070
vn -0.0407 0.9988 0.0285
vn -0.0837 0.9948 0.0586
vn -0.1292 0.9875 0.0905
vn -0.1770 0.9764 0.1239
vn -0.2266 0.9610 0.1586
vn -0.2775 0.9409 0.1943
vn -0.3292 0.9157 0.2305
vn -0.3808 0.8854 0.2666
vn -0.4314 0.8501 0.3021
vn -0.4804 0.8100 0.3364
vn -0.5268 0.7657 0.3689
vn -0.5705 0.7177 0.3994
vn -0.6117 0.6651 0.4283
vn -0.6504 0.6079 0.4554
vn -0.6857 0.5470 0.4801
vn -0.7170 0.4835 0.5021
vn -0.7440 0.4185 0.5209
vn -0.7664 0.3531 0.5366
vn -0.7844 0.2883 0.5492
vn -0.7981 0.2252 0.5588
vn -0.8080 0.1643 0.5658
vn -0.8145 0.1064 0.5703
vn -0.8181 0.0517 0.5728
vn 0.0166 0.9998 -0.0116
vn 0.0706 0.9963 -0.0494
vn 0.1515 0.9827 -0.1061
vn 0.2443 0.9545 -0.1711
vn 0.3470 0.9059 -0.2429
vn 0.4543 0.8321 -0.3181
vn 0.5582 0.7319 -0.3908
vn 0.6493 0.6096 -0.4547
vn 0.7209 0.4749 -0.5048
vn 0.7705 0.3394 -0.5395
vn 0.8005 0.2124 -0.5605
vn 0.8151 0.0994 -0.5707
vn 0.8189 0.0234 -0.5734
vn 0.8189 -0.0227 -0.5734
vn 0.8153 -0.0967 -0.5709
vn 0.8014 -0.2069 -0.5612
vn 0.7729 -0.3312 -0.5412
vn 0.7253 -0.4649 -0.5078
vn 0.6559 -0.5991 -0.4592
vn 0.5663 -0.7225 -0.3965
vn 0.4629 -0.8250 -0.3241
vn 0.3548 -0.9013 -0.2484
vn 0.2505 -0.9521 -0.1754
vn 0.1556 -0.9818 -0.1090
vn 0.0725 -0.9961 -0.0508
vn 0.0170 -0.9998 -0.0119
vn 0.8154 -0.0955 -0.5710
vn 0.8189 0.0224 -0.5734
vn 0.8154 0.0955 -0.5710
vn 0.8019 0.2043 -0.5615
vn 0.7740 0.3274 -0.5420
vn 0.7273 0.4601 -0.5093
vn 0.6589 0.5941 -0.4614
vn 0.5702 0.7180 -0.3992
vn 0.4670 0.8215 -0.3270
vn 0.3586 0.8991 -0.2511
vn 0.2535 0.9509 -0.1775
vn 0.1576 0.9813 -0.1104
vn 0.0735 0.9960 -0.0515
vn -0.0172 0.9998 0.0121
vn -0.0735 0.9960 0.0515
vn -0.1576 0.9813 0.1104
vn -0.2535 0.9509 0.1775
vn -0.3586 0.8991 0.2511
vn -0.4670 0.8215 0.3270
vn -0.5702 0.7180 0.3992
vn -0.6589 0.5941 0.4614
vn -0.7273 0.4601 0.5093
vn -0.7740 0.3274 0.5420
vn -0.8019 0.2043 0.5615
vn -0.8154 0.0955 0.5710
vn -0.8189 0.0224 0.5734
vn -0.7568 -0.3827 0.5299
vn -0.3135 -0.9239 0.2195
vn 0.8190 0.0221 -0.5734
vn 0.8155 0.0940 -0.5710
vn 0.8024 0.2013 -0.5618
vn 0.7753 0.3228 -0.5429
vn 0.7296 0.4545 -0.5109
vn 0.5747 0.7126 -0.4024
vn 0.4719 0.8174 -0.3304
vn 0.3631 0.8964 -0.2543
vn 0.2571 0.9495 -0.1800
vn 0.1600 0.9807 -0.1120
vn 0.0746 0.9958 -0.0523
vn 0.0175 0.9998 -0.0123
vn 0.3631 -0.8964 -0.2543
vn -0.5217 0.7709 0.3653
vn -0.6315 -0.6369 0.4422
vn 0.5320 -0.7604 -0.3725
vn -0.5320 -0.7604 0.3725
vn 0.8154 0.0956 -0.5709
vn 0.5212 0.7715 -0.3650
vn -0.6241 0.6478 0.4370
vn 0.6237 0.6483 -0.4367
vn 0.0006 -1.0000 -0.0004
vn -0.8190 -0.0219 0.5734
vn -0.8156 -0.0932 0.5711
vn -0.8027 -0.1996 0.5620
vn -0.7760 -0.3203 0.5434
vn -0.7310 -0.4514 0.5118
vn -0.6645 -0.5848 0.4653
vn -0.5772 -0.7095 0.4042
vn -0.4747 -0.8150 0.3324
vn -0.3657 -0.8948 0.2561
vn -0.2591 -0.9486 0.1815
vn -0.1613 -0.9804 0.1130
vn -0.0753 -0.9958 0.0527
vn -0.0177 -0.9998 0.0124
vn 0.0181 -0.9998 -0.0126
vn 0.0769 -0.9956 -0.0538
vn 0.1646 -0.9796 -0.1153
vn 0.2640 -0.9466 -0.1849
vn 0.3718 -0.8911 -0.2603
vn 0.4812 -0.8092 -0.3370
vn 0.5832 -0.7022 -0.4084
vn 0.6692 -0.5768 -0.4686
vn 0.7340 -0.4439 -0.5140
vn 0.7776 -0.3143 -0.5445
vn 0.8033 -0.1956 -0.5625
vn 0.8157 -0.0913 -0.5712
vn 0.8190 -0.0214 -0.5734
vn 0.5302 -0.7623 -0.3712
vn -0.1329 -0.9868 0.0930
vn -0.1327 -0.9868 0.0929
vn -0.1326 -0.9868 0.0928
vn -0.1325 -0.9868 0.0927
vn -0.1323 -0.9869 0.0927
vn -0.1322 -0.9869 0.0926
vn -0.1321 -0.9869 0.0925
vn -0.1319 -0.9869 0.0924
vn -0.1318 -0.9870 0.0923
vn -0.1316 -0.9870 0.0922
vn -0.1316 -0.9870 0.0921
vn -0.1267 -0.9880 0.0887
vn -0.1183 -0.9895 0.0828
vn -0.1110 -0.9908 0.0777
vn -0.1032 -0.9920 0.0723
vn -0.0949 -0.9933 0.0665
vn -0.0860 -0.9945 0.0602
vn -0.0764 -0.9956 0.0535
vn -0.0660 -0.9967 0.0462
vn -0.0549 -0.9978 0.0384
vn -0.0428 -0.9986 0.0299
vn -0.0297 -0.9993 0.0208
vn -0.0154 -0.9998 0.0108
vn 0.0138 -0.9999 -0.0097
vn 0.1624 -0.9801 -0.1137
vn 0.2608 -0.9480 -0.1826
vn 0.3677 -0.8936 -0.2575
vn 0.4768 -0.8131 -0.3339
vn 0.6660 -0.5821 -0.4664
vn 0.7320 -0.4489 -0.5125
vn 0.7765 -0.3183 -0.5437
vn 0.8029 -0.1983 -0.5622
vn 0.8156 -0.0926 -0.5711
vn 0.8190 -0.0217 -0.5734
vn -0.5725 0.7152 0.4009
vn 0.5859 0.6989 -0.4102
vn -0.5307 0.7617 0.3716
vn 0.1315 0.9870 -0.0921
vn 0.1316 0.9870 -0.0922
vn 0.1318 0.9870 -0.0923
vn 0.1319 0.9869 -0.0924
vn 0.1321 0.9869 -0.0925
vn 0.1322 0.9869 -0.0926
vn 0.1323 0.9869 -0.0927
vn 0.1325 0.9868 -0.0927
vn 0.1326 0.9868 -0.0928
vn 0.1327 0.9868 -0.0929
vn 0.1329 0.9867 -0.0931
vn 0.1274 0.9878 -0.0892
vn 0.1182 0.9895 -0.0828
vn 0.1108 0.9908 -0.0776
vn 0.1029 0.9921 -0.0721
vn 0.0945 0.9933 -0.0662
vn 0.0855 0.9945 -0.0599
vn 0.0759 0.9957 -0.0531
vn 0.0655 0.9968 -0.0459
vn 0.0544 0.9978 -0.0381
vn 0.0423 0.9987 -0.0296
vn 0.0293 0.9994 -0.0205
vn 0.0152 0.9998 -0.0106
vn -0.0061 1.0000 0.0043
vn -0.0419 0.9987 0.0294
vn -0.0884 0.9942 0.0619
vn -0.1405 0.9852 0.0984
vn -0.1985 0.9702 0.1390
vn -0.2624 0.9473 0.1837
vn -0.3315 0.9144 0.2321
vn -0.4045 0.8695 0.2833
vn -0.4792 0.8110 0.3355
vn -0.5524 0.7385 0.3868
vn -0.6205 0.6529 0.4344
vn -0.6802 0.5573 0.4763
vn -0.3510 0.9035 0.2458
vn 0.1261 0.9881 -0.0883
vn 0.1269 0.9879 -0.0888
vn 0.1276 0.9878 -0.0894
vn 0.1284 0.9876 -0.0899
vn 0.1292 0.9875 -0.0905
vn 0.1300 0.9873 -0.0910
vn 0.1308 0.9872 -0.0916
vn 0.1331 0.9867 -0.0932
vn 0.1339 0.9866 -0.0937
vn 0.1313 0.9871 -0.0919
vn 0.1252 0.9883 -0.0876
vn 0.1187 0.9894 -0.0831
vn 0.1117 0.9907 -0.0782
vn 0.1040 0.9919 -0.0728
vn 0.0955 0.9932 -0.0669
vn 0.0861 0.9945 -0.0603
vn 0.0757 0.9957 -0.0530
vn 0.0640 0.9969 -0.0448
vn 0.0509 0.9981 -0.0356
vn 0.0360 0.9990 -0.0252
vn 0.0191 0.9997 -0.0134
vn -0.0125 0.9999 0.0087
vn -0.6624 0.5883 0.4638
vn -0.8191 -0.0153 0.5735
vn -0.8175 -0.0634 0.5724
vn -0.8120 -0.1322 0.5685
vn -0.8014 -0.2068 0.5612
vn -0.7848 -0.2866 0.5495
vn -0.7609 -0.3703 0.5328
vn -0.7290 -0.4560 0.5105
vn -0.6889 -0.5411 0.4823
vn -0.6407 -0.6230 0.4487
vn -0.5858 -0.6990 0.4102
vn -0.5258 -0.7668 0.3682
vn -0.4628 -0.8251 0.3241
vn -0.3995 -0.8730 0.2797
vn -0.3439 -0.9076 0.2408
vn -0.2975 -0.9317 0.2083
vn -0.2545 -0.9505 0.1782
vn -0.2150 -0.9650 0.1505
vn -0.1788 -0.9759 0.1252
vn -0.1458 -0.9840 0.1021
vn -0.1157 -0.9900 0.0810
vn -0.0883 -0.9942 0.0618
vn -0.0632 -0.9970 0.0443
vn -0.0404 -0.9988 0.0283
vn -0.0194 -0.9997 0.0136
vn -0.0036 -1.0000 0.0025
vn 0.0042 -1.0000 -0.0029
vn 0.0080 -1.0000 -0.0056
vn 0.0113 -0.9999 -0.0079
vn 0.0143 -0.9998 -0.0100
vn 0.0169 -0.9998 -0.0119
vn 0.0193 -0.9997 -0.0135
vn 0.0215 -0.9997 -0.0151
vn 0.0235 -0.9996 -0.0165
vn 0.0254 -0.9995 -0.0178
vn 0.0270 -0.9995 -0.0189
vn 0.0286 -0.9994 -0.0200
vn 0.0294 -0.9994 -0.0206
vn 0.0289 -0.9994 -0.0202
vn 0.0276 -0.9994 -0.0193
vn 0.0262 -0.9995 -0.0183
vn 0.0246 -0.9995 -0.0172
vn 0.0228 -0.9996 -0.0160
vn 0.0208 -0.9997 -0.0146
vn 0.0185 -0.9997 -0.0130
vn 0.0159 -0.9998 -0.0111
vn 0.0129 -0.9999 -0.0090
vn 0.0093 -0.9999 -0.0065
vn 0.0051 -1.0000 -0.0036
vn -0.5782 -0.7083 0.4049
vn 0.1265 0.9880 -0.0886
vn 0.1298 0.9874 -0.0909
vn 0.0814 0.9950 -0.0570
vn 0.0173 0.9998 -0.0121
vn 0.0185 0.9997 -0.0130
vn 0.0789 0.9954 -0.0552
vn 0.1688 0.9785 -0.1182
vn 0.2702 0.9440 -0.1892
vn 0.3795 0.8862 -0.2657
vn 0.4894 0.8019 -0.3427
vn 0.5906 0.6929 -0.4136
vn 0.6748 0.5668 -0.4725
vn 0.7377 0.4347 -0.5165
vn 0.7796 0.3071 -0.5459
vn 0.8041 0.1908 -0.5630
vn 0.8159 0.0889 -0.5713
vn 0.8190 0.0209 -0.5735
vn 0.5405 0.7514 -0.3785
vn -0.6197 0.6540 0.4339
vn -0.5357 -0.7565 0.3751
vn 0.5322 -0.7602 -0.3726
vn 0.8151 -0.0998 -0.5707
vn 0.8183 -0.0448 -0.5730
vn 0.8182 -0.0477 -0.5729
vn 0.8181 -0.0501 -0.5729
vn 0.8180 -0.0523 -0.5728
vn 0.8180 -0.0541 -0.5727
vn 0.8179 -0.0558 -0.5727
vn 0.8178 -0.0573 -0.5726
vn 0.8177 -0.0587 -0.5726
vn 0.8177 -0.0599 -0.5725
vn 0.8176 -0.0611 -0.5725
vn 0.8176 -0.0621 -0.5725
vn -0.0229 -0.9996 0.0160
vn -0.8189 -0.0237 0.5734
vn -0.8187 -0.0333 0.5733
vn -0.8184 -0.0417 0.5731
vn -0.8182 -0.0492 0.5729
vn -0.8179 -0.0558 0.5727
vn -0.8176 -0.0617 0.5725
vn -0.8173 -0.0670 0.5723
vn -0.8170 -0.0718 0.5721
vn -0.8168 -0.0762 0.5719
vn -0.8165 -0.0802 0.5717
vn -0.8134 -0.1186 0.5695
vn -0.5325 -0.7599 0.3729
vn 0.5357 -0.7565 -0.3751
vn 0.6197 0.6540 -0.4339
vn -0.5405 0.7514 0.3785
vn -0.8176 0.0609 0.5725
vn -0.8177 0.0596 0.5726
vn -0.8177 0.0585 0.5726
vn -0.8178 0.0575 0.5726
vn -0.8178 0.0566 0.5727
vn -0.8179 0.0559 0.5727
vn -0.8179 0.0552 0.5727
vn -0.8179 0.0546 0.5727
vn -0.8180 0.0540 0.5727
vn -0.8180 0.0535 0.5728
vn -0.8180 0.0530 0.5728
vn 0.0110 0.9999 -0.0077
vn 0.8188 0.0303 -0.5733
vn 0.8185 0.0386 -0.5731
vn 0.8183 0.0459 -0.5730
vn 0.8180 0.0522 -0.5728
vn 0.8178 0.0578 -0.5726
vn 0.8175 0.0627 -0.5724
vn 0.8173 0.0672 -0.5723
vn 0.8171 0.0712 -0.5721
vn 0.8169 0.0748 -0.5720
vn 0.8166 0.0781 -0.5718
vn 0.8165 0.0811 -0.5717
vn 0.8139 0.1133 -0.5699
vn 0.5359 0.7563 -0.3753
vn -0.5359 0.7563 0.3753
vn -0.8148 0.1033 0.5705
vn -0.8176 0.0625 0.5725
vn -0.8175 0.0626 0.5725
vn -0.8175 0.0626 0.5724
vn -0.8175 0.0627 0.5724
vn -0.8175 0.0628 0.5724
vn -0.8175 0.0629 0.5724
vn -0.8175 0.0630 0.5724
vn 0.0156 0.9998 -0.0109
vn 0.8188 0.0288 -0.5733
vn 0.8186 0.0357 -0.5732
vn 0.8184 0.0417 -0.5731
vn 0.8182 0.0470 -0.5729
vn 0.8181 0.0517 -0.5728
vn 0.8179 0.0558 -0.5727
vn 0.8177 0.0595 -0.5726
vn 0.8175 0.0629 -0.5724
vn 0.8174 0.0659 -0.5723
vn 0.8172 0.0686 -0.5722
vn 0.8150 0.1009 -0.5707
vt 0.357143 0.000000
vt 0.380952 0.000000
vt 0.369048 0.000000
vt 0.392857 0.000000
vt 0.678571 0.000000
vt 0.702381 0.000000
vt 0.690476 0.000000
vt 0.190476 0.000000
vt 0.714286 0.000000
vt 1.000000 0.000000
vt 0.011905 0.000000
vt 0.000000 0.000000
vt 0.023810 0.000000
vt 0.202381 0.000000
vt 0.178571 0.000000
vt 0.214286 0.000000
vt 0.166667 0.000000
vt 0.226190 0.000000
vt 0.238095 0.000000
vt 0.154762 0.000000
vt 0.250000 0.000000
vt 0.142857 0.000000
vt 0.261905 0.000000
vt 0.130952 0.000000
vt 0.273810 0.000000
vt 0.119048 0.000000
vt 0.285714 0.000000
vt 0.107143 0.000000
vt 0.297619 0.000000
vt 0.095238 0.000000
vt 0.309524 0.000000
vt 0.083333 0.000000
vt 0.321429 0.000000
vt 0.071429 0.000000
vt 0.059524 0.000000
vt 0.333333 0.000000
vt 0.047619 0.000000
vt 0.345238 0.000000
vt 0.035714 0.000000
vt 0.404762 0.000000
vt 0.666667 0.000000
vt 0.726190 0.000000
vt 0.988095 0.000000
vt 0.416667 0.000000
vt 0.738095 0.000000
vt 0.654762 0.000000
vt 0.976190 0.000000
vt 0.428571 0.000000
vt 0.750000 0.000000
vt 0.440476 0.000000
vt 0.761905 0.000000
vt 0.642857 0.000000
vt 0.964286 0.000000
vt 0.452381 0.000000
vt 0.773810 0.000000
vt 0.630952 0.000000
vt 0.952381 0.000000
vt 0.464286 0.000000
vt 0.785714 0.000000
vt 0.619048 0.000000
vt 0.940476 0.000000
vt 0.476190 0.000000
vt 0.797619 0.000000
vt 0.607143 0.000000
vt 0.928571 0.000000
vt 0.488095 0.000000
vt 0.809524 0.000000
vt 0.595238 0.000000
vt 0.916667 0.000000
vt 0.500000 0.000000
vt 0.821429 0.000000
vt 0.583333 0.000000
vt 0.904762 0.000000
vt 0.511905 0.000000
vt 0.833333 0.000000
vt 0.571429 0.000000
vt 0.892857 0.000000
vt 0.523810 0.000000
vt 0.845238 0.000000
vt 0.559524 0.000000
vt 0.880952 0.000000
vt 0.547619 0.000000
vt 0.869048 0.000000
vt 0.535714 0.000000
vt 0.857143 0.000000
vt 0.733333 0.000000
vt 0.752381 0.000000
vt 0.742857 0.000000
vt 0.723810 0.000000
vt 0.704762 0.000000
vt 0.695238 0.000000
vt 0.685714 0.000000
vt 0.771429 0.000000
vt 0.485714 0.000000
vt 0.504762 0.000000
vt 0.495238 0.000000
vt 0.514286 0.000000
vt 0.676190 0.000000
vt 0.657143 0.000000
vt 0.780952 0.000000
vt 0.647619 0.000000
vt 0.638095 0.000000
vt 0.628571 0.000000
vt 0.790476 0.000000
vt 0.609524 0.000000
vt 0.600000 0.000000
vt 0.800000 0.000000
vt 0.590476 0.000000
vt 0.580952 0.000000
vt 0.561905 0.000000
vt 0.552381 0.000000
vt 0.542857 0.000000
vt 0.533333 0.000000
vt 0.990476 0.000000
vt 0.819048 0.000000
vt 0.828571 0.000000
vt 0.838095 0.000000
vt 0.847619 0.000000
vt 0.980952 0.000000
vt 0.009524 0.000000
vt 0.971429 0.000000
vt 0.961905 0.000000
vt 0.942857 0.000000
vt 0.933333 0.000000
vt 0.923810 0.000000
vt 0.914286 0.000000
vt 0.895238 0.000000
vt 0.019048 0.000000
vt 0.885714 0.000000
vt 0.876190 0.000000
vt 0.866667 0.000000
vt 0.466667 0.000000
vt 0.028571 0.000000
vt 0.038095 0.000000
vt 0.057143 0.000000
vt 0.066667 0.000000
vt 0.076190 0.000000
vt 0.085714 0.000000
vt 0.104762 0.000000
vt 0.114286 0.000000
vt 0.123810 0.000000
vt 0.133333 0.000000
vt 0.152381 0.000000
vt 0.161905 0.000000
vt 0.171429 0.000000
vt 0.180952 0.000000
vt 0.200000 0.000000
vt 0.457143 0.000000
vt 0.447619 0.000000
vt 0.438095 0.000000
vt 0.209524 0.000000
vt 0.419048 0.000000
vt 0.409524 0.000000
vt 0.400000 0.000000
vt 0.390476 0.000000
vt 0.371429 0.000000
vt 0.361905 0.000000
vt 0.352381 0.000000
vt 0.219048 0.000000
vt 0.342857 0.000000
vt 0.323810 0.000000
vt 0.314286 0.000000
vt 0.228571 0.000000
vt 0.304762 0.000000
vt 0.295238 0.000000
vt 0.276190 0.000000
vt 0.266667 0.000000
vt 0.257143 0.000000
vt 0.247619 0.000000
vt 0.886364 0.000000
vt 0.931818 0.000000
vt 0.909091 0.000000
vt 0.954545 0.000000
vt 0.977273 0.000000
vt 0.022727 0.000000
vt 0.863636 0.000000
vt 0.068182 0.000000
vt 0.840909 0.000000
vt 0.818182 0.000000
vt 0.795455 0.000000
vt 0.772727 0.000000
vt 0.090909 0.000000
vt 0.045455 0.000000
vt 0.113636 0.000000
vt 0.136364 0.000000
vt 0.159091 0.000000
vt 0.181818 0.000000
vt 0.727273 0.000000
vt 0.204545 0.000000
vt 0.227273 0.000000
vt 0.272727 0.000000
vt 0.704545 0.000000
vt 0.295455 0.000000
vt 0.318182 0.000000
vt 0.340909 0.000000
vt 0.363636 0.000000
vt 0.681818 0.000000
vt 0.386364 0.000000
vt 0.409091 0.000000
vt 0.431818 0.000000
vt 0.659091 0.000000
vt 0.454545 0.000000
vt 0.477273 0.000000
vt 0.636364 0.000000
vt 0.522727 0.000000
vt 0.545455 0.000000
vt 0.568182 0.000000
vt 0.613636 0.000000
vt 0.590909 0.000000
vt 0.967742 0.000000
vt 0.032258 0.000000
vt 0.838710 0.000000
vt 0.903226 0.000000
vt 0.870968 0.000000
vt 0.935484 0.000000
vt 0.806452 0.000000
vt 0.064516 0.000000
vt 0.774194 0.000000
vt 0.096774 0.000000
vt 0.741935 0.000000
vt 0.129032 0.000000
vt 0.709677 0.000000
vt 0.161290 0.000000
vt 0.677419 0.000000
vt 0.193548 0.000000
vt 0.645161 0.000000
vt 0.225806 0.000000
vt 0.612903 0.000000
vt 0.258065 0.000000
vt 0.580645 0.000000
vt 0.290323 0.000000
vt 0.548387 0.000000
vt 0.322581 0.000000
vt 0.516129 0.000000
vt 0.354839 0.000000
vt 0.483871 0.000000
vt 0.387097 0.000000
vt 0.451613 0.000000
vt 0.419355 0.000000
vt 0.720000 0.000000
vt 0.760000 0.000000
vt 0.840000 0.000000
vt 0.640000 0.000000
vt 0.680000 0.000000
vt 0.880000 0.000000
vt 0.920000 0.000000
vt 0.560000 0.000000
vt 0.960000 0.000000
vt 0.040000 0.000000
vt 0.520000 0.000000
vt 0.480000 0.000000
vt 0.440000 0.000000
vt 0.360000 0.000000
vt 0.320000 0.000000
vt 0.280000 0.000000
vt 0.240000 0.000000
vt 0.160000 0.000000
vt 0.120000 0.000000
vt 0.080000 0.000000
vt 0.629032 0.000000
vt 0.661290 0.000000
vt 0.596774 0.000000
vt 0.693548 0.000000
vt 0.564516 0.000000
vt 0.725806 0.000000
vt 0.532258 0.000000
vt 0.758065 0.000000
vt 0.790323 0.000000
vt 0.467742 0.000000
vt 0.822581 0.000000
vt 0.435484 0.000000
vt 0.983871 0.000000
vt 0.854839 0.000000
vt 0.951613 0.000000
vt 0.887097 0.000000
vt 0.919355 0.000000
vt 0.016129 0.000000
vt 0.403226 0.000000
vt 0.048387 0.000000
vt 0.370968 0.000000
vt 0.080645 0.000000
vt 0.338710 0.000000
vt 0.112903 0.000000
vt 0.306452 0.000000
vt 0.145161 0.000000
vt 0.274194 0.000000
vt 0.177419 0.000000
vt 0.241935 0.000000
vt 0.209677 0.000000
vt 0.329114 0.000000
vt 0.987342 0.000000
vt 0.341772 0.000000
vt 0.354430 0.000000
vt 0.367089 0.000000
vt 0.379747 0.000000
vt 0.392405 0.000000
vt 0.405063 0.000000
vt 0.417722 0.000000
vt 0.430380 0.000000
vt 0.443038 0.000000
vt 0.455696 0.000000
vt 0.468354 0.000000
vt 0.481013 0.000000
vt 0.493671 0.000000
vt 0.506329 0.000000
vt 0.518987 0.000000
vt 0.531646 0.000000
vt 0.544304 0.000000
vt 0.556962 0.000000
vt 0.569620 0.000000
vt 0.582278 0.000000
vt 0.594937 0.000000
vt 0.974684 0.000000
vt 0.607595 0.000000
vt 0.962025 0.000000
vt 0.949367 0.000000
vt 0.936709 0.000000
vt 0.924051 0.000000
vt 0.620253 0.000000
vt 0.911392 0.000000
vt 0.898734 0.000000
vt 0.632911 0.000000
vt 0.886076 0.000000
vt 0.873418 0.000000
vt 0.645570 0.000000
vt 0.860759 0.000000
vt 0.848101 0.000000
vt 0.835443 0.000000
vt 0.012658 0.000000
vt 0.822785 0.000000
vt 0.810127 0.000000
vt 0.797468 0.000000
vt 0.784810 0.000000
vt 0.025316 0.000000
vt 0.772152 0.000000
vt 0.759494 0.000000
vt 0.037975 0.000000
vt 0.746835 0.000000
vt 0.050633 0.000000
vt 0.734177 0.000000
vt 0.721519 0.000000
vt 0.063291 0.000000
vt 0.708861 0.000000
vt 0.696203 0.000000
vt 0.075949 0.000000
vt 0.683544 0.000000
vt 0.670886 0.000000
vt 0.658228 0.000000
vt 0.088608 0.000000
vt 0.101266 0.000000
vt 0.113924 0.000000
vt 0.126582 0.000000
vt 0.139241 0.000000
vt 0.151899 0.000000
vt 0.164557 0.000000
vt 0.177215 0.000000
vt 0.189873 0.000000
vt 0.202532 0.000000
vt 0.215190 0.000000
vt 0.227848 0.000000
vt 0.240506 0.000000
vt 0.253165 0.000000
vt 0.265823 0.000000
vt 0.278481 0.000000
vt 0.291139 0.000000
vt 0.303797 0.000000
vt 0.316456 0.000000
vt 0.601504 0.000000
vt 0.616541 0.000000
vt 0.609023 0.000000
vt 0.624060 0.000000
vt 0.593985 0.000000
vt 0.631579 0.000000
vt 0.586466 0.000000
vt 0.639098 0.000000
vt 0.578947 0.000000
vt 0.699248 0.000000
vt 0.706767 0.000000
vt 0.007519 0.000000
vt 0.646617 0.000000
vt 0.654135 0.000000
vt 0.563910 0.000000
vt 0.661654 0.000000
vt 0.556391 0.000000
vt 0.669173 0.000000
vt 0.548872 0.000000
vt 0.676692 0.000000
vt 0.541353 0.000000
vt 0.684211 0.000000
vt 0.533835 0.000000
vt 0.691729 0.000000
vt 0.526316 0.000000
vt 0.729323 0.000000
vt 0.518797 0.000000
vt 0.511278 0.000000
vt 0.503759 0.000000
vt 0.496241 0.000000
vt 0.488722 0.000000
vt 0.481203 0.000000
vt 0.473684 0.000000
vt 0.466165 0.000000
vt 0.458647 0.000000
vt 0.451128 0.000000
vt 0.443609 0.000000
vt 0.744361 0.000000
vt 0.736842 0.000000
vt 0.436090 0.000000
vt 0.796992 0.000000
vt 0.789474 0.000000
vt 0.781955 0.000000
vt 0.774436 0.000000
vt 0.766917 0.000000
vt 0.759399 0.000000
vt 0.751880 0.000000
vt 0.819549 0.000000
vt 0.812030 0.000000
vt 0.804511 0.000000
vt 0.421053 0.000000
vt 0.887218 0.000000
vt 0.879699 0.000000
vt 0.872180 0.000000
vt 0.864662 0.000000
vt 0.849624 0.000000
vt 0.842105 0.000000
vt 0.834586 0.000000
vt 0.827068 0.000000
vt 0.721804 0.000000
vt 0.894737 0.000000
vt 0.902256 0.000000
vt 0.909774 0.000000
vt 0.917293 0.000000
vt 0.924812 0.000000
vt 0.932331 0.000000
vt 0.939850 0.000000
vt 0.947368 0.000000
vt 0.954887 0.000000
vt 0.962406 0.000000
vt 0.413534 0.000000
vt 0.969925 0.000000
vt 0.977444 0.000000
vt 0.984962 0.000000
vt 0.992481 0.000000
vt 0.406015 0.000000
vt 0.233083 0.000000
vt 0.398496 0.000000
vt 0.390977 0.000000
vt 0.383459 0.000000
vt 0.375940 0.000000
vt 0.368421 0.000000
vt 0.360902 0.000000
vt 0.353383 0.000000
vt 0.345865 0.000000
vt 0.338346 0.000000
vt 0.330827 0.000000
vt 0.323308 0.000000
vt 0.315789 0.000000
vt 0.308271 0.000000
vt 0.300752 0.000000
vt 0.293233 0.000000
vt 0.278196 0.000000
vt 0.270677 0.000000
vt 0.263158 0.000000
vt 0.255639 0.000000
vt 0.248120 0.000000
vt 0.240602 0.000000
vt 0.225564 0.000000
vt 0.195489 0.000000
vt 0.210526 0.000000
vt 0.203008 0.000000
vt 0.218045 0.000000
vt 0.187970 0.000000
vt 0.015038 0.000000
vt 0.180451 0.000000
vt 0.022556 0.000000
vt 0.172932 0.000000
vt 0.030075 0.000000
vt 0.165414 0.000000
vt 0.037594 0.000000
vt 0.157895 0.000000
vt 0.045113 0.000000
vt 0.150376 0.000000
vt 0.052632 0.000000
vt 0.060150 0.000000
vt 0.135338 0.000000
vt 0.067669 0.000000
vt 0.127820 0.000000
vt 0.075188 0.000000
vt 0.120301 0.000000
vt 0.082707 0.000000
vt 0.112782 0.000000
vt 0.090226 0.000000
vt 0.105263 0.000000
vt 0.097744 0.000000
vt 0.344828 0.000000
vt 0.310345 0.000000
vt 0.362069 0.000000
vt 0.379310 0.000000
vt 0.396552 0.000000
vt 0.413793 0.000000
vt 0.431034 0.000000
vt 0.448276 0.000000
vt 0.465517 0.000000
vt 0.482759 0.000000
vt 0.517241 0.000000
vt 0.534483 0.000000
vt 0.551724 0.000000
vt 0.568965 0.000000
vt 0.586207 0.000000
vt 0.293103 0.000000
vt 0.603448 0.000000
vt 0.327586 0.000000
vt 0.275862 0.000000
vt 0.241379 0.000000
vt 0.258621 0.000000
vt 0.620690 0.000000
vt 0.224138 0.000000
vt 0.637931 0.000000
vt 0.206897 0.000000
vt 0.655172 0.000000
vt 0.672414 0.000000
vt 0.189655 0.000000
vt 0.689655 0.000000
vt 0.172414 0.000000
vt 0.706897 0.000000
vt 0.155172 0.000000
vt 0.724138 0.000000
vt 0.137931 0.000000
vt 0.741379 0.000000
vt 0.120690 0.000000
vt 0.758621 0.000000
vt 0.775862 0.000000
vt 0.103448 0.000000
vt 0.086207 0.000000
vt 0.793103 0.000000
vt 0.068966 0.000000
vt 0.810345 0.000000
vt 0.051724 0.000000
vt 0.034483 0.000000
vt 0.827586 0.000000
vt 0.844828 0.000000
vt 0.862069 0.000000
vt 0.879310 0.000000
vt 0.896552 0.000000
vt 0.913793 0.000000
vt 0.931035 0.000000
vt 0.948276 0.000000
vt 0.965517 0.000000
vt 0.982759 0.000000
vt 0.017241 0.000000
vt 0.000000 1.000000
vt 0.016949 1.000000
vt 0.016949 0.000000
vt 0.033898 1.000000
vt 0.033898 0.000000
vt 0.050847 1.000000
vt 0.050847 0.000000
vt 0.067797 1.000000
vt 0.067797 0.000000
vt 0.084746 1.000000
vt 0.084746 0.000000
vt 0.101695 1.000000
vt 0.101695 0.000000
vt 0.118644 1.000000
vt 0.118644 0.000000
vt 0.135593 1.000000
vt 0.135593 0.000000
vt 0.152542 1.000000
vt 0.152542 0.000000
vt 0.169492 1.000000
vt 0.169492 0.000000
vt 0.186441 1.000000
vt 0.186441 0.000000
vt 0.203390 1.000000
vt 0.203390 0.000000
vt 0.220339 1.000000
vt 0.220339 0.000000
vt 0.237288 1.000000
vt 0.237288 0.000000
vt 0.254237 1.000000
vt 0.254237 0.000000
vt 0.271186 1.000000
vt 0.271186 0.000000
vt 0.288136 1.000000
vt 0.288136 0.000000
vt 0.305085 1.000000
vt 0.305085 0.000000
vt 0.322034 1.000000
vt 0.322034 0.000000
vt 0.338983 1.000000
vt 0.338983 0.000000
vt 0.355932 1.000000
vt 0.355932 0.000000
vt 0.372881 1.000000
vt 0.372881 0.000000
vt 0.389830 1.000000
vt 0.389830 0.000000
vt 0.406780 1.000000
vt 0.406780 0.000000
vt 0.423729 1.000000
vt 0.423729 0.000000
vt 0.440678 1.000000
vt 0.440678 0.000000
vt 0.457627 1.000000
vt 0.457627 0.000000
vt 0.474576 1.000000
vt 0.474576 0.000000
vt 0.491525 1.000000
vt 0.491525 0.000000
vt 0.508475 1.000000
vt 0.508475 0.000000
vt 0.525424 1.000000
vt 0.525424 0.000000
vt 0.542373 1.000000
vt 0.542373 0.000000
vt 0.559322 1.000000
vt 0.559322 0.000000
vt 0.576271 1.000000
vt 0.576271 0.000000
vt 0.593220 1.000000
vt 0.593220 0.000000
vt 0.610169 1.000000
vt 0.610169 0.000000
vt 0.627119 1.000000
vt 0.627119 0.000000
vt 0.644068 1.000000
vt 0.644068 0.000000
vt 0.661017 1.000000
vt 0.661017 0.000000
vt 0.677966 1.000000
vt 0.677966 0.000000
vt 0.694915 1.000000
vt 0.694915 0.000000
vt 0.711864 1.000000
vt 0.711864 0.000000
vt 0.728814 1.000000
vt 0.728814 0.000000
vt 0.745763 1.000000
vt 0.745763 0.000000
vt 0.762712 1.000000
vt 0.762712 0.000000
vt 0.779661 1.000000
vt 0.779661 0.000000
vt 0.796610 1.000000
vt 0.796610 0.000000
vt 0.813559 1.000000
vt 0.813559 0.000000
vt 0.830508 1.000000
vt 0.830508 0.000000
vt 0.847458 1.000000
vt 0.847458 0.000000
vt 0.864407 1.000000
vt 0.864407 0.000000
vt 0.881356 1.000000
vt 0.881356 0.000000
vt 0.898305 1.000000
vt 0.898305 0.000000
vt 0.915254 1.000000
vt 0.915254 0.000000
vt 0.932203 1.000000
vt 0.932203 0.000000
vt 0.949153 1.000000
vt 0.949153 0.000000
vt 0.966102 1.000000
vt 0.966102 0.000000
vt 0.983051 1.000000
vt 0.983051 0.000000
vt 1.000000 1.000000
vt 0.250000 1.000000
vt 0.500000 1.000000
vt 0.750000 1.000000
vt 0.010526 1.000000
vt 0.010526 0.000000
vt 0.021053 1.000000
vt 0.021053 0.000000
vt 0.031579 1.000000
vt 0.031579 0.000000
vt 0.042105 1.000000
vt 0.042105 0.000000
vt 0.052632 1.000000
vt 0.063158 1.000000
vt 0.063158 0.000000
vt 0.073684 1.000000
vt 0.073684 0.000000
vt 0.084211 1.000000
vt 0.084211 0.000000
vt 0.094737 1.000000
vt 0.094737 0.000000
vt 0.105263 1.000000
vt 0.115789 1.000000
vt 0.115789 0.000000
vt 0.126316 1.000000
vt 0.126316 0.000000
vt 0.136842 1.000000
vt 0.136842 0.000000
vt 0.147368 1.000000
vt 0.147368 0.000000
vt 0.157895 1.000000
vt 0.168421 1.000000
vt 0.168421 0.000000
vt 0.178947 1.000000
vt 0.178947 0.000000
vt 0.189474 1.000000
vt 0.189474 0.000000
vt 0.200000 1.000000
vt 0.210526 1.000000
vt 0.221053 1.000000
vt 0.221053 0.000000
vt 0.231579 1.000000
vt 0.231579 0.000000
vt 0.242105 1.000000
vt 0.242105 0.000000
vt 0.252632 1.000000
vt 0.252632 0.000000
vt 0.263158 1.000000
vt 0.273684 1.000000
vt 0.273684 0.000000
vt 0.284211 1.000000
vt 0.284211 0.000000
vt 0.294737 1.000000
vt 0.294737 0.000000
vt 0.305263 1.000000
vt 0.305263 0.000000
vt 0.315789 1.000000
vt 0.326316 1.000000
vt 0.326316 0.000000
vt 0.336842 1.000000
vt 0.336842 0.000000
vt 0.347368 1.000000
vt 0.347368 0.000000
vt 0.357895 1.000000
vt 0.357895 0.000000
vt 0.368421 1.000000
vt 0.378947 1.000000
vt 0.378947 0.000000
vt 0.389474 1.000000
vt 0.389474 0.000000
vt 0.400000 1.000000
vt 0.410526 1.000000
vt 0.410526 0.000000
vt 0.421053 1.000000
vt 0.431579 1.000000
vt 0.431579 0.000000
vt 0.442105 1.000000
vt 0.442105 0.000000
vt 0.452632 1.000000
vt 0.452632 0.000000
vt 0.463158 1.000000
vt 0.463158 0.000000
vt 0.473684 1.000000
vt 0.484211 1.000000
vt 0.484211 0.000000
vt 0.494737 1.000000
vt 0.494737 0.000000
vt 0.505263 1.000000
vt 0.505263 0.000000
vt 0.515789 1.000000
vt 0.515789 0.000000
vt 0.526316 1.000000
vt 0.536842 1.000000
vt 0.536842 0.000000
vt 0.547368 1.000000
vt 0.547368 0.000000
vt 0.557895 1.000000
vt 0.557895 0.000000
vt 0.568421 1.000000
vt 0.568421 0.000000
vt 0.578947 1.000000
vt 0.589474 1.000000
vt 0.589474 0.000000
vt 0.600000 1.000000
vt 0.610526 1.000000
vt 0.610526 0.000000
vt 0.621053 1.000000
vt 0.621053 0.000000
vt 0.631579 1.000000
vt 0.642105 1.000000
vt 0.642105 0.000000
vt 0.652632 1.000000
vt 0.652632 0.000000
vt 0.663158 1.000000
vt 0.663158 0.000000
vt 0.673684 1.000000
vt 0.673684 0.000000
vt 0.684211 1.000000
vt 0.694737 1.000000
vt 0.694737 0.000000
vt 0.705263 1.000000
vt 0.705263 0.000000
vt 0.715789 1.000000
vt 0.715789 0.000000
vt 0.726316 1.000000
vt 0.726316 0.000000
vt 0.736842 1.000000
vt 0.747368 1.000000
vt 0.747368 0.000000
vt 0.757895 1.000000
vt 0.757895 0.000000
vt 0.768421 1.000000
vt 0.768421 0.000000
vt 0.778947 1.000000
vt 0.778947 0.000000
vt 0.789474 1.000000
vt 0.800000 1.000000
vt 0.810526 1.000000
vt 0.810526 0.000000
vt 0.821053 1.000000
vt 0.821053 0.000000
vt 0.831579 1.000000
vt 0.831579 0.000000
vt 0.842105 1.000000
vt 0.852632 1.000000
vt 0.852632 0.000000
vt 0.863158 1.000000
vt 0.863158 0.000000
vt 0.873684 1.000000
vt 0.873684 0.000000
vt 0.884211 1.000000
vt 0.884211 0.000000
vt 0.894737 1.000000
vt 0.905263 1.000000
vt 0.905263 0.000000
vt 0.915789 1.000000
vt 0.915789 0.000000
vt 0.926316 1.000000
vt 0.926316 0.000000
vt 0.936842 1.000000
vt 0.936842 0.000000
vt 0.947368 1.000000
vt 0.957895 1.000000
vt 0.957895 0.000000
vt 0.968421 1.000000
vt 0.968421 0.000000
vt 0.978947 1.000000
vt 0.978947 0.000000
vt 0.989474 1.000000
vt 0.989474 0.000000
vt 0.025641 1.000000
vt 0.025641 0.000000
vt 0.051282 1.000000
vt 0.051282 0.000000
vt 0.076923 1.000000
vt 0.076923 0.000000
vt 0.102564 1.000000
vt 0.102564 0.000000
vt 0.128205 1.000000
vt 0.128205 0.000000
vt 0.153846 1.000000
vt 0.153846 0.000000
vt 0.179487 1.000000
vt 0.179487 0.000000
vt 0.205128 1.000000
vt 0.205128 0.000000
vt 0.230769 1.000000
vt 0.230769 0.000000
vt 0.256410 1.000000
vt 0.256410 0.000000
vt 0.282051 1.000000
vt 0.282051 0.000000
vt 0.307692 1.000000
vt 0.307692 0.000000
vt 0.333333 1.000000
vt 0.358974 1.000000
vt 0.358974 0.000000
vt 0.384615 1.000000
vt 0.384615 0.000000
vt 0.410256 1.000000
vt 0.410256 0.000000
vt 0.435897 1.000000
vt 0.435897 0.000000
vt 0.461538 1.000000
vt 0.461538 0.000000
vt 0.487179 1.000000
vt 0.487179 0.000000
vt 0.512821 1.000000
vt 0.512821 0.000000
vt 0.538462 1.000000
vt 0.538462 0.000000
vt 0.564103 1.000000
vt 0.564103 0.000000
vt 0.589744 1.000000
vt 0.589744 0.000000
vt 0.615385 1.000000
vt 0.615385 0.000000
vt 0.641026 1.000000
vt 0.641026 0.000000
vt 0.666667 1.000000
vt 0.692308 1.000000
vt 0.692308 0.000000
vt 0.717949 1.000000
vt 0.717949 0.000000
vt 0.743590 1.000000
vt 0.743590 0.000000
vt 0.769231 1.000000
vt 0.769231 0.000000
vt 0.794872 1.000000
vt 0.794872 0.000000
vt 0.820513 1.000000
vt 0.820513 0.000000
vt 0.846154 1.000000
vt 0.846154 0.000000
vt 0.871795 1.000000
vt 0.871795 0.000000
vt 0.897436 1.000000
vt 0.897436 0.000000
vt 0.923077 1.000000
vt 0.923077 0.000000
vt 0.948718 1.000000
vt 0.948718 0.000000
vt 0.974359 1.000000
vt 0.974359 0.000000
vt 0.022222 1.000000
vt 0.022222 0.000000
vt 0.044444 1.000000
vt 0.044444 0.000000
vt 0.066667 1.000000
vt 0.088889 1.000000
vt 0.088889 0.000000
vt 0.111111 1.000000
vt 0.111111 0.000000
vt 0.133333 1.000000
vt 0.155556 1.000000
vt 0.155556 0.000000
vt 0.177778 1.000000
vt 0.177778 0.000000
vt 0.222222 1.000000
vt 0.222222 0.000000
vt 0.244444 1.000000
vt 0.244444 0.000000
vt 0.266667 1.000000
vt 0.288889 1.000000
vt 0.288889 0.000000
vt 0.311111 1.000000
vt 0.311111 0.000000
vt 0.355556 1.000000
vt 0.355556 0.000000
vt 0.377778 1.000000
vt 0.377778 0.000000
vt 0.422222 1.000000
vt 0.422222 0.000000
vt 0.444444 1.000000
vt 0.444444 0.000000
vt 0.466667 1.000000
vt 0.488889 1.000000
vt 0.488889 0.000000
vt 0.511111 1.000000
vt 0.511111 0.000000
vt 0.533333 1.000000
vt 0.555556 1.000000
vt 0.555556 0.000000
vt 0.577778 1.000000
vt 0.577778 0.000000
vt 0.622222 1.000000
vt 0.622222 0.000000
vt 0.644444 1.000000
vt 0.644444 0.000000
vt 0.688889 1.000000
vt 0.688889 0.000000
vt 0.711111 1.000000
vt 0.711111 0.000000
vt 0.733333 1.000000
vt 0.755556 1.000000
vt 0.755556 0.000000
vt 0.777778 1.000000
vt 0.777778 0.000000
vt 0.822222 1.000000
vt 0.822222 0.000000
vt 0.844444 1.000000
vt 0.844444 0.000000
vt 0.866667 1.000000
vt 0.888889 1.000000
vt 0.888889 0.000000
vt 0.911111 1.000000
vt 0.911111 0.000000
vt 0.933333 1.000000
vt 0.955556 1.000000
vt 0.955556 0.000000
vt 0.977778 1.000000
vt 0.977778 0.000000
vt 0.038462 1.000000
vt 0.038462 0.000000
vt 0.115385 1.000000
vt 0.115385 0.000000
vt 0.192308 1.000000
vt 0.192308 0.000000
vt 0.269231 1.000000
vt 0.269231 0.000000
vt 0.346154 1.000000
vt 0.346154 0.000000
vt 0.423077 1.000000
vt 0.423077 0.000000
vt 0.576923 1.000000
vt 0.576923 0.000000
vt 0.653846 1.000000
vt 0.653846 0.000000
vt 0.730769 1.000000
vt 0.730769 0.000000
vt 0.807692 1.000000
vt 0.807692 0.000000
vt 0.884615 1.000000
vt 0.884615 0.000000
vt 0.961538 1.000000
vt 0.961538 0.000000
vt 0.019231 1.000000
vt 0.019231 0.000000
vt 0.057692 1.000000
vt 0.057692 0.000000
vt 0.096154 1.000000
vt 0.096154 0.000000
vt 0.134615 1.000000
vt 0.134615 0.000000
vt 0.173077 1.000000
vt 0.173077 0.000000
vt 0.211538 1.000000
vt 0.211538 0.000000
vt 0.288462 1.000000
vt 0.288462 0.000000
vt 0.326923 1.000000
vt 0.326923 0.000000
vt 0.365385 1.000000
vt 0.365385 0.000000
vt 0.403846 1.000000
vt 0.403846 0.000000
vt 0.442308 1.000000
vt 0.442308 0.000000
vt 0.480769 1.000000
vt 0.480769 0.000000
vt 0.519231 1.000000
vt 0.519231 0.000000
vt 0.557692 1.000000
vt 0.557692 0.000000
vt 0.596154 1.000000
vt 0.596154 0.000000
vt 0.634615 1.000000
vt 0.634615 0.000000
vt 0.673077 1.000000
vt 0.673077 0.000000
vt 0.711538 1.000000
vt 0.711538 0.000000
vt 0.788462 1.000000
vt 0.788462 0.000000
vt 0.826923 1.000000
vt 0.826923 0.000000
vt 0.865385 1.000000
vt 0.865385 0.000000
vt 0.903846 1.000000
vt 0.903846 0.000000
vt 0.942308 1.000000
vt 0.942308 0.000000
vt 0.980769 1.000000
vt 0.980769 0.000000
vt 0.035714 1.000000
vt 0.071429 1.000000
vt 0.107143 1.000000
vt 0.142857 1.000000
vt 0.178571 1.000000
vt 0.214286 1.000000
vt 0.285714 1.000000
vt 0.321429 1.000000
vt 0.357143 1.000000
vt 0.392857 1.000000
vt 0.428571 1.000000
vt 0.464286 1.000000
vt 0.535714 1.000000
vt 0.571429 1.000000
vt 0.607143 1.000000
vt 0.642857 1.000000
vt 0.678571 1.000000
vt 0.714286 1.000000
vt 0.785714 1.000000
vt 0.821429 1.000000
vt 0.857143 1.000000
vt 0.892857 1.000000
vt 0.928571 1.000000
vt 0.964286 1.000000
vt 0.166667 1.000000
vt 0.833333 1.000000
vt 0.031250 1.000000
vt 0.031250 0.000000
vt 0.062500 1.000000
vt 0.062500 0.000000
vt 0.093750 1.000000
vt 0.093750 0.000000
vt 0.125000 1.000000
vt 0.125000 0.000000
vt 0.156250 1.000000
vt 0.156250 0.000000
vt 0.187500 1.000000
vt 0.187500 0.000000
vt 0.218750 1.000000
vt 0.218750 0.000000
vt 0.281250 1.000000
vt 0.281250 0.000000
vt 0.312500 1.000000
vt 0.312500 0.000000
vt 0.343750 1.000000
vt 0.343750 0.000000
vt 0.375000 1.000000
vt 0.375000 0.000000
vt 0.406250 1.000000
vt 0.406250 0.000000
vt 0.437500 1.000000
vt 0.437500 0.000000
vt 0.468750 1.000000
vt 0.468750 0.000000
vt 0.531250 1.000000
vt 0.531250 0.000000
vt 0.562500 1.000000
vt 0.562500 0.000000
vt 0.593750 1.000000
vt 0.593750 0.000000
vt 0.625000 1.000000
vt 0.625000 0.000000
vt 0.656250 1.000000
vt 0.656250 0.000000
vt 0.687500 1.000000
vt 0.687500 0.000000
vt 0.718750 1.000000
vt 0.718750 0.000000
vt 0.781250 1.000000
vt 0.781250 0.000000
vt 0.812500 1.000000
vt 0.812500 0.000000
vt 0.843750 1.000000
vt 0.843750 0.000000
vt 0.875000 1.000000
vt 0.875000 0.000000
vt 0.906250 1.000000
vt 0.906250 0.000000
vt 0.937500 1.000000
vt 0.937500 0.000000
vt 0.968750 1.000000
vt 0.968750 0.000000
vt 0.011765 1.000000
vt 0.011765 0.000000
vt 0.023529 1.000000
vt 0.023529 0.000000
vt 0.035294 1.000000
vt 0.035294 0.000000
vt 0.047059 1.000000
vt 0.047059 0.000000
vt 0.058824 1.000000
vt 0.058824 0.000000
vt 0.070588 1.000000
vt 0.070588 0.000000
vt 0.082353 1.000000
vt 0.082353 0.000000
vt 0.094118 1.000000
vt 0.094118 0.000000
vt 0.105882 1.000000
vt 0.105882 0.000000
vt 0.117647 1.000000
vt 0.117647 0.000000
vt 0.129412 1.000000
vt 0.129412 0.000000
vt 0.141176 1.000000
vt 0.141176 0.000000
vt 0.152941 1.000000
vt 0.152941 0.000000
vt 0.164706 1.000000
vt 0.164706 0.000000
vt 0.176471 1.000000
vt 0.176471 0.000000
vt 0.188235 1.000000
vt 0.188235 0.000000
vt 0.211765 1.000000
vt 0.211765 0.000000
vt 0.223529 1.000000
vt 0.223529 0.000000
vt 0.235294 1.000000
vt 0.235294 0.000000
vt 0.247059 1.000000
vt 0.247059 0.000000
vt 0.258824 1.000000
vt 0.258824 0.000000
vt 0.270588 1.000000
vt 0.270588 0.000000
vt 0.282353 1.000000
vt 0.282353 0.000000
vt 0.294118 1.000000
vt 0.294118 0.000000
vt 0.305882 1.000000
vt 0.305882 0.000000
vt 0.317647 1.000000
vt 0.317647 0.000000
vt 0.329412 1.000000
vt 0.329412 0.000000
vt 0.341176 1.000000
vt 0.341176 0.000000
vt 0.352941 1.000000
vt 0.352941 0.000000
vt 0.364706 1.000000
vt 0.364706 0.000000
vt 0.376471 1.000000
vt 0.376471 0.000000
vt 0.388235 1.000000
vt 0.388235 0.000000
vt 0.411765 1.000000
vt 0.411765 0.000000
vt 0.423529 1.000000
vt 0.423529 0.000000
vt 0.435294 1.000000
vt 0.435294 0.000000
vt 0.447059 1.000000
vt 0.447059 0.000000
vt 0.458824 1.000000
vt 0.458824 0.000000
vt 0.470588 1.000000
vt 0.470588 0.000000
vt 0.482353 1.000000
vt 0.482353 0.000000
vt 0.494118 1.000000
vt 0.494118 0.000000
vt 0.505882 1.000000
vt 0.505882 0.000000
vt 0.517647 1.000000
vt 0.517647 0.000000
vt 0.529412 1.000000
vt 0.529412 0.000000
vt 0.541176 1.000000
vt 0.541176 0.000000
vt 0.552941 1.000000
vt 0.552941 0.000000
vt 0.564706 1.000000
vt 0.564706 0.000000
vt 0.576471 1.000000
vt 0.576471 0.000000
vt 0.588235 1.000000
vt 0.588235 0.000000
vt 0.611765 1.000000
vt 0.611765 0.000000
vt 0.623529 1.000000
vt 0.623529 0.000000
vt 0.635294 1.000000
vt 0.635294 0.000000
vt 0.647059 1.000000
vt 0.647059 0.000000
vt 0.658824 1.000000
vt 0.658824 0.000000
vt 0.670588 1.000000
vt 0.670588 0.000000
vt 0.682353 1.000000
vt 0.682353 0.000000
vt 0.694118 1.000000
vt 0.694118 0.000000
vt 0.705882 1.000000
vt 0.705882 0.000000
vt 0.717647 1.000000
vt 0.717647 0.000000
vt 0.729412 1.000000
vt 0.729412 0.000000
vt 0.741176 1.000000
vt 0.741176 0.000000
vt 0.752941 1.000000
vt 0.752941 0.000000
vt 0.764706 1.000000
vt 0.764706 0.000000
vt 0.776471 1.000000
vt 0.776471 0.000000
vt 0.788235 1.000000
vt 0.788235 0.000000
vt 0.811765 1.000000
vt 0.811765 0.000000
vt 0.823529 1.000000
vt 0.823529 0.000000
vt 0.835294 1.000000
vt 0.835294 0.000000
vt 0.847059 1.000000
vt 0.847059 0.000000
vt 0.858824 1.000000
vt 0.858824 0.000000
vt 0.870588 1.000000
vt 0.870588 0.000000
vt 0.882353 1.000000
vt 0.882353 0.000000
vt 0.894118 1.000000
vt 0.894118 0.000000
vt 0.905882 1.000000
vt 0.905882 0.000000
vt 0.917647 1.000000
vt 0.917647 0.000000
vt 0.929412 1.000000
vt 0.929412 0.000000
vt 0.941176 1.000000
vt 0.941176 0.000000
vt 0.952941 1.000000
vt 0.952941 0.000000
vt 0.964706 1.000000
vt 0.964706 0.000000
vt 0.976471 1.000000
vt 0.976471 0.000000
vt 0.988235 1.000000
vt 0.988235 0.000000
vt 0.011111 1.000000
vt 0.011111 0.000000
vt 0.033333 1.000000
vt 0.033333 0.000000
vt 0.055556 1.000000
vt 0.055556 0.000000
vt 0.077778 1.000000
vt 0.077778 0.000000
vt 0.100000 1.000000
vt 0.100000 0.000000
vt 0.122222 1.000000
vt 0.122222 0.000000
vt 0.144444 1.000000
vt 0.144444 0.000000
vt 0.188889 1.000000
vt 0.188889 0.000000
vt 0.211111 1.000000
vt 0.211111 0.000000
vt 0.233333 1.000000
vt 0.233333 0.000000
vt 0.255556 1.000000
vt 0.255556 0.000000
vt 0.277778 1.000000
vt 0.277778 0.000000
vt 0.300000 1.000000
vt 0.300000 0.000000
vt 0.322222 1.000000
vt 0.322222 0.000000
vt 0.344444 1.000000
vt 0.344444 0.000000
vt 0.366667 1.000000
vt 0.366667 0.000000
vt 0.388889 1.000000
vt 0.388889 0.000000
vt 0.411111 1.000000
vt 0.411111 0.000000
vt 0.433333 1.000000
vt 0.433333 0.000000
vt 0.455556 1.000000
vt 0.455556 0.000000
vt 0.477778 1.000000
vt 0.477778 0.000000
vt 0.522222 1.000000
vt 0.522222 0.000000
vt 0.544444 1.000000
vt 0.544444 0.000000
vt 0.566667 1.000000
vt 0.566667 0.000000
vt 0.588889 1.000000
vt 0.588889 0.000000
vt 0.611111 1.000000
vt 0.611111 0.000000
vt 0.633333 1.000000
vt 0.633333 0.000000
vt 0.655556 1.000000
vt 0.655556 0.000000
vt 0.677778 1.000000
vt 0.677778 0.000000
vt 0.700000 1.000000
vt 0.700000 0.000000
vt 0.722222 1.000000
vt 0.722222 0.000000
vt 0.744444 1.000000
vt 0.744444 0.000000
vt 0.766667 1.000000
vt 0.766667 0.000000
vt 0.788889 1.000000
vt 0.788889 0.000000
vt 0.811111 1.000000
vt 0.811111 0.000000
vt 0.855556 1.000000
vt 0.855556 0.000000
vt 0.877778 1.000000
vt 0.877778 0.000000
vt 0.900000 1.000000
vt 0.900000 0.000000
vt 0.922222 1.000000
vt 0.922222 0.000000
vt 0.944444 1.000000
vt 0.944444 0.000000
vt 0.966667 1.000000
vt 0.966667 0.000000
vt 0.988889 1.000000
vt 0.988889 0.000000
s 0
f 1199/437/189 1201/438/189 1200/439/189
f 1199/437/189 1202/440/189 1201/438/189
f 1226/441/189 1228/442/189 1227/443/189
f 1226/441/189 1185/444/189 1228/442/189
f 1185/444/189 1229/445/189 1228/442/189
f 1253/446/189 1170/447/189 1169/448/189
f 1253/446/189 1171/449/189 1170/447/189
f 1226/441/189 1186/450/189 1185/444/189
f 1184/451/189 1229/445/189 1185/444/189
f 1226/441/189 1187/452/189 1186/450/189
f 1183/453/189 1229/445/189 1184/451/189
f 1226/441/189 1188/454/189 1187/452/189
f 1226/441/189 1189/455/189 1188/454/189
f 1182/456/189 1229/445/189 1183/453/189
f 1226/441/189 1190/457/189 1189/455/189
f 1181/458/189 1229/445/189 1182/456/189
f 1226/441/189 1191/459/189 1190/457/189
f 1180/460/189 1229/445/189 1181/458/189
f 1226/441/189 1192/461/189 1191/459/189
f 1179/462/189 1229/445/189 1180/460/189
f 1226/441/189 1193/463/189 1192/461/189
f 1178/464/189 1229/445/189 1179/462/189
f 1226/441/189 1194/465/189 1193/463/189
f 1177/466/189 1229/445/189 1178/464/189
f 1226/441/189 1195/467/189 1194/465/189
f 1176/468/189 1229/445/189 1177/466/189
f 1226/441/189 1196/469/189 1195/467/189
f 1175/470/190 1229/445/190 1176/468/190
f 1174/471/189 1229/445/189 1175/470/189
f 1226/441/189 1197/472/189 1196/469/189
f 1173/473/190 1229/445/190 1174/471/190
f 1226/441/189 1198/474/189 1197/472/189
f 1172/475/189 1229/445/189 1173/473/189
f 1199/437/189 1203/476/189 1202/440/189
f 1225/477/189 1198/474/189 1226/441/189
f 1172/475/189 1230/478/189 1229/445/189
f 1252/479/189 1171/449/189 1253/446/189
f 1199/437/190 1204/480/190 1203/476/190
f 1172/475/190 1231/481/190 1230/478/190
f 1224/482/189 1198/474/189 1225/477/189
f 1251/483/189 1171/449/189 1252/479/189
f 1199/437/189 1205/484/189 1204/480/189
f 1172/475/189 1232/485/189 1231/481/189
f 1199/437/190 1206/486/190 1205/484/190
f 1172/475/190 1233/487/190 1232/485/190
f 1223/488/189 1198/474/189 1224/482/189
f 1250/489/189 1171/449/189 1251/483/189
f 1199/437/189 1207/490/189 1206/486/189
f 1172/475/189 1234/491/189 1233/487/189
f 1222/492/190 1198/474/190 1223/488/190
f 1249/493/190 1171/449/190 1250/489/190
f 1199/437/189 1208/494/189 1207/490/189
f 1172/475/190 1235/495/190 1234/491/190
f 1221/496/189 1198/474/189 1222/492/189
f 1248/497/189 1171/449/189 1249/493/189
f 1199/437/189 1209/498/189 1208/494/189
f 1172/475/189 1236/499/189 1235/495/189
f 1220/500/189 1198/474/189 1221/496/189
f 1247/501/189 1171/449/189 1248/497/189
f 1199/437/189 1210/502/189 1209/498/189
f 1172/475/189 1237/503/189 1236/499/189
f 1219/504/189 1198/474/189 1220/500/189
f 1246/505/189 1171/449/189 1247/501/189
f 1199/437/189 1211/506/189 1210/502/189
f 1172/475/189 1238/507/189 1237/503/189
f 1218/508/189 1198/474/189 1219/504/189
f 1245/509/189 1171/449/189 1246/505/189
f 1199/437/190 1212/510/190 1211/506/190
f 1172/475/190 1239/511/190 1238/507/190
f 1217/512/189 1198/474/189 1218/508/189
f 1244/513/189 1171/449/189 1245/509/189
f 1199/437/189 1213/514/189 1212/510/189
f 1172/475/189 1240/515/189 1239/511/189
f 1216/516/189 1198/474/189 1217/512/189
f 1243/517/189 1171/449/189 1244/513/189
f 1215/518/189 1198/474/189 1216/516/189
f 1242/519/189 1171/449/189 1243/517/189
f 1199/437/189 1214/520/189 1213/514/189
f 1172/475/189 1241/521/189 1240/515/189
f 1214/520/189 1198/474/189 1215/518/189
f 1241/521/189 1171/449/189 1242/519/189
f 1199/437/189 1198/474/189 1214/520/189
f 1172/475/189 1171/449/189 1241/521/189
f 1260/521/189 1258/512/189 1261/446/189
f 1260/521/189 1259/445/189 1258/512/189
f 1256/463/189 1254/448/189 1257/484/189
f 1256/463/189 1255/458/189 1254/448/189
f 1339/522/189 1341/523/189 1340/524/189
f 1338/525/189 1341/523/189 1339/522/189
f 1337/445/189 1341/523/189 1338/525/189
f 1337/445/189 1342/487/189 1341/523/189
f 1336/526/189 1342/487/189 1337/445/189
f 1335/527/189 1342/487/189 1336/526/189
f 1334/528/189 1342/487/189 1335/527/189
f 1334/528/189 1343/529/189 1342/487/189
f 1313/530/189 1315/531/189 1314/532/189
f 1313/530/189 1316/533/189 1315/531/189
f 1333/534/189 1343/529/189 1334/528/189
f 1332/477/189 1343/529/189 1333/534/189
f 1331/535/189 1343/529/189 1332/477/189
f 1331/535/189 1344/536/189 1343/529/189
f 1330/537/189 1344/536/189 1331/535/189
f 1329/538/189 1344/536/189 1330/537/189
f 1328/539/189 1344/536/189 1329/538/189
f 1328/539/189 1345/540/189 1344/536/189
f 1327/496/189 1345/540/189 1328/539/189
f 1326/541/189 1345/540/189 1327/496/189
f 1325/542/189 1345/540/189 1326/541/189
f 1325/542/189 1346/543/189 1345/540/189
f 1324/544/189 1346/543/189 1325/542/189
f 1323/545/189 1346/543/189 1324/544/189
f 1322/512/189 1346/543/189 1323/545/189
f 1321/546/189 1346/543/189 1322/512/189
f 1321/546/189 1347/503/189 1346/543/189
f 1320/547/189 1347/503/189 1321/546/189
f 1319/548/189 1347/503/189 1320/547/189
f 1318/549/189 1347/503/189 1319/548/189
f 1317/514/189 1347/503/189 1318/549/189
f 1316/533/189 1347/503/189 1317/514/189
f 1313/530/189 1366/550/189 1316/533/189
f 1366/550/189 1347/503/189 1316/533/189
f 1366/550/189 1348/551/189 1347/503/189
f 1366/550/189 1349/552/189 1348/551/189
f 1366/550/189 1350/553/189 1349/552/189
f 1366/550/189 1351/554/189 1350/553/189
f 1366/550/189 1262/448/189 1351/554/189
f 1366/550/189 1365/555/189 1262/448/189
f 1365/555/189 1263/556/189 1262/448/189
f 1364/557/189 1263/556/189 1365/555/189
f 1313/530/189 1367/446/189 1366/550/189
f 1363/558/189 1263/556/189 1364/557/189
f 1362/493/189 1263/556/189 1363/558/189
f 1361/559/189 1263/556/189 1362/493/189
f 1360/560/189 1263/556/189 1361/559/189
f 1359/561/189 1263/556/189 1360/560/189
f 1358/562/189 1263/556/189 1359/561/189
f 1357/509/189 1263/556/189 1358/562/189
f 1356/563/189 1263/556/189 1357/509/189
f 1356/563/189 1264/564/189 1263/556/189
f 1355/565/189 1264/564/189 1356/563/189
f 1354/566/189 1264/564/189 1355/565/189
f 1353/567/189 1264/564/189 1354/566/189
f 1352/521/189 1264/564/189 1353/567/189
f 1313/530/189 1311/568/189 1367/446/189
f 1311/568/189 1352/521/189 1367/446/189
f 1311/568/189 1264/564/189 1352/521/189
f 1311/568/189 1265/569/189 1264/564/189
f 1311/568/189 1266/570/189 1265/569/189
f 1311/568/189 1267/473/189 1266/570/189
f 1311/568/189 1268/571/189 1267/473/189
f 1311/568/189 1269/572/189 1268/571/189
f 1311/568/189 1270/573/189 1269/572/189
f 1311/568/189 1271/574/189 1270/573/189
f 1311/568/189 1272/466/189 1271/574/189
f 1311/568/189 1273/575/189 1272/466/189
f 1311/568/189 1274/576/189 1273/575/189
f 1311/568/189 1275/577/189 1274/576/189
f 1311/568/189 1276/578/189 1275/577/189
f 1311/568/189 1277/458/189 1276/578/189
f 1311/568/189 1278/579/189 1277/458/189
f 1311/568/189 1279/580/189 1278/579/189
f 1311/568/189 1280/581/189 1279/580/189
f 1311/568/189 1281/582/189 1280/581/189
f 1311/568/189 1282/444/189 1281/582/189
f 1311/568/189 1283/583/189 1282/444/189
f 1313/530/189 1312/498/189 1311/568/189
f 1310/584/189 1283/583/189 1311/568/189
f 1309/585/189 1283/583/189 1310/584/189
f 1308/586/189 1283/583/189 1309/585/189
f 1308/586/189 1284/587/189 1283/583/189
f 1307/484/189 1284/587/189 1308/586/189
f 1306/588/189 1284/587/189 1307/484/189
f 1305/589/189 1284/587/189 1306/588/189
f 1304/590/189 1284/587/189 1305/589/189
f 1303/591/189 1284/587/189 1304/590/189
f 1302/438/189 1284/587/189 1303/591/189
f 1301/592/189 1284/587/189 1302/438/189
f 1300/593/189 1284/587/189 1301/592/189
f 1299/594/189 1284/587/189 1300/593/189
f 1299/594/189 1285/595/189 1284/587/189
f 1298/596/189 1285/595/189 1299/594/189
f 1297/472/189 1285/595/189 1298/596/189
f 1296/597/189 1285/595/189 1297/472/189
f 1295/598/189 1285/595/189 1296/597/189
f 1295/598/189 1286/599/189 1285/595/189
f 1294/600/189 1286/599/189 1295/598/189
f 1293/601/189 1286/599/189 1294/600/189
f 1292/463/189 1286/599/189 1293/601/189
f 1291/602/189 1286/599/189 1292/463/189
f 1291/602/189 1287/455/189 1286/599/189
f 1290/603/189 1287/455/189 1291/602/189
f 1289/604/189 1287/455/189 1290/603/189
f 1288/605/189 1287/455/189 1289/604/189
f 1404/484/189 1406/490/189 1405/486/189
f 1440/521/189 1442/517/189 1441/519/189
f 1403/480/189 1406/490/189 1404/484/189
f 1439/515/189 1442/517/189 1440/521/189
f 1403/480/189 1407/494/189 1406/490/189
f 1402/476/189 1407/494/189 1403/480/189
f 1438/511/189 1442/517/189 1439/515/189
f 1438/511/189 1443/513/189 1442/517/189
f 1401/440/189 1407/494/189 1402/476/189
f 1437/507/189 1443/513/189 1438/511/189
f 1401/440/189 1408/498/189 1407/494/189
f 1400/438/189 1408/498/189 1401/440/189
f 1436/503/189 1443/513/189 1437/507/189
f 1399/439/189 1408/498/189 1400/438/189
f 1399/439/189 1409/502/189 1408/498/189
f 1435/499/189 1443/513/189 1436/503/189
f 1435/499/189 1444/509/189 1443/513/189
f 1398/437/189 1409/502/189 1399/439/189
f 1378/462/189 1380/458/189 1379/460/189
f 1378/462/189 1381/456/189 1380/458/189
f 1434/495/189 1444/509/189 1435/499/189
f 1398/437/189 1410/506/189 1409/502/189
f 1397/474/189 1410/506/189 1398/437/189
f 1433/491/189 1444/509/189 1434/495/189
f 1396/472/189 1410/506/189 1397/474/189
f 1433/491/189 1445/505/189 1444/509/189
f 1396/472/189 1411/510/189 1410/506/189
f 1432/487/189 1445/505/189 1433/491/189
f 1395/469/189 1411/510/189 1396/472/189
f 1431/485/189 1445/505/189 1432/487/189
f 1394/467/189 1411/510/189 1395/469/189
f 1394/467/189 1412/514/189 1411/510/189
f 1430/481/189 1445/505/189 1431/485/189
f 1393/465/189 1412/514/189 1394/467/189
f 1430/481/189 1446/501/189 1445/505/189
f 1392/463/189 1412/514/189 1393/465/189
f 1429/478/189 1446/501/189 1430/481/189
f 1392/463/189 1413/520/189 1412/514/189
f 1391/461/189 1413/520/189 1392/463/189
f 1428/445/189 1446/501/189 1429/478/189
f 1390/459/189 1413/520/189 1391/461/189
f 1390/459/189 1414/518/189 1413/520/189
f 1427/442/189 1446/501/189 1428/445/189
f 1427/442/189 1447/497/189 1446/501/189
f 1389/457/189 1414/518/189 1390/459/189
f 1426/443/189 1447/497/189 1427/442/189
f 1388/455/189 1414/518/189 1389/457/189
f 1425/441/189 1447/497/189 1426/443/189
f 1388/455/189 1415/516/189 1414/518/189
f 1387/454/189 1415/516/189 1388/455/189
f 1424/477/189 1447/497/189 1425/441/189
f 1386/452/189 1415/516/189 1387/454/189
f 1423/482/189 1447/497/189 1424/477/189
f 1385/450/189 1415/516/189 1386/452/189
f 1423/482/189 1448/493/189 1447/497/189
f 1385/450/189 1416/512/189 1415/516/189
f 1422/488/189 1448/493/189 1423/482/189
f 1384/444/189 1416/512/189 1385/450/189
f 1421/492/189 1448/493/189 1422/488/189
f 1383/451/189 1416/512/189 1384/444/189
f 1420/496/189 1448/493/189 1421/492/189
f 1382/453/189 1416/512/189 1383/451/189
f 1382/453/189 1417/508/189 1416/512/189
f 1419/500/189 1448/493/189 1420/496/189
f 1381/456/189 1417/508/189 1382/453/189
f 1418/504/189 1448/493/189 1419/500/189
f 1378/462/189 1376/466/189 1381/456/189
f 1376/466/189 1417/508/189 1381/456/189
f 1418/504/189 1449/489/189 1448/493/189
f 1417/508/189 1449/489/189 1418/504/189
f 1376/466/189 1449/489/189 1417/508/189
f 1376/466/189 1450/483/189 1449/489/189
f 1376/466/189 1451/479/189 1450/483/189
f 1376/466/189 1452/446/189 1451/479/189
f 1376/466/189 1368/448/189 1452/446/189
f 1376/466/189 1375/468/189 1368/448/189
f 1375/468/189 1371/475/189 1368/448/189
f 1371/475/189 1369/447/189 1368/448/189
f 1374/470/189 1372/473/189 1375/468/189
f 1372/473/189 1371/475/189 1375/468/189
f 1370/449/189 1369/447/189 1371/475/189
f 1378/462/189 1377/464/189 1376/466/189
f 1374/470/189 1373/471/189 1372/473/189
f 1492/606/189 1494/607/189 1493/608/189
f 1492/606/189 1495/609/189 1494/607/189
f 1496/610/189 1453/448/189 1497/446/189
f 1496/610/189 1454/611/189 1453/448/189
f 1495/609/189 1454/611/189 1496/610/189
f 1492/606/189 1454/611/189 1495/609/189
f 1491/612/189 1456/613/189 1492/606/189
f 1456/613/189 1454/611/189 1492/606/189
f 1490/614/189 1456/613/189 1491/612/189
f 1489/615/189 1456/613/189 1490/614/189
f 1488/616/189 1456/613/189 1489/615/189
f 1487/617/189 1456/613/189 1488/616/189
f 1486/485/189 1456/613/189 1487/617/189
f 1486/485/189 1457/618/189 1456/613/189
f 1455/619/189 1454/611/189 1456/613/189
f 1486/485/189 1458/620/189 1457/618/189
f 1486/485/189 1459/621/189 1458/620/189
f 1486/485/189 1460/622/189 1459/621/189
f 1486/485/189 1461/623/189 1460/622/189
f 1485/624/189 1461/623/189 1486/485/189
f 1485/624/189 1462/625/189 1461/623/189
f 1485/624/189 1463/626/189 1462/625/189
f 1485/624/189 1464/457/189 1463/626/189
f 1485/624/189 1465/627/189 1464/457/189
f 1484/628/189 1465/627/189 1485/624/189
f 1484/628/189 1466/629/189 1465/627/189
f 1484/628/189 1467/630/189 1466/629/189
f 1484/628/189 1468/631/189 1467/630/189
f 1484/628/189 1469/632/189 1468/631/189
f 1483/633/189 1469/632/189 1484/628/189
f 1483/633/189 1470/634/189 1469/632/189
f 1483/633/189 1471/635/189 1470/634/189
f 1483/633/189 1472/636/189 1471/635/189
f 1482/637/189 1472/636/189 1483/633/189
f 1482/637/189 1473/638/189 1472/636/189
f 1482/637/189 1474/639/189 1473/638/189
f 1482/637/189 1475/506/189 1474/639/189
f 1481/640/189 1475/506/189 1482/637/189
f 1481/640/189 1476/641/189 1475/506/189
f 1481/640/189 1477/642/189 1476/641/189
f 1481/640/189 1478/643/189 1477/642/189
f 1480/644/189 1478/643/189 1481/640/189
f 1480/644/189 1479/645/189 1478/643/189
f 1528/646/189 1498/448/189 1529/446/189
f 1528/646/189 1499/647/189 1498/448/189
f 1524/648/189 1526/649/189 1525/650/189
f 1524/648/189 1527/651/189 1526/649/189
f 1524/648/189 1528/646/189 1527/651/189
f 1524/648/189 1499/647/189 1528/646/189
f 1523/652/189 1499/647/189 1524/648/189
f 1523/652/189 1500/653/189 1499/647/189
f 1522/654/189 1500/653/189 1523/652/189
f 1522/654/189 1501/655/189 1500/653/189
f 1521/656/189 1501/655/189 1522/654/189
f 1521/656/189 1502/657/189 1501/655/189
f 1520/658/189 1502/657/189 1521/656/189
f 1520/658/189 1503/659/189 1502/657/189
f 1519/660/189 1503/659/189 1520/658/189
f 1519/660/189 1504/661/189 1503/659/189
f 1518/662/189 1504/661/189 1519/660/189
f 1518/662/189 1505/663/189 1504/661/189
f 1517/664/189 1505/663/189 1518/662/189
f 1517/664/189 1506/665/189 1505/663/189
f 1516/666/189 1506/665/189 1517/664/189
f 1516/666/189 1507/667/189 1506/665/189
f 1515/668/189 1507/667/189 1516/666/189
f 1515/668/189 1508/669/189 1507/667/189
f 1514/670/189 1508/669/189 1515/668/189
f 1514/670/189 1509/671/189 1508/669/189
f 1513/672/189 1509/671/189 1514/670/189
f 1513/672/189 1510/673/189 1509/671/189
f 1512/674/189 1510/673/189 1513/672/189
f 1512/674/189 1511/675/189 1510/673/189
f 1537/640/189 1530/448/189 1538/624/189
f 1537/640/189 1541/446/189 1530/448/189
f 1541/446/189 1531/618/189 1530/448/189
f 1537/640/189 1539/615/189 1541/446/189
f 1540/608/189 1531/618/189 1541/446/189
f 1537/640/189 1534/632/189 1539/615/189
f 1534/632/189 1540/608/189 1539/615/189
f 1534/632/189 1533/627/189 1540/608/189
f 1533/627/189 1531/618/189 1540/608/189
f 1537/640/189 1535/638/189 1534/632/189
f 1532/623/189 1531/618/189 1533/627/189
f 1536/642/189 1535/638/189 1537/640/189
f 1548/521/189 1546/512/189 1549/446/189
f 1548/521/189 1547/445/189 1546/512/189
f 1544/463/189 1542/448/189 1545/484/189
f 1544/463/189 1543/458/189 1542/448/189
f 1568/676/189 1570/543/189 1569/677/189
f 1568/676/189 1571/678/189 1570/543/189
f 1566/679/189 1568/676/189 1567/680/189
f 1566/679/189 1571/678/189 1568/676/189
f 1566/679/189 1572/681/189 1571/678/189
f 1566/679/189 1573/682/189 1572/681/189
f 1565/542/189 1573/682/189 1566/679/189
f 1564/683/189 1574/684/189 1565/542/189
f 1574/684/189 1573/682/189 1565/542/189
f 1564/683/189 1575/446/189 1574/684/189
f 1564/683/189 1550/448/189 1575/446/189
f 1564/683/189 1551/685/189 1550/448/189
f 1563/686/189 1551/685/189 1564/683/189
f 1562/687/189 1551/685/189 1563/686/189
f 1561/688/189 1551/685/189 1562/687/189
f 1560/590/189 1551/685/189 1561/688/189
f 1559/689/189 1551/685/189 1560/590/189
f 1558/690/189 1551/685/189 1559/689/189
f 1557/691/189 1551/685/189 1558/690/189
f 1556/692/189 1551/685/189 1557/691/189
f 1555/583/189 1551/685/189 1556/692/189
f 1554/693/189 1551/685/189 1555/583/189
f 1553/694/189 1551/685/189 1554/693/189
f 1552/695/189 1551/685/189 1553/694/189
f 1600/684/189 1576/448/189 1601/446/189
f 1600/684/189 1577/685/189 1576/448/189
f 1599/682/189 1577/685/189 1600/684/189
f 1598/681/189 1577/685/189 1599/682/189
f 1597/678/189 1577/685/189 1598/681/189
f 1596/543/189 1577/685/189 1597/678/189
f 1595/677/189 1577/685/189 1596/543/189
f 1594/676/189 1577/685/189 1595/677/189
f 1593/680/189 1577/685/189 1594/676/189
f 1592/679/189 1577/685/189 1593/680/189
f 1591/542/189 1577/685/189 1592/679/189
f 1590/683/189 1577/685/189 1591/542/189
f 1589/686/189 1577/685/189 1590/683/189
f 1588/687/189 1578/695/189 1589/686/189
f 1578/695/189 1577/685/189 1589/686/189
f 1588/687/189 1579/694/189 1578/695/189
f 1586/590/189 1588/687/189 1587/688/189
f 1586/590/189 1579/694/189 1588/687/189
f 1586/590/189 1580/693/189 1579/694/189
f 1586/590/189 1581/583/189 1580/693/189
f 1585/689/189 1581/583/189 1586/590/189
f 1584/690/189 1582/692/189 1585/689/189
f 1582/692/189 1581/583/189 1585/689/189
f 1584/690/189 1583/691/189 1582/692/189
f 1640/664/189 1642/662/189 1641/696/189
f 1640/664/189 1643/697/189 1642/662/189
f 1639/698/189 1643/697/189 1640/664/189
f 1639/698/189 1644/660/189 1643/697/189
f 1638/666/189 1644/660/189 1639/698/189
f 1638/666/189 1645/699/189 1644/660/189
f 1637/700/189 1645/699/189 1638/666/189
f 1637/700/189 1646/658/189 1645/699/189
f 1636/668/189 1646/658/189 1637/700/189
f 1636/668/189 1647/701/189 1646/658/189
f 1635/702/189 1647/701/189 1636/668/189
f 1635/702/189 1648/656/189 1647/701/189
f 1634/670/189 1648/656/189 1635/702/189
f 1634/670/189 1649/703/189 1648/656/189
f 1633/506/189 1649/703/189 1634/670/189
f 1633/506/189 1650/654/189 1649/703/189
f 1632/672/189 1650/654/189 1633/506/189
f 1632/672/189 1651/704/189 1650/654/189
f 1631/705/189 1651/704/189 1632/672/189
f 1631/705/189 1652/652/189 1651/704/189
f 1630/674/189 1652/652/189 1631/705/189
f 1630/674/189 1653/706/189 1652/652/189
f 1629/707/189 1653/706/189 1630/674/189
f 1629/707/189 1654/648/189 1653/706/189
f 1628/675/189 1664/446/189 1629/707/189
f 1664/446/189 1654/648/189 1629/707/189
f 1664/446/189 1663/708/189 1654/648/189
f 1663/708/189 1655/709/189 1654/648/189
f 1628/675/189 1661/710/189 1664/446/189
f 1662/646/189 1655/709/189 1663/708/189
f 1628/675/189 1657/711/189 1661/710/189
f 1657/711/189 1662/646/189 1661/710/189
f 1657/711/189 1655/709/189 1662/646/189
f 1657/711/189 1656/650/189 1655/709/189
f 1628/675/189 1658/649/189 1657/711/189
f 1659/712/189 1602/448/189 1660/651/189
f 1659/712/189 1603/713/189 1602/448/189
f 1628/675/189 1659/712/189 1658/649/189
f 1628/675/189 1603/713/189 1659/712/189
f 1627/714/189 1603/713/189 1628/675/189
f 1627/714/189 1604/647/189 1603/713/189
f 1626/673/189 1604/647/189 1627/714/189
f 1626/673/189 1605/715/189 1604/647/189
f 1625/716/189 1605/715/189 1626/673/189
f 1625/716/189 1606/653/189 1605/715/189
f 1624/671/189 1606/653/189 1625/716/189
f 1624/671/189 1607/717/189 1606/653/189
f 1623/718/189 1607/717/189 1624/671/189
f 1623/718/189 1608/655/189 1607/717/189
f 1622/669/189 1608/655/189 1623/718/189
f 1622/669/189 1609/719/189 1608/655/189
f 1621/720/189 1609/719/189 1622/669/189
f 1621/720/189 1610/657/189 1609/719/189
f 1620/667/189 1610/657/189 1621/720/189
f 1620/667/189 1611/721/189 1610/657/189
f 1619/722/189 1611/721/189 1620/667/189
f 1619/722/189 1612/659/189 1611/721/189
f 1618/665/189 1612/659/189 1619/722/189
f 1618/665/189 1613/723/189 1612/659/189
f 1617/724/189 1613/723/189 1618/665/189
f 1617/724/189 1614/661/189 1613/723/189
f 1616/663/189 1614/661/189 1617/724/189
f 1616/663/189 1615/725/189 1614/661/189
f 1667/590/189 1669/543/189 1668/542/189
f 1667/590/189 1670/446/189 1669/543/189
f 1667/590/189 1665/448/189 1670/446/189
f 1667/590/189 1666/583/189 1665/448/189
f 1697/726/189 1749/727/189 1698/728/189
f 1749/727/189 1699/729/189 1698/728/189
f 1749/727/189 1700/730/189 1699/729/189
f 1749/727/189 1701/731/189 1700/730/189
f 1749/727/189 1702/732/189 1701/731/189
f 1749/727/189 1703/733/189 1702/732/189
f 1749/727/189 1704/734/189 1703/733/189
f 1749/727/189 1705/735/189 1704/734/189
f 1749/727/189 1706/736/189 1705/735/189
f 1749/727/189 1707/737/189 1706/736/189
f 1749/727/189 1708/738/189 1707/737/189
f 1749/727/189 1709/739/189 1708/738/189
f 1749/727/189 1710/740/189 1709/739/189
f 1749/727/189 1711/741/189 1710/740/189
f 1749/727/189 1712/742/189 1711/741/189
f 1749/727/189 1713/743/189 1712/742/189
f 1749/727/189 1714/744/189 1713/743/189
f 1749/727/189 1715/745/189 1714/744/189
f 1749/727/189 1716/746/189 1715/745/189
f 1749/727/189 1717/747/189 1716/746/189
f 1749/727/189 1718/748/189 1717/747/189
f 1749/727/189 1748/749/189 1718/748/189
f 1748/749/189 1719/750/189 1718/748/189
f 1697/726/189 1750/446/189 1749/727/189
f 1747/751/189 1719/750/189 1748/749/189
f 1746/752/189 1719/750/189 1747/751/189
f 1745/753/189 1719/750/189 1746/752/189
f 1744/754/189 1719/750/189 1745/753/189
f 1744/754/189 1720/755/189 1719/750/189
f 1743/756/189 1720/755/189 1744/754/189
f 1742/757/189 1720/755/189 1743/756/189
f 1742/757/189 1721/758/189 1720/755/189
f 1741/759/189 1721/758/189 1742/757/189
f 1740/760/189 1721/758/189 1741/759/189
f 1740/760/189 1722/761/189 1721/758/189
f 1739/762/189 1722/761/189 1740/760/189
f 1739/762/189 1671/448/189 1722/761/189
f 1738/763/189 1671/448/189 1739/762/189
f 1737/764/189 1671/448/189 1738/763/189
f 1737/764/189 1672/765/189 1671/448/189
f 1736/766/189 1672/765/189 1737/764/189
f 1735/767/189 1672/765/189 1736/766/189
f 1734/768/189 1672/765/189 1735/767/189
f 1733/769/189 1672/765/189 1734/768/189
f 1733/769/189 1673/770/189 1672/765/189
f 1732/771/189 1673/770/189 1733/769/189
f 1731/772/189 1673/770/189 1732/771/189
f 1731/772/189 1674/773/189 1673/770/189
f 1730/774/189 1674/773/189 1731/772/189
f 1730/774/189 1675/775/189 1674/773/189
f 1729/776/189 1675/775/189 1730/774/189
f 1728/777/189 1675/775/189 1729/776/189
f 1728/777/189 1676/778/189 1675/775/189
f 1727/779/189 1676/778/189 1728/777/189
f 1726/780/189 1676/778/189 1727/779/189
f 1726/780/189 1677/781/189 1676/778/189
f 1725/782/189 1677/781/189 1726/780/189
f 1724/783/189 1677/781/189 1725/782/189
f 1723/784/189 1677/781/189 1724/783/189
f 1697/726/189 1723/784/189 1750/446/189
f 1697/726/189 1677/781/189 1723/784/189
f 1697/726/189 1678/785/189 1677/781/189
f 1697/726/189 1679/786/189 1678/785/189
f 1697/726/189 1680/787/189 1679/786/189
f 1697/726/189 1681/788/189 1680/787/189
f 1697/726/189 1682/789/189 1681/788/189
f 1697/726/189 1683/790/189 1682/789/189
f 1697/726/189 1684/791/189 1683/790/189
f 1697/726/189 1685/792/189 1684/791/189
f 1697/726/189 1686/793/189 1685/792/189
f 1697/726/189 1687/794/189 1686/793/189
f 1697/726/189 1688/795/189 1687/794/189
f 1697/726/189 1689/796/189 1688/795/189
f 1697/726/189 1690/797/189 1689/796/189
f 1697/726/189 1691/798/189 1690/797/189
f 1697/726/189 1692/799/189 1691/798/189
f 1697/726/189 1693/800/189 1692/799/189
f 1697/726/189 1694/801/189 1693/800/189
f 1697/726/189 1695/802/189 1694/801/189
f 1697/726/189 1696/803/189 1695/802/189
f 1757/521/189 1755/512/189 1758/446/189
f 1757/521/189 1756/445/189 1755/512/189
f 1753/463/189 1751/448/189 1754/484/189
f 1753/463/189 1752/458/189 1751/448/189
f 1777/676/189 1779/543/189 1778/677/189
f 1777/676/189 1780/678/189 1779/543/189
f 1775/679/189 1777/676/189 1776/680/189
f 1775/679/189 1780/678/189 1777/676/189
f 1775/679/189 1781/681/189 1780/678/189
f 1775/679/189 1782/682/189 1781/681/189
f 1774/542/189 1782/682/189 1775/679/189
f 1773/683/189 1783/684/189 1774/542/189
f 1783/684/189 1782/682/189 1774/542/189
f 1773/683/189 1784/446/189 1783/684/189
f 1773/683/189 1759/448/189 1784/446/189
f 1773/683/189 1760/685/189 1759/448/189
f 1772/686/189 1760/685/189 1773/683/189
f 1771/687/189 1760/685/189 1772/686/189
f 1770/688/189 1760/685/189 1771/687/189
f 1769/590/189 1760/685/189 1770/688/189
f 1768/689/189 1760/685/189 1769/590/189
f 1767/690/189 1760/685/189 1768/689/189
f 1766/691/189 1760/685/189 1767/690/189
f 1765/692/189 1760/685/189 1766/691/189
f 1764/583/189 1760/685/189 1765/692/189
f 1763/693/189 1760/685/189 1764/583/189
f 1762/694/189 1760/685/189 1763/693/189
f 1761/695/189 1760/685/189 1762/694/189
f 1791/621/189 1793/623/189 1792/622/189
f 1791/621/189 1794/625/189 1793/623/189
f 1817/624/189 1819/617/189 1818/485/189
f 1816/628/189 1819/617/189 1817/624/189
f 1815/633/189 1819/617/189 1816/628/189
f 1815/633/189 1820/616/189 1819/617/189
f 1814/637/189 1820/616/189 1815/633/189
f 1813/640/189 1820/616/189 1814/637/189
f 1812/644/189 1820/616/189 1813/640/189
f 1812/644/189 1821/615/189 1820/616/189
f 1811/645/189 1821/615/189 1812/644/189
f 1810/643/189 1821/615/189 1811/645/189
f 1809/642/189 1821/615/189 1810/643/189
f 1809/642/189 1822/614/189 1821/615/189
f 1808/641/189 1822/614/189 1809/642/189
f 1807/506/189 1822/614/189 1808/641/189
f 1806/639/189 1822/614/189 1807/506/189
f 1806/639/189 1823/612/189 1822/614/189
f 1805/638/189 1823/612/189 1806/639/189
f 1804/636/189 1823/612/189 1805/638/189
f 1803/635/189 1823/612/189 1804/636/189
f 1803/635/189 1824/606/189 1823/612/189
f 1802/634/189 1824/606/189 1803/635/189
f 1801/632/189 1824/606/189 1802/634/189
f 1800/631/189 1824/606/189 1801/632/189
f 1799/630/189 1824/606/189 1800/631/189
f 1799/630/189 1825/608/189 1824/606/189
f 1798/629/189 1825/608/189 1799/630/189
f 1797/627/189 1825/608/189 1798/629/189
f 1796/457/189 1825/608/189 1797/627/189
f 1795/626/189 1825/608/189 1796/457/189
f 1794/625/189 1825/608/189 1795/626/189
f 1791/621/189 1789/618/189 1794/625/189
f 1789/618/189 1825/608/189 1794/625/189
f 1789/618/189 1826/607/189 1825/608/189
f 1789/618/189 1827/609/189 1826/607/189
f 1789/618/189 1828/610/189 1827/609/189
f 1789/618/189 1829/446/189 1828/610/189
f 1789/618/189 1785/448/189 1829/446/189
f 1789/618/189 1788/613/189 1785/448/189
f 1788/613/189 1786/611/189 1785/448/189
f 1787/619/189 1786/611/189 1788/613/189
f 1791/621/189 1790/620/189 1789/618/189
f 1910/804/189 1912/805/189 1911/806/189
f 1910/804/189 1913/807/189 1912/805/189
f 1909/808/189 1913/807/189 1910/804/189
f 1909/808/189 1914/809/189 1913/807/189
f 1908/810/189 1914/809/189 1909/808/189
f 1908/810/189 1915/811/189 1914/809/189
f 1907/812/189 1915/811/189 1908/810/189
f 1923/813/189 1830/448/189 1924/814/189
f 1923/813/189 1831/815/189 1830/448/189
f 1907/812/189 1916/816/189 1915/811/189
f 1906/512/189 1916/816/189 1907/812/189
f 1906/512/189 1917/817/189 1916/816/189
f 1905/818/189 1917/817/189 1906/512/189
f 1905/818/189 1918/819/189 1917/817/189
f 1904/820/189 1918/819/189 1905/818/189
f 1904/820/189 1919/821/189 1918/819/189
f 1903/822/189 1919/821/189 1904/820/189
f 1903/822/189 1920/823/189 1919/821/189
f 1902/824/189 1920/823/189 1903/822/189
f 1902/824/189 1921/825/189 1920/823/189
f 1901/826/189 1921/825/189 1902/824/189
f 1901/826/189 1922/827/189 1921/825/189
f 1901/826/189 1923/813/189 1922/827/189
f 1900/828/189 1923/813/189 1901/826/189
f 1900/828/189 1927/829/189 1923/813/189
f 1927/829/189 1831/815/189 1923/813/189
f 1899/830/189 1927/829/189 1900/828/189
f 1898/831/189 1927/829/189 1899/830/189
f 1897/832/189 1927/829/189 1898/831/189
f 1896/833/189 1927/829/189 1897/832/189
f 1895/834/189 1927/829/189 1896/833/189
f 1894/835/189 1927/829/189 1895/834/189
f 1893/836/189 1927/829/189 1894/835/189
f 1892/837/189 1927/829/189 1893/836/189
f 1891/838/189 1927/829/189 1892/837/189
f 1890/839/189 1927/829/189 1891/838/189
f 1889/840/189 1929/841/189 1890/839/189
f 1929/841/189 1928/842/189 1890/839/189
f 1928/842/189 1927/829/189 1890/839/189
f 1888/843/189 1936/844/189 1889/840/189
f 1936/844/190 1935/845/190 1889/840/190
f 1935/845/189 1934/846/189 1889/840/189
f 1934/846/189 1933/847/189 1889/840/189
f 1933/847/189 1932/848/189 1889/840/189
f 1932/848/190 1931/849/190 1889/840/190
f 1931/849/189 1930/850/189 1889/840/189
f 1930/850/189 1929/841/189 1889/840/189
f 1887/484/189 1939/851/189 1888/843/189
f 1939/851/189 1938/852/189 1888/843/189
f 1938/852/189 1937/853/189 1888/843/189
f 1937/853/189 1936/844/189 1888/843/189
f 1886/854/189 1948/855/189 1887/484/189
f 1948/855/189 1947/856/189 1887/484/189
f 1947/856/189 1946/857/189 1887/484/189
f 1946/857/189 1945/858/189 1887/484/189
f 1945/858/189 1944/521/189 1887/484/189
f 1944/521/189 1943/859/189 1887/484/189
f 1943/859/189 1942/860/189 1887/484/189
f 1942/860/189 1941/861/189 1887/484/189
f 1941/861/189 1940/862/189 1887/484/189
f 1940/862/189 1939/851/189 1887/484/189
f 1926/863/189 1831/815/189 1927/829/189
f 1886/854/190 1949/864/190 1948/855/190
f 1886/854/189 1950/865/189 1949/864/189
f 1886/854/189 1951/866/189 1950/865/189
f 1886/854/189 1952/867/189 1951/866/189
f 1886/854/189 1953/868/189 1952/867/189
f 1886/854/189 1954/869/189 1953/868/189
f 1886/854/189 1955/870/189 1954/869/189
f 1886/854/189 1956/871/189 1955/870/189
f 1886/854/189 1957/872/189 1956/871/189
f 1886/854/189 1958/873/189 1957/872/189
f 1885/874/189 1958/873/189 1886/854/189
f 1885/874/189 1959/875/189 1958/873/189
f 1885/874/189 1960/876/189 1959/875/189
f 1885/874/189 1961/877/189 1960/876/189
f 1885/874/189 1962/878/189 1961/877/189
f 1884/879/189 1962/878/189 1885/874/189
f 1884/879/189 1963/446/189 1962/878/189
f 1884/879/189 1925/445/189 1963/446/189
f 1884/879/189 1926/863/189 1925/445/189
f 1884/879/189 1861/880/189 1926/863/189
f 1861/880/189 1831/815/189 1926/863/189
f 1883/881/189 1861/880/189 1884/879/189
f 1882/882/189 1861/880/189 1883/881/189
f 1881/883/189 1861/880/189 1882/882/189
f 1880/884/189 1861/880/189 1881/883/189
f 1879/885/189 1861/880/189 1880/884/189
f 1878/886/189 1861/880/189 1879/885/189
f 1877/887/189 1861/880/189 1878/886/189
f 1876/888/189 1861/880/189 1877/887/189
f 1875/889/189 1861/880/189 1876/888/189
f 1874/890/189 1861/880/189 1875/889/189
f 1873/891/189 1861/880/189 1874/890/189
f 1872/892/189 1861/880/189 1873/891/189
f 1871/893/189 1861/880/189 1872/892/189
f 1870/894/189 1861/880/189 1871/893/189
f 1869/895/189 1861/880/189 1870/894/189
f 1868/463/189 1861/880/189 1869/895/189
f 1867/896/189 1861/880/189 1868/463/189
f 1866/897/189 1861/880/189 1867/896/189
f 1865/898/189 1861/880/189 1866/897/189
f 1864/899/189 1861/880/189 1865/898/189
f 1863/900/189 1861/880/189 1864/899/189
f 1862/901/189 1861/880/189 1863/900/189
f 1860/902/189 1831/815/189 1861/880/189
f 1856/903/189 1858/904/189 1857/905/189
f 1856/903/189 1859/906/189 1858/904/189
f 1856/903/189 1860/902/189 1859/906/189
f 1856/903/189 1831/815/189 1860/902/189
f 1855/907/189 1831/815/189 1856/903/189
f 1855/907/189 1832/908/189 1831/815/189
f 1854/909/189 1832/908/189 1855/907/189
f 1854/909/189 1833/910/189 1832/908/189
f 1853/911/189 1833/910/189 1854/909/189
f 1853/911/189 1834/912/189 1833/910/189
f 1852/913/189 1834/912/189 1853/911/189
f 1852/913/189 1835/914/189 1834/912/189
f 1851/915/189 1835/914/189 1852/913/189
f 1851/915/189 1836/916/189 1835/914/189
f 1850/917/189 1836/916/189 1851/915/189
f 1850/917/189 1837/918/189 1836/916/189
f 1849/458/189 1837/918/189 1850/917/189
f 1849/458/189 1838/919/189 1837/918/189
f 1848/920/189 1838/919/189 1849/458/189
f 1848/920/189 1839/921/189 1838/919/189
f 1847/922/189 1839/921/189 1848/920/189
f 1847/922/189 1840/923/189 1839/921/189
f 1846/924/189 1840/923/189 1847/922/189
f 1846/924/189 1841/925/189 1840/923/189
f 1845/926/189 1841/925/189 1846/924/189
f 1845/926/189 1842/927/189 1841/925/189
f 1844/928/189 1842/927/189 1845/926/189
f 1844/928/189 1843/929/189 1842/927/189
f 1970/521/189 1968/512/189 1971/446/189
f 1970/521/189 1969/445/189 1968/512/189
f 1966/463/189 1964/448/189 1967/484/189
f 1966/463/189 1965/458/189 1964/448/189
f 1992/930/189 1990/931/189 1993/932/189
f 1990/931/189 1994/933/189 1993/932/189
f 1990/931/189 1995/934/189 1994/933/189
f 1990/931/189 1996/935/189 1995/934/189
f 1990/931/189 1997/936/189 1996/935/189
f 1990/931/189 1998/937/189 1997/936/189
f 1990/931/189 1999/938/189 1998/937/189
f 1990/931/189 2000/939/189 1999/938/189
f 1990/931/189 2001/506/189 2000/939/189
f 1990/931/189 2002/940/189 2001/506/189
f 1990/931/189 2003/941/189 2002/940/189
f 1990/931/189 2004/942/189 2003/941/189
f 1990/931/189 2005/943/189 2004/942/189
f 1990/931/189 2006/944/189 2005/943/189
f 1990/931/189 1989/945/189 2006/944/189
f 1989/945/189 2007/946/189 2006/944/189
f 1992/930/189 1991/947/189 1990/931/189
f 1988/948/189 2007/946/189 1989/945/189
f 1986/949/189 1988/948/189 1987/950/189
f 1986/949/189 2007/946/189 1988/948/189
f 1986/949/189 2008/951/189 2007/946/189
f 1985/952/189 2008/951/189 1986/949/189
f 1985/952/189 2009/953/189 2008/951/189
f 1984/954/189 2009/953/189 1985/952/189
f 1984/954/189 2010/955/189 2009/953/189
f 1984/954/189 2011/956/189 2010/955/189
f 1983/957/189 2011/956/189 1984/954/189
f 1983/957/189 2012/958/189 2011/956/189
f 1982/959/189 2012/958/189 1983/957/189
f 1982/959/189 2013/960/189 2012/958/189
f 1981/961/189 2013/960/189 1982/959/189
f 1981/961/189 2014/962/189 2013/960/189
f 1980/963/189 2014/962/189 1981/961/189
f 1980/963/189 2015/964/189 2014/962/189
f 1979/965/189 2015/964/189 1980/963/189
f 1979/965/189 2016/966/189 2015/964/189
f 1979/965/189 2017/967/189 2016/966/189
f 1978/968/189 2017/967/189 1979/965/189
f 1977/969/189 2017/967/189 1978/968/189
f 1977/969/189 2018/970/189 2017/967/189
f 1976/971/189 2018/970/189 1977/969/189
f 1976/971/189 2019/972/189 2018/970/189
f 1975/973/189 2019/972/189 1976/971/189
f 1974/974/189 1972/448/189 1975/973/189
f 1972/448/189 2019/972/189 1975/973/189
f 1972/448/189 2020/975/189 2019/972/189
f 1972/448/189 2021/976/189 2020/975/189
f 1972/448/189 2022/977/189 2021/976/189
f 1972/448/189 2023/978/189 2022/977/189
f 1972/448/189 2024/979/189 2023/978/189
f 1972/448/189 2025/980/189 2024/979/189
f 1972/448/189 2026/981/189 2025/980/189
f 1972/448/189 2027/982/189 2026/981/189
f 1972/448/189 2028/983/189 2027/982/189
f 1972/448/189 2029/984/189 2028/983/189
f 1972/448/189 2030/446/189 2029/984/189
f 1974/974/189 1973/985/189 1972/448/189
f 2061/437/191 2062/439/191 2063/438/191
f 2061/437/191 2063/438/191 2064/440/191
f 2088/441/191 2089/443/191 2090/442/191
f 2088/441/191 2090/442/191 2047/444/191
f 2047/444/191 2090/442/191 2091/445/191
f 2115/446/191 2031/448/191 2032/447/191
f 2115/446/191 2032/447/191 2033/449/191
f 2088/441/191 2047/444/191 2048/450/191
f 2046/451/191 2047/444/191 2091/445/191
f 2088/441/191 2048/450/191 2049/452/191
f 2045/453/191 2046/451/191 2091/445/191
f 2088/441/191 2049/452/191 2050/454/191
f 2088/441/191 2050/454/191 2051/455/191
f 2044/456/191 2045/453/191 2091/445/191
f 2088/441/191 2051/455/191 2052/457/191
f 2043/458/192 2044/456/192 2091/445/192
f 2088/441/191 2052/457/191 2053/459/191
f 2042/460/191 2043/458/191 2091/445/191
f 2088/441/191 2053/459/191 2054/461/191
f 2041/462/191 2042/460/191 2091/445/191
f 2088/441/191 2054/461/191 2055/463/191
f 2040/464/191 2041/462/191 2091/445/191
f 2088/441/191 2055/463/191 2056/465/191
f 2039/466/191 2040/464/191 2091/445/191
f 2088/441/191 2056/465/191 2057/467/191
f 2038/468/191 2039/466/191 2091/445/191
f 2088/441/191 2057/467/191 2058/469/191
f 2037/470/191 2038/468/191 2091/445/191
f 2036/471/192 2037/470/192 2091/445/192
f 2088/441/191 2058/469/191 2059/472/191
f 2035/473/191 2036/471/191 2091/445/191
f 2088/441/191 2059/472/191 2060/474/191
f 2034/475/191 2035/473/191 2091/445/191
f 2061/437/192 2064/440/192 2065/476/192
f 2087/477/191 2088/441/191 2060/474/191
f 2034/475/192 2091/445/192 2092/478/192
f 2114/479/191 2115/446/191 2033/449/191
f 2061/437/191 2065/476/191 2066/480/191
f 2034/475/191 2092/478/191 2093/481/191
f 2086/482/191 2087/477/191 2060/474/191
f 2113/483/191 2114/479/191 2033/449/191
f 2061/437/192 2066/480/192 2067/484/192
f 2034/475/192 2093/481/192 2094/485/192
f 2061/437/191 2067/484/191 2068/486/191
f 2034/475/191 2094/485/191 2095/487/191
f 2085/488/191 2086/482/191 2060/474/191
f 2112/489/191 2113/483/191 2033/449/191
f 2061/437/191 2068/486/191 2069/490/191
f 2034/475/191 2095/487/191 2096/491/191
f 2084/492/191 2085/488/191 2060/474/191
f 2111/493/191 2112/489/191 2033/449/191
f 2061/437/191 2069/490/191 2070/494/191
f 2034/475/191 2096/491/191 2097/495/191
f 2083/496/191 2084/492/191 2060/474/191
f 2110/497/191 2111/493/191 2033/449/191
f 2061/437/192 2070/494/192 2071/498/192
f 2034/475/192 2097/495/192 2098/499/192
f 2082/500/192 2083/496/192 2060/474/192
f 2109/501/192 2110/497/192 2033/449/192
f 2061/437/191 2071/498/191 2072/502/191
f 2034/475/191 2098/499/191 2099/503/191
f 2081/504/191 2082/500/191 2060/474/191
f 2108/505/191 2109/501/191 2033/449/191
f 2061/437/191 2072/502/191 2073/506/191
f 2034/475/191 2099/503/191 2100/507/191
f 2080/508/191 2081/504/191 2060/474/191
f 2107/509/191 2108/505/191 2033/449/191
f 2061/437/191 2073/506/191 2074/510/191
f 2034/475/191 2100/507/191 2101/511/191
f 2079/512/191 2080/508/191 2060/474/191
f 2106/513/191 2107/509/191 2033/449/191
f 2061/437/191 2074/510/191 2075/514/191
f 2034/475/191 2101/511/191 2102/515/191
f 2078/516/191 2079/512/191 2060/474/191
f 2105/517/191 2106/513/191 2033/449/191
f 2077/518/191 2078/516/191 2060/474/191
f 2104/519/191 2105/517/191 2033/449/191
f 2061/437/192 2075/514/192 2076/520/192
f 2034/475/192 2102/515/192 2103/521/192
f 2076/520/191 2077/518/191 2060/474/191
f 2103/521/191 2104/519/191 2033/449/191
f 2061/437/191 2076/520/191 2060/474/191
f 2034/475/191 2103/521/191 2033/449/191
f 2122/521/191 2123/446/191 2120/512/191
f 2122/521/191 2120/512/191 2121/445/191
f 2118/463/191 2119/484/191 2116/448/191
f 2118/463/191 2116/448/191 2117/458/191
f 2201/522/191 2202/524/191 2203/523/191
f 2200/525/191 2201/522/191 2203/523/191
f 2199/445/191 2200/525/191 2203/523/191
f 2199/445/191 2203/523/191 2204/487/191
f 2198/526/191 2199/445/191 2204/487/191
f 2197/527/191 2198/526/191 2204/487/191
f 2196/528/191 2197/527/191 2204/487/191
f 2196/528/191 2204/487/191 2205/529/191
f 2175/530/191 2176/532/191 2177/531/191
f 2175/530/191 2177/531/191 2178/533/191
f 2195/534/191 2196/528/191 2205/529/191
f 2194/477/191 2195/534/191 2205/529/191
f 2193/535/191 2194/477/191 2205/529/191
f 2193/535/191 2205/529/191 2206/536/191
f 2192/537/191 2193/535/191 2206/536/191
f 2191/538/191 2192/537/191 2206/536/191
f 2190/539/191 2191/538/191 2206/536/191
f 2190/539/191 2206/536/191 2207/540/191
f 2189/496/191 2190/539/191 2207/540/191
f 2188/541/191 2189/496/191 2207/540/191
f 2187/542/191 2188/541/191 2207/540/191
f 2187/542/191 2207/540/191 2208/543/191
f 2186/544/191 2187/542/191 2208/543/191
f 2185/545/191 2186/544/191 2208/543/191
f 2184/512/191 2185/545/191 2208/543/191
f 2183/546/191 2184/512/191 2208/543/191
f 2183/546/191 2208/543/191 2209/503/191
f 2182/547/191 2183/546/191 2209/503/191
f 2181/548/191 2182/547/191 2209/503/191
f 2180/549/191 2181/548/191 2209/503/191
f 2179/514/191 2180/549/191 2209/503/191
f 2178/533/191 2179/514/191 2209/503/191
f 2175/530/191 2178/533/191 2228/550/191
f 2228/550/191 2178/533/191 2209/503/191
f 2228/550/191 2209/503/191 2210/551/191
f 2228/550/191 2210/551/191 2211/552/191
f 2228/550/191 2211/552/191 2212/553/191
f 2228/550/191 2212/553/191 2213/554/191
f 2228/550/191 2213/554/191 2124/448/191
f 2228/550/191 2124/448/191 2227/555/191
f 2227/555/191 2124/448/191 2125/556/191
f 2226/557/191 2227/555/191 2125/556/191
f 2175/530/191 2228/550/191 2229/446/191
f 2225/558/191 2226/557/191 2125/556/191
f 2224/493/191 2225/558/191 2125/556/191
f 2223/559/191 2224/493/191 2125/556/191
f 2222/560/191 2223/559/191 2125/556/191
f 2221/561/191 2222/560/191 2125/556/191
f 2220/562/191 2221/561/191 2125/556/191
f 2219/509/191 2220/562/191 2125/556/191
f 2218/563/191 2219/509/191 2125/556/191
f 2218/563/191 2125/556/191 2126/564/191
f 2217/565/191 2218/563/191 2126/564/191
f 2216/566/191 2217/565/191 2126/564/191
f 2215/567/191 2216/566/191 2126/564/191
f 2214/521/191 2215/567/191 2126/564/191
f 2175/530/191 2229/446/191 2173/568/191
f 2173/568/191 2229/446/191 2214/521/191
f 2173/568/191 2214/521/191 2126/564/191
f 2173/568/191 2126/564/191 2127/569/191
f 2173/568/191 2127/569/191 2128/570/191
f 2173/568/191 2128/570/191 2129/473/191
f 2173/568/191 2129/473/191 2130/571/191
f 2173/568/191 2130/571/191 2131/572/191
f 2173/568/191 2131/572/191 2132/573/191
f 2173/568/191 2132/573/191 2133/574/191
f 2173/568/191 2133/574/191 2134/466/191
f 2173/568/191 2134/466/191 2135/575/191
f 2173/568/191 2135/575/191 2136/576/191
f 2173/568/191 2136/576/191 2137/577/191
f 2173/568/191 2137/577/191 2138/578/191
f 2173/568/191 2138/578/191 2139/458/191
f 2173/568/191 2139/458/191 2140/579/191
f 2173/568/191 2140/579/191 2141/580/191
f 2173/568/191 2141/580/191 2142/581/191
f 2173/568/191 2142/581/191 2143/582/191
f 2173/568/191 2143/582/191 2144/444/191
f 2173/568/191 2144/444/191 2145/583/191
f 2175/530/191 2173/568/191 2174/498/191
f 2172/584/191 2173/568/191 2145/583/191
f 2171/585/191 2172/584/191 2145/583/191
f 2170/586/191 2171/585/191 2145/583/191
f 2170/586/191 2145/583/191 2146/587/191
f 2169/484/191 2170/586/191 2146/587/191
f 2168/588/191 2169/484/191 2146/587/191
f 2167/589/191 2168/588/191 2146/587/191
f 2166/590/191 2167/589/191 2146/587/191
f 2165/591/191 2166/590/191 2146/587/191
f 2164/438/191 2165/591/191 2146/587/191
f 2163/592/191 2164/438/191 2146/587/191
f 2162/593/191 2163/592/191 2146/587/191
f 2161/594/191 2162/593/191 2146/587/191
f 2161/594/191 2146/587/191 2147/595/191
f 2160/596/191 2161/594/191 2147/595/191
f 2159/472/191 2160/596/191 2147/595/191
f 2158/597/191 2159/472/191 2147/595/191
f 2157/598/191 2158/597/191 2147/595/191
f 2157/598/191 2147/595/191 2148/599/191
f 2156/600/191 2157/598/191 2148/599/191
f 2155/601/191 2156/600/191 2148/599/191
f 2154/463/191 2155/601/191 2148/599/191
f 2153/602/191 2154/463/191 2148/599/191
f 2153/602/191 2148/599/191 2149/455/191
f 2152/603/191 2153/602/191 2149/455/191
f 2151/604/191 2152/603/191 2149/455/191
f 2150/605/192 2151/604/192 2149/455/192
f 2266/484/191 2267/486/191 2268/490/191
f 2302/521/191 2303/519/191 2304/517/191
f 2265/480/191 2266/484/191 2268/490/191
f 2301/515/191 2302/521/191 2304/517/191
f 2265/480/191 2268/490/191 2269/494/191
f 2264/476/191 2265/480/191 2269/494/191
f 2300/511/191 2301/515/191 2304/517/191
f 2300/511/191 2304/517/191 2305/513/191
f 2263/440/191 2264/476/191 2269/494/191
f 2299/507/191 2300/511/191 2305/513/191
f 2263/440/191 2269/494/191 2270/498/191
f 2262/438/191 2263/440/191 2270/498/191
f 2298/503/191 2299/507/191 2305/513/191
f 2261/439/191 2262/438/191 2270/498/191
f 2261/439/191 2270/498/191 2271/502/191
f 2297/499/191 2298/503/191 2305/513/191
f 2297/499/191 2305/513/191 2306/509/191
f 2260/437/191 2261/439/191 2271/502/191
f 2240/462/191 2241/460/191 2242/458/191
f 2240/462/191 2242/458/191 2243/456/191
f 2296/495/191 2297/499/191 2306/509/191
f 2260/437/191 2271/502/191 2272/506/191
f 2259/474/191 2260/437/191 2272/506/191
f 2295/491/191 2296/495/191 2306/509/191
f 2258/472/191 2259/474/191 2272/506/191
f 2295/491/191 2306/509/191 2307/505/191
f 2258/472/191 2272/506/191 2273/510/191
f 2294/487/191 2295/491/191 2307/505/191
f 2257/469/191 2258/472/191 2273/510/191
f 2293/485/191 2294/487/191 2307/505/191
f 2256/467/191 2257/469/191 2273/510/191
f 2256/467/191 2273/510/191 2274/514/191
f 2292/481/191 2293/485/191 2307/505/191
f 2255/465/191 2256/467/191 2274/514/191
f 2292/481/191 2307/505/191 2308/501/191
f 2254/463/191 2255/465/191 2274/514/191
f 2291/478/191 2292/481/191 2308/501/191
f 2254/463/191 2274/514/191 2275/520/191
f 2253/461/191 2254/463/191 2275/520/191
f 2290/445/191 2291/478/191 2308/501/191
f 2252/459/191 2253/461/191 2275/520/191
f 2252/459/191 2275/520/191 2276/518/191
f 2289/442/191 2290/445/191 2308/501/191
f 2289/442/191 2308/501/191 2309/497/191
f 2251/457/191 2252/459/191 2276/518/191
f 2288/443/191 2289/442/191 2309/497/191
f 2250/455/191 2251/457/191 2276/518/191
f 2287/441/191 2288/443/191 2309/497/191
f 2250/455/191 2276/518/191 2277/516/191
f 2249/454/191 2250/455/191 2277/516/191
f 2286/477/191 2287/441/191 2309/497/191
f 2248/452/191 2249/454/191 2277/516/191
f 2285/482/191 2286/477/191 2309/497/191
f 2247/450/191 2248/452/191 2277/516/191
f 2285/482/191 2309/497/191 2310/493/191
f 2247/450/191 2277/516/191 2278/512/191
f 2284/488/191 2285/482/191 2310/493/191
f 2246/444/191 2247/450/191 2278/512/191
f 2283/492/191 2284/488/191 2310/493/191
f 2245/451/191 2246/444/191 2278/512/191
f 2282/496/191 2283/492/191 2310/493/191
f 2244/453/191 2245/451/191 2278/512/191
f 2244/453/191 2278/512/191 2279/508/191
f 2281/500/191 2282/496/191 2310/493/191
f 2243/456/191 2244/453/191 2279/508/191
f 2280/504/191 2281/500/191 2310/493/191
f 2240/462/191 2243/456/191 2238/466/191
f 2238/466/191 2243/456/191 2279/508/191
f 2280/504/191 2310/493/191 2311/489/191
f 2279/508/191 2280/504/191 2311/489/191
f 2238/466/191 2279/508/191 2311/489/191
f 2238/466/191 2311/489/191 2312/483/191
f 2238/466/191 2312/483/191 2313/479/191
f 2238/466/191 2313/479/191 2314/446/191
f 2238/466/191 2314/446/191 2230/448/191
f 2238/466/191 2230/448/191 2237/468/191
f 2237/468/191 2230/448/191 2233/475/191
f 2233/475/191 2230/448/191 2231/447/191
f 2236/470/191 2237/468/191 2234/473/191
f 2234/473/191 2237/468/191 2233/475/191
f 2232/449/191 2233/475/191 2231/447/191
f 2240/462/191 2238/466/191 2239/464/191
f 2236/470/191 2234/473/191 2235/471/191
f 2354/606/191 2355/608/191 2356/607/191
f 2354/606/191 2356/607/191 2357/609/191
f 2358/610/191 2359/446/191 2315/448/191
f 2358/610/191 2315/448/191 2316/611/191
f 2357/609/191 2358/610/191 2316/611/191
f 2354/606/191 2357/609/191 2316/611/191
f 2353/612/191 2354/606/191 2318/613/191
f 2318/613/191 2354/606/191 2316/611/191
f 2352/614/191 2353/612/191 2318/613/191
f 2351/615/191 2352/614/191 2318/613/191
f 2350/616/191 2351/615/191 2318/613/191
f 2349/617/191 2350/616/191 2318/613/191
f 2348/485/191 2349/617/191 2318/613/191
f 2348/485/191 2318/613/191 2319/618/191
f 2317/619/191 2318/613/191 2316/611/191
f 2348/485/191 2319/618/191 2320/620/191
f 2348/485/191 2320/620/191 2321/621/191
f 2348/485/191 2321/621/191 2322/622/191
f 2348/485/191 2322/622/191 2323/623/191
f 2347/624/191 2348/485/191 2323/623/191
f 2347/624/191 2323/623/191 2324/625/191
f 2347/624/191 2324/625/191 2325/626/191
f 2347/624/191 2325/626/191 2326/457/191
f 2347/624/191 2326/457/191 2327/627/191
f 2346/628/191 2347/624/191 2327/627/191
f 2346/628/191 2327/627/191 2328/629/191
f 2346/628/191 2328/629/191 2329/630/191
f 2346/628/191 2329/630/191 2330/631/191
f 2346/628/191 2330/631/191 2331/632/191
f 2345/633/191 2346/628/191 2331/632/191
f 2345/633/191 2331/632/191 2332/634/191
f 2345/633/191 2332/634/191 2333/635/191
f 2345/633/191 2333/635/191 2334/636/191
f 2344/637/191 2345/633/191 2334/636/191
f 2344/637/191 2334/636/191 2335/638/191
f 2344/637/191 2335/638/191 2336/639/191
f 2344/637/191 2336/639/191 2337/506/191
f 2343/640/191 2344/637/191 2337/506/191
f 2343/640/191 2337/506/191 2338/641/191
f 2343/640/191 2338/641/191 2339/642/191
f 2343/640/191 2339/642/191 2340/643/191
f 2342/644/191 2343/640/191 2340/643/191
f 2342/644/191 2340/643/191 2341/645/191
f 2390/646/191 2391/446/191 2360/448/191
f 2390/646/191 2360/448/191 2361/647/191
f 2386/648/191 2387/650/191 2388/649/191
f 2386/648/191 2388/649/191 2389/651/191
f 2386/648/191 2389/651/191 2390/646/191
f 2386/648/191 2390/646/191 2361/647/191
f 2385/652/191 2386/648/191 2361/647/191
f 2385/652/191 2361/647/191 2362/653/191
f 2384/654/191 2385/652/191 2362/653/191
f 2384/654/191 2362/653/191 2363/655/191
f 2383/656/191 2384/654/191 2363/655/191
f 2383/656/191 2363/655/191 2364/657/191
f 2382/658/191 2383/656/191 2364/657/191
f 2382/658/191 2364/657/191 2365/659/191
f 2381/660/191 2382/658/191 2365/659/191
f 2381/660/191 2365/659/191 2366/661/191
f 2380/662/191 2381/660/191 2366/661/191
f 2380/662/191 2366/661/191 2367/663/191
f 2379/664/191 2380/662/191 2367/663/191
f 2379/664/191 2367/663/191 2368/665/191
f 2378/666/191 2379/664/191 2368/665/191
f 2378/666/191 2368/665/191 2369/667/191
f 2377/668/191 2378/666/191 2369/667/191
f 2377/668/191 2369/667/191 2370/669/191
f 2376/670/191 2377/668/191 2370/669/191
f 2376/670/191 2370/669/191 2371/671/191
f 2375/672/191 2376/670/191 2371/671/191
f 2375/672/191 2371/671/191 2372/673/191
f 2374/674/191 2375/672/191 2372/673/191
f 2374/674/191 2372/673/191 2373/675/191
f 2399/640/191 2400/624/191 2392/448/191
f 2399/640/192 2392/448/192 2403/446/192
f 2403/446/191 2392/448/191 2393/618/191
f 2399/640/191 2403/446/191 2401/615/191
f 2402/608/191 2403/446/191 2393/618/191
f 2399/640/191 2401/615/191 2396/632/191
f 2396/632/191 2401/615/191 2402/608/191
f 2396/632/191 2402/608/191 2395/627/191
f 2395/627/191 2402/608/191 2393/618/191
f 2399/640/191 2396/632/191 2397/638/191
f 2394/623/191 2395/627/191 2393/618/191
f 2398/642/191 2399/640/191 2397/638/191
f 2410/521/191 2411/446/191 2408/512/191
f 2410/521/191 2408/512/191 2409/445/191
f 2406/463/191 2407/484/191 2404/448/191
f 2406/463/191 2404/448/191 2405/458/191
f 2430/676/191 2431/677/191 2432/543/191
f 2430/676/191 2432/543/191 2433/678/191
f 2428/679/191 2429/680/191 2430/676/191
f 2428/679/191 2430/676/191 2433/678/191
f 2428/679/191 2433/678/191 2434/681/191
f 2428/679/191 2434/681/191 2435/682/191
f 2427/542/189 2428/679/189 2435/682/189
f 2426/683/191 2427/542/191 2436/684/191
f 2436/684/191 2427/542/191 2435/682/191
f 2426/683/191 2436/684/191 2437/446/191
f 2426/683/191 2437/446/191 2412/448/191
f 2426/683/191 2412/448/191 2413/685/191
f 2425/686/191 2426/683/191 2413/685/191
f 2424/687/191 2425/686/191 2413/685/191
f 2423/688/191 2424/687/191 2413/685/191
f 2422/590/191 2423/688/191 2413/685/191
f 2421/689/191 2422/590/191 2413/685/191
f 2420/690/191 2421/689/191 2413/685/191
f 2419/691/191 2420/690/191 2413/685/191
f 2418/692/191 2419/691/191 2413/685/191
f 2417/583/191 2418/692/191 2413/685/191
f 2416/693/191 2417/583/191 2413/685/191
f 2415/694/191 2416/693/191 2413/685/191
f 2414/695/191 2415/694/191 2413/685/191
f 2462/684/191 2463/446/191 2438/448/191
f 2462/684/191 2438/448/191 2439/685/191
f 2461/682/191 2462/684/191 2439/685/191
f 2460/681/191 2461/682/191 2439/685/191
f 2459/678/191 2460/681/191 2439/685/191
f 2458/543/191 2459/678/191 2439/685/191
f 2457/677/191 2458/543/191 2439/685/191
f 2456/676/191 2457/677/191 2439/685/191
f 2455/680/191 2456/676/191 2439/685/191
f 2454/679/191 2455/680/191 2439/685/191
f 2453/542/191 2454/679/191 2439/685/191
f 2452/683/191 2453/542/191 2439/685/191
f 2451/686/191 2452/683/191 2439/685/191
f 2450/687/191 2451/686/191 2440/695/191
f 2440/695/191 2451/686/191 2439/685/191
f 2450/687/191 2440/695/191 2441/694/191
f 2448/590/191 2449/688/191 2450/687/191
f 2448/590/191 2450/687/191 2441/694/191
f 2448/590/191 2441/694/191 2442/693/191
f 2448/590/191 2442/693/191 2443/583/191
f 2447/689/189 2448/590/189 2443/583/189
f 2446/690/191 2447/689/191 2444/692/191
f 2444/692/189 2447/689/189 2443/583/189
f 2446/690/191 2444/692/191 2445/691/191
f 2502/664/191 2503/696/191 2504/662/191
f 2502/664/191 2504/662/191 2505/697/191
f 2501/698/191 2502/664/191 2505/697/191
f 2501/698/191 2505/697/191 2506/660/191
f 2500/666/191 2501/698/191 2506/660/191
f 2500/666/191 2506/660/191 2507/699/191
f 2499/700/191 2500/666/191 2507/699/191
f 2499/700/191 2507/699/191 2508/658/191
f 2498/668/191 2499/700/191 2508/658/191
f 2498/668/191 2508/658/191 2509/701/191
f 2497/702/191 2498/668/191 2509/701/191
f 2497/702/191 2509/701/191 2510/656/191
f 2496/670/191 2497/702/191 2510/656/191
f 2496/670/191 2510/656/191 2511/703/191
f 2495/506/191 2496/670/191 2511/703/191
f 2495/506/191 2511/703/191 2512/654/191
f 2494/672/191 2495/506/191 2512/654/191
f 2494/672/191 2512/654/191 2513/704/191
f 2493/705/191 2494/672/191 2513/704/191
f 2493/705/191 2513/704/191 2514/652/191
f 2492/674/191 2493/705/191 2514/652/191
f 2492/674/191 2514/652/191 2515/706/191
f 2491/707/191 2492/674/191 2515/706/191
f 2491/707/191 2515/706/191 2516/648/191
f 2490/675/191 2491/707/191 2526/446/191
f 2526/446/191 2491/707/191 2516/648/191
f 2526/446/191 2516/648/191 2525/708/191
f 2525/708/191 2516/648/191 2517/709/191
f 2490/675/191 2526/446/191 2523/710/191
f 2524/646/191 2525/708/191 2517/709/191
f 2490/675/191 2523/710/191 2519/711/191
f 2519/711/191 2523/710/191 2524/646/191
f 2519/711/191 2524/646/191 2517/709/191
f 2519/711/191 2517/709/191 2518/650/191
f 2490/675/191 2519/711/191 2520/649/191
f 2521/712/191 2522/651/191 2464/448/191
f 2521/712/191 2464/448/191 2465/713/191
f 2490/675/191 2520/649/191 2521/712/191
f 2490/675/191 2521/712/191 2465/713/191
f 2489/714/191 2490/675/191 2465/713/191
f 2489/714/191 2465/713/191 2466/647/191
f 2488/673/191 2489/714/191 2466/647/191
f 2488/673/191 2466/647/191 2467/715/191
f 2487/716/191 2488/673/191 2467/715/191
f 2487/716/191 2467/715/191 2468/653/191
f 2486/671/191 2487/716/191 2468/653/191
f 2486/671/191 2468/653/191 2469/717/191
f 2485/718/191 2486/671/191 2469/717/191
f 2485/718/191 2469/717/191 2470/655/191
f 2484/669/191 2485/718/191 2470/655/191
f 2484/669/191 2470/655/191 2471/719/191
f 2483/720/191 2484/669/191 2471/719/191
f 2483/720/191 2471/719/191 2472/657/191
f 2482/667/191 2483/720/191 2472/657/191
f 2482/667/191 2472/657/191 2473/721/191
f 2481/722/191 2482/667/191 2473/721/191
f 2481/722/191 2473/721/191 2474/659/191
f 2480/665/191 2481/722/191 2474/659/191
f 2480/665/191 2474/659/191 2475/723/191
f 2479/724/191 2480/665/191 2475/723/191
f 2479/724/191 2475/723/191 2476/661/191
f 2478/663/191 2479/724/191 2476/661/191
f 2478/663/191 2476/661/191 2477/725/191
f 2529/590/191 2530/542/191 2531/543/191
f 2529/590/191 2531/543/191 2532/446/191
f 2529/590/191 2532/446/191 2527/448/191
f 2529/590/191 2527/448/191 2528/583/191
f 2559/726/191 2560/728/191 2611/727/191
f 2611/727/191 2560/728/191 2561/729/191
f 2611/727/191 2561/729/191 2562/730/191
f 2611/727/191 2562/730/191 2563/731/191
f 2611/727/191 2563/731/191 2564/732/191
f 2611/727/191 2564/732/191 2565/733/191
f 2611/727/191 2565/733/191 2566/734/191
f 2611/727/191 2566/734/191 2567/735/191
f 2611/727/191 2567/735/191 2568/736/191
f 2611/727/191 2568/736/191 2569/737/191
f 2611/727/191 2569/737/191 2570/738/191
f 2611/727/191 2570/738/191 2571/739/191
f 2611/727/191 2571/739/191 2572/740/191
f 2611/727/191 2572/740/191 2573/741/191
f 2611/727/191 2573/741/191 2574/742/191
f 2611/727/191 2574/742/191 2575/743/191
f 2611/727/191 2575/743/191 2576/744/191
f 2611/727/191 2576/744/191 2577/745/191
f 2611/727/191 2577/745/191 2578/746/191
f 2611/727/191 2578/746/191 2579/747/191
f 2611/727/191 2579/747/191 2580/748/191
f 2611/727/191 2580/748/191 2610/749/191
f 2610/749/191 2580/748/191 2581/750/191
f 2559/726/191 2611/727/191 2612/446/191
f 2609/751/191 2610/749/191 2581/750/191
f 2608/752/191 2609/751/191 2581/750/191
f 2607/753/191 2608/752/191 2581/750/191
f 2606/754/191 2607/753/191 2581/750/191
f 2606/754/191 2581/750/191 2582/755/191
f 2605/756/191 2606/754/191 2582/755/191
f 2604/757/191 2605/756/191 2582/755/191
f 2604/757/191 2582/755/191 2583/758/191
f 2603/759/191 2604/757/191 2583/758/191
f 2602/760/191 2603/759/191 2583/758/191
f 2602/760/191 2583/758/191 2584/761/191
f 2601/762/191 2602/760/191 2584/761/191
f 2601/762/191 2584/761/191 2533/448/191
f 2600/763/191 2601/762/191 2533/448/191
f 2599/764/191 2600/763/191 2533/448/191
f 2599/764/191 2533/448/191 2534/765/191
f 2598/766/191 2599/764/191 2534/765/191
f 2597/767/191 2598/766/191 2534/765/191
f 2596/768/191 2597/767/191 2534/765/191
f 2595/769/191 2596/768/191 2534/765/191
f 2595/769/191 2534/765/191 2535/770/191
f 2594/771/191 2595/769/191 2535/770/191
f 2593/772/191 2594/771/191 2535/770/191
f 2593/772/191 2535/770/191 2536/773/191
f 2592/774/191 2593/772/191 2536/773/191
f 2592/774/191 2536/773/191 2537/775/191
f 2591/776/191 2592/774/191 2537/775/191
f 2590/777/191 2591/776/191 2537/775/191
f 2590/777/191 2537/775/191 2538/778/191
f 2589/779/191 2590/777/191 2538/778/191
f 2588/780/191 2589/779/191 2538/778/191
f 2588/780/191 2538/778/191 2539/781/191
f 2587/782/191 2588/780/191 2539/781/191
f 2586/783/191 2587/782/191 2539/781/191
f 2585/784/191 2586/783/191 2539/781/191
f 2559/726/191 2612/446/191 2585/784/191
f 2559/726/191 2585/784/191 2539/781/191
f 2559/726/191 2539/781/191 2540/785/191
f 2559/726/191 2540/785/191 2541/786/191
f 2559/726/191 2541/786/191 2542/787/191
f 2559/726/191 2542/787/191 2543/788/191
f 2559/726/191 2543/788/191 2544/789/191
f 2559/726/191 2544/789/191 2545/790/191
f 2559/726/191 2545/790/191 2546/791/191
f 2559/726/191 2546/791/191 2547/792/191
f 2559/726/191 2547/792/191 2548/793/191
f 2559/726/191 2548/793/191 2549/794/191
f 2559/726/191 2549/794/191 2550/795/191
f 2559/726/191 2550/795/191 2551/796/191
f 2559/726/191 2551/796/191 2552/797/191
f 2559/726/191 2552/797/191 2553/798/191
f 2559/726/191 2553/798/191 2554/799/191
f 2559/726/191 2554/799/191 2555/800/191
f 2559/726/191 2555/800/191 2556/801/191
f 2559/726/191 2556/801/191 2557/802/191
f 2559/726/191 2557/802/191 2558/803/191
f 2619/521/191 2620/446/191 2617/512/191
f 2619/521/191 2617/512/191 2618/445/191
f 2615/463/191 2616/484/191 2613/448/191
f 2615/463/191 2613/448/191 2614/458/191
f 2639/676/191 2640/677/191 2641/543/191
f 2639/676/191 2641/543/191 2642/678/191
f 2637/679/191 2638/680/191 2639/676/191
f 2637/679/191 2639/676/191 2642/678/191
f 2637/679/191 2642/678/191 2643/681/191
f 2637/679/191 2643/681/191 2644/682/191
f 2636/542/189 2637/679/189 2644/682/189
f 2635/683/191 2636/542/191 2645/684/191
f 2645/684/189 2636/542/189 2644/682/189
f 2635/683/191 2645/684/191 2646/446/191
f 2635/683/191 2646/446/191 2621/448/191
f 2635/683/191 2621/448/191 2622/685/191
f 2634/686/191 2635/683/191 2622/685/191
f 2633/687/191 2634/686/191 2622/685/191
f 2632/688/191 2633/687/191 2622/685/191
f 2631/590/191 2632/688/191 2622/685/191
f 2630/689/191 2631/590/191 2622/685/191
f 2629/690/191 2630/689/191 2622/685/191
f 2628/691/191 2629/690/191 2622/685/191
f 2627/692/191 2628/691/191 2622/685/191
f 2626/583/191 2627/692/191 2622/685/191
f 2625/693/191 2626/583/191 2622/685/191
f 2624/694/191 2625/693/191 2622/685/191
f 2623/695/191 2624/694/191 2622/685/191
f 2653/621/191 2654/622/191 2655/623/191
f 2653/621/191 2655/623/191 2656/625/191
f 2679/624/192 2680/485/192 2681/617/192
f 2678/628/191 2679/624/191 2681/617/191
f 2677/633/191 2678/628/191 2681/617/191
f 2677/633/191 2681/617/191 2682/616/191
f 2676/637/191 2677/633/191 2682/616/191
f 2675/640/191 2676/637/191 2682/616/191
f 2674/644/191 2675/640/191 2682/616/191
f 2674/644/191 2682/616/191 2683/615/191
f 2673/645/191 2674/644/191 2683/615/191
f 2672/643/191 2673/645/191 2683/615/191
f 2671/642/191 2672/643/191 2683/615/191
f 2671/642/191 2683/615/191 2684/614/191
f 2670/641/191 2671/642/191 2684/614/191
f 2669/506/191 2670/641/191 2684/614/191
f 2668/639/191 2669/506/191 2684/614/191
f 2668/639/191 2684/614/191 2685/612/191
f 2667/638/191 2668/639/191 2685/612/191
f 2666/636/191 2667/638/191 2685/612/191
f 2665/635/191 2666/636/191 2685/612/191
f 2665/635/191 2685/612/191 2686/606/191
f 2664/634/191 2665/635/191 2686/606/191
f 2663/632/191 2664/634/191 2686/606/191
f 2662/631/191 2663/632/191 2686/606/191
f 2661/630/191 2662/631/191 2686/606/191
f 2661/630/191 2686/606/191 2687/608/191
f 2660/629/191 2661/630/191 2687/608/191
f 2659/627/191 2660/629/191 2687/608/191
f 2658/457/191 2659/627/191 2687/608/191
f 2657/626/191 2658/457/191 2687/608/191
f 2656/625/191 2657/626/191 2687/608/191
f 2653/621/191 2656/625/191 2651/618/191
f 2651/618/191 2656/625/191 2687/608/191
f 2651/618/191 2687/608/191 2688/607/191
f 2651/618/191 2688/607/191 2689/609/191
f 2651/618/191 2689/609/191 2690/610/191
f 2651/618/191 2690/610/191 2691/446/191
f 2651/618/191 2691/446/191 2647/448/191
f 2651/618/191 2647/448/191 2650/613/191
f 2650/613/191 2647/448/191 2648/611/191
f 2649/619/191 2650/613/191 2648/611/191
f 2653/621/191 2651/618/191 2652/620/191
f 2772/804/191 2773/806/191 2774/805/191
f 2772/804/191 2774/805/191 2775/807/191
f 2771/808/191 2772/804/191 2775/807/191
f 2771/808/191 2775/807/191 2776/809/191
f 2770/810/191 2771/808/191 2776/809/191
f 2770/810/191 2776/809/191 2777/811/191
f 2769/812/191 2770/810/191 2777/811/191
f 2785/813/191 2786/814/191 2692/448/191
f 2785/813/191 2692/448/191 2693/815/191
f 2769/812/191 2777/811/191 2778/816/191
f 2768/512/191 2769/812/191 2778/816/191
f 2768/512/191 2778/816/191 2779/817/191
f 2767/818/191 2768/512/191 2779/817/191
f 2767/818/191 2779/817/191 2780/819/191
f 2766/820/191 2767/818/191 2780/819/191
f 2766/820/191 2780/819/191 2781/821/191
f 2765/822/191 2766/820/191 2781/821/191
f 2765/822/191 2781/821/191 2782/823/191
f 2764/824/191 2765/822/191 2782/823/191
f 2764/824/191 2782/823/191 2783/825/191
f 2763/826/191 2764/824/191 2783/825/191
f 2763/826/191 2783/825/191 2784/827/191
f 2763/826/191 2784/827/191 2785/813/191
f 2762/828/191 2763/826/191 2785/813/191
f 2762/828/191 2785/813/191 2789/829/191
f 2789/829/191 2785/813/191 2693/815/191
f 2761/830/191 2762/828/191 2789/829/191
f 2760/831/191 2761/830/191 2789/829/191
f 2759/832/191 2760/831/191 2789/829/191
f 2758/833/191 2759/832/191 2789/829/191
f 2757/834/191 2758/833/191 2789/829/191
f 2756/835/191 2757/834/191 2789/829/191
f 2755/836/191 2756/835/191 2789/829/191
f 2754/837/191 2755/836/191 2789/829/191
f 2753/838/191 2754/837/191 2789/829/191
f 2752/839/191 2753/838/191 2789/829/191
f 2751/840/191 2752/839/191 2791/841/191
f 2791/841/191 2752/839/191 2790/842/191
f 2790/842/191 2752/839/191 2789/829/191
f 2750/843/191 2751/840/191 2798/844/191
f 2798/844/191 2751/840/191 2797/845/191
f 2797/845/191 2751/840/191 2796/846/191
f 2796/846/192 2751/840/192 2795/847/192
f 2795/847/191 2751/840/191 2794/848/191
f 2794/848/193 2751/840/193 2793/849/193
f 2793/849/191 2751/840/191 2792/850/191
f 2792/850/191 2751/840/191 2791/841/191
f 2749/484/191 2750/843/191 2801/851/191
f 2801/851/191 2750/843/191 2800/852/191
f 2800/852/191 2750/843/191 2799/853/191
f 2799/853/191 2750/843/191 2798/844/191
f 2748/854/191 2749/484/191 2810/855/191
f 2810/855/191 2749/484/191 2809/856/191
f 2809/856/191 2749/484/191 2808/857/191
f 2808/857/191 2749/484/191 2807/858/191
f 2807/858/191 2749/484/191 2806/521/191
f 2806/521/191 2749/484/191 2805/859/191
f 2805/859/191 2749/484/191 2804/860/191
f 2804/860/191 2749/484/191 2803/861/191
f 2803/861/191 2749/484/191 2802/862/191
f 2802/862/191 2749/484/191 2801/851/191
f 2788/863/191 2789/829/191 2693/815/191
f 2748/854/191 2810/855/191 2811/864/191
f 2748/854/191 2811/864/191 2812/865/191
f 2748/854/191 2812/865/191 2813/866/191
f 2748/854/191 2813/866/191 2814/867/191
f 2748/854/191 2814/867/191 2815/868/191
f 2748/854/191 2815/868/191 2816/869/191
f 2748/854/191 2816/869/191 2817/870/191
f 2748/854/191 2817/870/191 2818/871/191
f 2748/854/191 2818/871/191 2819/872/191
f 2748/854/191 2819/872/191 2820/873/191
f 2747/874/191 2748/854/191 2820/873/191
f 2747/874/191 2820/873/191 2821/875/191
f 2747/874/191 2821/875/191 2822/876/191
f 2747/874/191 2822/876/191 2823/877/191
f 2747/874/191 2823/877/191 2824/878/191
f 2746/879/191 2747/874/191 2824/878/191
f 2746/879/191 2824/878/191 2825/446/191
f 2746/879/191 2825/446/191 2787/445/191
f 2746/879/191 2787/445/191 2788/863/191
f 2746/879/191 2788/863/191 2723/880/191
f 2723/880/191 2788/863/191 2693/815/191
f 2745/881/191 2746/879/191 2723/880/191
f 2744/882/191 2745/881/191 2723/880/191
f 2743/883/191 2744/882/191 2723/880/191
f 2742/884/191 2743/883/191 2723/880/191
f 2741/885/191 2742/884/191 2723/880/191
f 2740/886/191 2741/885/191 2723/880/191
f 2739/887/191 2740/886/191 2723/880/191
f 2738/888/191 2739/887/191 2723/880/191
f 2737/889/191 2738/888/191 2723/880/191
f 2736/890/191 2737/889/191 2723/880/191
f 2735/891/191 2736/890/191 2723/880/191
f 2734/892/191 2735/891/191 2723/880/191
f 2733/893/191 2734/892/191 2723/880/191
f 2732/894/191 2733/893/191 2723/880/191
f 2731/895/191 2732/894/191 2723/880/191
f 2730/463/191 2731/895/191 2723/880/191
f 2729/896/191 2730/463/191 2723/880/191
f 2728/897/191 2729/896/191 2723/880/191
f 2727/898/191 2728/897/191 2723/880/191
f 2726/899/191 2727/898/191 2723/880/191
f 2725/900/191 2726/899/191 2723/880/191
f 2724/901/191 2725/900/191 2723/880/191
f 2722/902/191 2723/880/191 2693/815/191
f 2718/903/191 2719/905/191 2720/904/191
f 2718/903/191 2720/904/191 2721/906/191
f 2718/903/191 2721/906/191 2722/902/191
f 2718/903/191 2722/902/191 2693/815/191
f 2717/907/191 2718/903/191 2693/815/191
f 2717/907/191 2693/815/191 2694/908/191
f 2716/909/191 2717/907/191 2694/908/191
f 2716/909/191 2694/908/191 2695/910/191
f 2715/911/191 2716/909/191 2695/910/191
f 2715/911/191 2695/910/191 2696/912/191
f 2714/913/191 2715/911/191 2696/912/191
f 2714/913/191 2696/912/191 2697/914/191
f 2713/915/191 2714/913/191 2697/914/191
f 2713/915/191 2697/914/191 2698/916/191
f 2712/917/191 2713/915/191 2698/916/191
f 2712/917/191 2698/916/191 2699/918/191
f 2711/458/191 2712/917/191 2699/918/191
f 2711/458/191 2699/918/191 2700/919/191
f 2710/920/191 2711/458/191 2700/919/191
f 2710/920/191 2700/919/191 2701/921/191
f 2709/922/191 2710/920/191 2701/921/191
f 2709/922/191 2701/921/191 2702/923/191
f 2708/924/191 2709/922/191 2702/923/191
f 2708/924/191 2702/923/191 2703/925/191
f 2707/926/191 2708/924/191 2703/925/191
f 2707/926/191 2703/925/191 2704/927/191
f 2706/928/191 2707/926/191 2704/927/191
f 2706/928/191 2704/927/191 2705/929/191
f 2832/521/191 2833/446/191 2830/512/191
f 2832/521/191 2830/512/191 2831/445/191
f 2828/463/191 2829/484/191 2826/448/191
f 2828/463/191 2826/448/191 2827/458/191
f 2854/930/191 2855/932/191 2852/931/191
f 2852/931/191 2855/932/191 2856/933/191
f 2852/931/191 2856/933/191 2857/934/191
f 2852/931/191 2857/934/191 2858/935/191
f 2852/931/191 2858/935/191 2859/936/191
f 2852/931/191 2859/936/191 2860/937/191
f 2852/931/191 2860/937/191 2861/938/191
f 2852/931/191 2861/938/191 2862/939/191
f 2852/931/191 2862/939/191 2863/506/191
f 2852/931/191 2863/506/191 2864/940/191
f 2852/931/191 2864/940/191 2865/941/191
f 2852/931/191 2865/941/191 2866/942/191
f 2852/931/191 2866/942/191 2867/943/191
f 2852/931/191 2867/943/191 2868/944/191
f 2852/931/191 2868/944/191 2851/945/191
f 2851/945/191 2868/944/191 2869/946/191
f 2854/930/191 2852/931/191 2853/947/191
f 2850/948/191 2851/945/191 2869/946/191
f 2848/949/191 2849/950/191 2850/948/191
f 2848/949/191 2850/948/191 2869/946/191
f 2848/949/191 2869/946/191 2870/951/191
f 2847/952/191 2848/949/191 2870/951/191
f 2847/952/191 2870/951/191 2871/953/191
f 2846/954/191 2847/952/191 2871/953/191
f 2846/954/191 2871/953/191 2872/955/191
f 2846/954/191 2872/955/191 2873/956/191
f 2845/957/191 2846/954/191 2873/956/191
f 2845/957/191 2873/956/191 2874/958/191
f 2844/959/191 2845/957/191 2874/958/191
f 2844/959/191 2874/958/191 2875/960/191
f 2843/961/191 2844/959/191 2875/960/191
f 2843/961/191 2875/960/191 2876/962/191
f 2842/963/191 2843/961/191 2876/962/191
f 2842/963/191 2876/962/191 2877/964/191
f 2841/965/191 2842/963/191 2877/964/191
f 2841/965/191 2877/964/191 2878/966/191
f 2841/965/191 2878/966/191 2879/967/191
f 2840/968/191 2841/965/191 2879/967/191
f 2839/969/191 2840/968/191 2879/967/191
f 2839/969/191 2879/967/191 2880/970/191
f 2838/971/191 2839/969/191 2880/970/191
f 2838/971/191 2880/970/191 2881/972/191
f 2837/973/191 2838/971/191 2881/972/191
f 2836/974/191 2837/973/191 2834/448/191
f 2834/448/191 2837/973/191 2881/972/191
f 2834/448/191 2881/972/191 2882/975/191
f 2834/448/191 2882/975/191 2883/976/191
f 2834/448/191 2883/976/191 2884/977/191
f 2834/448/191 2884/977/191 2885/978/191
f 2834/448/191 2885/978/191 2886/979/191
f 2834/448/191 2886/979/191 2887/980/191
f 2834/448/191 2887/980/191 2888/981/191
f 2834/448/191 2888/981/191 2889/982/191
f 2834/448/191 2889/982/191 2890/983/191
f 2834/448/191 2890/983/191 2891/984/191
f 2834/448/191 2891/984/191 2892/446/191
f 2836/974/191 2834/448/191 2835/985/191
s 1
f 2894/986/194 2896/987/195 2895/988/195 2893/448/194
f 2896/987/195 2898/989/196 2897/990/196 2895/988/195
f 2898/989/196 2900/991/197 2899/992/197 2897/990/196
f 2900/991/197 2902/993/198 2901/994/198 2899/992/197
f 2902/993/198 2904/995/198 2903/996/198 2901/994/198
f 2904/995/198 2906/997/198 2905/998/198 2903/996/198
f 2906/997/198 2908/999/198 2907/1000/198 2905/998/198
f 2908/999/198 2910/1001/198 2909/1002/198 2907/1000/198
f 2910/1001/198 2912/1003/198 2911/1004/198 2909/1002/198
f 2912/1003/198 2914/1005/198 2913/1006/198 2911/1004/198
f 2914/1005/198 2916/1007/198 2915/1008/198 2913/1006/198
f 2916/1007/198 2918/1009/198 2917/1010/198 2915/1008/198
f 2918/1009/198 2920/1011/198 2919/1012/198 2917/1010/198
f 2920/1011/198 2922/1013/198 2921/1014/198 2919/1012/198
f 2922/1013/198 2924/1015/199 2923/1016/199 2921/1014/198
f 2924/1015/199 2926/1017/199 2925/1018/199 2923/1016/199
f 2926/1017/199 2928/1019/200 2927/1020/200 2925/1018/199
f 2928/1019/200 2930/1021/201 2929/1022/201 2927/1020/200
f 2930/1021/201 2932/1023/201 2931/1024/201 2929/1022/201
f 2932/1023/201 2934/1025/200 2933/1026/200 2931/1024/201
f 2934/1025/200 2936/1027/199 2935/1028/199 2933/1026/200
f 2936/1027/199 2938/1029/202 2937/1030/202 2935/1028/199
f 2938/1029/202 2940/1031/203 2939/1032/203 2937/1030/202
f 2940/1031/203 2942/1033/204 2941/1034/204 2939/1032/203
f 2942/1033/204 2944/1035/205 2943/1036/205 2941/1034/204
f 2944/1035/205 2946/1037/206 2945/1038/206 2943/1036/205
f 2946/1037/206 2948/1039/207 2947/1040/207 2945/1038/206
f 2948/1039/207 2950/1041/208 2949/1042/208 2947/1040/207
f 2950/1041/208 2952/1043/209 2951/1044/209 2949/1042/208
f 2952/1043/209 2954/1045/210 2953/1046/210 2951/1044/209
f 2954/1045/210 2956/1047/211 2955/1048/211 2953/1046/210
f 2956/1047/211 2958/1049/212 2957/1050/212 2955/1048/211
f 2958/1049/212 2960/1051/213 2959/1052/213 2957/1050/212
f 2960/1051/213 2962/1053/214 2961/1054/214 2959/1052/213
f 2962/1053/214 2964/1055/215 2963/1056/215 2961/1054/214
f 2964/1055/215 2966/1057/216 2965/1058/216 2963/1056/215
f 2966/1057/216 2968/1059/217 2967/1060/217 2965/1058/216
f 2968/1059/217 2970/1061/218 2969/1062/218 2967/1060/217
f 2970/1061/218 2972/1063/219 2971/1064/219 2969/1062/218
f 2972/1063/219 2974/1065/220 2973/1066/220 2971/1064/219
f 2974/1065/220 2976/1067/221 2975/1068/221 2973/1066/220
f 2976/1067/221 2978/1069/222 2977/1070/222 2975/1068/221
f 2978/1069/222 2980/1071/223 2979/1072/223 2977/1070/222
f 2980/1071/223 2982/1073/224 2981/1074/224 2979/1072/223
f 2982/1073/224 2984/1075/225 2983/1076/225 2981/1074/224
f 2984/1075/225 2986/1077/226 2985/1078/226 2983/1076/225
f 2986/1077/226 2988/1079/227 2987/1080/227 2985/1078/226
f 2988/1079/227 2990/1081/228 2989/1082/228 2987/1080/227
f 2990/1081/228 2992/1083/229 2991/1084/229 2989/1082/228
f 2992/1083/229 2994/1085/230 2993/1086/230 2991/1084/229
f 2994/1085/230 2996/1087/231 2995/1088/231 2993/1086/230
f 2996/1087/231 2998/1089/232 2997/1090/232 2995/1088/231
f 2998/1089/232 3000/1091/233 2999/1092/233 2997/1090/232
f 3000/1091/233 3002/1093/234 3001/1094/234 2999/1092/233
f 3002/1093/234 3004/1095/235 3003/1096/235 3001/1094/234
f 3004/1095/235 3006/1097/236 3005/1098/236 3003/1096/235
f 3006/1097/236 3008/1099/237 3007/1100/237 3005/1098/236
f 3008/1099/237 3010/1101/238 3009/1102/238 3007/1100/237
f 3010/1101/238 2894/1103/194 2893/446/194 3009/1102/238
f 3012/986/239 3014/1104/201 3013/457/201 3011/448/239
f 3014/1104/201 3016/1105/200 3015/506/200 3013/457/201
f 3016/1105/200 3018/1106/199 3017/485/199 3015/506/200
f 3018/1106/199 3012/1103/239 3011/446/239 3017/485/199
f 3020/986/239 3022/1104/201 3021/457/201 3019/448/239
f 3022/1104/201 3024/1105/200 3023/506/200 3021/457/201
f 3024/1105/200 3026/1106/199 3025/485/199 3023/506/200
f 3026/1106/199 3020/1103/239 3019/446/239 3025/485/199
f 3028/986/239 3030/1107/240 3029/1108/240 3027/448/239
f 3030/1107/240 3032/1109/241 3031/1110/241 3029/1108/240
f 3032/1109/241 3034/1111/242 3033/1112/242 3031/1110/241
f 3034/1111/242 3036/1113/243 3035/1114/243 3033/1112/242
f 3036/1113/243 3038/1115/244 3037/918/244 3035/1114/243
f 3038/1115/244 3040/1116/245 3039/1117/245 3037/918/244
f 3040/1116/245 3042/1118/246 3041/1119/246 3039/1117/245
f 3042/1118/246 3044/1120/247 3043/1121/247 3041/1119/246
f 3044/1120/247 3046/1122/248 3045/1123/248 3043/1121/247
f 3046/1122/248 3048/1124/249 3047/928/249 3045/1123/248
f 3048/1124/249 3050/1125/250 3049/1126/250 3047/928/249
f 3050/1125/250 3052/1127/251 3051/1128/251 3049/1126/250
f 3052/1127/251 3054/1129/252 3053/1130/252 3051/1128/251
f 3054/1129/252 3056/1131/253 3055/1132/253 3053/1130/252
f 3056/1131/253 3058/1133/254 3057/915/254 3055/1132/253
f 3058/1133/254 3060/1134/255 3059/1135/255 3057/915/254
f 3060/1134/255 3062/1136/256 3061/1137/256 3059/1135/255
f 3062/1136/256 3064/1138/257 3063/1139/257 3061/1137/256
f 3064/1138/257 3066/1140/258 3065/583/258 3063/1139/257
f 3066/1140/258 3068/1141/259 3067/904/259 3065/583/258
f 3068/1141/259 3070/1142/260 3069/1143/260 3067/904/259
f 3070/1142/260 3072/1144/261 3071/1145/261 3069/1143/260
f 3072/1144/261 3074/1146/262 3073/1147/262 3071/1145/261
f 3074/1146/262 3076/1148/263 3075/1149/263 3073/1147/262
f 3076/1148/263 3078/1150/264 3077/898/264 3075/1149/263
f 3078/1150/264 3080/1151/265 3079/1152/265 3077/898/264
f 3080/1151/265 3082/1153/199 3081/1154/199 3079/1152/265
f 3082/1153/199 3084/1155/239 3083/1156/239 3081/1154/199
f 3084/1155/239 3086/1157/239 3085/1158/239 3083/1156/239
f 3086/1157/239 3088/1159/199 3087/892/199 3085/1158/239
f 3088/1159/199 3090/1160/200 3089/1161/200 3087/892/199
f 3090/1160/200 3092/1162/266 3091/1163/266 3089/1161/200
f 3092/1162/266 3094/1164/267 3093/1165/267 3091/1163/266
f 3094/1164/267 3096/1166/268 3095/1167/268 3093/1165/267
f 3096/1166/268 3098/1168/269 3097/885/269 3095/1167/268
f 3098/1168/269 3100/1169/270 3099/1170/270 3097/885/269
f 3100/1169/270 3102/1171/271 3101/1172/271 3099/1170/270
f 3102/1171/271 3104/1173/272 3103/590/272 3101/1172/271
f 3104/1173/272 3106/1174/273 3105/1175/273 3103/590/272
f 3106/1174/273 3108/1176/274 3107/854/274 3105/1175/273
f 3108/1176/274 3110/1177/275 3109/1178/275 3107/854/274
f 3110/1177/275 3112/1179/276 3111/1180/276 3109/1178/275
f 3112/1179/276 3114/1181/277 3113/1182/277 3111/1180/276
f 3114/1181/277 3116/1183/278 3115/1184/278 3113/1182/277
f 3116/1183/278 3118/1185/279 3117/836/279 3115/1184/278
f 3118/1185/279 3120/1186/280 3119/1187/280 3117/836/279
f 3120/1186/280 3122/1188/281 3121/1189/281 3119/1187/280
f 3122/1188/281 3124/1190/282 3123/1191/282 3121/1189/281
f 3124/1190/282 3126/1192/283 3125/1193/283 3123/1191/282
f 3126/1192/283 3128/1194/284 3127/828/284 3125/1193/283
f 3128/1194/284 3130/1195/285 3129/1196/285 3127/828/284
f 3130/1195/285 3132/1197/286 3131/1198/286 3129/1196/285
f 3132/1197/286 3134/1199/287 3133/1200/287 3131/1198/286
f 3134/1199/287 3136/1201/288 3135/1202/288 3133/1200/287
f 3136/1201/288 3138/1203/289 3137/812/289 3135/1202/288
f 3138/1203/289 3140/1204/290 3139/1205/290 3137/812/289
f 3140/1204/290 3142/1206/291 3141/542/291 3139/1205/290
f 3142/1206/291 3144/1207/292 3143/1208/292 3141/542/291
f 3144/1207/292 3146/1209/293 3145/1210/293 3143/1208/292
f 3146/1209/293 3148/1211/294 3147/809/294 3145/1210/293
f 3148/1211/294 3150/1212/295 3149/1213/295 3147/809/294
f 3150/1212/295 3152/1214/296 3151/1215/296 3149/1213/295
f 3152/1214/296 3154/1216/297 3153/1217/297 3151/1215/296
f 3154/1216/297 3156/1218/298 3155/1219/298 3153/1217/297
f 3156/1218/298 3158/1220/299 3157/825/299 3155/1219/298
f 3158/1220/299 3160/1221/300 3159/1222/300 3157/825/299
f 3160/1221/300 3162/1223/301 3161/1224/301 3159/1222/300
f 3162/1223/301 3164/1225/302 3163/1226/302 3161/1224/301
f 3164/1225/302 3166/1227/303 3165/1228/303 3163/1226/302
f 3166/1227/303 3168/1229/304 3167/842/304 3165/1228/303
f 3168/1229/304 3170/1230/305 3169/1231/305 3167/842/304
f 3170/1230/305 3172/1232/306 3171/1233/306 3169/1231/305
f 3172/1232/306 3174/1234/307 3173/1235/307 3171/1233/306
f 3174/1234/307 3176/1236/308 3175/1237/308 3173/1235/307
f 3176/1236/308 3178/1238/309 3177/845/309 3175/1237/308
f 3178/1238/309 3180/1239/310 3179/543/310 3177/845/309
f 3180/1239/310 3182/1240/311 3181/1241/311 3179/543/310
f 3182/1240/311 3184/1242/312 3183/1243/312 3181/1241/311
f 3184/1242/312 3186/1244/313 3185/1245/313 3183/1243/312
f 3186/1244/313 3188/1246/314 3187/860/314 3185/1245/313
f 3188/1246/314 3190/1247/315 3189/1248/315 3187/860/314
f 3190/1247/315 3192/1249/316 3191/1250/316 3189/1248/315
f 3192/1249/316 3194/1251/317 3193/1252/317 3191/1250/316
f 3194/1251/317 3196/1253/318 3195/1254/318 3193/1252/317
f 3196/1253/318 3198/1255/319 3197/864/319 3195/1254/318
f 3198/1255/319 3200/1256/320 3199/1257/320 3197/864/319
f 3200/1256/320 3202/1258/321 3201/1259/321 3199/1257/320
f 3202/1258/321 3204/1260/322 3203/1261/322 3201/1259/321
f 3204/1260/322 3206/1262/323 3205/1263/323 3203/1261/322
f 3206/1262/323 3208/1264/324 3207/871/324 3205/1263/323
f 3208/1264/324 3210/1265/325 3209/1266/325 3207/871/324
f 3210/1265/325 3212/1267/326 3211/1268/326 3209/1266/325
f 3212/1267/326 3214/1269/327 3213/1270/327 3211/1268/326
f 3214/1269/327 3216/1271/199 3215/1272/199 3213/1270/327
f 3216/1271/199 3028/1103/239 3027/446/239 3215/1272/199
f 3218/986/328 3220/1273/199 3219/1274/199 3217/448/328
f 3220/1273/199 3222/1275/329 3221/1276/329 3219/1274/199
f 3222/1275/329 3224/1277/330 3223/1278/330 3221/1276/329
f 3224/1277/330 3226/1279/331 3225/1280/331 3223/1278/330
f 3226/1279/331 3228/1281/332 3227/1282/332 3225/1280/331
f 3228/1281/332 3230/1283/333 3229/1284/333 3227/1282/332
f 3230/1283/333 3232/1285/334 3231/1286/334 3229/1284/333
f 3232/1285/334 3234/1287/335 3233/1288/335 3231/1286/334
f 3234/1287/335 3236/1289/336 3235/1290/336 3233/1288/335
f 3236/1289/336 3238/1291/337 3237/1292/337 3235/1290/336
f 3238/1291/337 3240/1293/338 3239/1294/338 3237/1292/337
f 3240/1293/338 3242/1295/339 3241/1296/339 3239/1294/338
f 3242/1295/339 3244/1297/340 3243/472/340 3241/1296/339
f 3244/1297/340 3246/1298/341 3245/1299/341 3243/472/340
f 3246/1298/341 3248/1300/342 3247/1301/342 3245/1299/341
f 3248/1300/342 3250/1302/343 3249/1303/343 3247/1301/342
f 3250/1302/343 3252/1304/344 3251/1305/344 3249/1303/343
f 3252/1304/344 3254/1306/345 3253/1307/345 3251/1305/344
f 3254/1306/345 3256/1308/346 3255/1309/346 3253/1307/345
f 3256/1308/346 3258/1310/347 3257/1311/347 3255/1309/346
f 3258/1310/347 3260/1312/348 3259/1313/348 3257/1311/347
f 3260/1312/348 3262/1314/349 3261/1315/349 3259/1313/348
f 3262/1314/349 3264/1316/350 3263/1317/350 3261/1315/349
f 3264/1316/350 3266/1318/351 3265/1319/351 3263/1317/350
f 3266/1318/351 3268/1320/352 3267/1321/352 3265/1319/351
f 3268/1320/352 3270/1322/353 3269/477/353 3267/1321/352
f 3270/1322/353 3272/1323/354 3271/1324/354 3269/477/353
f 3272/1323/354 3274/1325/355 3273/1326/355 3271/1324/354
f 3274/1325/355 3276/1327/356 3275/1328/356 3273/1326/355
f 3276/1327/356 3278/1329/357 3277/1330/357 3275/1328/356
f 3278/1329/357 3280/1331/358 3279/1332/358 3277/1330/357
f 3280/1331/358 3282/1333/359 3281/1334/359 3279/1332/358
f 3282/1333/359 3284/1335/239 3283/1336/239 3281/1334/359
f 3284/1335/239 3286/1337/360 3285/1338/360 3283/1336/239
f 3286/1337/360 3288/1339/361 3287/1340/361 3285/1338/360
f 3288/1339/361 3290/1341/362 3289/1342/362 3287/1340/361
f 3290/1341/362 3292/1343/363 3291/1344/363 3289/1342/362
f 3292/1343/363 3294/1345/364 3293/1346/364 3291/1344/363
f 3294/1345/364 3218/1103/328 3217/446/328 3293/1346/364
f 3296/986/365 3298/1347/201 3297/1348/201 3295/448/365
f 3298/1347/201 3300/1349/200 3299/1350/200 3297/1348/201
f 3300/1349/200 3302/1351/366 3301/572/366 3299/1350/200
f 3302/1351/366 3304/1352/367 3303/1353/367 3301/572/366
f 3304/1352/367 3306/1354/201 3305/1355/201 3303/1353/367
f 3306/1354/201 3308/1356/200 3307/578/200 3305/1355/201
f 3308/1356/200 3310/1357/199 3309/1358/199 3307/578/200
f 3310/1357/199 3312/1359/239 3311/1360/239 3309/1358/199
f 3312/1359/239 3314/1140/368 3313/583/368 3311/1360/239
f 3314/1140/368 3316/1361/369 3315/1362/369 3313/583/368
f 3316/1361/369 3318/1363/370 3317/1364/370 3315/1362/369
f 3318/1363/370 3320/1365/371 3319/603/371 3317/1364/370
f 3320/1365/371 3322/1366/372 3321/1367/372 3319/603/371
f 3322/1366/372 3324/1368/373 3323/1369/373 3321/1367/372
f 3324/1368/373 3326/1297/374 3325/472/374 3323/1369/373
f 3326/1297/374 3328/1370/375 3327/1371/375 3325/472/374
f 3328/1370/375 3330/1372/376 3329/1373/376 3327/1371/375
f 3330/1372/376 3332/1173/377 3331/590/377 3329/1373/376
f 3332/1173/377 3334/1374/378 3333/1375/378 3331/590/377
f 3334/1374/378 3336/1376/379 3335/1377/379 3333/1375/378
f 3336/1376/379 3338/1378/380 3337/568/380 3335/1377/379
f 3338/1378/380 3340/1379/381 3339/1380/381 3337/568/380
f 3340/1379/381 3342/1381/382 3341/1382/382 3339/1380/381
f 3342/1381/382 3344/1383/383 3343/549/383 3341/1382/382
f 3344/1383/383 3346/1384/384 3345/1385/384 3343/549/383
f 3346/1384/384 3348/1386/385 3347/1387/385 3345/1385/384
f 3348/1386/385 3350/1206/386 3349/542/386 3347/1387/385
f 3350/1206/386 3352/1388/387 3351/1389/387 3349/542/386
f 3352/1388/387 3354/1390/388 3353/1391/388 3351/1389/387
f 3354/1390/388 3356/1322/389 3355/477/389 3353/1391/388
f 3356/1322/389 3358/1392/390 3357/1393/390 3355/477/389
f 3358/1392/390 3360/1394/391 3359/1395/391 3357/1393/390
f 3360/1394/391 3362/1396/392 3361/522/392 3359/1395/391
f 3362/1396/392 3364/1397/393 3363/1398/393 3361/522/392
f 3364/1397/393 3366/1399/394 3365/1400/394 3363/1398/393
f 3366/1399/394 3368/1239/395 3367/543/395 3365/1400/394
f 3368/1239/395 3370/1401/396 3369/1402/396 3367/543/395
f 3370/1401/396 3372/1403/397 3371/1404/397 3369/1402/396
f 3372/1403/397 3374/1405/398 3373/567/398 3371/1404/397
f 3374/1405/398 3376/1406/399 3375/1407/399 3373/567/398
f 3376/1406/399 3378/1408/400 3377/1409/400 3375/1407/399
f 3378/1408/400 3380/1410/401 3379/560/401 3377/1409/400
f 3380/1410/401 3382/1411/402 3381/1412/402 3379/560/401
f 3382/1411/402 3384/1413/403 3383/1414/403 3381/1412/402
f 3384/1413/403 3296/1103/365 3295/446/365 3383/1414/403
f 3386/986/239 3388/1415/201 3387/1416/201 3385/448/239
f 3388/1415/201 3390/1277/404 3389/1278/404 3387/1416/201
f 3390/1277/404 3392/1417/405 3391/1418/405 3389/1278/404
f 3392/1417/405 3394/1283/406 3393/1284/406 3391/1418/405
f 3394/1283/406 3396/1419/407 3395/1420/407 3393/1284/406
f 3396/1419/407 3398/1289/408 3397/1290/408 3395/1420/407
f 3398/1289/408 3400/1421/409 3399/1422/409 3397/1290/408
f 3400/1421/409 3402/1295/410 3401/1296/410 3399/1422/409
f 3402/1295/410 3404/1423/411 3403/1424/411 3401/1296/410
f 3404/1423/411 3406/1300/412 3405/1301/412 3403/1424/411
f 3406/1300/412 3408/1425/413 3407/1426/413 3405/1301/412
f 3408/1425/413 3410/1306/414 3409/1307/414 3407/1426/413
f 3410/1306/414 3412/1105/415 3411/506/415 3409/1307/414
f 3412/1105/415 3414/1312/416 3413/1313/416 3411/506/415
f 3414/1312/416 3416/1427/200 3415/1428/200 3413/1313/416
f 3416/1427/200 3418/1318/200 3417/1319/200 3415/1428/200
f 3418/1318/200 3420/1429/199 3419/1430/199 3417/1319/200
f 3420/1429/199 3422/1323/199 3421/1324/199 3419/1430/199
f 3422/1323/199 3424/1431/199 3423/1432/199 3421/1324/199
f 3424/1431/199 3426/1329/239 3425/1330/239 3423/1432/199
f 3426/1329/239 3428/1433/239 3427/1434/239 3425/1330/239
f 3428/1433/239 3430/1335/239 3429/1336/239 3427/1434/239
f 3430/1335/239 3432/1435/201 3431/1436/201 3429/1336/239
f 3432/1435/201 3434/1341/201 3433/1342/201 3431/1436/201
f 3434/1341/201 3436/1437/239 3435/1438/239 3433/1342/201
f 3436/1437/239 3386/1103/239 3385/446/239 3435/1438/239
f 3438/986/239 3440/1104/201 3439/457/201 3437/448/239
f 3440/1104/201 3442/1105/200 3441/506/200 3439/457/201
f 3442/1105/200 3444/1106/199 3443/485/199 3441/506/200
f 3444/1106/199 3438/1103/239 3437/446/239 3443/485/199
f 3446/986/239 3448/1104/201 3447/457/201 3445/448/239
f 3448/1104/201 3450/1105/200 3449/506/200 3447/457/201
f 3450/1105/200 3452/1106/199 3451/485/199 3449/506/200
f 3452/1106/199 3446/1103/239 3445/446/239 3451/485/199
f 3454/986/417 3456/1439/418 3455/1440/418 3453/448/417
f 3456/1439/418 3458/1415/419 3457/1416/419 3455/1440/418
f 3458/1415/419 3460/1441/420 3459/1442/420 3457/1416/419
f 3460/1441/420 3462/1277/421 3461/1278/421 3459/1442/420
f 3462/1277/421 3464/1443/422 3463/1444/422 3461/1278/421
f 3464/1443/422 3466/1417/423 3465/1418/423 3463/1444/422
f 3466/1417/423 3468/1445/424 3467/1446/424 3465/1418/423
f 3468/1445/424 3470/1283/425 3469/1284/425 3467/1446/424
f 3470/1283/425 3472/1447/426 3471/1448/426 3469/1284/425
f 3472/1447/426 3474/1419/427 3473/1420/427 3471/1448/426
f 3474/1419/427 3476/1449/428 3475/1450/428 3473/1420/427
f 3476/1449/428 3478/1289/429 3477/1290/429 3475/1450/428
f 3478/1289/429 3480/1104/430 3479/457/430 3477/1290/429
f 3480/1104/430 3482/1421/431 3481/1422/431 3479/457/430
f 3482/1421/431 3484/1451/432 3483/1452/432 3481/1422/431
f 3484/1451/432 3486/1295/433 3485/1296/433 3483/1452/432
f 3486/1295/433 3488/1453/434 3487/1454/434 3485/1296/433
f 3488/1453/434 3490/1423/435 3489/1424/435 3487/1454/434
f 3490/1423/435 3492/1455/436 3491/1456/436 3489/1424/435
f 3492/1455/436 3494/1300/437 3493/1301/437 3491/1456/436
f 3494/1300/437 3496/1457/438 3495/1458/438 3493/1301/437
f 3496/1457/438 3498/1425/439 3497/1426/439 3495/1458/438
f 3498/1425/439 3500/1459/440 3499/1460/440 3497/1426/439
f 3500/1459/440 3502/1306/441 3501/1307/441 3499/1460/440
f 3502/1306/441 3504/1461/442 3503/1462/442 3501/1307/441
f 3504/1461/442 3506/1105/200 3505/506/200 3503/1462/442
f 3506/1105/200 3508/1463/199 3507/1464/199 3505/506/200
f 3508/1463/199 3510/1312/443 3509/1313/443 3507/1464/199
f 3510/1312/443 3512/1465/444 3511/1466/444 3509/1313/443
f 3512/1465/444 3514/1427/445 3513/1428/445 3511/1466/444
f 3514/1427/445 3516/1467/446 3515/1468/446 3513/1428/445
f 3516/1467/446 3518/1318/447 3517/1319/447 3515/1468/446
f 3518/1318/447 3520/1469/448 3519/1470/448 3517/1319/447
f 3520/1469/448 3522/1429/449 3521/1430/449 3519/1470/448
f 3522/1429/449 3524/1471/450 3523/1472/450 3521/1430/449
f 3524/1471/450 3526/1323/451 3525/1324/451 3523/1472/450
f 3526/1323/451 3528/1473/452 3527/1474/452 3525/1324/451
f 3528/1473/452 3530/1431/453 3529/1432/453 3527/1474/452
f 3530/1431/453 3532/1106/454 3531/485/454 3529/1432/453
f 3532/1106/454 3534/1329/455 3533/1330/455 3531/485/454
f 3534/1329/455 3536/1475/456 3535/1476/456 3533/1330/455
f 3536/1475/456 3538/1433/457 3537/1434/457 3535/1476/456
f 3538/1433/457 3540/1477/458 3539/1478/458 3537/1434/457
f 3540/1477/458 3542/1335/459 3541/1336/459 3539/1478/458
f 3542/1335/459 3544/1479/460 3543/1480/460 3541/1336/459
f 3544/1479/460 3546/1435/461 3545/1436/461 3543/1480/460
f 3546/1435/461 3548/1481/462 3547/1482/462 3545/1436/461
f 3548/1481/462 3550/1341/463 3549/1342/463 3547/1482/462
f 3550/1341/463 3552/1483/464 3551/1484/464 3549/1342/463
f 3552/1483/464 3554/1437/465 3553/1438/465 3551/1484/464
f 3554/1437/465 3556/1485/466 3555/1486/466 3553/1438/465
f 3556/1485/466 3454/1103/417 3453/446/417 3555/1486/466
f 3558/986/467 3560/1487/468 3559/475/468 3557/448/467
f 3560/1487/468 3562/1488/469 3561/470/469 3559/475/468
f 3562/1488/469 3564/1489/470 3563/464/470 3561/470/469
f 3564/1489/470 3566/1490/471 3565/458/471 3563/464/470
f 3566/1490/471 3568/1491/472 3567/451/472 3565/458/471
f 3568/1491/472 3570/1492/473 3569/452/473 3567/451/472
f 3570/1492/473 3572/1104/474 3571/457/474 3569/452/473
f 3572/1104/474 3574/1493/475 3573/463/475 3571/457/474
f 3574/1493/475 3576/1494/476 3575/469/476 3573/463/475
f 3576/1494/476 3578/1495/477 3577/437/477 3575/469/476
f 3578/1495/477 3580/1496/478 3579/440/478 3577/437/477
f 3580/1496/478 3582/1497/479 3581/484/479 3579/440/478
f 3582/1497/479 3584/1498/480 3583/494/480 3581/484/479
f 3584/1498/480 3586/1105/481 3585/506/481 3583/494/480
f 3586/1105/481 3588/1499/482 3587/520/482 3585/506/481
f 3588/1499/482 3590/1500/483 3589/512/483 3587/520/482
f 3590/1500/483 3592/1501/484 3591/500/484 3589/512/483
f 3592/1501/484 3594/1502/485 3593/488/485 3591/500/484
f 3594/1502/485 3596/1503/486 3595/441/486 3593/488/485
f 3596/1503/486 3598/1504/487 3597/445/487 3595/441/486
f 3598/1504/487 3600/1106/488 3599/485/488 3597/445/487
f 3600/1106/488 3602/1505/489 3601/495/489 3599/485/488
f 3602/1505/489 3604/1506/490 3603/507/490 3601/495/489
f 3604/1506/490 3606/1507/491 3605/521/491 3603/507/490
f 3606/1507/491 3608/1508/492 3607/513/492 3605/521/491
f 3608/1508/492 3610/1509/201 3609/501/201 3607/513/492
f 3610/1509/201 3612/1510/239 3611/489/239 3609/501/201
f 3612/1510/239 3558/1103/467 3557/446/467 3611/489/239
f 3614/986/239 3616/1511/201 3615/453/201 3613/448/239
f 3616/1511/201 3618/1297/200 3617/472/200 3615/453/201
f 3618/1297/200 3620/1105/199 3619/506/199 3617/472/200
f 3620/1105/199 3622/1322/239 3621/477/239 3619/506/199
f 3622/1322/239 3624/1512/239 3623/511/239 3621/477/239
f 3624/1512/239 3614/1103/239 3613/446/239 3623/511/239
f 3626/986/239 3628/987/240 3627/988/240 3625/448/239
f 3628/987/240 3630/989/241 3629/990/241 3627/988/240
f 3630/989/241 3632/991/242 3631/992/242 3629/990/241
f 3632/991/242 3634/993/243 3633/994/243 3631/992/242
f 3634/993/243 3636/995/244 3635/996/244 3633/994/243
f 3636/995/244 3638/997/245 3637/998/245 3635/996/244
f 3638/997/245 3640/999/246 3639/1000/246 3637/998/245
f 3640/999/246 3642/1001/247 3641/1002/247 3639/1000/246
f 3642/1001/247 3644/1003/248 3643/1004/248 3641/1002/247
f 3644/1003/248 3646/1005/249 3645/1006/249 3643/1004/248
f 3646/1005/249 3648/1007/250 3647/1008/250 3645/1006/249
f 3648/1007/250 3650/1009/251 3649/1010/251 3647/1008/250
f 3650/1009/251 3652/1011/252 3651/1012/252 3649/1010/251
f 3652/1011/252 3654/1013/253 3653/1014/253 3651/1012/252
f 3654/1013/253 3656/1015/254 3655/1016/254 3653/1014/253
f 3656/1015/254 3658/1017/255 3657/1018/255 3655/1016/254
f 3658/1017/255 3660/1019/256 3659/1020/256 3657/1018/255
f 3660/1019/256 3662/1021/257 3661/1022/257 3659/1020/256
f 3662/1021/257 3664/1023/258 3663/1024/258 3661/1022/257
f 3664/1023/258 3666/1025/259 3665/1026/259 3663/1024/258
f 3666/1025/259 3668/1027/260 3667/1028/260 3665/1026/259
f 3668/1027/260 3670/1029/261 3669/1030/261 3667/1028/260
f 3670/1029/261 3672/1031/262 3671/1032/262 3669/1030/261
f 3672/1031/262 3674/1033/263 3673/1034/263 3671/1032/262
f 3674/1033/263 3676/1035/493 3675/1036/493 3673/1034/263
f 3676/1035/493 3678/1037/265 3677/1038/265 3675/1036/493
f 3678/1037/265 3680/1039/494 3679/1040/494 3677/1038/265
f 3680/1039/494 3682/1041/495 3681/1042/495 3679/1040/494
f 3682/1041/495 3684/1043/496 3683/1044/496 3681/1042/495
f 3684/1043/496 3686/1045/497 3685/1046/497 3683/1044/496
f 3686/1045/497 3688/1047/498 3687/1048/498 3685/1046/497
f 3688/1047/498 3690/1049/499 3689/1050/499 3687/1048/498
f 3690/1049/499 3692/1051/500 3691/1052/500 3689/1050/499
f 3692/1051/500 3694/1053/501 3693/1054/501 3691/1052/500
f 3694/1053/501 3696/1055/502 3695/1056/502 3693/1054/501
f 3696/1055/502 3698/1057/503 3697/1058/503 3695/1056/502
f 3698/1057/503 3700/1059/504 3699/1060/504 3697/1058/503
f 3700/1059/504 3702/1061/505 3701/1062/505 3699/1060/504
f 3702/1061/505 3704/1063/391 3703/1064/391 3701/1062/505
f 3704/1063/391 3706/1065/506 3705/1066/506 3703/1064/391
f 3706/1065/506 3708/1067/507 3707/1068/507 3705/1066/506
f 3708/1067/507 3710/1069/508 3709/1070/508 3707/1068/507
f 3710/1069/508 3712/1071/509 3711/1072/509 3709/1070/508
f 3712/1071/509 3714/1073/510 3713/1074/510 3711/1072/509
f 3714/1073/510 3716/1075/511 3715/1076/511 3713/1074/510
f 3716/1075/511 3718/1077/512 3717/1078/512 3715/1076/511
f 3718/1077/512 3720/1079/513 3719/1080/513 3717/1078/512
f 3720/1079/513 3722/1081/514 3721/1082/514 3719/1080/513
f 3722/1081/514 3724/1083/515 3723/1084/515 3721/1082/514
f 3724/1083/515 3726/1085/516 3725/1086/516 3723/1084/515
f 3726/1085/516 3728/1087/517 3727/1088/517 3725/1086/516
f 3728/1087/517 3730/1089/518 3729/1090/518 3727/1088/517
f 3730/1089/518 3732/1091/519 3731/1092/519 3729/1090/518
f 3732/1091/519 3734/1093/520 3733/1094/520 3731/1092/519
f 3734/1093/520 3736/1095/201 3735/1096/201 3733/1094/520
f 3736/1095/201 3738/1097/239 3737/1098/239 3735/1096/201
f 3738/1097/239 3740/1099/199 3739/1100/199 3737/1098/239
f 3740/1099/199 3742/1101/199 3741/1102/199 3739/1100/199
f 3742/1101/199 3626/1103/239 3625/446/239 3741/1102/199
f 3744/986/239 3746/1104/199 3745/457/199 3743/448/239
f 3746/1104/199 3748/1105/200 3747/506/200 3745/457/199
f 3748/1105/200 3750/1106/201 3749/485/201 3747/506/200
f 3750/1106/201 3744/1103/239 3743/446/239 3749/485/201
f 3752/986/239 3754/1415/201 3753/1416/201 3751/448/239
f 3754/1415/201 3756/1277/201 3755/1278/201 3753/1416/201
f 3756/1277/201 3758/1417/239 3757/1418/239 3755/1278/201
f 3758/1417/239 3760/1283/239 3759/1284/239 3757/1418/239
f 3760/1283/239 3762/1419/201 3761/1420/201 3759/1284/239
f 3762/1419/201 3764/1289/201 3763/1290/201 3761/1420/201
f 3764/1289/201 3766/1421/201 3765/1422/201 3763/1290/201
f 3766/1421/201 3768/1295/200 3767/1296/200 3765/1422/201
f 3768/1295/200 3770/1423/200 3769/1424/200 3767/1296/200
f 3770/1423/200 3772/1300/200 3771/1301/200 3769/1424/200
f 3772/1300/200 3774/1425/199 3773/1426/199 3771/1301/200
f 3774/1425/199 3776/1306/199 3775/1307/199 3773/1426/199
f 3776/1306/199 3778/1105/521 3777/506/521 3775/1307/199
f 3778/1105/521 3780/1312/522 3779/1313/522 3777/506/521
f 3780/1312/522 3782/1427/523 3781/1428/523 3779/1313/522
f 3782/1427/523 3784/1318/524 3783/1319/524 3781/1428/523
f 3784/1318/524 3786/1429/525 3785/1430/525 3783/1319/524
f 3786/1429/525 3788/1323/301 3787/1324/301 3785/1430/525
f 3788/1323/301 3790/1431/526 3789/1432/526 3787/1324/301
f 3790/1431/526 3792/1329/527 3791/1330/527 3789/1432/526
f 3792/1329/527 3794/1433/528 3793/1434/528 3791/1330/527
f 3794/1433/528 3796/1335/529 3795/1336/529 3793/1434/528
f 3796/1335/529 3798/1435/530 3797/1436/530 3795/1336/529
f 3798/1435/530 3800/1341/531 3799/1342/531 3797/1436/530
f 3800/1341/531 3802/1437/532 3801/1438/532 3799/1342/531
f 3802/1437/532 3752/1103/239 3751/446/239 3801/1438/532
f 3804/986/239 3806/1415/201 3805/1416/201 3803/448/239
f 3806/1415/201 3808/1277/404 3807/1278/404 3805/1416/201
f 3808/1277/404 3810/1417/405 3809/1418/405 3807/1278/404
f 3810/1417/405 3812/1283/406 3811/1284/406 3809/1418/405
f 3812/1283/406 3814/1419/407 3813/1420/407 3811/1284/406
f 3814/1419/407 3816/1289/533 3815/1290/533 3813/1420/407
f 3816/1289/533 3818/1421/409 3817/1422/409 3815/1290/533
f 3818/1421/409 3820/1295/410 3819/1296/410 3817/1422/409
f 3820/1295/410 3822/1423/411 3821/1424/411 3819/1296/410
f 3822/1423/411 3824/1300/412 3823/1301/412 3821/1424/411
f 3824/1300/412 3826/1425/413 3825/1426/413 3823/1301/412
f 3826/1425/413 3828/1306/414 3827/1307/414 3825/1426/413
f 3828/1306/414 3830/1105/415 3829/506/415 3827/1307/414
f 3830/1105/415 3832/1312/416 3831/1313/416 3829/506/415
f 3832/1312/416 3834/1427/200 3833/1428/200 3831/1313/416
f 3834/1427/200 3836/1318/200 3835/1319/200 3833/1428/200
f 3836/1318/200 3838/1429/199 3837/1430/199 3835/1319/200
f 3838/1429/199 3840/1323/199 3839/1324/199 3837/1430/199
f 3840/1323/199 3842/1431/199 3841/1432/199 3839/1324/199
f 3842/1431/199 3844/1329/239 3843/1330/239 3841/1432/199
f 3844/1329/239 3846/1433/239 3845/1434/239 3843/1330/239
f 3846/1433/239 3848/1335/239 3847/1336/239 3845/1434/239
f 3848/1335/239 3850/1435/201 3849/1436/201 3847/1336/239
f 3850/1435/201 3852/1341/201 3851/1342/201 3849/1436/201
f 3852/1341/201 3854/1437/239 3853/1438/239 3851/1342/201
f 3854/1437/239 3804/1103/239 3803/446/239 3853/1438/239
f 3856/986/239 3858/1104/201 3857/457/201 3855/448/239
f 3858/1104/201 3860/1105/200 3859/506/200 3857/457/201
f 3860/1105/200 3862/1106/199 3861/485/199 3859/506/200
f 3862/1106/199 3856/1103/239 3855/446/239 3861/485/199
f 3864/986/239 3866/1104/201 3865/457/201 3863/448/239
f 3866/1104/201 3868/1105/200 3867/506/200 3865/457/201
f 3868/1105/200 3870/1106/199 3869/485/199 3867/506/200
f 3870/1106/199 3864/1103/239 3863/446/239 3869/485/199
f 3872/986/534 3874/1354/535 3873/1355/535 3871/448/534
f 3874/1354/535 3876/1361/536 3875/1362/536 3873/1355/535
f 3876/1361/536 3878/1297/536 3877/472/536 3875/1362/536
f 3878/1297/536 3880/1376/537 3879/1377/537 3877/472/536
f 3880/1376/537 3882/1384/537 3881/1385/537 3879/1377/537
f 3882/1384/537 3884/1322/200 3883/477/200 3881/1385/537
f 3884/1322/200 3886/1399/538 3885/1400/538 3883/477/200
f 3886/1399/538 3888/1406/539 3887/1407/539 3885/1400/538
f 3888/1406/539 3872/1103/534 3871/446/534 3887/1407/539
f 3890/986/540 3892/1297/541 3891/472/541 3889/448/540
f 3892/1297/541 3894/1322/542 3893/477/542 3891/472/541
f 3894/1322/542 3890/1103/540 3889/446/540 3893/477/542
f 3896/986/239 3898/1513/543 3897/1514/543 3895/448/239
f 3898/1513/543 3900/1515/544 3899/1516/544 3897/1514/543
f 3900/1515/544 3902/1517/545 3901/1518/545 3899/1516/544
f 3902/1517/545 3904/1519/546 3903/1520/546 3901/1518/545
f 3904/1519/546 3906/1521/547 3905/1522/547 3903/1520/546
f 3906/1521/547 3908/1523/548 3907/1524/548 3905/1522/547
f 3908/1523/548 3910/1525/549 3909/1526/549 3907/1524/548
f 3910/1525/549 3912/1104/550 3911/457/550 3909/1526/549
f 3912/1104/550 3914/1527/551 3913/1528/551 3911/457/550
f 3914/1527/551 3916/1529/552 3915/1530/552 3913/1528/551
f 3916/1529/552 3918/1531/553 3917/1532/553 3915/1530/552
f 3918/1531/553 3920/1533/554 3919/1534/554 3917/1532/553
f 3920/1533/554 3922/1535/555 3921/1536/555 3919/1534/554
f 3922/1535/555 3924/1537/556 3923/1538/556 3921/1536/555
f 3924/1537/556 3926/1539/557 3925/1540/557 3923/1538/556
f 3926/1539/557 3928/1105/558 3927/506/558 3925/1540/557
f 3928/1105/558 3930/1541/559 3929/1542/559 3927/506/558
f 3930/1541/559 3932/1543/560 3931/1544/560 3929/1542/559
f 3932/1543/560 3934/1545/561 3933/1546/561 3931/1544/560
f 3934/1545/561 3936/1547/562 3935/1548/562 3933/1546/561
f 3936/1547/562 3938/1549/563 3937/1550/563 3935/1548/562
f 3938/1549/563 3940/1551/564 3939/1552/564 3937/1550/563
f 3940/1551/564 3942/1553/565 3941/1554/565 3939/1552/564
f 3942/1553/565 3944/1106/566 3943/485/566 3941/1554/565
f 3944/1106/566 3946/1555/567 3945/1556/567 3943/485/566
f 3946/1555/567 3948/1557/568 3947/1558/568 3945/1556/567
f 3948/1557/568 3950/1559/199 3949/1560/199 3947/1558/568
f 3950/1559/199 3952/1561/239 3951/1562/239 3949/1560/199
f 3952/1561/239 3954/1563/239 3953/1564/239 3951/1562/239
f 3954/1563/239 3956/1565/199 3955/1566/199 3953/1564/239
f 3956/1565/199 3958/1567/199 3957/1568/199 3955/1566/199
f 3958/1567/199 3896/1103/239 3895/446/239 3957/1568/199
f 3960/986/239 3962/1347/201 3961/1348/201 3959/448/239
f 3962/1347/201 3964/1349/200 3963/1350/200 3961/1348/201
f 3964/1349/200 3966/1351/569 3965/572/569 3963/1350/200
f 3966/1351/569 3968/1352/570 3967/1353/570 3965/572/569
f 3968/1352/570 3970/1354/571 3969/1355/571 3967/1353/570
f 3970/1354/571 3972/1356/572 3971/578/572 3969/1355/571
f 3972/1356/572 3974/1357/573 3973/1358/573 3971/578/572
f 3974/1357/573 3976/1359/574 3975/1360/574 3973/1358/573
f 3976/1359/574 3978/1140/575 3977/583/575 3975/1360/574
f 3978/1140/575 3980/1361/576 3979/1362/576 3977/583/575
f 3980/1361/576 3982/1363/577 3981/1364/577 3979/1362/576
f 3982/1363/577 3984/1365/578 3983/603/578 3981/1364/577
f 3984/1365/578 3986/1366/579 3985/1367/579 3983/603/578
f 3986/1366/579 3988/1368/580 3987/1369/580 3985/1367/579
f 3988/1368/580 3990/1297/581 3989/472/581 3987/1369/580
f 3990/1297/581 3992/1370/582 3991/1371/582 3989/472/581
f 3992/1370/582 3994/1372/583 3993/1373/583 3991/1371/582
f 3994/1372/583 3996/1173/584 3995/590/584 3993/1373/583
f 3996/1173/584 3998/1374/585 3997/1375/585 3995/590/584
f 3998/1374/585 4000/1376/586 3999/1377/586 3997/1375/585
f 4000/1376/586 4002/1378/587 4001/568/587 3999/1377/586
f 4002/1378/587 4004/1379/588 4003/1380/588 4001/568/587
f 4004/1379/588 4006/1381/589 4005/1382/589 4003/1380/588
f 4006/1381/589 4008/1383/590 4007/549/590 4005/1382/589
f 4008/1383/590 4010/1384/591 4009/1385/591 4007/549/590
f 4010/1384/591 4012/1386/592 4011/1387/592 4009/1385/591
f 4012/1386/592 4014/1206/593 4013/542/593 4011/1387/592
f 4014/1206/593 4016/1388/333 4015/1389/333 4013/542/593
f 4016/1388/333 4018/1390/594 4017/1391/594 4015/1389/333
f 4018/1390/594 4020/1322/595 4019/477/595 4017/1391/594
f 4020/1322/595 4022/1392/596 4021/1393/596 4019/477/595
f 4022/1392/596 4024/1394/597 4023/1395/597 4021/1393/596
f 4024/1394/597 4026/1396/200 4025/522/200 4023/1395/597
f 4026/1396/200 4028/1397/598 4027/1398/598 4025/522/200
f 4028/1397/598 4030/1399/599 4029/1400/599 4027/1398/598
f 4030/1399/599 4032/1239/600 4031/543/600 4029/1400/599
f 4032/1239/600 4034/1401/601 4033/1402/601 4031/543/600
f 4034/1401/601 4036/1403/602 4035/1404/602 4033/1402/601
f 4036/1403/602 4038/1405/603 4037/567/603 4035/1404/602
f 4038/1405/603 4040/1406/199 4039/1407/199 4037/567/603
f 4040/1406/199 4042/1408/239 4041/1409/239 4039/1407/199
f 4042/1408/239 4044/1410/604 4043/560/604 4041/1409/239
f 4044/1410/604 4046/1411/605 4045/1412/605 4043/560/604
f 4046/1411/605 4048/1413/199 4047/1414/199 4045/1412/605
f 4048/1413/199 3960/1103/239 3959/446/239 4047/1414/199
f 4050/986/365 4052/1569/201 4051/1570/201 4049/448/365
f 4052/1569/201 4054/1571/200 4053/1572/200 4051/1570/201
f 4054/1571/200 4056/1573/366 4055/1574/366 4053/1572/200
f 4056/1573/366 4058/1575/367 4057/1576/367 4055/1574/366
f 4058/1575/367 4060/1577/201 4059/1578/201 4057/1576/367
f 4060/1577/201 4062/1579/200 4061/1580/200 4059/1578/201
f 4062/1579/200 4064/1581/366 4063/1582/366 4061/1580/200
f 4064/1581/366 4066/1583/367 4065/1584/367 4063/1582/366
f 4066/1583/367 4068/1585/201 4067/1586/201 4065/1584/367
f 4068/1585/201 4070/1587/200 4069/1588/200 4067/1586/201
f 4070/1587/200 4072/1589/199 4071/1590/199 4069/1588/200
f 4072/1589/199 4074/1591/239 4073/1592/239 4071/1590/199
f 4074/1591/239 4076/1593/606 4075/1594/606 4073/1592/239
f 4076/1593/606 4078/1595/607 4077/1596/607 4075/1594/606
f 4078/1595/607 4080/1597/608 4079/1598/608 4077/1596/607
f 4080/1597/608 4082/1599/609 4081/1600/609 4079/1598/608
f 4082/1599/609 4084/1140/610 4083/583/610 4081/1600/609
f 4084/1140/610 4086/1601/611 4085/1602/611 4083/583/610
f 4086/1601/611 4088/1603/612 4087/1604/612 4085/1602/611
f 4088/1603/612 4090/1605/613 4089/1606/613 4087/1604/612
f 4090/1605/613 4092/1607/614 4091/1608/614 4089/1606/613
f 4092/1607/614 4094/1609/615 4093/1610/615 4091/1608/614
f 4094/1609/615 4096/1611/616 4095/1612/616 4093/1610/615
f 4096/1611/616 4098/1613/617 4097/1614/617 4095/1612/616
f 4098/1613/617 4100/1615/618 4099/1616/618 4097/1614/617
f 4100/1615/618 4102/1617/619 4101/1618/619 4099/1616/618
f 4102/1617/619 4104/1619/620 4103/1620/620 4101/1618/619
f 4104/1619/620 4106/1621/621 4105/1622/621 4103/1620/620
f 4106/1621/621 4108/1623/622 4107/1624/622 4105/1622/621
f 4108/1623/622 4110/1625/623 4109/1626/623 4107/1624/622
f 4110/1625/623 4112/1627/624 4111/1628/624 4109/1626/623
f 4112/1627/624 4114/1629/625 4113/1630/625 4111/1628/624
f 4114/1629/625 4116/1631/626 4115/1632/626 4113/1630/625
f 4116/1631/626 4118/1173/627 4117/590/627 4115/1632/626
f 4118/1173/627 4120/1633/628 4119/1634/628 4117/590/627
f 4120/1633/628 4122/1635/629 4121/1636/629 4119/1634/628
f 4122/1635/629 4124/1637/630 4123/1638/630 4121/1636/629
f 4124/1637/630 4126/1639/631 4125/1640/631 4123/1638/630
f 4126/1639/631 4128/1641/632 4127/1642/632 4125/1640/631
f 4128/1641/632 4130/1643/633 4129/1644/633 4127/1642/632
f 4130/1643/633 4132/1645/634 4131/1646/634 4129/1644/633
f 4132/1645/634 4134/1647/635 4133/1648/635 4131/1646/634
f 4134/1647/635 4136/1649/636 4135/1650/636 4133/1648/635
f 4136/1649/636 4138/1651/637 4137/1652/637 4135/1650/636
f 4138/1651/637 4140/1653/638 4139/1654/638 4137/1652/637
f 4140/1653/638 4142/1655/639 4141/1656/639 4139/1654/638
f 4142/1655/639 4144/1657/640 4143/1658/640 4141/1656/639
f 4144/1657/640 4146/1659/641 4145/1660/641 4143/1658/640
f 4146/1659/641 4148/1661/642 4147/1662/642 4145/1660/641
f 4148/1661/642 4150/1663/643 4149/1664/643 4147/1662/642
f 4150/1663/643 4152/1206/644 4151/542/644 4149/1664/643
f 4152/1206/644 4154/1665/645 4153/1666/645 4151/542/644
f 4154/1665/645 4156/1667/646 4155/1668/646 4153/1666/645
f 4156/1667/646 4158/1669/647 4157/1670/647 4155/1668/646
f 4158/1669/647 4160/1671/648 4159/1672/648 4157/1670/647
f 4160/1671/648 4162/1673/649 4161/1674/649 4159/1672/648
f 4162/1673/649 4164/1675/607 4163/1676/607 4161/1674/649
f 4164/1675/607 4166/1677/613 4165/1678/613 4163/1676/607
f 4166/1677/613 4168/1679/650 4167/1680/650 4165/1678/613
f 4168/1679/650 4170/1681/651 4169/1682/651 4167/1680/650
f 4170/1681/651 4172/1683/652 4171/1684/652 4169/1682/651
f 4172/1683/652 4174/1685/653 4173/1686/653 4171/1684/652
f 4174/1685/653 4176/1687/654 4175/1688/654 4173/1686/653
f 4176/1687/654 4178/1689/655 4177/1690/655 4175/1688/654
f 4178/1689/655 4180/1691/656 4179/1692/656 4177/1690/655
f 4180/1691/656 4182/1693/657 4181/1694/657 4179/1692/656
f 4182/1693/657 4184/1695/658 4183/1696/658 4181/1694/657
f 4184/1695/658 4186/1239/659 4185/543/659 4183/1696/658
f 4186/1239/659 4188/1697/660 4187/1698/660 4185/543/659
f 4188/1697/660 4190/1699/661 4189/1700/661 4187/1698/660
f 4190/1699/661 4192/1701/662 4191/1702/662 4189/1700/661
f 4192/1701/662 4194/1703/663 4193/1704/663 4191/1702/662
f 4194/1703/663 4196/1705/664 4195/1706/664 4193/1704/663
f 4196/1705/664 4198/1707/393 4197/1708/393 4195/1706/664
f 4198/1707/393 4200/1709/394 4199/1710/394 4197/1708/393
f 4200/1709/394 4202/1711/395 4201/1712/395 4199/1710/394
f 4202/1711/395 4204/1713/396 4203/1714/396 4201/1712/395
f 4204/1713/396 4206/1715/397 4205/1716/397 4203/1714/396
f 4206/1715/397 4208/1717/398 4207/1718/398 4205/1716/397
f 4208/1717/398 4210/1719/665 4209/1720/665 4207/1718/398
f 4210/1719/665 4212/1721/400 4211/1722/400 4209/1720/665
f 4212/1721/400 4214/1723/401 4213/1724/401 4211/1722/400
f 4214/1723/401 4216/1725/402 4215/1726/402 4213/1724/401
f 4216/1725/402 4218/1727/403 4217/1728/403 4215/1726/402
f 4218/1727/403 4050/1103/365 4049/446/365 4217/1728/403
f 4220/986/365 4222/1729/666 4221/1730/666 4219/448/365
f 4222/1729/666 4224/1347/667 4223/1348/667 4221/1730/666
f 4224/1347/667 4226/1731/668 4225/1732/668 4223/1348/667
f 4226/1731/668 4228/1349/669 4227/1350/669 4225/1732/668
f 4228/1349/669 4230/1733/670 4229/1734/670 4227/1350/669
f 4230/1733/670 4232/1351/671 4231/572/671 4229/1734/670
f 4232/1351/671 4234/1735/672 4233/1736/672 4231/572/671
f 4234/1735/672 4236/1352/673 4235/1353/673 4233/1736/672
f 4236/1352/673 4238/1737/674 4237/1738/674 4235/1353/673
f 4238/1737/674 4240/1354/675 4239/1355/675 4237/1738/674
f 4240/1354/675 4242/1739/676 4241/1740/676 4239/1355/675
f 4242/1739/676 4244/1356/677 4243/578/677 4241/1740/676
f 4244/1356/677 4246/1741/678 4245/1742/678 4243/578/677
f 4246/1741/678 4248/1357/679 4247/1358/679 4245/1742/678
f 4248/1357/679 4250/1511/680 4249/453/680 4247/1358/679
f 4250/1511/680 4252/1359/681 4251/1360/681 4249/453/680
f 4252/1359/681 4254/1743/682 4253/1744/682 4251/1360/681
f 4254/1743/682 4256/1140/683 4255/583/683 4253/1744/682
f 4256/1140/683 4258/1745/684 4257/1746/684 4255/583/683
f 4258/1745/684 4260/1361/685 4259/1362/685 4257/1746/684
f 4260/1361/685 4262/1747/686 4261/1748/686 4259/1362/685
f 4262/1747/686 4264/1363/687 4263/1364/687 4261/1748/686
f 4264/1363/687 4266/1749/688 4265/1750/688 4263/1364/687
f 4266/1749/688 4268/1365/689 4267/603/689 4265/1750/688
f 4268/1365/689 4270/1751/690 4269/1752/690 4267/603/689
f 4270/1751/690 4272/1366/691 4271/1367/691 4269/1752/690
f 4272/1366/691 4274/1753/692 4273/1754/692 4271/1367/691
f 4274/1753/692 4276/1368/693 4275/1369/693 4273/1754/692
f 4276/1368/693 4278/1755/694 4277/1756/694 4275/1369/693
f 4278/1755/694 4280/1297/695 4279/472/695 4277/1756/694
f 4280/1297/695 4282/1757/696 4281/1758/696 4279/472/695
f 4282/1757/696 4284/1370/697 4283/1371/697 4281/1758/696
f 4284/1370/697 4286/1759/698 4285/1760/698 4283/1371/697
f 4286/1759/698 4288/1372/699 4287/1373/699 4285/1760/698
f 4288/1372/699 4290/1761/700 4289/1762/700 4287/1373/699
f 4290/1761/700 4292/1173/701 4291/590/701 4289/1762/700
f 4292/1173/701 4294/1763/702 4293/1764/702 4291/590/701
f 4294/1763/702 4296/1374/703 4295/1375/703 4293/1764/702
f 4296/1374/703 4298/1765/704 4297/1766/704 4295/1375/703
f 4298/1765/704 4300/1376/705 4299/1377/705 4297/1766/704
f 4300/1376/705 4302/1767/706 4301/1768/706 4299/1377/705
f 4302/1767/706 4304/1378/707 4303/568/707 4301/1768/706
f 4304/1378/707 4306/1769/708 4305/1770/708 4303/568/707
f 4306/1769/708 4308/1379/709 4307/1380/709 4305/1770/708
f 4308/1379/709 4310/1105/710 4309/506/710 4307/1380/709
f 4310/1105/710 4312/1381/711 4311/1382/711 4309/506/710
f 4312/1381/711 4314/1771/712 4313/1772/712 4311/1382/711
f 4314/1771/712 4316/1383/713 4315/549/713 4313/1772/712
f 4316/1383/713 4318/1773/714 4317/1774/714 4315/549/713
f 4318/1773/714 4320/1384/201 4319/1385/201 4317/1774/714
f 4320/1384/201 4322/1775/200 4321/1776/200 4319/1385/201
f 4322/1775/200 4324/1386/199 4323/1387/199 4321/1776/200
f 4324/1386/199 4326/1777/239 4325/1778/239 4323/1387/199
f 4326/1777/239 4328/1206/368 4327/542/368 4325/1778/239
f 4328/1206/368 4330/1779/369 4329/1780/369 4327/542/368
f 4330/1779/369 4332/1388/370 4331/1389/370 4329/1780/369
f 4332/1388/370 4334/1781/371 4333/1782/371 4331/1389/370
f 4334/1781/371 4336/1390/372 4335/1391/372 4333/1782/371
f 4336/1390/372 4338/1783/373 4337/1784/373 4335/1391/372
f 4338/1783/373 4340/1322/715 4339/477/715 4337/1784/373
f 4340/1322/715 4342/1785/375 4341/1786/375 4339/477/715
f 4342/1785/375 4344/1392/376 4343/1393/376 4341/1786/375
f 4344/1392/376 4346/1787/377 4345/1788/377 4343/1393/376
f 4346/1787/377 4348/1394/716 4347/1395/716 4345/1788/377
f 4348/1394/716 4350/1789/379 4349/1790/379 4347/1395/716
f 4350/1789/379 4352/1396/380 4351/522/380 4349/1790/379
f 4352/1396/380 4354/1791/381 4353/1792/381 4351/522/380
f 4354/1791/381 4356/1397/382 4355/1398/382 4353/1792/381
f 4356/1397/382 4358/1793/383 4357/1794/383 4355/1398/382
f 4358/1793/383 4360/1399/384 4359/1400/384 4357/1794/383
f 4360/1399/384 4362/1795/385 4361/1796/385 4359/1400/384
f 4362/1795/385 4364/1239/717 4363/543/717 4361/1796/385
f 4364/1239/717 4366/1797/387 4365/1798/387 4363/543/717
f 4366/1797/387 4368/1401/388 4367/1402/388 4365/1798/387
f 4368/1401/388 4370/1512/389 4369/511/389 4367/1402/388
f 4370/1512/389 4372/1403/390 4371/1404/390 4369/511/389
f 4372/1403/390 4374/1799/718 4373/1800/718 4371/1404/390
f 4374/1799/718 4376/1405/392 4375/567/392 4373/1800/718
f 4376/1405/392 4378/1801/393 4377/1802/393 4375/567/392
f 4378/1801/393 4380/1406/394 4379/1407/394 4377/1802/393
f 4380/1406/394 4382/1803/395 4381/1804/395 4379/1407/394
f 4382/1803/395 4384/1408/396 4383/1409/396 4381/1804/395
f 4384/1408/396 4386/1805/397 4385/1806/397 4383/1409/396
f 4386/1805/397 4388/1410/398 4387/560/398 4385/1806/397
f 4388/1410/398 4390/1807/665 4389/1808/665 4387/560/398
f 4390/1807/665 4392/1411/400 4391/1412/400 4389/1808/665
f 4392/1411/400 4394/1809/401 4393/1810/401 4391/1412/400
f 4394/1809/401 4396/1413/402 4395/1414/402 4393/1810/401
f 4396/1413/402 4398/1811/403 4397/1812/403 4395/1414/402
f 4398/1811/403 4220/1103/365 4219/446/365 4397/1812/403
f 4400/986/719 4402/1515/720 4401/1516/720 4399/448/719
f 4402/1515/720 4404/1519/721 4403/1520/721 4401/1516/720
f 4404/1519/721 4406/1523/722 4405/1524/722 4403/1520/721
f 4406/1523/722 4408/1104/723 4407/457/723 4405/1524/722
f 4408/1104/723 4410/1529/724 4409/1530/724 4407/457/723
f 4410/1529/724 4412/1533/725 4411/1534/725 4409/1530/724
f 4412/1533/725 4414/1537/726 4413/1538/726 4411/1534/725
f 4414/1537/726 4416/1105/727 4415/506/727 4413/1538/726
f 4416/1105/727 4418/1543/728 4417/1544/728 4415/506/727
f 4418/1543/728 4420/1547/729 4419/1548/729 4417/1544/728
f 4420/1547/729 4422/1551/730 4421/1552/730 4419/1548/729
f 4422/1551/730 4424/1106/731 4423/485/731 4421/1552/730
f 4424/1106/731 4426/1557/366 4425/1558/366 4423/485/731
f 4426/1557/366 4428/1561/367 4427/1562/367 4425/1558/366
f 4428/1561/367 4430/1565/239 4429/1566/239 4427/1562/367
f 4430/1565/239 4400/1103/719 4399/446/719 4429/1566/239
f 4432/986/239 4434/1104/201 4433/457/201 4431/448/239
f 4434/1104/201 4436/1105/200 4435/506/200 4433/457/201
f 4436/1105/200 4438/1106/199 4437/485/199 4435/506/200
f 4438/1106/199 4432/1103/239 4431/446/239 4437/485/199
f 4440/986/239 4442/1104/201 4441/457/201 4439/448/239
f 4442/1104/201 4444/1105/200 4443/506/200 4441/457/201
f 4444/1105/200 4446/1106/199 4445/485/199 4443/506/200
f 4446/1106/199 4440/1103/239 4439/446/239 4445/485/199
f 4448/986/732 4450/1569/733 4449/1570/733 4447/448/732
f 4450/1569/733 4452/1571/734 4451/1572/734 4449/1570/733
f 4452/1571/734 4454/1573/735 4453/1574/735 4451/1572/734
f 4454/1573/735 4456/1575/736 4455/1576/736 4453/1574/735
f 4456/1575/736 4458/1577/737 4457/1578/737 4455/1576/736
f 4458/1577/737 4460/1579/738 4459/1580/738 4457/1578/737
f 4460/1579/738 4462/1581/739 4461/1582/739 4459/1580/738
f 4462/1581/739 4464/1583/740 4463/1584/740 4461/1582/739
f 4464/1583/740 4466/1585/741 4465/1586/741 4463/1584/740
f 4466/1585/741 4468/1587/742 4467/1588/742 4465/1586/741
f 4468/1587/742 4470/1589/743 4469/1590/743 4467/1588/742
f 4470/1589/743 4472/1591/744 4471/1592/744 4469/1590/743
f 4472/1591/744 4474/1593/745 4473/1594/745 4471/1592/744
f 4474/1593/745 4476/1595/746 4475/1596/746 4473/1594/745
f 4476/1595/746 4478/1597/747 4477/1598/747 4475/1596/746
f 4478/1597/747 4480/1599/748 4479/1600/748 4477/1598/747
f 4480/1599/748 4482/1140/418 4481/583/418 4479/1600/748
f 4482/1140/418 4484/1601/749 4483/1602/749 4481/583/418
f 4484/1601/749 4486/1603/750 4485/1604/750 4483/1602/749
f 4486/1603/750 4488/1605/751 4487/1606/751 4485/1604/750
f 4488/1605/751 4490/1607/752 4489/1608/752 4487/1606/751
f 4490/1607/752 4492/1609/753 4491/1610/753 4489/1608/752
f 4492/1609/753 4494/1611/754 4493/1612/754 4491/1610/753
f 4494/1611/754 4496/1613/755 4495/1614/755 4493/1612/754
f 4496/1613/755 4498/1615/756 4497/1616/756 4495/1614/755
f 4498/1615/756 4500/1617/757 4499/1618/757 4497/1616/756
f 4500/1617/757 4502/1619/758 4501/1620/758 4499/1618/757
f 4502/1619/758 4504/1621/759 4503/1622/759 4501/1620/758
f 4504/1621/759 4506/1623/760 4505/1624/760 4503/1622/759
f 4506/1623/760 4508/1625/761 4507/1626/761 4505/1624/760
f 4508/1625/761 4510/1627/762 4509/1628/762 4507/1626/761
f 4510/1627/762 4512/1629/763 4511/1630/763 4509/1628/762
f 4512/1629/763 4514/1631/517 4513/1632/517 4511/1630/763
f 4514/1631/517 4516/1173/764 4515/590/764 4513/1632/517
f 4516/1173/764 4518/1633/765 4517/1634/765 4515/590/764
f 4518/1633/765 4520/1635/766 4519/1636/766 4517/1634/765
f 4520/1635/766 4522/1637/767 4521/1638/767 4519/1636/766
f 4522/1637/767 4524/1639/768 4523/1640/768 4521/1638/767
f 4524/1639/768 4526/1641/769 4525/1642/769 4523/1640/768
f 4526/1641/769 4528/1643/770 4527/1644/770 4525/1642/769
f 4528/1643/770 4530/1645/771 4529/1646/771 4527/1644/770
f 4530/1645/771 4532/1647/772 4531/1648/772 4529/1646/771
f 4532/1647/772 4534/1649/773 4533/1650/773 4531/1648/772
f 4534/1649/773 4536/1651/774 4535/1652/774 4533/1650/773
f 4536/1651/774 4538/1653/775 4537/1654/775 4535/1652/774
f 4538/1653/775 4540/1655/776 4539/1656/776 4537/1654/775
f 4540/1655/776 4542/1657/777 4541/1658/777 4539/1656/776
f 4542/1657/777 4544/1659/778 4543/1660/778 4541/1658/777
f 4544/1659/778 4546/1661/779 4545/1662/779 4543/1660/778
f 4546/1661/779 4548/1663/780 4547/1664/780 4545/1662/779
f 4548/1663/780 4550/1206/781 4549/542/781 4547/1664/780
f 4550/1206/781 4552/1665/782 4551/1666/782 4549/542/781
f 4552/1665/782 4554/1667/783 4553/1668/783 4551/1666/782
f 4554/1667/783 4556/1669/784 4555/1670/784 4553/1668/783
f 4556/1669/784 4558/1671/785 4557/1672/785 4555/1670/784
f 4558/1671/785 4560/1673/786 4559/1674/786 4557/1672/785
f 4560/1673/786 4562/1675/787 4561/1676/787 4559/1674/786
f 4562/1675/787 4564/1677/788 4563/1678/788 4561/1676/787
f 4564/1677/788 4566/1679/789 4565/1680/789 4563/1678/788
f 4566/1679/789 4568/1681/790 4567/1682/790 4565/1680/789
f 4568/1681/790 4570/1683/791 4569/1684/791 4567/1682/790
f 4570/1683/791 4572/1685/792 4571/1686/792 4569/1684/791
f 4572/1685/792 4574/1687/793 4573/1688/793 4571/1686/792
f 4574/1687/793 4576/1689/794 4575/1690/794 4573/1688/793
f 4576/1689/794 4578/1691/795 4577/1692/795 4575/1690/794
f 4578/1691/795 4580/1693/795 4579/1694/795 4577/1692/795
f 4580/1693/795 4582/1695/796 4581/1696/796 4579/1694/795
f 4582/1695/796 4584/1239/796 4583/543/796 4581/1696/796
f 4584/1239/796 4586/1697/796 4585/1698/796 4583/543/796
f 4586/1697/796 4588/1699/797 4587/1700/797 4585/1698/796
f 4588/1699/797 4590/1701/797 4589/1702/797 4587/1700/797
f 4590/1701/797 4592/1703/798 4591/1704/798 4589/1702/797
f 4592/1703/798 4594/1705/799 4593/1706/799 4591/1704/798
f 4594/1705/799 4596/1707/800 4595/1708/800 4593/1706/799
f 4596/1707/800 4598/1709/801 4597/1710/801 4595/1708/800
f 4598/1709/801 4600/1711/802 4599/1712/802 4597/1710/801
f 4600/1711/802 4602/1713/803 4601/1714/803 4599/1712/802
f 4602/1713/803 4604/1715/804 4603/1716/804 4601/1714/803
f 4604/1715/804 4606/1717/805 4605/1718/805 4603/1716/804
f 4606/1717/805 4608/1719/806 4607/1720/806 4605/1718/805
f 4608/1719/806 4610/1721/807 4609/1722/807 4607/1720/806
f 4610/1721/807 4612/1723/808 4611/1724/808 4609/1722/807
f 4612/1723/808 4614/1725/783 4613/1726/783 4611/1724/808
f 4614/1725/783 4616/1727/809 4615/1728/809 4613/1726/783
f 4616/1727/809 4448/1103/732 4447/446/732 4615/1728/809
