# Blender 4.1.1
# www.blender.org
mtllib titleText.mtl
o Text
v -1.215122 -0.025115 -0.100000
v -1.215486 -0.029125 -0.100000
v -1.216094 -0.033031 -0.100000
v -1.216945 -0.036833 -0.100000
v -1.218038 -0.040531 -0.100000
v -1.219375 -0.044125 -0.100000
v -1.220955 -0.047615 -0.100000
v -1.222778 -0.051000 -0.100000
v -1.224844 -0.054281 -0.100000
v -1.227153 -0.057458 -0.100000
v -1.229705 -0.060531 -0.100000
v -1.232500 -0.063500 -0.100000
v -1.235469 -0.066295 -0.100000
v -1.238542 -0.068847 -0.100000
v -1.241719 -0.071156 -0.100000
v -1.245000 -0.073222 -0.100000
v -1.248386 -0.075045 -0.100000
v -1.251875 -0.076625 -0.100000
v -1.255469 -0.077962 -0.100000
v -1.259167 -0.079056 -0.100000
v -1.262969 -0.079906 -0.100000
v -1.266875 -0.080514 -0.100000
v -1.270886 -0.080878 -0.100000
v -1.275000 -0.081000 -0.100000
v -1.523000 -0.081000 -0.100000
v -1.526958 -0.080878 -0.100000
v -1.530833 -0.080514 -0.100000
v -1.534625 -0.079906 -0.100000
v -1.538333 -0.079056 -0.100000
v -1.541958 -0.077962 -0.100000
v -1.545500 -0.076625 -0.100000
v -1.548958 -0.075045 -0.100000
v -1.552333 -0.073222 -0.100000
v -1.555625 -0.071156 -0.100000
v -1.558833 -0.068847 -0.100000
v -1.561959 -0.066295 -0.100000
v -1.565000 -0.063500 -0.100000
v -1.567875 -0.060531 -0.100000
v -1.570500 -0.057458 -0.100000
v -1.572875 -0.054281 -0.100000
v -1.575000 -0.051000 -0.100000
v -1.576875 -0.047615 -0.100000
v -1.578500 -0.044125 -0.100000
v -1.579875 -0.040531 -0.100000
v -1.581000 -0.036833 -0.100000
v -1.581875 -0.033031 -0.100000
v -1.582500 -0.029125 -0.100000
v -1.582875 -0.025115 -0.100000
v -1.583000 -0.021000 -0.100000
v -1.583000 0.006000 -0.100000
v -1.582875 0.009958 -0.100000
v -1.582500 0.013833 -0.100000
v -1.581875 0.017625 -0.100000
v -1.581000 0.021333 -0.100000
v -1.579875 0.024958 -0.100000
v -1.578500 0.028500 -0.100000
v -1.576875 0.031958 -0.100000
v -1.575000 0.035333 -0.100000
v -1.572875 0.038625 -0.100000
v -1.570500 0.041833 -0.100000
v -1.567875 0.044958 -0.100000
v -1.565000 0.048000 -0.100000
v -1.561959 0.050875 -0.100000
v -1.558834 0.053500 -0.100000
v -1.555626 0.055875 -0.100000
v -1.552334 0.058000 -0.100000
v -1.548959 0.059875 -0.100000
v -1.545500 0.061500 -0.100000
v -1.541959 0.062875 -0.100000
v -1.538334 0.064000 -0.100000
v -1.534625 0.064875 -0.100000
v -1.530834 0.065500 -0.100000
v -1.526959 0.065875 -0.100000
v -1.523000 0.066000 -0.100000
v -1.275000 0.066000 -0.100000
v -1.270886 0.065875 -0.100000
v -1.266875 0.065500 -0.100000
v -1.262969 0.064875 -0.100000
v -1.259167 0.064000 -0.100000
v -1.255469 0.062875 -0.100000
v -1.251875 0.061500 -0.100000
v -1.248386 0.059875 -0.100000
v -1.245000 0.058000 -0.100000
v -1.241719 0.055875 -0.100000
v -1.238542 0.053500 -0.100000
v -1.235469 0.050875 -0.100000
v -1.232500 0.048000 -0.100000
v -1.229705 0.044958 -0.100000
v -1.227153 0.041833 -0.100000
v -1.224844 0.038625 -0.100000
v -1.222778 0.035333 -0.100000
v -1.220955 0.031958 -0.100000
v -1.219375 0.028500 -0.100000
v -1.218038 0.024958 -0.100000
v -1.216944 0.021333 -0.100000
v -1.216094 0.017625 -0.100000
v -1.215486 0.013833 -0.100000
v -1.215122 0.009958 -0.100000
v -1.215000 0.006000 -0.100000
v -1.215000 -0.021000 -0.100000
v -1.161007 0.066215 -0.100000
v -1.166695 0.066861 -0.100000
v -1.172063 0.067937 -0.100000
v -1.177111 0.069444 -0.100000
v -1.181841 0.071382 -0.100000
v -1.186250 0.073750 -0.100000
v -1.190341 0.076549 -0.100000
v -1.194111 0.079778 -0.100000
v -1.197563 0.083438 -0.100000
v -1.200695 0.087528 -0.100000
v -1.203507 0.092049 -0.100000
v -1.206000 0.097000 -0.100000
v -1.207500 0.101674 -0.100000
v -1.209000 0.106361 -0.100000
v -1.210500 0.111063 -0.100000
v -1.212000 0.115778 -0.100000
v -1.213500 0.120507 -0.100000
v -1.215000 0.125250 -0.100000
v -1.216500 0.130007 -0.100000
v -1.218000 0.134778 -0.100000
v -1.219500 0.139563 -0.100000
v -1.221000 0.144361 -0.100000
v -1.222500 0.149174 -0.100000
v -1.224000 0.154000 -0.100000
v -1.226493 0.158951 -0.100000
v -1.229306 0.163472 -0.100000
v -1.232438 0.167563 -0.100000
v -1.235889 0.171222 -0.100000
v -1.239660 0.174451 -0.100000
v -1.243750 0.177250 -0.100000
v -1.248160 0.179618 -0.100000
v -1.252889 0.181556 -0.100000
v -1.257938 0.183063 -0.100000
v -1.263306 0.184139 -0.100000
v -1.268993 0.184785 -0.100000
v -1.275000 0.185000 -0.100000
v -1.744000 0.185000 -0.100000
v -1.747958 0.184878 -0.100000
v -1.751833 0.184514 -0.100000
v -1.755625 0.183906 -0.100000
v -1.759333 0.183056 -0.100000
v -1.762958 0.181962 -0.100000
v -1.766500 0.180625 -0.100000
v -1.769958 0.179045 -0.100000
v -1.773333 0.177222 -0.100000
v -1.776625 0.175156 -0.100000
v -1.779833 0.172847 -0.100000
v -1.782959 0.170295 -0.100000
v -1.786000 0.167500 -0.100000
v -1.788875 0.164531 -0.100000
v -1.791500 0.161458 -0.100000
v -1.793875 0.158281 -0.100000
v -1.796000 0.155000 -0.100000
v -1.797875 0.151615 -0.100000
v -1.799500 0.148125 -0.100000
v -1.800875 0.144531 -0.100000
v -1.802000 0.140833 -0.100000
v -1.802875 0.137031 -0.100000
v -1.803500 0.133125 -0.100000
v -1.803875 0.129115 -0.100000
v -1.804000 0.125000 -0.100000
v -1.804000 -0.141000 -0.100000
v -1.803875 -0.144958 -0.100000
v -1.803500 -0.148833 -0.100000
v -1.802875 -0.152625 -0.100000
v -1.802000 -0.156333 -0.100000
v -1.800875 -0.159958 -0.100000
v -1.799500 -0.163500 -0.100000
v -1.797875 -0.166958 -0.100000
v -1.796000 -0.170333 -0.100000
v -1.793875 -0.173625 -0.100000
v -1.791500 -0.176833 -0.100000
v -1.788875 -0.179958 -0.100000
v -1.786000 -0.183000 -0.100000
v -1.782959 -0.185875 -0.100000
v -1.779834 -0.188500 -0.100000
v -1.776626 -0.190875 -0.100000
v -1.773334 -0.193000 -0.100000
v -1.769959 -0.194875 -0.100000
v -1.766500 -0.196500 -0.100000
v -1.762959 -0.197875 -0.100000
v -1.759334 -0.199000 -0.100000
v -1.755625 -0.199875 -0.100000
v -1.751834 -0.200500 -0.100000
v -1.747959 -0.200875 -0.100000
v -1.744000 -0.201000 -0.100000
v -1.275000 -0.201000 -0.100000
v -1.270886 -0.201080 -0.100000
v -1.266875 -0.201319 -0.100000
v -1.262969 -0.201719 -0.100000
v -1.259167 -0.202278 -0.100000
v -1.255469 -0.202997 -0.100000
v -1.251875 -0.203875 -0.100000
v -1.248386 -0.204913 -0.100000
v -1.245000 -0.206111 -0.100000
v -1.241719 -0.207469 -0.100000
v -1.238542 -0.208986 -0.100000
v -1.235469 -0.210663 -0.100000
v -1.232500 -0.212500 -0.100000
v -1.229705 -0.214455 -0.100000
v -1.227153 -0.216486 -0.100000
v -1.224844 -0.218594 -0.100000
v -1.222778 -0.220778 -0.100000
v -1.220955 -0.223038 -0.100000
v -1.219375 -0.225375 -0.100000
v -1.218038 -0.227788 -0.100000
v -1.216944 -0.230278 -0.100000
v -1.216094 -0.232844 -0.100000
v -1.215486 -0.235486 -0.100000
v -1.215122 -0.238205 -0.100000
v -1.215000 -0.241000 -0.100000
v -1.215122 -0.243635 -0.100000
v -1.215486 -0.246208 -0.100000
v -1.216094 -0.248719 -0.100000
v -1.216945 -0.251167 -0.100000
v -1.218038 -0.253552 -0.100000
v -1.219375 -0.255875 -0.100000
v -1.220955 -0.258135 -0.100000
v -1.222778 -0.260333 -0.100000
v -1.224844 -0.262469 -0.100000
v -1.227153 -0.264542 -0.100000
v -1.229705 -0.266552 -0.100000
v -1.232500 -0.268500 -0.100000
v -1.235469 -0.270337 -0.100000
v -1.238542 -0.272014 -0.100000
v -1.241719 -0.273531 -0.100000
v -1.245000 -0.274889 -0.100000
v -1.248386 -0.276087 -0.100000
v -1.251875 -0.277125 -0.100000
v -1.255469 -0.278003 -0.100000
v -1.259167 -0.278722 -0.100000
v -1.262969 -0.279281 -0.100000
v -1.266875 -0.279681 -0.100000
v -1.270886 -0.279920 -0.100000
v -1.275000 -0.280000 -0.100000
v -1.744000 -0.280000 -0.100000
v -1.747958 -0.280125 -0.100000
v -1.751833 -0.280500 -0.100000
v -1.755625 -0.281125 -0.100000
v -1.759333 -0.282000 -0.100000
v -1.762958 -0.283125 -0.100000
v -1.766500 -0.284500 -0.100000
v -1.769958 -0.286125 -0.100000
v -1.773333 -0.288000 -0.100000
v -1.776625 -0.290125 -0.100000
v -1.779833 -0.292500 -0.100000
v -1.782959 -0.295125 -0.100000
v -1.786000 -0.298000 -0.100000
v -1.788875 -0.301042 -0.100000
v -1.791500 -0.304167 -0.100000
v -1.793875 -0.307375 -0.100000
v -1.796000 -0.310667 -0.100000
v -1.797875 -0.314042 -0.100000
v -1.799500 -0.317500 -0.100000
v -1.800875 -0.321042 -0.100000
v -1.802000 -0.324667 -0.100000
v -1.802875 -0.328375 -0.100000
v -1.803500 -0.332167 -0.100000
v -1.803875 -0.336042 -0.100000
v -1.804000 -0.340000 -0.100000
v -1.803875 -0.344115 -0.100000
v -1.803500 -0.348125 -0.100000
v -1.802875 -0.352031 -0.100000
v -1.802000 -0.355833 -0.100000
v -1.800875 -0.359531 -0.100000
v -1.799500 -0.363125 -0.100000
v -1.797875 -0.366615 -0.100000
v -1.796000 -0.370000 -0.100000
v -1.793875 -0.373281 -0.100000
v -1.791500 -0.376458 -0.100000
v -1.788875 -0.379531 -0.100000
v -1.786000 -0.382500 -0.100000
v -1.782959 -0.385295 -0.100000
v -1.779834 -0.387847 -0.100000
v -1.776626 -0.390156 -0.100000
v -1.773334 -0.392222 -0.100000
v -1.769959 -0.394045 -0.100000
v -1.766500 -0.395625 -0.100000
v -1.762959 -0.396962 -0.100000
v -1.759334 -0.398056 -0.100000
v -1.755625 -0.398906 -0.100000
v -1.751834 -0.399514 -0.100000
v -1.747959 -0.399878 -0.100000
v -1.744000 -0.400000 -0.100000
v -1.054000 -0.400000 -0.100000
v -1.049886 -0.399878 -0.100000
v -1.045875 -0.399514 -0.100000
v -1.041969 -0.398906 -0.100000
v -1.038167 -0.398056 -0.100000
v -1.034469 -0.396962 -0.100000
v -1.030875 -0.395625 -0.100000
v -1.027386 -0.394045 -0.100000
v -1.024000 -0.392222 -0.100000
v -1.020719 -0.390156 -0.100000
v -1.017542 -0.387847 -0.100000
v -1.014469 -0.385295 -0.100000
v -1.011500 -0.382500 -0.100000
v -1.008705 -0.379531 -0.100000
v -1.006153 -0.376458 -0.100000
v -1.003844 -0.373281 -0.100000
v -1.001778 -0.370000 -0.100000
v -0.999955 -0.366615 -0.100000
v -0.998375 -0.363125 -0.100000
v -0.997038 -0.359531 -0.100000
v -0.995945 -0.355833 -0.100000
v -0.995094 -0.352031 -0.100000
v -0.994486 -0.348125 -0.100000
v -0.994122 -0.344115 -0.100000
v -0.994000 -0.340000 -0.100000
v -0.994000 0.006000 -0.100000
v -0.994122 0.009958 -0.100000
v -0.994486 0.013833 -0.100000
v -0.995094 0.017625 -0.100000
v -0.995944 0.021333 -0.100000
v -0.997038 0.024958 -0.100000
v -0.998375 0.028500 -0.100000
v -0.999955 0.031958 -0.100000
v -1.001778 0.035333 -0.100000
v -1.003844 0.038625 -0.100000
v -1.006153 0.041833 -0.100000
v -1.008705 0.044958 -0.100000
v -1.011500 0.048000 -0.100000
v -1.014469 0.050875 -0.100000
v -1.017542 0.053500 -0.100000
v -1.020719 0.055875 -0.100000
v -1.024000 0.058000 -0.100000
v -1.027386 0.059875 -0.100000
v -1.030875 0.061500 -0.100000
v -1.034469 0.062875 -0.100000
v -1.038167 0.064000 -0.100000
v -1.041969 0.064875 -0.100000
v -1.045875 0.065500 -0.100000
v -1.049886 0.065875 -0.100000
v -1.054000 0.066000 -0.100000
v -1.155000 0.066000 -0.100000
v -0.646827 -0.273340 -0.100000
v -0.651639 -0.274694 -0.100000
v -0.656438 -0.276063 -0.100000
v -0.661222 -0.277444 -0.100000
v -0.665993 -0.278840 -0.100000
v -0.670750 -0.280250 -0.100000
v -0.675493 -0.281674 -0.100000
v -0.680222 -0.283111 -0.100000
v -0.684938 -0.284563 -0.100000
v -0.689639 -0.286028 -0.100000
v -0.694327 -0.287507 -0.100000
v -0.699000 -0.289000 -0.100000
v -0.703952 -0.291493 -0.100000
v -0.708472 -0.294306 -0.100000
v -0.712563 -0.297438 -0.100000
v -0.716222 -0.300889 -0.100000
v -0.719452 -0.304660 -0.100000
v -0.722250 -0.308750 -0.100000
v -0.724618 -0.313160 -0.100000
v -0.726556 -0.317889 -0.100000
v -0.728063 -0.322938 -0.100000
v -0.729139 -0.328306 -0.100000
v -0.729785 -0.333993 -0.100000
v -0.730000 -0.340000 -0.100000
v -0.729879 -0.344115 -0.100000
v -0.729514 -0.348125 -0.100000
v -0.728906 -0.352031 -0.100000
v -0.728056 -0.355833 -0.100000
v -0.726962 -0.359531 -0.100000
v -0.725625 -0.363125 -0.100000
v -0.724045 -0.366615 -0.100000
v -0.722222 -0.370000 -0.100000
v -0.720156 -0.373281 -0.100000
v -0.717847 -0.376458 -0.100000
v -0.715295 -0.379531 -0.100000
v -0.712500 -0.382500 -0.100000
v -0.709538 -0.385295 -0.100000
v -0.706486 -0.387847 -0.100000
v -0.703344 -0.390156 -0.100000
v -0.700111 -0.392222 -0.100000
v -0.696788 -0.394045 -0.100000
v -0.693375 -0.395625 -0.100000
v -0.689872 -0.396962 -0.100000
v -0.686278 -0.398056 -0.100000
v -0.682594 -0.398906 -0.100000
v -0.678820 -0.399514 -0.100000
v -0.674955 -0.399878 -0.100000
v -0.671000 -0.400000 -0.100000
v -0.664840 -0.399785 -0.100000
v -0.659028 -0.399139 -0.100000
v -0.653563 -0.398062 -0.100000
v -0.648445 -0.396556 -0.100000
v -0.643674 -0.394618 -0.100000
v -0.639250 -0.392250 -0.100000
v -0.635174 -0.389451 -0.100000
v -0.631445 -0.386222 -0.100000
v -0.628063 -0.382563 -0.100000
v -0.625028 -0.378472 -0.100000
v -0.622340 -0.373951 -0.100000
v -0.620000 -0.369000 -0.100000
v -0.618500 -0.364167 -0.100000
v -0.617000 -0.359333 -0.100000
v -0.615500 -0.354500 -0.100000
v -0.614000 -0.349667 -0.100000
v -0.612500 -0.344833 -0.100000
v -0.611000 -0.340000 -0.100000
v -0.609500 -0.335167 -0.100000
v -0.608000 -0.330333 -0.100000
v -0.606500 -0.325500 -0.100000
v -0.605000 -0.320667 -0.100000
v -0.603500 -0.315833 -0.100000
v -0.602000 -0.311000 -0.100000
v -0.599660 -0.306049 -0.100000
v -0.596972 -0.301528 -0.100000
v -0.593938 -0.297438 -0.100000
v -0.590556 -0.293778 -0.100000
v -0.586827 -0.290549 -0.100000
v -0.582750 -0.287750 -0.100000
v -0.578327 -0.285382 -0.100000
v -0.573556 -0.283444 -0.100000
v -0.568438 -0.281938 -0.100000
v -0.562972 -0.280861 -0.100000
v -0.557160 -0.280215 -0.100000
v -0.551000 -0.280000 -0.100000
v -0.450000 -0.280000 -0.100000
v -0.445886 -0.279878 -0.100000
v -0.441875 -0.279514 -0.100000
v -0.437969 -0.278906 -0.100000
v -0.434167 -0.278056 -0.100000
v -0.430469 -0.276962 -0.100000
v -0.426875 -0.275625 -0.100000
v -0.423386 -0.274045 -0.100000
v -0.420000 -0.272222 -0.100000
v -0.416719 -0.270156 -0.100000
v -0.413542 -0.267847 -0.100000
v -0.410469 -0.265295 -0.100000
v -0.407500 -0.262500 -0.100000
v -0.404705 -0.259531 -0.100000
v -0.402153 -0.256458 -0.100000
v -0.399844 -0.253281 -0.100000
v -0.397778 -0.250000 -0.100000
v -0.395955 -0.246615 -0.100000
v -0.394375 -0.243125 -0.100000
v -0.393038 -0.239531 -0.100000
v -0.391945 -0.235833 -0.100000
v -0.391094 -0.232031 -0.100000
v -0.390486 -0.228125 -0.100000
v -0.390122 -0.224115 -0.100000
v -0.390000 -0.220000 -0.100000
v -0.390000 0.340000 -0.100000
v -0.390122 0.344115 -0.100000
v -0.390486 0.348125 -0.100000
v -0.391094 0.352031 -0.100000
v -0.391945 0.355833 -0.100000
v -0.393038 0.359531 -0.100000
v -0.394375 0.363125 -0.100000
v -0.395955 0.366615 -0.100000
v -0.397778 0.370000 -0.100000
v -0.399844 0.373281 -0.100000
v -0.402153 0.376458 -0.100000
v -0.404705 0.379531 -0.100000
v -0.407500 0.382500 -0.100000
v -0.410469 0.385295 -0.100000
v -0.413542 0.387847 -0.100000
v -0.416719 0.390156 -0.100000
v -0.420000 0.392222 -0.100000
v -0.423386 0.394045 -0.100000
v -0.426875 0.395625 -0.100000
v -0.430469 0.396962 -0.100000
v -0.434167 0.398056 -0.100000
v -0.437969 0.398906 -0.100000
v -0.441875 0.399514 -0.100000
v -0.445886 0.399878 -0.100000
v -0.450000 0.400000 -0.100000
v -0.551000 0.400000 -0.100000
v -0.555115 0.399878 -0.100000
v -0.559125 0.399514 -0.100000
v -0.563031 0.398906 -0.100000
v -0.566833 0.398056 -0.100000
v -0.570531 0.396962 -0.100000
v -0.574125 0.395625 -0.100000
v -0.577615 0.394045 -0.100000
v -0.581000 0.392222 -0.100000
v -0.584281 0.390156 -0.100000
v -0.587458 0.387847 -0.100000
v -0.590531 0.385295 -0.100000
v -0.593500 0.382500 -0.100000
v -0.596295 0.379531 -0.100000
v -0.598847 0.376458 -0.100000
v -0.601156 0.373281 -0.100000
v -0.603222 0.370000 -0.100000
v -0.605045 0.366615 -0.100000
v -0.606625 0.363125 -0.100000
v -0.607962 0.359531 -0.100000
v -0.609056 0.355833 -0.100000
v -0.609906 0.352031 -0.100000
v -0.610514 0.348125 -0.100000
v -0.610879 0.344115 -0.100000
v -0.611000 0.340000 -0.100000
v -0.611000 -0.220000 -0.100000
v -0.611215 -0.226167 -0.100000
v -0.611861 -0.232000 -0.100000
v -0.612938 -0.237500 -0.100000
v -0.614445 -0.242667 -0.100000
v -0.616382 -0.247500 -0.100000
v -0.618750 -0.252000 -0.100000
v -0.621549 -0.256167 -0.100000
v -0.624778 -0.260000 -0.100000
v -0.628438 -0.263500 -0.100000
v -0.632528 -0.266667 -0.100000
v -0.637049 -0.269500 -0.100000
v -0.642000 -0.272000 -0.100000
v 0.112000 -0.311000 -0.100000
v 0.114340 -0.306049 -0.100000
v 0.117028 -0.301528 -0.100000
v 0.120062 -0.297438 -0.100000
v 0.123444 -0.293778 -0.100000
v 0.127174 -0.290549 -0.100000
v 0.131250 -0.287750 -0.100000
v 0.135674 -0.285382 -0.100000
v 0.140444 -0.283444 -0.100000
v 0.145562 -0.281938 -0.100000
v 0.151028 -0.280861 -0.100000
v 0.156840 -0.280215 -0.100000
v 0.163000 -0.280000 -0.100000
v 0.264000 -0.280000 -0.100000
v 0.268115 -0.279878 -0.100000
v 0.272125 -0.279514 -0.100000
v 0.276031 -0.278906 -0.100000
v 0.279833 -0.278056 -0.100000
v 0.283531 -0.276962 -0.100000
v 0.287125 -0.275625 -0.100000
v 0.290615 -0.274045 -0.100000
v 0.294000 -0.272222 -0.100000
v 0.297281 -0.270156 -0.100000
v 0.300458 -0.267847 -0.100000
v 0.303531 -0.265295 -0.100000
v 0.306500 -0.262500 -0.100000
v 0.309295 -0.259531 -0.100000
v 0.311847 -0.256458 -0.100000
v 0.314156 -0.253281 -0.100000
v 0.316222 -0.250000 -0.100000
v 0.318045 -0.246615 -0.100000
v 0.319625 -0.243125 -0.100000
v 0.320962 -0.239531 -0.100000
v 0.322056 -0.235833 -0.100000
v 0.322906 -0.232031 -0.100000
v 0.323514 -0.228125 -0.100000
v 0.323878 -0.224115 -0.100000
v 0.324000 -0.220000 -0.100000
v 0.324000 0.012000 -0.100000
v 0.324194 0.018160 -0.100000
v 0.324778 0.023972 -0.100000
v 0.325750 0.029438 -0.100000
v 0.327111 0.034556 -0.100000
v 0.328861 0.039326 -0.100000
v 0.331000 0.043750 -0.100000
v 0.333528 0.047826 -0.100000
v 0.336444 0.051556 -0.100000
v 0.339750 0.054938 -0.100000
v 0.343444 0.057972 -0.100000
v 0.347528 0.060660 -0.100000
v 0.352000 0.063000 -0.100000
v 0.356493 0.064493 -0.100000
v 0.360972 0.065972 -0.100000
v 0.365438 0.067437 -0.100000
v 0.369889 0.068889 -0.100000
v 0.374326 0.070326 -0.100000
v 0.378750 0.071750 -0.100000
v 0.383160 0.073160 -0.100000
v 0.387556 0.074555 -0.100000
v 0.391938 0.075937 -0.100000
v 0.396306 0.077305 -0.100000
v 0.400660 0.078660 -0.100000
v 0.405000 0.080000 -0.100000
v 0.409632 0.082326 -0.100000
v 0.413861 0.084972 -0.100000
v 0.417687 0.087938 -0.100000
v 0.421111 0.091222 -0.100000
v 0.424132 0.094826 -0.100000
v 0.426750 0.098750 -0.100000
v 0.428965 0.102993 -0.100000
v 0.430778 0.107556 -0.100000
v 0.432187 0.112438 -0.100000
v 0.433194 0.117639 -0.100000
v 0.433798 0.123160 -0.100000
v 0.434000 0.129000 -0.100000
v 0.433799 0.134681 -0.100000
v 0.433194 0.140056 -0.100000
v 0.432188 0.145125 -0.100000
v 0.430778 0.149889 -0.100000
v 0.428965 0.154347 -0.100000
v 0.426750 0.158500 -0.100000
v 0.424132 0.162347 -0.100000
v 0.421111 0.165889 -0.100000
v 0.417688 0.169125 -0.100000
v 0.413861 0.172056 -0.100000
v 0.409632 0.174681 -0.100000
v 0.405000 0.177000 -0.100000
v 0.400660 0.178340 -0.100000
v 0.396306 0.179694 -0.100000
v 0.391937 0.181062 -0.100000
v 0.387556 0.182444 -0.100000
v 0.383160 0.183840 -0.100000
v 0.378750 0.185250 -0.100000
v 0.374326 0.186674 -0.100000
v 0.369889 0.188111 -0.100000
v 0.365437 0.189562 -0.100000
v 0.360972 0.191028 -0.100000
v 0.356493 0.192507 -0.100000
v 0.352000 0.194000 -0.100000
v 0.347528 0.196340 -0.100000
v 0.343444 0.199028 -0.100000
v 0.339750 0.202063 -0.100000
v 0.336444 0.205444 -0.100000
v 0.333528 0.209174 -0.100000
v 0.331000 0.213250 -0.100000
v 0.328861 0.217674 -0.100000
v 0.327111 0.222444 -0.100000
v 0.325750 0.227563 -0.100000
v 0.324778 0.233028 -0.100000
v 0.324194 0.238840 -0.100000
v 0.324000 0.245000 -0.100000
v 0.324000 0.340000 -0.100000
v 0.323878 0.344115 -0.100000
v 0.323514 0.348125 -0.100000
v 0.322906 0.352031 -0.100000
v 0.322056 0.355833 -0.100000
v 0.320962 0.359531 -0.100000
v 0.319625 0.363125 -0.100000
v 0.318045 0.366615 -0.100000
v 0.316222 0.370000 -0.100000
v 0.314156 0.373281 -0.100000
v 0.311847 0.376458 -0.100000
v 0.309295 0.379531 -0.100000
v 0.306500 0.382500 -0.100000
v 0.303531 0.385295 -0.100000
v 0.300458 0.387847 -0.100000
v 0.297281 0.390156 -0.100000
v 0.294000 0.392222 -0.100000
v 0.290615 0.394045 -0.100000
v 0.287125 0.395625 -0.100000
v 0.283531 0.396962 -0.100000
v 0.279833 0.398056 -0.100000
v 0.276031 0.398906 -0.100000
v 0.272125 0.399514 -0.100000
v 0.268115 0.399878 -0.100000
v 0.264000 0.400000 -0.100000
v 0.163000 0.400000 -0.100000
v 0.158885 0.399878 -0.100000
v 0.154875 0.399514 -0.100000
v 0.150969 0.398906 -0.100000
v 0.147167 0.398056 -0.100000
v 0.143469 0.396962 -0.100000
v 0.139875 0.395625 -0.100000
v 0.136385 0.394045 -0.100000
v 0.133000 0.392222 -0.100000
v 0.129719 0.390156 -0.100000
v 0.126542 0.387847 -0.100000
v 0.123469 0.385295 -0.100000
v 0.120500 0.382500 -0.100000
v 0.117705 0.379531 -0.100000
v 0.115153 0.376458 -0.100000
v 0.112844 0.373281 -0.100000
v 0.110778 0.370000 -0.100000
v 0.108955 0.366615 -0.100000
v 0.107375 0.363125 -0.100000
v 0.106038 0.359531 -0.100000
v 0.104944 0.355833 -0.100000
v 0.104094 0.352031 -0.100000
v 0.103486 0.348125 -0.100000
v 0.103122 0.344115 -0.100000
v 0.103000 0.340000 -0.100000
v 0.103000 0.245000 -0.100000
v 0.102878 0.240885 -0.100000
v 0.102514 0.236875 -0.100000
v 0.101906 0.232969 -0.100000
v 0.101056 0.229167 -0.100000
v 0.099962 0.225469 -0.100000
v 0.098625 0.221875 -0.100000
v 0.097045 0.218385 -0.100000
v 0.095222 0.215000 -0.100000
v 0.093156 0.211719 -0.100000
v 0.090847 0.208542 -0.100000
v 0.088295 0.205469 -0.100000
v 0.085500 0.202500 -0.100000
v 0.082531 0.199705 -0.100000
v 0.079458 0.197153 -0.100000
v 0.076281 0.194844 -0.100000
v 0.073000 0.192778 -0.100000
v 0.069615 0.190955 -0.100000
v 0.066125 0.189375 -0.100000
v 0.062531 0.188038 -0.100000
v 0.058833 0.186944 -0.100000
v 0.055031 0.186094 -0.100000
v 0.051125 0.185486 -0.100000
v 0.047115 0.185122 -0.100000
v 0.043000 0.185000 -0.100000
v -0.076000 0.185000 -0.100000
v -0.080115 0.184878 -0.100000
v -0.084125 0.184514 -0.100000
v -0.088031 0.183906 -0.100000
v -0.091833 0.183056 -0.100000
v -0.095531 0.181962 -0.100000
v -0.099125 0.180625 -0.100000
v -0.102615 0.179045 -0.100000
v -0.106000 0.177222 -0.100000
v -0.109281 0.175156 -0.100000
v -0.112458 0.172847 -0.100000
v -0.115531 0.170295 -0.100000
v -0.118500 0.167500 -0.100000
v -0.121295 0.164531 -0.100000
v -0.123847 0.161458 -0.100000
v -0.126156 0.158281 -0.100000
v -0.128222 0.155000 -0.100000
v -0.130045 0.151615 -0.100000
v -0.131625 0.148125 -0.100000
v -0.132962 0.144531 -0.100000
v -0.134056 0.140833 -0.100000
v -0.134906 0.137031 -0.100000
v -0.135514 0.133125 -0.100000
v -0.135878 0.129115 -0.100000
v -0.136000 0.125000 -0.100000
v -0.135879 0.121045 -0.100000
v -0.135514 0.117181 -0.100000
v -0.134906 0.113406 -0.100000
v -0.134056 0.109722 -0.100000
v -0.132962 0.106128 -0.100000
v -0.131625 0.102625 -0.100000
v -0.130045 0.099212 -0.100000
v -0.128222 0.095889 -0.100000
v -0.126156 0.092656 -0.100000
v -0.123847 0.089514 -0.100000
v -0.121295 0.086462 -0.100000
v -0.118500 0.083500 -0.100000
v -0.115531 0.080705 -0.100000
v -0.112458 0.078153 -0.100000
v -0.109281 0.075844 -0.100000
v -0.106000 0.073778 -0.100000
v -0.102615 0.071955 -0.100000
v -0.099125 0.070375 -0.100000
v -0.095531 0.069038 -0.100000
v -0.091833 0.067944 -0.100000
v -0.088031 0.067094 -0.100000
v -0.084125 0.066486 -0.100000
v -0.080115 0.066122 -0.100000
v -0.076000 0.066000 -0.100000
v 0.043000 0.066000 -0.100000
v 0.047115 0.065875 -0.100000
v 0.051125 0.065500 -0.100000
v 0.055031 0.064875 -0.100000
v 0.058833 0.064000 -0.100000
v 0.062531 0.062875 -0.100000
v 0.066125 0.061500 -0.100000
v 0.069615 0.059875 -0.100000
v 0.073000 0.058000 -0.100000
v 0.076281 0.055875 -0.100000
v 0.079458 0.053500 -0.100000
v 0.082531 0.050875 -0.100000
v 0.085500 0.048000 -0.100000
v 0.088295 0.044958 -0.100000
v 0.090847 0.041833 -0.100000
v 0.093156 0.038625 -0.100000
v 0.095222 0.035333 -0.100000
v 0.097045 0.031958 -0.100000
v 0.098625 0.028500 -0.100000
v 0.099962 0.024958 -0.100000
v 0.101056 0.021333 -0.100000
v 0.101906 0.017625 -0.100000
v 0.102514 0.013833 -0.100000
v 0.102878 0.009958 -0.100000
v 0.103000 0.006000 -0.100000
v 0.103000 -0.220000 -0.100000
v 0.102878 -0.224115 -0.100000
v 0.102514 -0.228125 -0.100000
v 0.101906 -0.232031 -0.100000
v 0.101056 -0.235833 -0.100000
v 0.099962 -0.239531 -0.100000
v 0.098625 -0.243125 -0.100000
v 0.097045 -0.246615 -0.100000
v 0.095222 -0.250000 -0.100000
v 0.093156 -0.253281 -0.100000
v 0.090847 -0.256458 -0.100000
v 0.088295 -0.259531 -0.100000
v 0.085500 -0.262500 -0.100000
v 0.082531 -0.265295 -0.100000
v 0.079458 -0.267847 -0.100000
v 0.076281 -0.270156 -0.100000
v 0.073000 -0.272222 -0.100000
v 0.069615 -0.274045 -0.100000
v 0.066125 -0.275625 -0.100000
v 0.062531 -0.276962 -0.100000
v 0.058833 -0.278056 -0.100000
v 0.055031 -0.278906 -0.100000
v 0.051125 -0.279514 -0.100000
v 0.047115 -0.279878 -0.100000
v 0.043000 -0.280000 -0.100000
v -0.076000 -0.280000 -0.100000
v -0.080115 -0.280125 -0.100000
v -0.084125 -0.280500 -0.100000
v -0.088031 -0.281125 -0.100000
v -0.091833 -0.282000 -0.100000
v -0.095531 -0.283125 -0.100000
v -0.099125 -0.284500 -0.100000
v -0.102615 -0.286125 -0.100000
v -0.106000 -0.288000 -0.100000
v -0.109281 -0.290125 -0.100000
v -0.112458 -0.292500 -0.100000
v -0.115531 -0.295125 -0.100000
v -0.118500 -0.298000 -0.100000
v -0.121295 -0.301042 -0.100000
v -0.123847 -0.304167 -0.100000
v -0.126156 -0.307375 -0.100000
v -0.128222 -0.310667 -0.100000
v -0.130045 -0.314042 -0.100000
v -0.131625 -0.317500 -0.100000
v -0.132962 -0.321042 -0.100000
v -0.134056 -0.324667 -0.100000
v -0.134906 -0.328375 -0.100000
v -0.135514 -0.332167 -0.100000
v -0.135878 -0.336042 -0.100000
v -0.136000 -0.340000 -0.100000
v -0.135879 -0.344115 -0.100000
v -0.135514 -0.348125 -0.100000
v -0.134906 -0.352031 -0.100000
v -0.134056 -0.355833 -0.100000
v -0.132962 -0.359531 -0.100000
v -0.131625 -0.363125 -0.100000
v -0.130045 -0.366615 -0.100000
v -0.128222 -0.370000 -0.100000
v -0.126156 -0.373281 -0.100000
v -0.123847 -0.376458 -0.100000
v -0.121295 -0.379531 -0.100000
v -0.118500 -0.382500 -0.100000
v -0.115531 -0.385295 -0.100000
v -0.112458 -0.387847 -0.100000
v -0.109281 -0.390156 -0.100000
v -0.106000 -0.392222 -0.100000
v -0.102615 -0.394045 -0.100000
v -0.099125 -0.395625 -0.100000
v -0.095531 -0.396962 -0.100000
v -0.091833 -0.398056 -0.100000
v -0.088031 -0.398906 -0.100000
v -0.084125 -0.399514 -0.100000
v -0.080115 -0.399878 -0.100000
v -0.076000 -0.400000 -0.100000
v 0.043000 -0.400000 -0.100000
v 0.049007 -0.399785 -0.100000
v 0.054694 -0.399139 -0.100000
v 0.060062 -0.398062 -0.100000
v 0.065111 -0.396556 -0.100000
v 0.069840 -0.394618 -0.100000
v 0.074250 -0.392250 -0.100000
v 0.078340 -0.389451 -0.100000
v 0.082111 -0.386222 -0.100000
v 0.085562 -0.382563 -0.100000
v 0.088694 -0.378472 -0.100000
v 0.091507 -0.373951 -0.100000
v 0.094000 -0.369000 -0.100000
v 0.095500 -0.364167 -0.100000
v 0.097000 -0.359333 -0.100000
v 0.098500 -0.354500 -0.100000
v 0.100000 -0.349667 -0.100000
v 0.101500 -0.344833 -0.100000
v 0.103000 -0.340000 -0.100000
v 0.104500 -0.335167 -0.100000
v 0.106000 -0.330333 -0.100000
v 0.107500 -0.325500 -0.100000
v 0.109000 -0.320667 -0.100000
v 0.110500 -0.315833 -0.100000
v 0.936879 0.129115 -0.100000
v 0.936514 0.133125 -0.100000
v 0.935906 0.137031 -0.100000
v 0.935056 0.140833 -0.100000
v 0.933962 0.144531 -0.100000
v 0.932625 0.148125 -0.100000
v 0.931045 0.151615 -0.100000
v 0.929222 0.155000 -0.100000
v 0.927156 0.158281 -0.100000
v 0.924847 0.161458 -0.100000
v 0.922295 0.164531 -0.100000
v 0.919500 0.167500 -0.100000
v 0.916531 0.170295 -0.100000
v 0.913458 0.172847 -0.100000
v 0.910281 0.175156 -0.100000
v 0.907000 0.177222 -0.100000
v 0.903615 0.179045 -0.100000
v 0.900125 0.180625 -0.100000
v 0.896531 0.181962 -0.100000
v 0.892833 0.183056 -0.100000
v 0.889031 0.183906 -0.100000
v 0.885125 0.184514 -0.100000
v 0.881115 0.184878 -0.100000
v 0.877000 0.185000 -0.100000
v 0.776000 0.185000 -0.100000
v 0.771886 0.184878 -0.100000
v 0.767875 0.184514 -0.100000
v 0.763969 0.183906 -0.100000
v 0.760167 0.183056 -0.100000
v 0.756469 0.181962 -0.100000
v 0.752875 0.180625 -0.100000
v 0.749385 0.179045 -0.100000
v 0.746000 0.177222 -0.100000
v 0.742719 0.175156 -0.100000
v 0.739542 0.172847 -0.100000
v 0.736469 0.170295 -0.100000
v 0.733500 0.167500 -0.100000
v 0.730705 0.164531 -0.100000
v 0.728153 0.161458 -0.100000
v 0.725844 0.158281 -0.100000
v 0.723778 0.155000 -0.100000
v 0.721955 0.151615 -0.100000
v 0.720375 0.148125 -0.100000
v 0.719038 0.144531 -0.100000
v 0.717944 0.140833 -0.100000
v 0.717094 0.137031 -0.100000
v 0.716486 0.133125 -0.100000
v 0.716122 0.129115 -0.100000
v 0.716000 0.125000 -0.100000
v 0.716000 -0.340000 -0.100000
v 0.716122 -0.344115 -0.100000
v 0.716486 -0.348125 -0.100000
v 0.717094 -0.352031 -0.100000
v 0.717944 -0.355833 -0.100000
v 0.719038 -0.359531 -0.100000
v 0.720375 -0.363125 -0.100000
v 0.721955 -0.366615 -0.100000
v 0.723778 -0.370000 -0.100000
v 0.725844 -0.373281 -0.100000
v 0.728153 -0.376458 -0.100000
v 0.730705 -0.379531 -0.100000
v 0.733500 -0.382500 -0.100000
v 0.736469 -0.385295 -0.100000
v 0.739542 -0.387847 -0.100000
v 0.742719 -0.390156 -0.100000
v 0.746000 -0.392222 -0.100000
v 0.749385 -0.394045 -0.100000
v 0.752875 -0.395625 -0.100000
v 0.756469 -0.396962 -0.100000
v 0.760167 -0.398056 -0.100000
v 0.763969 -0.398906 -0.100000
v 0.767875 -0.399514 -0.100000
v 0.771885 -0.399878 -0.100000
v 0.776000 -0.400000 -0.100000
v 0.877000 -0.400000 -0.100000
v 0.881115 -0.399878 -0.100000
v 0.885125 -0.399514 -0.100000
v 0.889031 -0.398906 -0.100000
v 0.892833 -0.398056 -0.100000
v 0.896531 -0.396962 -0.100000
v 0.900125 -0.395625 -0.100000
v 0.903615 -0.394045 -0.100000
v 0.907000 -0.392222 -0.100000
v 0.910281 -0.390156 -0.100000
v 0.913458 -0.387847 -0.100000
v 0.916531 -0.385295 -0.100000
v 0.919500 -0.382500 -0.100000
v 0.922295 -0.379531 -0.100000
v 0.924847 -0.376458 -0.100000
v 0.927156 -0.373281 -0.100000
v 0.929222 -0.370000 -0.100000
v 0.931045 -0.366615 -0.100000
v 0.932625 -0.363125 -0.100000
v 0.933962 -0.359531 -0.100000
v 0.935056 -0.355833 -0.100000
v 0.935906 -0.352031 -0.100000
v 0.936514 -0.348125 -0.100000
v 0.936879 -0.344115 -0.100000
v 0.937000 -0.340000 -0.100000
v 0.937000 0.125000 -0.100000
v 0.771886 0.399878 -0.100000
v 0.767875 0.399514 -0.100000
v 0.763969 0.398906 -0.100000
v 0.760167 0.398056 -0.100000
v 0.756469 0.396962 -0.100000
v 0.752875 0.395625 -0.100000
v 0.749385 0.394045 -0.100000
v 0.746000 0.392222 -0.100000
v 0.742719 0.390156 -0.100000
v 0.739542 0.387847 -0.100000
v 0.736469 0.385295 -0.100000
v 0.733500 0.382500 -0.100000
v 0.730705 0.379531 -0.100000
v 0.728153 0.376458 -0.100000
v 0.725844 0.373281 -0.100000
v 0.723778 0.370000 -0.100000
v 0.721955 0.366615 -0.100000
v 0.720375 0.363125 -0.100000
v 0.719038 0.359531 -0.100000
v 0.717944 0.355833 -0.100000
v 0.717094 0.352031 -0.100000
v 0.716486 0.348125 -0.100000
v 0.716122 0.344115 -0.100000
v 0.716000 0.340000 -0.100000
v 0.716000 0.314000 -0.100000
v 0.716122 0.309885 -0.100000
v 0.716486 0.305875 -0.100000
v 0.717094 0.301969 -0.100000
v 0.717944 0.298167 -0.100000
v 0.719038 0.294469 -0.100000
v 0.720375 0.290875 -0.100000
v 0.721955 0.287385 -0.100000
v 0.723778 0.284000 -0.100000
v 0.725844 0.280719 -0.100000
v 0.728153 0.277542 -0.100000
v 0.730705 0.274469 -0.100000
v 0.733500 0.271500 -0.100000
v 0.736469 0.268705 -0.100000
v 0.739542 0.266153 -0.100000
v 0.742719 0.263844 -0.100000
v 0.746000 0.261778 -0.100000
v 0.749385 0.259955 -0.100000
v 0.752875 0.258375 -0.100000
v 0.756469 0.257038 -0.100000
v 0.760167 0.255944 -0.100000
v 0.763969 0.255094 -0.100000
v 0.767875 0.254486 -0.100000
v 0.771885 0.254122 -0.100000
v 0.776000 0.254000 -0.100000
v 0.877000 0.254000 -0.100000
v 0.881115 0.254122 -0.100000
v 0.885125 0.254486 -0.100000
v 0.889031 0.255094 -0.100000
v 0.892833 0.255944 -0.100000
v 0.896531 0.257038 -0.100000
v 0.900125 0.258375 -0.100000
v 0.903615 0.259955 -0.100000
v 0.907000 0.261778 -0.100000
v 0.910281 0.263844 -0.100000
v 0.913458 0.266153 -0.100000
v 0.916531 0.268705 -0.100000
v 0.919500 0.271500 -0.100000
v 0.922295 0.274469 -0.100000
v 0.924847 0.277542 -0.100000
v 0.927156 0.280719 -0.100000
v 0.929222 0.284000 -0.100000
v 0.931045 0.287385 -0.100000
v 0.932625 0.290875 -0.100000
v 0.933962 0.294469 -0.100000
v 0.935056 0.298167 -0.100000
v 0.935906 0.301969 -0.100000
v 0.936514 0.305875 -0.100000
v 0.936879 0.309885 -0.100000
v 0.937000 0.314000 -0.100000
v 0.937000 0.340000 -0.100000
v 0.936879 0.344115 -0.100000
v 0.936514 0.348125 -0.100000
v 0.935906 0.352031 -0.100000
v 0.935056 0.355833 -0.100000
v 0.933962 0.359531 -0.100000
v 0.932625 0.363125 -0.100000
v 0.931045 0.366615 -0.100000
v 0.929222 0.370000 -0.100000
v 0.927156 0.373281 -0.100000
v 0.924847 0.376458 -0.100000
v 0.922295 0.379531 -0.100000
v 0.919500 0.382500 -0.100000
v 0.916531 0.385295 -0.100000
v 0.913458 0.387847 -0.100000
v 0.910281 0.390156 -0.100000
v 0.907000 0.392222 -0.100000
v 0.903615 0.394045 -0.100000
v 0.900125 0.395625 -0.100000
v 0.896531 0.396962 -0.100000
v 0.892833 0.398056 -0.100000
v 0.889031 0.398906 -0.100000
v 0.885125 0.399514 -0.100000
v 0.881115 0.399878 -0.100000
v 0.877000 0.400000 -0.100000
v 0.776000 0.400000 -0.100000
v 1.169885 0.399878 -0.100000
v 1.165875 0.399514 -0.100000
v 1.161969 0.398906 -0.100000
v 1.158167 0.398056 -0.100000
v 1.154469 0.396962 -0.100000
v 1.150875 0.395625 -0.100000
v 1.147385 0.394045 -0.100000
v 1.144000 0.392222 -0.100000
v 1.140719 0.390156 -0.100000
v 1.137542 0.387847 -0.100000
v 1.134469 0.385295 -0.100000
v 1.131500 0.382500 -0.100000
v 1.128705 0.379531 -0.100000
v 1.126153 0.376458 -0.100000
v 1.123844 0.373281 -0.100000
v 1.121778 0.370000 -0.100000
v 1.119955 0.366615 -0.100000
v 1.118375 0.363125 -0.100000
v 1.117038 0.359531 -0.100000
v 1.115944 0.355833 -0.100000
v 1.115094 0.352031 -0.100000
v 1.114486 0.348125 -0.100000
v 1.114122 0.344115 -0.100000
v 1.114000 0.340000 -0.100000
v 1.114000 0.281000 -0.100000
v 1.114121 0.276885 -0.100000
v 1.114486 0.272875 -0.100000
v 1.115093 0.268969 -0.100000
v 1.115944 0.265167 -0.100000
v 1.117038 0.261469 -0.100000
v 1.118375 0.257875 -0.100000
v 1.119955 0.254385 -0.100000
v 1.121778 0.251000 -0.100000
v 1.123844 0.247719 -0.100000
v 1.126153 0.244542 -0.100000
v 1.128705 0.241469 -0.100000
v 1.131500 0.238500 -0.100000
v 1.134469 0.235705 -0.100000
v 1.137542 0.233153 -0.100000
v 1.140719 0.230844 -0.100000
v 1.144000 0.228778 -0.100000
v 1.147385 0.226955 -0.100000
v 1.150875 0.225375 -0.100000
v 1.154469 0.224038 -0.100000
v 1.158167 0.222944 -0.100000
v 1.161969 0.222094 -0.100000
v 1.165875 0.221486 -0.100000
v 1.169885 0.221122 -0.100000
v 1.174000 0.221000 -0.100000
v 1.349000 0.221000 -0.100000
v 1.353115 0.220879 -0.100000
v 1.357125 0.220514 -0.100000
v 1.361031 0.219906 -0.100000
v 1.364833 0.219056 -0.100000
v 1.368531 0.217962 -0.100000
v 1.372125 0.216625 -0.100000
v 1.375615 0.215045 -0.100000
v 1.379000 0.213222 -0.100000
v 1.382281 0.211156 -0.100000
v 1.385458 0.208847 -0.100000
v 1.388531 0.206295 -0.100000
v 1.391500 0.203500 -0.100000
v 1.394295 0.200531 -0.100000
v 1.396847 0.197458 -0.100000
v 1.399156 0.194281 -0.100000
v 1.401222 0.191000 -0.100000
v 1.403045 0.187615 -0.100000
v 1.404625 0.184125 -0.100000
v 1.405962 0.180531 -0.100000
v 1.407056 0.176833 -0.100000
v 1.407906 0.173031 -0.100000
v 1.408514 0.169125 -0.100000
v 1.408878 0.165115 -0.100000
v 1.409000 0.161000 -0.100000
v 1.409000 -0.340000 -0.100000
v 1.409122 -0.344115 -0.100000
v 1.409486 -0.348125 -0.100000
v 1.410094 -0.352031 -0.100000
v 1.410944 -0.355833 -0.100000
v 1.412038 -0.359531 -0.100000
v 1.413375 -0.363125 -0.100000
v 1.414955 -0.366615 -0.100000
v 1.416778 -0.370000 -0.100000
v 1.418844 -0.373281 -0.100000
v 1.421153 -0.376458 -0.100000
v 1.423705 -0.379531 -0.100000
v 1.426500 -0.382500 -0.100000
v 1.429462 -0.385295 -0.100000
v 1.432514 -0.387847 -0.100000
v 1.435656 -0.390156 -0.100000
v 1.438889 -0.392222 -0.100000
v 1.442212 -0.394045 -0.100000
v 1.445625 -0.395625 -0.100000
v 1.449128 -0.396962 -0.100000
v 1.452722 -0.398056 -0.100000
v 1.456406 -0.398906 -0.100000
v 1.460181 -0.399514 -0.100000
v 1.464045 -0.399878 -0.100000
v 1.468000 -0.400000 -0.100000
v 1.570000 -0.400000 -0.100000
v 1.574115 -0.399878 -0.100000
v 1.578125 -0.399514 -0.100000
v 1.582031 -0.398906 -0.100000
v 1.585833 -0.398056 -0.100000
v 1.589531 -0.396962 -0.100000
v 1.593125 -0.395625 -0.100000
v 1.596615 -0.394045 -0.100000
v 1.600000 -0.392222 -0.100000
v 1.603281 -0.390156 -0.100000
v 1.606458 -0.387847 -0.100000
v 1.609531 -0.385295 -0.100000
v 1.612500 -0.382500 -0.100000
v 1.615295 -0.379531 -0.100000
v 1.617847 -0.376458 -0.100000
v 1.620156 -0.373281 -0.100000
v 1.622222 -0.370000 -0.100000
v 1.624045 -0.366615 -0.100000
v 1.625625 -0.363125 -0.100000
v 1.626962 -0.359531 -0.100000
v 1.628056 -0.355833 -0.100000
v 1.628906 -0.352031 -0.100000
v 1.629514 -0.348125 -0.100000
v 1.629879 -0.344115 -0.100000
v 1.630000 -0.340000 -0.100000
v 1.630000 0.161000 -0.100000
v 1.630122 0.165115 -0.100000
v 1.630486 0.169125 -0.100000
v 1.631094 0.173031 -0.100000
v 1.631944 0.176833 -0.100000
v 1.633038 0.180531 -0.100000
v 1.634375 0.184125 -0.100000
v 1.635955 0.187615 -0.100000
v 1.637778 0.191000 -0.100000
v 1.639844 0.194281 -0.100000
v 1.642153 0.197458 -0.100000
v 1.644705 0.200531 -0.100000
v 1.647500 0.203500 -0.100000
v 1.650462 0.206295 -0.100000
v 1.653514 0.208847 -0.100000
v 1.656656 0.211156 -0.100000
v 1.659889 0.213222 -0.100000
v 1.663212 0.215045 -0.100000
v 1.666625 0.216625 -0.100000
v 1.670128 0.217962 -0.100000
v 1.673722 0.219056 -0.100000
v 1.677406 0.219906 -0.100000
v 1.681180 0.220514 -0.100000
v 1.685045 0.220879 -0.100000
v 1.689000 0.221000 -0.100000
v 1.864000 0.221000 -0.100000
v 1.868115 0.221122 -0.100000
v 1.872125 0.221486 -0.100000
v 1.876031 0.222094 -0.100000
v 1.879833 0.222944 -0.100000
v 1.883531 0.224038 -0.100000
v 1.887125 0.225375 -0.100000
v 1.890615 0.226955 -0.100000
v 1.894000 0.228778 -0.100000
v 1.897281 0.230844 -0.100000
v 1.900458 0.233153 -0.100000
v 1.903531 0.235705 -0.100000
v 1.906500 0.238500 -0.100000
v 1.909295 0.241469 -0.100000
v 1.911847 0.244542 -0.100000
v 1.914156 0.247719 -0.100000
v 1.916222 0.251000 -0.100000
v 1.918045 0.254385 -0.100000
v 1.919625 0.257875 -0.100000
v 1.920962 0.261469 -0.100000
v 1.922056 0.265167 -0.100000
v 1.922906 0.268969 -0.100000
v 1.923514 0.272875 -0.100000
v 1.923879 0.276885 -0.100000
v 1.924000 0.281000 -0.100000
v 1.924000 0.340000 -0.100000
v 1.923878 0.344115 -0.100000
v 1.923514 0.348125 -0.100000
v 1.922906 0.352031 -0.100000
v 1.922056 0.355833 -0.100000
v 1.920962 0.359531 -0.100000
v 1.919625 0.363125 -0.100000
v 1.918045 0.366615 -0.100000
v 1.916222 0.370000 -0.100000
v 1.914156 0.373281 -0.100000
v 1.911847 0.376458 -0.100000
v 1.909295 0.379531 -0.100000
v 1.906500 0.382500 -0.100000
v 1.903531 0.385295 -0.100000
v 1.900458 0.387847 -0.100000
v 1.897281 0.390156 -0.100000
v 1.894000 0.392222 -0.100000
v 1.890615 0.394045 -0.100000
v 1.887125 0.395625 -0.100000
v 1.883531 0.396962 -0.100000
v 1.879833 0.398056 -0.100000
v 1.876031 0.398906 -0.100000
v 1.872125 0.399514 -0.100000
v 1.868115 0.399878 -0.100000
v 1.864000 0.400000 -0.100000
v 1.174000 0.400000 -0.100000
v -1.215122 -0.025115 0.100000
v -1.215486 -0.029125 0.100000
v -1.216094 -0.033031 0.100000
v -1.216945 -0.036833 0.100000
v -1.218038 -0.040531 0.100000
v -1.219375 -0.044125 0.100000
v -1.220955 -0.047615 0.100000
v -1.222778 -0.051000 0.100000
v -1.224844 -0.054281 0.100000
v -1.227153 -0.057458 0.100000
v -1.229705 -0.060531 0.100000
v -1.232500 -0.063500 0.100000
v -1.235469 -0.066295 0.100000
v -1.238542 -0.068847 0.100000
v -1.241719 -0.071156 0.100000
v -1.245000 -0.073222 0.100000
v -1.248386 -0.075045 0.100000
v -1.251875 -0.076625 0.100000
v -1.255469 -0.077962 0.100000
v -1.259167 -0.079056 0.100000
v -1.262969 -0.079906 0.100000
v -1.266875 -0.080514 0.100000
v -1.270886 -0.080878 0.100000
v -1.275000 -0.081000 0.100000
v -1.523000 -0.081000 0.100000
v -1.526958 -0.080878 0.100000
v -1.530833 -0.080514 0.100000
v -1.534625 -0.079906 0.100000
v -1.538333 -0.079056 0.100000
v -1.541958 -0.077962 0.100000
v -1.545500 -0.076625 0.100000
v -1.548958 -0.075045 0.100000
v -1.552333 -0.073222 0.100000
v -1.555625 -0.071156 0.100000
v -1.558833 -0.068847 0.100000
v -1.561959 -0.066295 0.100000
v -1.565000 -0.063500 0.100000
v -1.567875 -0.060531 0.100000
v -1.570500 -0.057458 0.100000
v -1.572875 -0.054281 0.100000
v -1.575000 -0.051000 0.100000
v -1.576875 -0.047615 0.100000
v -1.578500 -0.044125 0.100000
v -1.579875 -0.040531 0.100000
v -1.581000 -0.036833 0.100000
v -1.581875 -0.033031 0.100000
v -1.582500 -0.029125 0.100000
v -1.582875 -0.025115 0.100000
v -1.583000 -0.021000 0.100000
v -1.583000 0.006000 0.100000
v -1.582875 0.009958 0.100000
v -1.582500 0.013833 0.100000
v -1.581875 0.017625 0.100000
v -1.581000 0.021333 0.100000
v -1.579875 0.024958 0.100000
v -1.578500 0.028500 0.100000
v -1.576875 0.031958 0.100000
v -1.575000 0.035333 0.100000
v -1.572875 0.038625 0.100000
v -1.570500 0.041833 0.100000
v -1.567875 0.044958 0.100000
v -1.565000 0.048000 0.100000
v -1.561959 0.050875 0.100000
v -1.558834 0.053500 0.100000
v -1.555626 0.055875 0.100000
v -1.552334 0.058000 0.100000
v -1.548959 0.059875 0.100000
v -1.545500 0.061500 0.100000
v -1.541959 0.062875 0.100000
v -1.538334 0.064000 0.100000
v -1.534625 0.064875 0.100000
v -1.530834 0.065500 0.100000
v -1.526959 0.065875 0.100000
v -1.523000 0.066000 0.100000
v -1.275000 0.066000 0.100000
v -1.270886 0.065875 0.100000
v -1.266875 0.065500 0.100000
v -1.262969 0.064875 0.100000
v -1.259167 0.064000 0.100000
v -1.255469 0.062875 0.100000
v -1.251875 0.061500 0.100000
v -1.248386 0.059875 0.100000
v -1.245000 0.058000 0.100000
v -1.241719 0.055875 0.100000
v -1.238542 0.053500 0.100000
v -1.235469 0.050875 0.100000
v -1.232500 0.048000 0.100000
v -1.229705 0.044958 0.100000
v -1.227153 0.041833 0.100000
v -1.224844 0.038625 0.100000
v -1.222778 0.035333 0.100000
v -1.220955 0.031958 0.100000
v -1.219375 0.028500 0.100000
v -1.218038 0.024958 0.100000
v -1.216944 0.021333 0.100000
v -1.216094 0.017625 0.100000
v -1.215486 0.013833 0.100000
v -1.215122 0.009958 0.100000
v -1.215000 0.006000 0.100000
v -1.215000 -0.021000 0.100000
v -1.161007 0.066215 0.100000
v -1.166695 0.066861 0.100000
v -1.172063 0.067937 0.100000
v -1.177111 0.069444 0.100000
v -1.181841 0.071382 0.100000
v -1.186250 0.073750 0.100000
v -1.190341 0.076549 0.100000
v -1.194111 0.079778 0.100000
v -1.197563 0.083438 0.100000
v -1.200695 0.087528 0.100000
v -1.203507 0.092049 0.100000
v -1.206000 0.097000 0.100000
v -1.207500 0.101674 0.100000
v -1.209000 0.106361 0.100000
v -1.210500 0.111063 0.100000
v -1.212000 0.115778 0.100000
v -1.213500 0.120507 0.100000
v -1.215000 0.125250 0.100000
v -1.216500 0.130007 0.100000
v -1.218000 0.134778 0.100000
v -1.219500 0.139563 0.100000
v -1.221000 0.144361 0.100000
v -1.222500 0.149174 0.100000
v -1.224000 0.154000 0.100000
v -1.226493 0.158951 0.100000
v -1.229306 0.163472 0.100000
v -1.232438 0.167563 0.100000
v -1.235889 0.171222 0.100000
v -1.239660 0.174451 0.100000
v -1.243750 0.177250 0.100000
v -1.248160 0.179618 0.100000
v -1.252889 0.181556 0.100000
v -1.257938 0.183063 0.100000
v -1.263306 0.184139 0.100000
v -1.268993 0.184785 0.100000
v -1.275000 0.185000 0.100000
v -1.744000 0.185000 0.100000
v -1.747958 0.184878 0.100000
v -1.751833 0.184514 0.100000
v -1.755625 0.183906 0.100000
v -1.759333 0.183056 0.100000
v -1.762958 0.181962 0.100000
v -1.766500 0.180625 0.100000
v -1.769958 0.179045 0.100000
v -1.773333 0.177222 0.100000
v -1.776625 0.175156 0.100000
v -1.779833 0.172847 0.100000
v -1.782959 0.170295 0.100000
v -1.786000 0.167500 0.100000
v -1.788875 0.164531 0.100000
v -1.791500 0.161458 0.100000
v -1.793875 0.158281 0.100000
v -1.796000 0.155000 0.100000
v -1.797875 0.151615 0.100000
v -1.799500 0.148125 0.100000
v -1.800875 0.144531 0.100000
v -1.802000 0.140833 0.100000
v -1.802875 0.137031 0.100000
v -1.803500 0.133125 0.100000
v -1.803875 0.129115 0.100000
v -1.804000 0.125000 0.100000
v -1.804000 -0.141000 0.100000
v -1.803875 -0.144958 0.100000
v -1.803500 -0.148833 0.100000
v -1.802875 -0.152625 0.100000
v -1.802000 -0.156333 0.100000
v -1.800875 -0.159958 0.100000
v -1.799500 -0.163500 0.100000
v -1.797875 -0.166958 0.100000
v -1.796000 -0.170333 0.100000
v -1.793875 -0.173625 0.100000
v -1.791500 -0.176833 0.100000
v -1.788875 -0.179958 0.100000
v -1.786000 -0.183000 0.100000
v -1.782959 -0.185875 0.100000
v -1.779834 -0.188500 0.100000
v -1.776626 -0.190875 0.100000
v -1.773334 -0.193000 0.100000
v -1.769959 -0.194875 0.100000
v -1.766500 -0.196500 0.100000
v -1.762959 -0.197875 0.100000
v -1.759334 -0.199000 0.100000
v -1.755625 -0.199875 0.100000
v -1.751834 -0.200500 0.100000
v -1.747959 -0.200875 0.100000
v -1.744000 -0.201000 0.100000
v -1.275000 -0.201000 0.100000
v -1.270886 -0.201080 0.100000
v -1.266875 -0.201319 0.100000
v -1.262969 -0.201719 0.100000
v -1.259167 -0.202278 0.100000
v -1.255469 -0.202997 0.100000
v -1.251875 -0.203875 0.100000
v -1.248386 -0.204913 0.100000
v -1.245000 -0.206111 0.100000
v -1.241719 -0.207469 0.100000
v -1.238542 -0.208986 0.100000
v -1.235469 -0.210663 0.100000
v -1.232500 -0.212500 0.100000
v -1.229705 -0.214455 0.100000
v -1.227153 -0.216486 0.100000
v -1.224844 -0.218594 0.100000
v -1.222778 -0.220778 0.100000
v -1.220955 -0.223038 0.100000
v -1.219375 -0.225375 0.100000
v -1.218038 -0.227788 0.100000
v -1.216944 -0.230278 0.100000
v -1.216094 -0.232844 0.100000
v -1.215486 -0.235486 0.100000
v -1.215122 -0.238205 0.100000
v -1.215000 -0.241000 0.100000
v -1.215122 -0.243635 0.100000
v -1.215486 -0.246208 0.100000
v -1.216094 -0.248719 0.100000
v -1.216945 -0.251167 0.100000
v -1.218038 -0.253552 0.100000
v -1.219375 -0.255875 0.100000
v -1.220955 -0.258135 0.100000
v -1.222778 -0.260333 0.100000
v -1.224844 -0.262469 0.100000
v -1.227153 -0.264542 0.100000
v -1.229705 -0.266552 0.100000
v -1.232500 -0.268500 0.100000
v -1.235469 -0.270337 0.100000
v -1.238542 -0.272014 0.100000
v -1.241719 -0.273531 0.100000
v -1.245000 -0.274889 0.100000
v -1.248386 -0.276087 0.100000
v -1.251875 -0.277125 0.100000
v -1.255469 -0.278003 0.100000
v -1.259167 -0.278722 0.100000
v -1.262969 -0.279281 0.100000
v -1.266875 -0.279681 0.100000
v -1.270886 -0.279920 0.100000
v -1.275000 -0.280000 0.100000
v -1.744000 -0.280000 0.100000
v -1.747958 -0.280125 0.100000
v -1.751833 -0.280500 0.100000
v -1.755625 -0.281125 0.100000
v -1.759333 -0.282000 0.100000
v -1.762958 -0.283125 0.100000
v -1.766500 -0.284500 0.100000
v -1.769958 -0.286125 0.100000
v -1.773333 -0.288000 0.100000
v -1.776625 -0.290125 0.100000
v -1.779833 -0.292500 0.100000
v -1.782959 -0.295125 0.100000
v -1.786000 -0.298000 0.100000
v -1.788875 -0.301042 0.100000
v -1.791500 -0.304167 0.100000
v -1.793875 -0.307375 0.100000
v -1.796000 -0.310667 0.100000
v -1.797875 -0.314042 0.100000
v -1.799500 -0.317500 0.100000
v -1.800875 -0.321042 0.100000
v -1.802000 -0.324667 0.100000
v -1.802875 -0.328375 0.100000
v -1.803500 -0.332167 0.100000
v -1.803875 -0.336042 0.100000
v -1.804000 -0.340000 0.100000
v -1.803875 -0.344115 0.100000
v -1.803500 -0.348125 0.100000
v -1.802875 -0.352031 0.100000
v -1.802000 -0.355833 0.100000
v -1.800875 -0.359531 0.100000
v -1.799500 -0.363125 0.100000
v -1.797875 -0.366615 0.100000
v -1.796000 -0.370000 0.100000
v -1.793875 -0.373281 0.100000
v -1.791500 -0.376458 0.100000
v -1.788875 -0.379531 0.100000
v -1.786000 -0.382500 0.100000
v -1.782959 -0.385295 0.100000
v -1.779834 -0.387847 0.100000
v -1.776626 -0.390156 0.100000
v -1.773334 -0.392222 0.100000
v -1.769959 -0.394045 0.100000
v -1.766500 -0.395625 0.100000
v -1.762959 -0.396962 0.100000
v -1.759334 -0.398056 0.100000
v -1.755625 -0.398906 0.100000
v -1.751834 -0.399514 0.100000
v -1.747959 -0.399878 0.100000
v -1.744000 -0.400000 0.100000
v -1.054000 -0.400000 0.100000
v -1.049886 -0.399878 0.100000
v -1.045875 -0.399514 0.100000
v -1.041969 -0.398906 0.100000
v -1.038167 -0.398056 0.100000
v -1.034469 -0.396962 0.100000
v -1.030875 -0.395625 0.100000
v -1.027386 -0.394045 0.100000
v -1.024000 -0.392222 0.100000
v -1.020719 -0.390156 0.100000
v -1.017542 -0.387847 0.100000
v -1.014469 -0.385295 0.100000
v -1.011500 -0.382500 0.100000
v -1.008705 -0.379531 0.100000
v -1.006153 -0.376458 0.100000
v -1.003844 -0.373281 0.100000
v -1.001778 -0.370000 0.100000
v -0.999955 -0.366615 0.100000
v -0.998375 -0.363125 0.100000
v -0.997038 -0.359531 0.100000
v -0.995945 -0.355833 0.100000
v -0.995094 -0.352031 0.100000
v -0.994486 -0.348125 0.100000
v -0.994122 -0.344115 0.100000
v -0.994000 -0.340000 0.100000
v -0.994000 0.006000 0.100000
v -0.994122 0.009958 0.100000
v -0.994486 0.013833 0.100000
v -0.995094 0.017625 0.100000
v -0.995944 0.021333 0.100000
v -0.997038 0.024958 0.100000
v -0.998375 0.028500 0.100000
v -0.999955 0.031958 0.100000
v -1.001778 0.035333 0.100000
v -1.003844 0.038625 0.100000
v -1.006153 0.041833 0.100000
v -1.008705 0.044958 0.100000
v -1.011500 0.048000 0.100000
v -1.014469 0.050875 0.100000
v -1.017542 0.053500 0.100000
v -1.020719 0.055875 0.100000
v -1.024000 0.058000 0.100000
v -1.027386 0.059875 0.100000
v -1.030875 0.061500 0.100000
v -1.034469 0.062875 0.100000
v -1.038167 0.064000 0.100000
v -1.041969 0.064875 0.100000
v -1.045875 0.065500 0.100000
v -1.049886 0.065875 0.100000
v -1.054000 0.066000 0.100000
v -1.155000 0.066000 0.100000
v -0.646827 -0.273340 0.100000
v -0.651639 -0.274694 0.100000
v -0.656438 -0.276062 0.100000
v -0.661222 -0.277444 0.100000
v -0.665993 -0.278840 0.100000
v -0.670750 -0.280250 0.100000
v -0.675493 -0.281674 0.100000
v -0.680222 -0.283111 0.100000
v -0.684938 -0.284562 0.100000
v -0.689639 -0.286028 0.100000
v -0.694327 -0.287507 0.100000
v -0.699000 -0.289000 0.100000
v -0.703952 -0.291493 0.100000
v -0.708472 -0.294306 0.100000
v -0.712563 -0.297437 0.100000
v -0.716222 -0.300889 0.100000
v -0.719452 -0.304660 0.100000
v -0.722250 -0.308750 0.100000
v -0.724618 -0.313160 0.100000
v -0.726556 -0.317889 0.100000
v -0.728063 -0.322937 0.100000
v -0.729139 -0.328306 0.100000
v -0.729785 -0.333993 0.100000
v -0.730000 -0.340000 0.100000
v -0.729879 -0.344115 0.100000
v -0.729514 -0.348125 0.100000
v -0.728906 -0.352031 0.100000
v -0.728056 -0.355833 0.100000
v -0.726962 -0.359531 0.100000
v -0.725625 -0.363125 0.100000
v -0.724045 -0.366615 0.100000
v -0.722222 -0.370000 0.100000
v -0.720156 -0.373281 0.100000
v -0.717847 -0.376458 0.100000
v -0.715295 -0.379531 0.100000
v -0.712500 -0.382500 0.100000
v -0.709538 -0.385295 0.100000
v -0.706486 -0.387847 0.100000
v -0.703344 -0.390156 0.100000
v -0.700111 -0.392222 0.100000
v -0.696788 -0.394045 0.100000
v -0.693375 -0.395625 0.100000
v -0.689872 -0.396962 0.100000
v -0.686278 -0.398056 0.100000
v -0.682594 -0.398906 0.100000
v -0.678820 -0.399514 0.100000
v -0.674955 -0.399878 0.100000
v -0.671000 -0.400000 0.100000
v -0.664840 -0.399785 0.100000
v -0.659028 -0.399139 0.100000
v -0.653563 -0.398062 0.100000
v -0.648445 -0.396556 0.100000
v -0.643674 -0.394618 0.100000
v -0.639250 -0.392250 0.100000
v -0.635174 -0.389451 0.100000
v -0.631445 -0.386222 0.100000
v -0.628063 -0.382562 0.100000
v -0.625028 -0.378472 0.100000
v -0.622340 -0.373951 0.100000
v -0.620000 -0.369000 0.100000
v -0.618500 -0.364167 0.100000
v -0.617000 -0.359333 0.100000
v -0.615500 -0.354500 0.100000
v -0.614000 -0.349667 0.100000
v -0.612500 -0.344833 0.100000
v -0.611000 -0.340000 0.100000
v -0.609500 -0.335167 0.100000
v -0.608000 -0.330333 0.100000
v -0.606500 -0.325500 0.100000
v -0.605000 -0.320667 0.100000
v -0.603500 -0.315833 0.100000
v -0.602000 -0.311000 0.100000
v -0.599660 -0.306049 0.100000
v -0.596972 -0.301528 0.100000
v -0.593938 -0.297437 0.100000
v -0.590556 -0.293778 0.100000
v -0.586827 -0.290549 0.100000
v -0.582750 -0.287750 0.100000
v -0.578327 -0.285382 0.100000
v -0.573556 -0.283444 0.100000
v -0.568438 -0.281937 0.100000
v -0.562972 -0.280861 0.100000
v -0.557160 -0.280215 0.100000
v -0.551000 -0.280000 0.100000
v -0.450000 -0.280000 0.100000
v -0.445886 -0.279878 0.100000
v -0.441875 -0.279514 0.100000
v -0.437969 -0.278906 0.100000
v -0.434167 -0.278056 0.100000
v -0.430469 -0.276962 0.100000
v -0.426875 -0.275625 0.100000
v -0.423386 -0.274045 0.100000
v -0.420000 -0.272222 0.100000
v -0.416719 -0.270156 0.100000
v -0.413542 -0.267847 0.100000
v -0.410469 -0.265295 0.100000
v -0.407500 -0.262500 0.100000
v -0.404705 -0.259531 0.100000
v -0.402153 -0.256458 0.100000
v -0.399844 -0.253281 0.100000
v -0.397778 -0.250000 0.100000
v -0.395955 -0.246615 0.100000
v -0.394375 -0.243125 0.100000
v -0.393038 -0.239531 0.100000
v -0.391945 -0.235833 0.100000
v -0.391094 -0.232031 0.100000
v -0.390486 -0.228125 0.100000
v -0.390122 -0.224115 0.100000
v -0.390000 -0.220000 0.100000
v -0.390000 0.340000 0.100000
v -0.390122 0.344115 0.100000
v -0.390486 0.348125 0.100000
v -0.391094 0.352031 0.100000
v -0.391945 0.355833 0.100000
v -0.393038 0.359531 0.100000
v -0.394375 0.363125 0.100000
v -0.395955 0.366615 0.100000
v -0.397778 0.370000 0.100000
v -0.399844 0.373281 0.100000
v -0.402153 0.376458 0.100000
v -0.404705 0.379531 0.100000
v -0.407500 0.382500 0.100000
v -0.410469 0.385295 0.100000
v -0.413542 0.387847 0.100000
v -0.416719 0.390156 0.100000
v -0.420000 0.392222 0.100000
v -0.423386 0.394045 0.100000
v -0.426875 0.395625 0.100000
v -0.430469 0.396962 0.100000
v -0.434167 0.398056 0.100000
v -0.437969 0.398906 0.100000
v -0.441875 0.399514 0.100000
v -0.445886 0.399878 0.100000
v -0.450000 0.400000 0.100000
v -0.551000 0.400000 0.100000
v -0.555115 0.399878 0.100000
v -0.559125 0.399514 0.100000
v -0.563031 0.398906 0.100000
v -0.566833 0.398056 0.100000
v -0.570531 0.396962 0.100000
v -0.574125 0.395625 0.100000
v -0.577615 0.394045 0.100000
v -0.581000 0.392222 0.100000
v -0.584281 0.390156 0.100000
v -0.587458 0.387847 0.100000
v -0.590531 0.385295 0.100000
v -0.593500 0.382500 0.100000
v -0.596295 0.379531 0.100000
v -0.598847 0.376458 0.100000
v -0.601156 0.373281 0.100000
v -0.603222 0.370000 0.100000
v -0.605045 0.366615 0.100000
v -0.606625 0.363125 0.100000
v -0.607962 0.359531 0.100000
v -0.609056 0.355833 0.100000
v -0.609906 0.352031 0.100000
v -0.610514 0.348125 0.100000
v -0.610879 0.344115 0.100000
v -0.611000 0.340000 0.100000
v -0.611000 -0.220000 0.100000
v -0.611215 -0.226167 0.100000
v -0.611861 -0.232000 0.100000
v -0.612938 -0.237500 0.100000
v -0.614445 -0.242667 0.100000
v -0.616382 -0.247500 0.100000
v -0.618750 -0.252000 0.100000
v -0.621549 -0.256167 0.100000
v -0.624778 -0.260000 0.100000
v -0.628438 -0.263500 0.100000
v -0.632528 -0.266667 0.100000
v -0.637049 -0.269500 0.100000
v -0.642000 -0.272000 0.100000
v 0.112000 -0.311000 0.100000
v 0.114340 -0.306049 0.100000
v 0.117028 -0.301528 0.100000
v 0.120062 -0.297437 0.100000
v 0.123444 -0.293778 0.100000
v 0.127174 -0.290549 0.100000
v 0.131250 -0.287750 0.100000
v 0.135674 -0.285382 0.100000
v 0.140444 -0.283444 0.100000
v 0.145562 -0.281937 0.100000
v 0.151028 -0.280861 0.100000
v 0.156840 -0.280215 0.100000
v 0.163000 -0.280000 0.100000
v 0.264000 -0.280000 0.100000
v 0.268115 -0.279878 0.100000
v 0.272125 -0.279514 0.100000
v 0.276031 -0.278906 0.100000
v 0.279833 -0.278056 0.100000
v 0.283531 -0.276962 0.100000
v 0.287125 -0.275625 0.100000
v 0.290615 -0.274045 0.100000
v 0.294000 -0.272222 0.100000
v 0.297281 -0.270156 0.100000
v 0.300458 -0.267847 0.100000
v 0.303531 -0.265295 0.100000
v 0.306500 -0.262500 0.100000
v 0.309295 -0.259531 0.100000
v 0.311847 -0.256458 0.100000
v 0.314156 -0.253281 0.100000
v 0.316222 -0.250000 0.100000
v 0.318045 -0.246615 0.100000
v 0.319625 -0.243125 0.100000
v 0.320962 -0.239531 0.100000
v 0.322056 -0.235833 0.100000
v 0.322906 -0.232031 0.100000
v 0.323514 -0.228125 0.100000
v 0.323878 -0.224115 0.100000
v 0.324000 -0.220000 0.100000
v 0.324000 0.012000 0.100000
v 0.324194 0.018160 0.100000
v 0.324778 0.023972 0.100000
v 0.325750 0.029438 0.100000
v 0.327111 0.034556 0.100000
v 0.328861 0.039326 0.100000
v 0.331000 0.043750 0.100000
v 0.333528 0.047826 0.100000
v 0.336444 0.051556 0.100000
v 0.339750 0.054938 0.100000
v 0.343444 0.057972 0.100000
v 0.347528 0.060660 0.100000
v 0.352000 0.063000 0.100000
v 0.356493 0.064493 0.100000
v 0.360972 0.065972 0.100000
v 0.365438 0.067437 0.100000
v 0.369889 0.068889 0.100000
v 0.374326 0.070326 0.100000
v 0.378750 0.071750 0.100000
v 0.383160 0.073160 0.100000
v 0.387556 0.074555 0.100000
v 0.391938 0.075937 0.100000
v 0.396306 0.077305 0.100000
v 0.400660 0.078660 0.100000
v 0.405000 0.080000 0.100000
v 0.409632 0.082326 0.100000
v 0.413861 0.084972 0.100000
v 0.417687 0.087938 0.100000
v 0.421111 0.091222 0.100000
v 0.424132 0.094826 0.100000
v 0.426750 0.098750 0.100000
v 0.428965 0.102993 0.100000
v 0.430778 0.107556 0.100000
v 0.432187 0.112438 0.100000
v 0.433194 0.117639 0.100000
v 0.433798 0.123160 0.100000
v 0.434000 0.129000 0.100000
v 0.433799 0.134681 0.100000
v 0.433194 0.140056 0.100000
v 0.432188 0.145125 0.100000
v 0.430778 0.149889 0.100000
v 0.428965 0.154347 0.100000
v 0.426750 0.158500 0.100000
v 0.424132 0.162347 0.100000
v 0.421111 0.165889 0.100000
v 0.417688 0.169125 0.100000
v 0.413861 0.172056 0.100000
v 0.409632 0.174681 0.100000
v 0.405000 0.177000 0.100000
v 0.400660 0.178340 0.100000
v 0.396306 0.179694 0.100000
v 0.391937 0.181062 0.100000
v 0.387556 0.182444 0.100000
v 0.383160 0.183840 0.100000
v 0.378750 0.185250 0.100000
v 0.374326 0.186674 0.100000
v 0.369889 0.188111 0.100000
v 0.365437 0.189562 0.100000
v 0.360972 0.191028 0.100000
v 0.356493 0.192507 0.100000
v 0.352000 0.194000 0.100000
v 0.347528 0.196340 0.100000
v 0.343444 0.199028 0.100000
v 0.339750 0.202063 0.100000
v 0.336444 0.205444 0.100000
v 0.333528 0.209174 0.100000
v 0.331000 0.213250 0.100000
v 0.328861 0.217674 0.100000
v 0.327111 0.222444 0.100000
v 0.325750 0.227563 0.100000
v 0.324778 0.233028 0.100000
v 0.324194 0.238840 0.100000
v 0.324000 0.245000 0.100000
v 0.324000 0.340000 0.100000
v 0.323878 0.344115 0.100000
v 0.323514 0.348125 0.100000
v 0.322906 0.352031 0.100000
v 0.322056 0.355833 0.100000
v 0.320962 0.359531 0.100000
v 0.319625 0.363125 0.100000
v 0.318045 0.366615 0.100000
v 0.316222 0.370000 0.100000
v 0.314156 0.373281 0.100000
v 0.311847 0.376458 0.100000
v 0.309295 0.379531 0.100000
v 0.306500 0.382500 0.100000
v 0.303531 0.385295 0.100000
v 0.300458 0.387847 0.100000
v 0.297281 0.390156 0.100000
v 0.294000 0.392222 0.100000
v 0.290615 0.394045 0.100000
v 0.287125 0.395625 0.100000
v 0.283531 0.396962 0.100000
v 0.279833 0.398056 0.100000
v 0.276031 0.398906 0.100000
v 0.272125 0.399514 0.100000
v 0.268115 0.399878 0.100000
v 0.264000 0.400000 0.100000
v 0.163000 0.400000 0.100000
v 0.158885 0.399878 0.100000
v 0.154875 0.399514 0.100000
v 0.150969 0.398906 0.100000
v 0.147167 0.398056 0.100000
v 0.143469 0.396962 0.100000
v 0.139875 0.395625 0.100000
v 0.136385 0.394045 0.100000
v 0.133000 0.392222 0.100000
v 0.129719 0.390156 0.100000
v 0.126542 0.387847 0.100000
v 0.123469 0.385295 0.100000
v 0.120500 0.382500 0.100000
v 0.117705 0.379531 0.100000
v 0.115153 0.376458 0.100000
v 0.112844 0.373281 0.100000
v 0.110778 0.370000 0.100000
v 0.108955 0.366615 0.100000
v 0.107375 0.363125 0.100000
v 0.106038 0.359531 0.100000
v 0.104944 0.355833 0.100000
v 0.104094 0.352031 0.100000
v 0.103486 0.348125 0.100000
v 0.103122 0.344115 0.100000
v 0.103000 0.340000 0.100000
v 0.103000 0.245000 0.100000
v 0.102878 0.240885 0.100000
v 0.102514 0.236875 0.100000
v 0.101906 0.232969 0.100000
v 0.101056 0.229167 0.100000
v 0.099962 0.225469 0.100000
v 0.098625 0.221875 0.100000
v 0.097045 0.218385 0.100000
v 0.095222 0.215000 0.100000
v 0.093156 0.211719 0.100000
v 0.090847 0.208542 0.100000
v 0.088295 0.205469 0.100000
v 0.085500 0.202500 0.100000
v 0.082531 0.199705 0.100000
v 0.079458 0.197153 0.100000
v 0.076281 0.194844 0.100000
v 0.073000 0.192778 0.100000
v 0.069615 0.190955 0.100000
v 0.066125 0.189375 0.100000
v 0.062531 0.188038 0.100000
v 0.058833 0.186944 0.100000
v 0.055031 0.186094 0.100000
v 0.051125 0.185486 0.100000
v 0.047115 0.185122 0.100000
v 0.043000 0.185000 0.100000
v -0.076000 0.185000 0.100000
v -0.080115 0.184878 0.100000
v -0.084125 0.184514 0.100000
v -0.088031 0.183906 0.100000
v -0.091833 0.183056 0.100000
v -0.095531 0.181962 0.100000
v -0.099125 0.180625 0.100000
v -0.102615 0.179045 0.100000
v -0.106000 0.177222 0.100000
v -0.109281 0.175156 0.100000
v -0.112458 0.172847 0.100000
v -0.115531 0.170295 0.100000
v -0.118500 0.167500 0.100000
v -0.121295 0.164531 0.100000
v -0.123847 0.161458 0.100000
v -0.126156 0.158281 0.100000
v -0.128222 0.155000 0.100000
v -0.130045 0.151615 0.100000
v -0.131625 0.148125 0.100000
v -0.132962 0.144531 0.100000
v -0.134056 0.140833 0.100000
v -0.134906 0.137031 0.100000
v -0.135514 0.133125 0.100000
v -0.135878 0.129115 0.100000
v -0.136000 0.125000 0.100000
v -0.135879 0.121045 0.100000
v -0.135514 0.117181 0.100000
v -0.134906 0.113406 0.100000
v -0.134056 0.109722 0.100000
v -0.132962 0.106128 0.100000
v -0.131625 0.102625 0.100000
v -0.130045 0.099212 0.100000
v -0.128222 0.095889 0.100000
v -0.126156 0.092656 0.100000
v -0.123847 0.089514 0.100000
v -0.121295 0.086462 0.100000
v -0.118500 0.083500 0.100000
v -0.115531 0.080705 0.100000
v -0.112458 0.078153 0.100000
v -0.109281 0.075844 0.100000
v -0.106000 0.073778 0.100000
v -0.102615 0.071955 0.100000
v -0.099125 0.070375 0.100000
v -0.095531 0.069038 0.100000
v -0.091833 0.067944 0.100000
v -0.088031 0.067094 0.100000
v -0.084125 0.066486 0.100000
v -0.080115 0.066122 0.100000
v -0.076000 0.066000 0.100000
v 0.043000 0.066000 0.100000
v 0.047115 0.065875 0.100000
v 0.051125 0.065500 0.100000
v 0.055031 0.064875 0.100000
v 0.058833 0.064000 0.100000
v 0.062531 0.062875 0.100000
v 0.066125 0.061500 0.100000
v 0.069615 0.059875 0.100000
v 0.073000 0.058000 0.100000
v 0.076281 0.055875 0.100000
v 0.079458 0.053500 0.100000
v 0.082531 0.050875 0.100000
v 0.085500 0.048000 0.100000
v 0.088295 0.044958 0.100000
v 0.090847 0.041833 0.100000
v 0.093156 0.038625 0.100000
v 0.095222 0.035333 0.100000
v 0.097045 0.031958 0.100000
v 0.098625 0.028500 0.100000
v 0.099962 0.024958 0.100000
v 0.101056 0.021333 0.100000
v 0.101906 0.017625 0.100000
v 0.102514 0.013833 0.100000
v 0.102878 0.009958 0.100000
v 0.103000 0.006000 0.100000
v 0.103000 -0.220000 0.100000
v 0.102878 -0.224115 0.100000
v 0.102514 -0.228125 0.100000
v 0.101906 -0.232031 0.100000
v 0.101056 -0.235833 0.100000
v 0.099962 -0.239531 0.100000
v 0.098625 -0.243125 0.100000
v 0.097045 -0.246615 0.100000
v 0.095222 -0.250000 0.100000
v 0.093156 -0.253281 0.100000
v 0.090847 -0.256458 0.100000
v 0.088295 -0.259531 0.100000
v 0.085500 -0.262500 0.100000
v 0.082531 -0.265295 0.100000
v 0.079458 -0.267847 0.100000
v 0.076281 -0.270156 0.100000
v 0.073000 -0.272222 0.100000
v 0.069615 -0.274045 0.100000
v 0.066125 -0.275625 0.100000
v 0.062531 -0.276962 0.100000
v 0.058833 -0.278056 0.100000
v 0.055031 -0.278906 0.100000
v 0.051125 -0.279514 0.100000
v 0.047115 -0.279878 0.100000
v 0.043000 -0.280000 0.100000
v -0.076000 -0.280000 0.100000
v -0.080115 -0.280125 0.100000
v -0.084125 -0.280500 0.100000
v -0.088031 -0.281125 0.100000
v -0.091833 -0.282000 0.100000
v -0.095531 -0.283125 0.100000
v -0.099125 -0.284500 0.100000
v -0.102615 -0.286125 0.100000
v -0.106000 -0.288000 0.100000
v -0.109281 -0.290125 0.100000
v -0.112458 -0.292500 0.100000
v -0.115531 -0.295125 0.100000
v -0.118500 -0.298000 0.100000
v -0.121295 -0.301042 0.100000
v -0.123847 -0.304167 0.100000
v -0.126156 -0.307375 0.100000
v -0.128222 -0.310667 0.100000
v -0.130045 -0.314042 0.100000
v -0.131625 -0.317500 0.100000
v -0.132962 -0.321042 0.100000
v -0.134056 -0.324667 0.100000
v -0.134906 -0.328375 0.100000
v -0.135514 -0.332167 0.100000
v -0.135878 -0.336042 0.100000
v -0.136000 -0.340000 0.100000
v -0.135879 -0.344115 0.100000
v -0.135514 -0.348125 0.100000
v -0.134906 -0.352031 0.100000
v -0.134056 -0.355833 0.100000
v -0.132962 -0.359531 0.100000
v -0.131625 -0.363125 0.100000
v -0.130045 -0.366615 0.100000
v -0.128222 -0.370000 0.100000
v -0.126156 -0.373281 0.100000
v -0.123847 -0.376458 0.100000
v -0.121295 -0.379531 0.100000
v -0.118500 -0.382500 0.100000
v -0.115531 -0.385295 0.100000
v -0.112458 -0.387847 0.100000
v -0.109281 -0.390156 0.100000
v -0.106000 -0.392222 0.100000
v -0.102615 -0.394045 0.100000
v -0.099125 -0.395625 0.100000
v -0.095531 -0.396962 0.100000
v -0.091833 -0.398056 0.100000
v -0.088031 -0.398906 0.100000
v -0.084125 -0.399514 0.100000
v -0.080115 -0.399878 0.100000
v -0.076000 -0.400000 0.100000
v 0.043000 -0.400000 0.100000
v 0.049007 -0.399785 0.100000
v 0.054694 -0.399139 0.100000
v 0.060062 -0.398062 0.100000
v 0.065111 -0.396556 0.100000
v 0.069840 -0.394618 0.100000
v 0.074250 -0.392250 0.100000
v 0.078340 -0.389451 0.100000
v 0.082111 -0.386222 0.100000
v 0.085562 -0.382562 0.100000
v 0.088694 -0.378472 0.100000
v 0.091507 -0.373951 0.100000
v 0.094000 -0.369000 0.100000
v 0.095500 -0.364167 0.100000
v 0.097000 -0.359333 0.100000
v 0.098500 -0.354500 0.100000
v 0.100000 -0.349667 0.100000
v 0.101500 -0.344833 0.100000
v 0.103000 -0.340000 0.100000
v 0.104500 -0.335167 0.100000
v 0.106000 -0.330333 0.100000
v 0.107500 -0.325500 0.100000
v 0.109000 -0.320667 0.100000
v 0.110500 -0.315833 0.100000
v 0.936879 0.129115 0.100000
v 0.936514 0.133125 0.100000
v 0.935906 0.137031 0.100000
v 0.935056 0.140833 0.100000
v 0.933962 0.144531 0.100000
v 0.932625 0.148125 0.100000
v 0.931045 0.151615 0.100000
v 0.929222 0.155000 0.100000
v 0.927156 0.158281 0.100000
v 0.924847 0.161458 0.100000
v 0.922295 0.164531 0.100000
v 0.919500 0.167500 0.100000
v 0.916531 0.170295 0.100000
v 0.913458 0.172847 0.100000
v 0.910281 0.175156 0.100000
v 0.907000 0.177222 0.100000
v 0.903615 0.179045 0.100000
v 0.900125 0.180625 0.100000
v 0.896531 0.181962 0.100000
v 0.892833 0.183056 0.100000
v 0.889031 0.183906 0.100000
v 0.885125 0.184514 0.100000
v 0.881115 0.184878 0.100000
v 0.877000 0.185000 0.100000
v 0.776000 0.185000 0.100000
v 0.771886 0.184878 0.100000
v 0.767875 0.184514 0.100000
v 0.763969 0.183906 0.100000
v 0.760167 0.183056 0.100000
v 0.756469 0.181962 0.100000
v 0.752875 0.180625 0.100000
v 0.749385 0.179045 0.100000
v 0.746000 0.177222 0.100000
v 0.742719 0.175156 0.100000
v 0.739542 0.172847 0.100000
v 0.736469 0.170295 0.100000
v 0.733500 0.167500 0.100000
v 0.730705 0.164531 0.100000
v 0.728153 0.161458 0.100000
v 0.725844 0.158281 0.100000
v 0.723778 0.155000 0.100000
v 0.721955 0.151615 0.100000
v 0.720375 0.148125 0.100000
v 0.719038 0.144531 0.100000
v 0.717944 0.140833 0.100000
v 0.717094 0.137031 0.100000
v 0.716486 0.133125 0.100000
v 0.716122 0.129115 0.100000
v 0.716000 0.125000 0.100000
v 0.716000 -0.340000 0.100000
v 0.716122 -0.344115 0.100000
v 0.716486 -0.348125 0.100000
v 0.717094 -0.352031 0.100000
v 0.717944 -0.355833 0.100000
v 0.719038 -0.359531 0.100000
v 0.720375 -0.363125 0.100000
v 0.721955 -0.366615 0.100000
v 0.723778 -0.370000 0.100000
v 0.725844 -0.373281 0.100000
v 0.728153 -0.376458 0.100000
v 0.730705 -0.379531 0.100000
v 0.733500 -0.382500 0.100000
v 0.736469 -0.385295 0.100000
v 0.739542 -0.387847 0.100000
v 0.742719 -0.390156 0.100000
v 0.746000 -0.392222 0.100000
v 0.749385 -0.394045 0.100000
v 0.752875 -0.395625 0.100000
v 0.756469 -0.396962 0.100000
v 0.760167 -0.398056 0.100000
v 0.763969 -0.398906 0.100000
v 0.767875 -0.399514 0.100000
v 0.771885 -0.399878 0.100000
v 0.776000 -0.400000 0.100000
v 0.877000 -0.400000 0.100000
v 0.881115 -0.399878 0.100000
v 0.885125 -0.399514 0.100000
v 0.889031 -0.398906 0.100000
v 0.892833 -0.398056 0.100000
v 0.896531 -0.396962 0.100000
v 0.900125 -0.395625 0.100000
v 0.903615 -0.394045 0.100000
v 0.907000 -0.392222 0.100000
v 0.910281 -0.390156 0.100000
v 0.913458 -0.387847 0.100000
v 0.916531 -0.385295 0.100000
v 0.919500 -0.382500 0.100000
v 0.922295 -0.379531 0.100000
v 0.924847 -0.376458 0.100000
v 0.927156 -0.373281 0.100000
v 0.929222 -0.370000 0.100000
v 0.931045 -0.366615 0.100000
v 0.932625 -0.363125 0.100000
v 0.933962 -0.359531 0.100000
v 0.935056 -0.355833 0.100000
v 0.935906 -0.352031 0.100000
v 0.936514 -0.348125 0.100000
v 0.936879 -0.344115 0.100000
v 0.937000 -0.340000 0.100000
v 0.937000 0.125000 0.100000
v 0.771886 0.399878 0.100000
v 0.767875 0.399514 0.100000
v 0.763969 0.398906 0.100000
v 0.760167 0.398056 0.100000
v 0.756469 0.396962 0.100000
v 0.752875 0.395625 0.100000
v 0.749385 0.394045 0.100000
v 0.746000 0.392222 0.100000
v 0.742719 0.390156 0.100000
v 0.739542 0.387847 0.100000
v 0.736469 0.385295 0.100000
v 0.733500 0.382500 0.100000
v 0.730705 0.379531 0.100000
v 0.728153 0.376458 0.100000
v 0.725844 0.373281 0.100000
v 0.723778 0.370000 0.100000
v 0.721955 0.366615 0.100000
v 0.720375 0.363125 0.100000
v 0.719038 0.359531 0.100000
v 0.717944 0.355833 0.100000
v 0.717094 0.352031 0.100000
v 0.716486 0.348125 0.100000
v 0.716122 0.344115 0.100000
v 0.716000 0.340000 0.100000
v 0.716000 0.314000 0.100000
v 0.716122 0.309885 0.100000
v 0.716486 0.305875 0.100000
v 0.717094 0.301969 0.100000
v 0.717944 0.298167 0.100000
v 0.719038 0.294469 0.100000
v 0.720375 0.290875 0.100000
v 0.721955 0.287385 0.100000
v 0.723778 0.284000 0.100000
v 0.725844 0.280719 0.100000
v 0.728153 0.277542 0.100000
v 0.730705 0.274469 0.100000
v 0.733500 0.271500 0.100000
v 0.736469 0.268705 0.100000
v 0.739542 0.266153 0.100000
v 0.742719 0.263844 0.100000
v 0.746000 0.261778 0.100000
v 0.749385 0.259955 0.100000
v 0.752875 0.258375 0.100000
v 0.756469 0.257038 0.100000
v 0.760167 0.255944 0.100000
v 0.763969 0.255094 0.100000
v 0.767875 0.254486 0.100000
v 0.771885 0.254122 0.100000
v 0.776000 0.254000 0.100000
v 0.877000 0.254000 0.100000
v 0.881115 0.254122 0.100000
v 0.885125 0.254486 0.100000
v 0.889031 0.255094 0.100000
v 0.892833 0.255944 0.100000
v 0.896531 0.257038 0.100000
v 0.900125 0.258375 0.100000
v 0.903615 0.259955 0.100000
v 0.907000 0.261778 0.100000
v 0.910281 0.263844 0.100000
v 0.913458 0.266153 0.100000
v 0.916531 0.268705 0.100000
v 0.919500 0.271500 0.100000
v 0.922295 0.274469 0.100000
v 0.924847 0.277542 0.100000
v 0.927156 0.280719 0.100000
v 0.929222 0.284000 0.100000
v 0.931045 0.287385 0.100000
v 0.932625 0.290875 0.100000
v 0.933962 0.294469 0.100000
v 0.935056 0.298167 0.100000
v 0.935906 0.301969 0.100000
v 0.936514 0.305875 0.100000
v 0.936879 0.309885 0.100000
v 0.937000 0.314000 0.100000
v 0.937000 0.340000 0.100000
v 0.936879 0.344115 0.100000
v 0.936514 0.348125 0.100000
v 0.935906 0.352031 0.100000
v 0.935056 0.355833 0.100000
v 0.933962 0.359531 0.100000
v 0.932625 0.363125 0.100000
v 0.931045 0.366615 0.100000
v 0.929222 0.370000 0.100000
v 0.927156 0.373281 0.100000
v 0.924847 0.376458 0.100000
v 0.922295 0.379531 0.100000
v 0.919500 0.382500 0.100000
v 0.916531 0.385295 0.100000
v 0.913458 0.387847 0.100000
v 0.910281 0.390156 0.100000
v 0.907000 0.392222 0.100000
v 0.903615 0.394045 0.100000
v 0.900125 0.395625 0.100000
v 0.896531 0.396962 0.100000
v 0.892833 0.398056 0.100000
v 0.889031 0.398906 0.100000
v 0.885125 0.399514 0.100000
v 0.881115 0.399878 0.100000
v 0.877000 0.400000 0.100000
v 0.776000 0.400000 0.100000
v 1.169885 0.399878 0.100000
v 1.165875 0.399514 0.100000
v 1.161969 0.398906 0.100000
v 1.158167 0.398056 0.100000
v 1.154469 0.396962 0.100000
v 1.150875 0.395625 0.100000
v 1.147385 0.394045 0.100000
v 1.144000 0.392222 0.100000
v 1.140719 0.390156 0.100000
v 1.137542 0.387847 0.100000
v 1.134469 0.385295 0.100000
v 1.131500 0.382500 0.100000
v 1.128705 0.379531 0.100000
v 1.126153 0.376458 0.100000
v 1.123844 0.373281 0.100000
v 1.121778 0.370000 0.100000
v 1.119955 0.366615 0.100000
v 1.118375 0.363125 0.100000
v 1.117038 0.359531 0.100000
v 1.115944 0.355833 0.100000
v 1.115094 0.352031 0.100000
v 1.114486 0.348125 0.100000
v 1.114122 0.344115 0.100000
v 1.114000 0.340000 0.100000
v 1.114000 0.281000 0.100000
v 1.114121 0.276885 0.100000
v 1.114486 0.272875 0.100000
v 1.115093 0.268969 0.100000
v 1.115944 0.265167 0.100000
v 1.117038 0.261469 0.100000
v 1.118375 0.257875 0.100000
v 1.119955 0.254385 0.100000
v 1.121778 0.251000 0.100000
v 1.123844 0.247719 0.100000
v 1.126153 0.244542 0.100000
v 1.128705 0.241469 0.100000
v 1.131500 0.238500 0.100000
v 1.134469 0.235705 0.100000
v 1.137542 0.233153 0.100000
v 1.140719 0.230844 0.100000
v 1.144000 0.228778 0.100000
v 1.147385 0.226955 0.100000
v 1.150875 0.225375 0.100000
v 1.154469 0.224038 0.100000
v 1.158167 0.222944 0.100000
v 1.161969 0.222094 0.100000
v 1.165875 0.221486 0.100000
v 1.169885 0.221122 0.100000
v 1.174000 0.221000 0.100000
v 1.349000 0.221000 0.100000
v 1.353115 0.220879 0.100000
v 1.357125 0.220514 0.100000
v 1.361031 0.219906 0.100000
v 1.364833 0.219056 0.100000
v 1.368531 0.217962 0.100000
v 1.372125 0.216625 0.100000
v 1.375615 0.215045 0.100000
v 1.379000 0.213222 0.100000
v 1.382281 0.211156 0.100000
v 1.385458 0.208847 0.100000
v 1.388531 0.206295 0.100000
v 1.391500 0.203500 0.100000
v 1.394295 0.200531 0.100000
v 1.396847 0.197458 0.100000
v 1.399156 0.194281 0.100000
v 1.401222 0.191000 0.100000
v 1.403045 0.187615 0.100000
v 1.404625 0.184125 0.100000
v 1.405962 0.180531 0.100000
v 1.407056 0.176833 0.100000
v 1.407906 0.173031 0.100000
v 1.408514 0.169125 0.100000
v 1.408878 0.165115 0.100000
v 1.409000 0.161000 0.100000
v 1.409000 -0.340000 0.100000
v 1.409122 -0.344115 0.100000
v 1.409486 -0.348125 0.100000
v 1.410094 -0.352031 0.100000
v 1.410944 -0.355833 0.100000
v 1.412038 -0.359531 0.100000
v 1.413375 -0.363125 0.100000
v 1.414955 -0.366615 0.100000
v 1.416778 -0.370000 0.100000
v 1.418844 -0.373281 0.100000
v 1.421153 -0.376458 0.100000
v 1.423705 -0.379531 0.100000
v 1.426500 -0.382500 0.100000
v 1.429462 -0.385295 0.100000
v 1.432514 -0.387847 0.100000
v 1.435656 -0.390156 0.100000
v 1.438889 -0.392222 0.100000
v 1.442212 -0.394045 0.100000
v 1.445625 -0.395625 0.100000
v 1.449128 -0.396962 0.100000
v 1.452722 -0.398056 0.100000
v 1.456406 -0.398906 0.100000
v 1.460181 -0.399514 0.100000
v 1.464045 -0.399878 0.100000
v 1.468000 -0.400000 0.100000
v 1.570000 -0.400000 0.100000
v 1.574115 -0.399878 0.100000
v 1.578125 -0.399514 0.100000
v 1.582031 -0.398906 0.100000
v 1.585833 -0.398056 0.100000
v 1.589531 -0.396962 0.100000
v 1.593125 -0.395625 0.100000
v 1.596615 -0.394045 0.100000
v 1.600000 -0.392222 0.100000
v 1.603281 -0.390156 0.100000
v 1.606458 -0.387847 0.100000
v 1.609531 -0.385295 0.100000
v 1.612500 -0.382500 0.100000
v 1.615295 -0.379531 0.100000
v 1.617847 -0.376458 0.100000
v 1.620156 -0.373281 0.100000
v 1.622222 -0.370000 0.100000
v 1.624045 -0.366615 0.100000
v 1.625625 -0.363125 0.100000
v 1.626962 -0.359531 0.100000
v 1.628056 -0.355833 0.100000
v 1.628906 -0.352031 0.100000
v 1.629514 -0.348125 0.100000
v 1.629879 -0.344115 0.100000
v 1.630000 -0.340000 0.100000
v 1.630000 0.161000 0.100000
v 1.630122 0.165115 0.100000
v 1.630486 0.169125 0.100000
v 1.631094 0.173031 0.100000
v 1.631944 0.176833 0.100000
v 1.633038 0.180531 0.100000
v 1.634375 0.184125 0.100000
v 1.635955 0.187615 0.100000
v 1.637778 0.191000 0.100000
v 1.639844 0.194281 0.100000
v 1.642153 0.197458 0.100000
v 1.644705 0.200531 0.100000
v 1.647500 0.203500 0.100000
v 1.650462 0.206295 0.100000
v 1.653514 0.208847 0.100000
v 1.656656 0.211156 0.100000
v 1.659889 0.213222 0.100000
v 1.663212 0.215045 0.100000
v 1.666625 0.216625 0.100000
v 1.670128 0.217962 0.100000
v 1.673722 0.219056 0.100000
v 1.677406 0.219906 0.100000
v 1.681180 0.220514 0.100000
v 1.685045 0.220879 0.100000
v 1.689000 0.221000 0.100000
v 1.864000 0.221000 0.100000
v 1.868115 0.221122 0.100000
v 1.872125 0.221486 0.100000
v 1.876031 0.222094 0.100000
v 1.879833 0.222944 0.100000
v 1.883531 0.224038 0.100000
v 1.887125 0.225375 0.100000
v 1.890615 0.226955 0.100000
v 1.894000 0.228778 0.100000
v 1.897281 0.230844 0.100000
v 1.900458 0.233153 0.100000
v 1.903531 0.235705 0.100000
v 1.906500 0.238500 0.100000
v 1.909295 0.241469 0.100000
v 1.911847 0.244542 0.100000
v 1.914156 0.247719 0.100000
v 1.916222 0.251000 0.100000
v 1.918045 0.254385 0.100000
v 1.919625 0.257875 0.100000
v 1.920962 0.261469 0.100000
v 1.922056 0.265167 0.100000
v 1.922906 0.268969 0.100000
v 1.923514 0.272875 0.100000
v 1.923879 0.276885 0.100000
v 1.924000 0.281000 0.100000
v 1.924000 0.340000 0.100000
v 1.923878 0.344115 0.100000
v 1.923514 0.348125 0.100000
v 1.922906 0.352031 0.100000
v 1.922056 0.355833 0.100000
v 1.920962 0.359531 0.100000
v 1.919625 0.363125 0.100000
v 1.918045 0.366615 0.100000
v 1.916222 0.370000 0.100000
v 1.914156 0.373281 0.100000
v 1.911847 0.376458 0.100000
v 1.909295 0.379531 0.100000
v 1.906500 0.382500 0.100000
v 1.903531 0.385295 0.100000
v 1.900458 0.387847 0.100000
v 1.897281 0.390156 0.100000
v 1.894000 0.392222 0.100000
v 1.890615 0.394045 0.100000
v 1.887125 0.395625 0.100000
v 1.883531 0.396962 0.100000
v 1.879833 0.398056 0.100000
v 1.876031 0.398906 0.100000
v 1.872125 0.399514 0.100000
v 1.868115 0.399878 0.100000
v 1.864000 0.400000 0.100000
v 1.174000 0.400000 0.100000
v 1.169885 0.399878 0.100000
v 1.169885 0.399878 -0.100000
v 1.165875 0.399514 0.100000
v 1.165875 0.399514 -0.100000
v 1.161969 0.398906 0.100000
v 1.161969 0.398906 -0.100000
v 1.158167 0.398056 0.100000
v 1.158167 0.398056 -0.100000
v 1.154469 0.396962 0.100000
v 1.154469 0.396962 -0.100000
v 1.150875 0.395625 0.100000
v 1.150875 0.395625 -0.100000
v 1.147385 0.394045 0.100000
v 1.147385 0.394045 -0.100000
v 1.144000 0.392222 0.100000
v 1.144000 0.392222 -0.100000
v 1.140719 0.390156 0.100000
v 1.140719 0.390156 -0.100000
v 1.137542 0.387847 0.100000
v 1.137542 0.387847 -0.100000
v 1.134469 0.385295 0.100000
v 1.134469 0.385295 -0.100000
v 1.131500 0.382500 0.100000
v 1.131500 0.382500 -0.100000
v 1.128705 0.379531 0.100000
v 1.128705 0.379531 -0.100000
v 1.126153 0.376458 0.100000
v 1.126153 0.376458 -0.100000
v 1.123844 0.373281 0.100000
v 1.123844 0.373281 -0.100000
v 1.121778 0.370000 0.100000
v 1.121778 0.370000 -0.100000
v 1.119955 0.366615 0.100000
v 1.119955 0.366615 -0.100000
v 1.118375 0.363125 0.100000
v 1.118375 0.363125 -0.100000
v 1.117038 0.359531 0.100000
v 1.117038 0.359531 -0.100000
v 1.115944 0.355833 0.100000
v 1.115944 0.355833 -0.100000
v 1.115094 0.352031 0.100000
v 1.115094 0.352031 -0.100000
v 1.114486 0.348125 0.100000
v 1.114486 0.348125 -0.100000
v 1.114122 0.344115 0.100000
v 1.114122 0.344115 -0.100000
v 1.114000 0.340000 0.100000
v 1.114000 0.340000 -0.100000
v 1.114000 0.281000 0.100000
v 1.114000 0.281000 -0.100000
v 1.114121 0.276885 0.100000
v 1.114121 0.276885 -0.100000
v 1.114486 0.272875 0.100000
v 1.114486 0.272875 -0.100000
v 1.115093 0.268969 0.100000
v 1.115093 0.268969 -0.100000
v 1.115944 0.265167 0.100000
v 1.115944 0.265167 -0.100000
v 1.117038 0.261469 0.100000
v 1.117038 0.261469 -0.100000
v 1.118375 0.257875 0.100000
v 1.118375 0.257875 -0.100000
v 1.119955 0.254385 0.100000
v 1.119955 0.254385 -0.100000
v 1.121778 0.251000 0.100000
v 1.121778 0.251000 -0.100000
v 1.123844 0.247719 0.100000
v 1.123844 0.247719 -0.100000
v 1.126153 0.244542 0.100000
v 1.126153 0.244542 -0.100000
v 1.128705 0.241469 0.100000
v 1.128705 0.241469 -0.100000
v 1.131500 0.238500 0.100000
v 1.131500 0.238500 -0.100000
v 1.134469 0.235705 0.100000
v 1.134469 0.235705 -0.100000
v 1.137542 0.233153 0.100000
v 1.137542 0.233153 -0.100000
v 1.140719 0.230844 0.100000
v 1.140719 0.230844 -0.100000
v 1.144000 0.228778 0.100000
v 1.144000 0.228778 -0.100000
v 1.147385 0.226955 0.100000
v 1.147385 0.226955 -0.100000
v 1.150875 0.225375 0.100000
v 1.150875 0.225375 -0.100000
v 1.154469 0.224038 0.100000
v 1.154469 0.224038 -0.100000
v 1.158167 0.222944 0.100000
v 1.158167 0.222944 -0.100000
v 1.161969 0.222094 0.100000
v 1.161969 0.222094 -0.100000
v 1.165875 0.221486 0.100000
v 1.165875 0.221486 -0.100000
v 1.169885 0.221122 0.100000
v 1.169885 0.221122 -0.100000
v 1.174000 0.221000 0.100000
v 1.174000 0.221000 -0.100000
v 1.349000 0.221000 0.100000
v 1.349000 0.221000 -0.100000
v 1.353115 0.220879 0.100000
v 1.353115 0.220879 -0.100000
v 1.357125 0.220514 0.100000
v 1.357125 0.220514 -0.100000
v 1.361031 0.219906 0.100000
v 1.361031 0.219906 -0.100000
v 1.364833 0.219056 0.100000
v 1.364833 0.219056 -0.100000
v 1.368531 0.217962 0.100000
v 1.368531 0.217962 -0.100000
v 1.372125 0.216625 0.100000
v 1.372125 0.216625 -0.100000
v 1.375615 0.215045 0.100000
v 1.375615 0.215045 -0.100000
v 1.379000 0.213222 0.100000
v 1.379000 0.213222 -0.100000
v 1.382281 0.211156 0.100000
v 1.382281 0.211156 -0.100000
v 1.385458 0.208847 0.100000
v 1.385458 0.208847 -0.100000
v 1.388531 0.206295 0.100000
v 1.388531 0.206295 -0.100000
v 1.391500 0.203500 0.100000
v 1.391500 0.203500 -0.100000
v 1.394295 0.200531 0.100000
v 1.394295 0.200531 -0.100000
v 1.396847 0.197458 0.100000
v 1.396847 0.197458 -0.100000
v 1.399156 0.194281 0.100000
v 1.399156 0.194281 -0.100000
v 1.401222 0.191000 0.100000
v 1.401222 0.191000 -0.100000
v 1.403045 0.187615 0.100000
v 1.403045 0.187615 -0.100000
v 1.404625 0.184125 0.100000
v 1.404625 0.184125 -0.100000
v 1.405962 0.180531 0.100000
v 1.405962 0.180531 -0.100000
v 1.407056 0.176833 0.100000
v 1.407056 0.176833 -0.100000
v 1.407906 0.173031 0.100000
v 1.407906 0.173031 -0.100000
v 1.408514 0.169125 0.100000
v 1.408514 0.169125 -0.100000
v 1.408878 0.165115 0.100000
v 1.408878 0.165115 -0.100000
v 1.409000 0.161000 0.100000
v 1.409000 0.161000 -0.100000
v 1.409000 -0.340000 0.100000
v 1.409000 -0.340000 -0.100000
v 1.409122 -0.344115 0.100000
v 1.409122 -0.344115 -0.100000
v 1.409486 -0.348125 0.100000
v 1.409486 -0.348125 -0.100000
v 1.410094 -0.352031 0.100000
v 1.410094 -0.352031 -0.100000
v 1.410944 -0.355833 0.100000
v 1.410944 -0.355833 -0.100000
v 1.412038 -0.359531 0.100000
v 1.412038 -0.359531 -0.100000
v 1.413375 -0.363125 0.100000
v 1.413375 -0.363125 -0.100000
v 1.414955 -0.366615 0.100000
v 1.414955 -0.366615 -0.100000
v 1.416778 -0.370000 0.100000
v 1.416778 -0.370000 -0.100000
v 1.418844 -0.373281 0.100000
v 1.418844 -0.373281 -0.100000
v 1.421153 -0.376458 0.100000
v 1.421153 -0.376458 -0.100000
v 1.423705 -0.379531 0.100000
v 1.423705 -0.379531 -0.100000
v 1.426500 -0.382500 0.100000
v 1.426500 -0.382500 -0.100000
v 1.429462 -0.385295 0.100000
v 1.429462 -0.385295 -0.100000
v 1.432514 -0.387847 0.100000
v 1.432514 -0.387847 -0.100000
v 1.435656 -0.390156 0.100000
v 1.435656 -0.390156 -0.100000
v 1.438889 -0.392222 0.100000
v 1.438889 -0.392222 -0.100000
v 1.442212 -0.394045 0.100000
v 1.442212 -0.394045 -0.100000
v 1.445625 -0.395625 0.100000
v 1.445625 -0.395625 -0.100000
v 1.449128 -0.396962 0.100000
v 1.449128 -0.396962 -0.100000
v 1.452722 -0.398056 0.100000
v 1.452722 -0.398056 -0.100000
v 1.456406 -0.398906 0.100000
v 1.456406 -0.398906 -0.100000
v 1.460181 -0.399514 0.100000
v 1.460181 -0.399514 -0.100000
v 1.464045 -0.399878 0.100000
v 1.464045 -0.399878 -0.100000
v 1.468000 -0.400000 0.100000
v 1.468000 -0.400000 -0.100000
v 1.570000 -0.400000 0.100000
v 1.570000 -0.400000 -0.100000
v 1.574115 -0.399878 0.100000
v 1.574115 -0.399878 -0.100000
v 1.578125 -0.399514 0.100000
v 1.578125 -0.399514 -0.100000
v 1.582031 -0.398906 0.100000
v 1.582031 -0.398906 -0.100000
v 1.585833 -0.398056 0.100000
v 1.585833 -0.398056 -0.100000
v 1.589531 -0.396962 0.100000
v 1.589531 -0.396962 -0.100000
v 1.593125 -0.395625 0.100000
v 1.593125 -0.395625 -0.100000
v 1.596615 -0.394045 0.100000
v 1.596615 -0.394045 -0.100000
v 1.600000 -0.392222 0.100000
v 1.600000 -0.392222 -0.100000
v 1.603281 -0.390156 0.100000
v 1.603281 -0.390156 -0.100000
v 1.606458 -0.387847 0.100000
v 1.606458 -0.387847 -0.100000
v 1.609531 -0.385295 0.100000
v 1.609531 -0.385295 -0.100000
v 1.612500 -0.382500 0.100000
v 1.612500 -0.382500 -0.100000
v 1.615295 -0.379531 0.100000
v 1.615295 -0.379531 -0.100000
v 1.617847 -0.376458 0.100000
v 1.617847 -0.376458 -0.100000
v 1.620156 -0.373281 0.100000
v 1.620156 -0.373281 -0.100000
v 1.622222 -0.370000 0.100000
v 1.622222 -0.370000 -0.100000
v 1.624045 -0.366615 0.100000
v 1.624045 -0.366615 -0.100000
v 1.625625 -0.363125 0.100000
v 1.625625 -0.363125 -0.100000
v 1.626962 -0.359531 0.100000
v 1.626962 -0.359531 -0.100000
v 1.628056 -0.355833 0.100000
v 1.628056 -0.355833 -0.100000
v 1.628906 -0.352031 0.100000
v 1.628906 -0.352031 -0.100000
v 1.629514 -0.348125 0.100000
v 1.629514 -0.348125 -0.100000
v 1.629879 -0.344115 0.100000
v 1.629879 -0.344115 -0.100000
v 1.630000 -0.340000 0.100000
v 1.630000 -0.340000 -0.100000
v 1.630000 0.161000 0.100000
v 1.630000 0.161000 -0.100000
v 1.630122 0.165115 0.100000
v 1.630122 0.165115 -0.100000
v 1.630486 0.169125 0.100000
v 1.630486 0.169125 -0.100000
v 1.631094 0.173031 0.100000
v 1.631094 0.173031 -0.100000
v 1.631944 0.176833 0.100000
v 1.631944 0.176833 -0.100000
v 1.633038 0.180531 0.100000
v 1.633038 0.180531 -0.100000
v 1.634375 0.184125 0.100000
v 1.634375 0.184125 -0.100000
v 1.635955 0.187615 0.100000
v 1.635955 0.187615 -0.100000
v 1.637778 0.191000 0.100000
v 1.637778 0.191000 -0.100000
v 1.639844 0.194281 0.100000
v 1.639844 0.194281 -0.100000
v 1.642153 0.197458 0.100000
v 1.642153 0.197458 -0.100000
v 1.644705 0.200531 0.100000
v 1.644705 0.200531 -0.100000
v 1.647500 0.203500 0.100000
v 1.647500 0.203500 -0.100000
v 1.650462 0.206295 0.100000
v 1.650462 0.206295 -0.100000
v 1.653514 0.208847 0.100000
v 1.653514 0.208847 -0.100000
v 1.656656 0.211156 0.100000
v 1.656656 0.211156 -0.100000
v 1.659889 0.213222 0.100000
v 1.659889 0.213222 -0.100000
v 1.663212 0.215045 0.100000
v 1.663212 0.215045 -0.100000
v 1.666625 0.216625 0.100000
v 1.666625 0.216625 -0.100000
v 1.670128 0.217962 0.100000
v 1.670128 0.217962 -0.100000
v 1.673722 0.219056 0.100000
v 1.673722 0.219056 -0.100000
v 1.677406 0.219906 0.100000
v 1.677406 0.219906 -0.100000
v 1.681180 0.220514 0.100000
v 1.681180 0.220514 -0.100000
v 1.685045 0.220879 0.100000
v 1.685045 0.220879 -0.100000
v 1.689000 0.221000 0.100000
v 1.689000 0.221000 -0.100000
v 1.864000 0.221000 0.100000
v 1.864000 0.221000 -0.100000
v 1.868115 0.221122 0.100000
v 1.868115 0.221122 -0.100000
v 1.872125 0.221486 0.100000
v 1.872125 0.221486 -0.100000
v 1.876031 0.222094 0.100000
v 1.876031 0.222094 -0.100000
v 1.879833 0.222944 0.100000
v 1.879833 0.222944 -0.100000
v 1.883531 0.224038 0.100000
v 1.883531 0.224038 -0.100000
v 1.887125 0.225375 0.100000
v 1.887125 0.225375 -0.100000
v 1.890615 0.226955 0.100000
v 1.890615 0.226955 -0.100000
v 1.894000 0.228778 0.100000
v 1.894000 0.228778 -0.100000
v 1.897281 0.230844 0.100000
v 1.897281 0.230844 -0.100000
v 1.900458 0.233153 0.100000
v 1.900458 0.233153 -0.100000
v 1.903531 0.235705 0.100000
v 1.903531 0.235705 -0.100000
v 1.906500 0.238500 0.100000
v 1.906500 0.238500 -0.100000
v 1.909295 0.241469 0.100000
v 1.909295 0.241469 -0.100000
v 1.911847 0.244542 0.100000
v 1.911847 0.244542 -0.100000
v 1.914156 0.247719 0.100000
v 1.914156 0.247719 -0.100000
v 1.916222 0.251000 0.100000
v 1.916222 0.251000 -0.100000
v 1.918045 0.254385 0.100000
v 1.918045 0.254385 -0.100000
v 1.919625 0.257875 0.100000
v 1.919625 0.257875 -0.100000
v 1.920962 0.261469 0.100000
v 1.920962 0.261469 -0.100000
v 1.922056 0.265167 0.100000
v 1.922056 0.265167 -0.100000
v 1.922906 0.268969 0.100000
v 1.922906 0.268969 -0.100000
v 1.923514 0.272875 0.100000
v 1.923514 0.272875 -0.100000
v 1.923879 0.276885 0.100000
v 1.923879 0.276885 -0.100000
v 1.924000 0.281000 0.100000
v 1.924000 0.281000 -0.100000
v 1.924000 0.340000 0.100000
v 1.924000 0.340000 -0.100000
v 1.923878 0.344115 0.100000
v 1.923878 0.344115 -0.100000
v 1.923514 0.348125 0.100000
v 1.923514 0.348125 -0.100000
v 1.922906 0.352031 0.100000
v 1.922906 0.352031 -0.100000
v 1.922056 0.355833 0.100000
v 1.922056 0.355833 -0.100000
v 1.920962 0.359531 0.100000
v 1.920962 0.359531 -0.100000
v 1.919625 0.363125 0.100000
v 1.919625 0.363125 -0.100000
v 1.918045 0.366615 0.100000
v 1.918045 0.366615 -0.100000
v 1.916222 0.370000 0.100000
v 1.916222 0.370000 -0.100000
v 1.914156 0.373281 0.100000
v 1.914156 0.373281 -0.100000
v 1.911847 0.376458 0.100000
v 1.911847 0.376458 -0.100000
v 1.909295 0.379531 0.100000
v 1.909295 0.379531 -0.100000
v 1.906500 0.382500 0.100000
v 1.906500 0.382500 -0.100000
v 1.903531 0.385295 0.100000
v 1.903531 0.385295 -0.100000
v 1.900458 0.387847 0.100000
v 1.900458 0.387847 -0.100000
v 1.897281 0.390156 0.100000
v 1.897281 0.390156 -0.100000
v 1.894000 0.392222 0.100000
v 1.894000 0.392222 -0.100000
v 1.890615 0.394045 0.100000
v 1.890615 0.394045 -0.100000
v 1.887125 0.395625 0.100000
v 1.887125 0.395625 -0.100000
v 1.883531 0.396962 0.100000
v 1.883531 0.396962 -0.100000
v 1.879833 0.398056 0.100000
v 1.879833 0.398056 -0.100000
v 1.876031 0.398906 0.100000
v 1.876031 0.398906 -0.100000
v 1.872125 0.399514 0.100000
v 1.872125 0.399514 -0.100000
v 1.868115 0.399878 0.100000
v 1.868115 0.399878 -0.100000
v 1.864000 0.400000 0.100000
v 1.864000 0.400000 -0.100000
v 1.174000 0.400000 0.100000
v 1.174000 0.400000 -0.100000
v 0.771886 0.399878 0.100000
v 0.771886 0.399878 -0.100000
v 0.767875 0.399514 0.100000
v 0.767875 0.399514 -0.100000
v 0.763969 0.398906 0.100000
v 0.763969 0.398906 -0.100000
v 0.760167 0.398056 0.100000
v 0.760167 0.398056 -0.100000
v 0.756469 0.396962 0.100000
v 0.756469 0.396962 -0.100000
v 0.752875 0.395625 0.100000
v 0.752875 0.395625 -0.100000
v 0.749385 0.394045 0.100000
v 0.749385 0.394045 -0.100000
v 0.746000 0.392222 0.100000
v 0.746000 0.392222 -0.100000
v 0.742719 0.390156 0.100000
v 0.742719 0.390156 -0.100000
v 0.739542 0.387847 0.100000
v 0.739542 0.387847 -0.100000
v 0.736469 0.385295 0.100000
v 0.736469 0.385295 -0.100000
v 0.733500 0.382500 0.100000
v 0.733500 0.382500 -0.100000
v 0.730705 0.379531 0.100000
v 0.730705 0.379531 -0.100000
v 0.728153 0.376458 0.100000
v 0.728153 0.376458 -0.100000
v 0.725844 0.373281 0.100000
v 0.725844 0.373281 -0.100000
v 0.723778 0.370000 0.100000
v 0.723778 0.370000 -0.100000
v 0.721955 0.366615 0.100000
v 0.721955 0.366615 -0.100000
v 0.720375 0.363125 0.100000
v 0.720375 0.363125 -0.100000
v 0.719038 0.359531 0.100000
v 0.719038 0.359531 -0.100000
v 0.717944 0.355833 0.100000
v 0.717944 0.355833 -0.100000
v 0.717094 0.352031 0.100000
v 0.717094 0.352031 -0.100000
v 0.716486 0.348125 0.100000
v 0.716486 0.348125 -0.100000
v 0.716122 0.344115 0.100000
v 0.716122 0.344115 -0.100000
v 0.716000 0.340000 0.100000
v 0.716000 0.340000 -0.100000
v 0.716000 0.314000 0.100000
v 0.716000 0.314000 -0.100000
v 0.716122 0.309885 0.100000
v 0.716122 0.309885 -0.100000
v 0.716486 0.305875 0.100000
v 0.716486 0.305875 -0.100000
v 0.717094 0.301969 0.100000
v 0.717094 0.301969 -0.100000
v 0.717944 0.298167 0.100000
v 0.717944 0.298167 -0.100000
v 0.719038 0.294469 0.100000
v 0.719038 0.294469 -0.100000
v 0.720375 0.290875 0.100000
v 0.720375 0.290875 -0.100000
v 0.721955 0.287385 0.100000
v 0.721955 0.287385 -0.100000
v 0.723778 0.284000 0.100000
v 0.723778 0.284000 -0.100000
v 0.725844 0.280719 0.100000
v 0.725844 0.280719 -0.100000
v 0.728153 0.277542 0.100000
v 0.728153 0.277542 -0.100000
v 0.730705 0.274469 0.100000
v 0.730705 0.274469 -0.100000
v 0.733500 0.271500 0.100000
v 0.733500 0.271500 -0.100000
v 0.736469 0.268705 0.100000
v 0.736469 0.268705 -0.100000
v 0.739542 0.266153 0.100000
v 0.739542 0.266153 -0.100000
v 0.742719 0.263844 0.100000
v 0.742719 0.263844 -0.100000
v 0.746000 0.261778 0.100000
v 0.746000 0.261778 -0.100000
v 0.749385 0.259955 0.100000
v 0.749385 0.259955 -0.100000
v 0.752875 0.258375 0.100000
v 0.752875 0.258375 -0.100000
v 0.756469 0.257038 0.100000
v 0.756469 0.257038 -0.100000
v 0.760167 0.255944 0.100000
v 0.760167 0.255944 -0.100000
v 0.763969 0.255094 0.100000
v 0.763969 0.255094 -0.100000
v 0.767875 0.254486 0.100000
v 0.767875 0.254486 -0.100000
v 0.771885 0.254122 0.100000
v 0.771885 0.254122 -0.100000
v 0.776000 0.254000 0.100000
v 0.776000 0.254000 -0.100000
v 0.877000 0.254000 0.100000
v 0.877000 0.254000 -0.100000
v 0.881115 0.254122 0.100000
v 0.881115 0.254122 -0.100000
v 0.885125 0.254486 0.100000
v 0.885125 0.254486 -0.100000
v 0.889031 0.255094 0.100000
v 0.889031 0.255094 -0.100000
v 0.892833 0.255944 0.100000
v 0.892833 0.255944 -0.100000
v 0.896531 0.257038 0.100000
v 0.896531 0.257038 -0.100000
v 0.900125 0.258375 0.100000
v 0.900125 0.258375 -0.100000
v 0.903615 0.259955 0.100000
v 0.903615 0.259955 -0.100000
v 0.907000 0.261778 0.100000
v 0.907000 0.261778 -0.100000
v 0.910281 0.263844 0.100000
v 0.910281 0.263844 -0.100000
v 0.913458 0.266153 0.100000
v 0.913458 0.266153 -0.100000
v 0.916531 0.268705 0.100000
v 0.916531 0.268705 -0.100000
v 0.919500 0.271500 0.100000
v 0.919500 0.271500 -0.100000
v 0.922295 0.274469 0.100000
v 0.922295 0.274469 -0.100000
v 0.924847 0.277542 0.100000
v 0.924847 0.277542 -0.100000
v 0.927156 0.280719 0.100000
v 0.927156 0.280719 -0.100000
v 0.929222 0.284000 0.100000
v 0.929222 0.284000 -0.100000
v 0.931045 0.287385 0.100000
v 0.931045 0.287385 -0.100000
v 0.932625 0.290875 0.100000
v 0.932625 0.290875 -0.100000
v 0.933962 0.294469 0.100000
v 0.933962 0.294469 -0.100000
v 0.935056 0.298167 0.100000
v 0.935056 0.298167 -0.100000
v 0.935906 0.301969 0.100000
v 0.935906 0.301969 -0.100000
v 0.936514 0.305875 0.100000
v 0.936514 0.305875 -0.100000
v 0.936879 0.309885 0.100000
v 0.936879 0.309885 -0.100000
v 0.937000 0.314000 0.100000
v 0.937000 0.314000 -0.100000
v 0.937000 0.340000 0.100000
v 0.937000 0.340000 -0.100000
v 0.936879 0.344115 0.100000
v 0.936879 0.344115 -0.100000
v 0.936514 0.348125 0.100000
v 0.936514 0.348125 -0.100000
v 0.935906 0.352031 0.100000
v 0.935906 0.352031 -0.100000
v 0.935056 0.355833 0.100000
v 0.935056 0.355833 -0.100000
v 0.933962 0.359531 0.100000
v 0.933962 0.359531 -0.100000
v 0.932625 0.363125 0.100000
v 0.932625 0.363125 -0.100000
v 0.931045 0.366615 0.100000
v 0.931045 0.366615 -0.100000
v 0.929222 0.370000 0.100000
v 0.929222 0.370000 -0.100000
v 0.927156 0.373281 0.100000
v 0.927156 0.373281 -0.100000
v 0.924847 0.376458 0.100000
v 0.924847 0.376458 -0.100000
v 0.922295 0.379531 0.100000
v 0.922295 0.379531 -0.100000
v 0.919500 0.382500 0.100000
v 0.919500 0.382500 -0.100000
v 0.916531 0.385295 0.100000
v 0.916531 0.385295 -0.100000
v 0.913458 0.387847 0.100000
v 0.913458 0.387847 -0.100000
v 0.910281 0.390156 0.100000
v 0.910281 0.390156 -0.100000
v 0.907000 0.392222 0.100000
v 0.907000 0.392222 -0.100000
v 0.903615 0.394045 0.100000
v 0.903615 0.394045 -0.100000
v 0.900125 0.395625 0.100000
v 0.900125 0.395625 -0.100000
v 0.896531 0.396962 0.100000
v 0.896531 0.396962 -0.100000
v 0.892833 0.398056 0.100000
v 0.892833 0.398056 -0.100000
v 0.889031 0.398906 0.100000
v 0.889031 0.398906 -0.100000
v 0.885125 0.399514 0.100000
v 0.885125 0.399514 -0.100000
v 0.881115 0.399878 0.100000
v 0.881115 0.399878 -0.100000
v 0.877000 0.400000 0.100000
v 0.877000 0.400000 -0.100000
v 0.776000 0.400000 0.100000
v 0.776000 0.400000 -0.100000
v 0.936879 0.129115 0.100000
v 0.936879 0.129115 -0.100000
v 0.936514 0.133125 0.100000
v 0.936514 0.133125 -0.100000
v 0.935906 0.137031 0.100000
v 0.935906 0.137031 -0.100000
v 0.935056 0.140833 0.100000
v 0.935056 0.140833 -0.100000
v 0.933962 0.144531 0.100000
v 0.933962 0.144531 -0.100000
v 0.932625 0.148125 0.100000
v 0.932625 0.148125 -0.100000
v 0.931045 0.151615 0.100000
v 0.931045 0.151615 -0.100000
v 0.929222 0.155000 0.100000
v 0.929222 0.155000 -0.100000
v 0.927156 0.158281 0.100000
v 0.927156 0.158281 -0.100000
v 0.924847 0.161458 0.100000
v 0.924847 0.161458 -0.100000
v 0.922295 0.164531 0.100000
v 0.922295 0.164531 -0.100000
v 0.919500 0.167500 0.100000
v 0.919500 0.167500 -0.100000
v 0.916531 0.170295 0.100000
v 0.916531 0.170295 -0.100000
v 0.913458 0.172847 0.100000
v 0.913458 0.172847 -0.100000
v 0.910281 0.175156 0.100000
v 0.910281 0.175156 -0.100000
v 0.907000 0.177222 0.100000
v 0.907000 0.177222 -0.100000
v 0.903615 0.179045 0.100000
v 0.903615 0.179045 -0.100000
v 0.900125 0.180625 0.100000
v 0.900125 0.180625 -0.100000
v 0.896531 0.181962 0.100000
v 0.896531 0.181962 -0.100000
v 0.892833 0.183056 0.100000
v 0.892833 0.183056 -0.100000
v 0.889031 0.183906 0.100000
v 0.889031 0.183906 -0.100000
v 0.885125 0.184514 0.100000
v 0.885125 0.184514 -0.100000
v 0.881115 0.184878 0.100000
v 0.881115 0.184878 -0.100000
v 0.877000 0.185000 0.100000
v 0.877000 0.185000 -0.100000
v 0.776000 0.185000 0.100000
v 0.776000 0.185000 -0.100000
v 0.771886 0.184878 0.100000
v 0.771886 0.184878 -0.100000
v 0.767875 0.184514 0.100000
v 0.767875 0.184514 -0.100000
v 0.763969 0.183906 0.100000
v 0.763969 0.183906 -0.100000
v 0.760167 0.183056 0.100000
v 0.760167 0.183056 -0.100000
v 0.756469 0.181962 0.100000
v 0.756469 0.181962 -0.100000
v 0.752875 0.180625 0.100000
v 0.752875 0.180625 -0.100000
v 0.749385 0.179045 0.100000
v 0.749385 0.179045 -0.100000
v 0.746000 0.177222 0.100000
v 0.746000 0.177222 -0.100000
v 0.742719 0.175156 0.100000
v 0.742719 0.175156 -0.100000
v 0.739542 0.172847 0.100000
v 0.739542 0.172847 -0.100000
v 0.736469 0.170295 0.100000
v 0.736469 0.170295 -0.100000
v 0.733500 0.167500 0.100000
v 0.733500 0.167500 -0.100000
v 0.730705 0.164531 0.100000
v 0.730705 0.164531 -0.100000
v 0.728153 0.161458 0.100000
v 0.728153 0.161458 -0.100000
v 0.725844 0.158281 0.100000
v 0.725844 0.158281 -0.100000
v 0.723778 0.155000 0.100000
v 0.723778 0.155000 -0.100000
v 0.721955 0.151615 0.100000
v 0.721955 0.151615 -0.100000
v 0.720375 0.148125 0.100000
v 0.720375 0.148125 -0.100000
v 0.719038 0.144531 0.100000
v 0.719038 0.144531 -0.100000
v 0.717944 0.140833 0.100000
v 0.717944 0.140833 -0.100000
v 0.717094 0.137031 0.100000
v 0.717094 0.137031 -0.100000
v 0.716486 0.133125 0.100000
v 0.716486 0.133125 -0.100000
v 0.716122 0.129115 0.100000
v 0.716122 0.129115 -0.100000
v 0.716000 0.125000 0.100000
v 0.716000 0.125000 -0.100000
v 0.716000 -0.340000 0.100000
v 0.716000 -0.340000 -0.100000
v 0.716122 -0.344115 0.100000
v 0.716122 -0.344115 -0.100000
v 0.716486 -0.348125 0.100000
v 0.716486 -0.348125 -0.100000
v 0.717094 -0.352031 0.100000
v 0.717094 -0.352031 -0.100000
v 0.717944 -0.355833 0.100000
v 0.717944 -0.355833 -0.100000
v 0.719038 -0.359531 0.100000
v 0.719038 -0.359531 -0.100000
v 0.720375 -0.363125 0.100000
v 0.720375 -0.363125 -0.100000
v 0.721955 -0.366615 0.100000
v 0.721955 -0.366615 -0.100000
v 0.723778 -0.370000 0.100000
v 0.723778 -0.370000 -0.100000
v 0.725844 -0.373281 0.100000
v 0.725844 -0.373281 -0.100000
v 0.728153 -0.376458 0.100000
v 0.728153 -0.376458 -0.100000
v 0.730705 -0.379531 0.100000
v 0.730705 -0.379531 -0.100000
v 0.733500 -0.382500 0.100000
v 0.733500 -0.382500 -0.100000
v 0.736469 -0.385295 0.100000
v 0.736469 -0.385295 -0.100000
v 0.739542 -0.387847 0.100000
v 0.739542 -0.387847 -0.100000
v 0.742719 -0.390156 0.100000
v 0.742719 -0.390156 -0.100000
v 0.746000 -0.392222 0.100000
v 0.746000 -0.392222 -0.100000
v 0.749385 -0.394045 0.100000
v 0.749385 -0.394045 -0.100000
v 0.752875 -0.395625 0.100000
v 0.752875 -0.395625 -0.100000
v 0.756469 -0.396962 0.100000
v 0.756469 -0.396962 -0.100000
v 0.760167 -0.398056 0.100000
v 0.760167 -0.398056 -0.100000
v 0.763969 -0.398906 0.100000
v 0.763969 -0.398906 -0.100000
v 0.767875 -0.399514 0.100000
v 0.767875 -0.399514 -0.100000
v 0.771885 -0.399878 0.100000
v 0.771885 -0.399878 -0.100000
v 0.776000 -0.400000 0.100000
v 0.776000 -0.400000 -0.100000
v 0.877000 -0.400000 0.100000
v 0.877000 -0.400000 -0.100000
v 0.881115 -0.399878 0.100000
v 0.881115 -0.399878 -0.100000
v 0.885125 -0.399514 0.100000
v 0.885125 -0.399514 -0.100000
v 0.889031 -0.398906 0.100000
v 0.889031 -0.398906 -0.100000
v 0.892833 -0.398056 0.100000
v 0.892833 -0.398056 -0.100000
v 0.896531 -0.396962 0.100000
v 0.896531 -0.396962 -0.100000
v 0.900125 -0.395625 0.100000
v 0.900125 -0.395625 -0.100000
v 0.903615 -0.394045 0.100000
v 0.903615 -0.394045 -0.100000
v 0.907000 -0.392222 0.100000
v 0.907000 -0.392222 -0.100000
v 0.910281 -0.390156 0.100000
v 0.910281 -0.390156 -0.100000
v 0.913458 -0.387847 0.100000
v 0.913458 -0.387847 -0.100000
v 0.916531 -0.385295 0.100000
v 0.916531 -0.385295 -0.100000
v 0.919500 -0.382500 0.100000
v 0.919500 -0.382500 -0.100000
v 0.922295 -0.379531 0.100000
v 0.922295 -0.379531 -0.100000
v 0.924847 -0.376458 0.100000
v 0.924847 -0.376458 -0.100000
v 0.927156 -0.373281 0.100000
v 0.927156 -0.373281 -0.100000
v 0.929222 -0.370000 0.100000
v 0.929222 -0.370000 -0.100000
v 0.931045 -0.366615 0.100000
v 0.931045 -0.366615 -0.100000
v 0.932625 -0.363125 0.100000
v 0.932625 -0.363125 -0.100000
v 0.933962 -0.359531 0.100000
v 0.933962 -0.359531 -0.100000
v 0.935056 -0.355833 0.100000
v 0.935056 -0.355833 -0.100000
v 0.935906 -0.352031 0.100000
v 0.935906 -0.352031 -0.100000
v 0.936514 -0.348125 0.100000
v 0.936514 -0.348125 -0.100000
v 0.936879 -0.344115 0.100000
v 0.936879 -0.344115 -0.100000
v 0.937000 -0.340000 0.100000
v 0.937000 -0.340000 -0.100000
v 0.937000 0.125000 0.100000
v 0.937000 0.125000 -0.100000
v 0.112000 -0.311000 0.100000
v 0.112000 -0.311000 -0.100000
v 0.114340 -0.306049 0.100000
v 0.114340 -0.306049 -0.100000
v 0.117028 -0.301528 0.100000
v 0.117028 -0.301528 -0.100000
v 0.120062 -0.297437 0.100000
v 0.120062 -0.297438 -0.100000
v 0.123444 -0.293778 0.100000
v 0.123444 -0.293778 -0.100000
v 0.127174 -0.290549 0.100000
v 0.127174 -0.290549 -0.100000
v 0.131250 -0.287750 0.100000
v 0.131250 -0.287750 -0.100000
v 0.135674 -0.285382 0.100000
v 0.135674 -0.285382 -0.100000
v 0.140444 -0.283444 0.100000
v 0.140444 -0.283444 -0.100000
v 0.145562 -0.281937 0.100000
v 0.145562 -0.281938 -0.100000
v 0.151028 -0.280861 0.100000
v 0.151028 -0.280861 -0.100000
v 0.156840 -0.280215 0.100000
v 0.156840 -0.280215 -0.100000
v 0.163000 -0.280000 0.100000
v 0.163000 -0.280000 -0.100000
v 0.264000 -0.280000 0.100000
v 0.264000 -0.280000 -0.100000
v 0.268115 -0.279878 0.100000
v 0.268115 -0.279878 -0.100000
v 0.272125 -0.279514 0.100000
v 0.272125 -0.279514 -0.100000
v 0.276031 -0.278906 0.100000
v 0.276031 -0.278906 -0.100000
v 0.279833 -0.278056 0.100000
v 0.279833 -0.278056 -0.100000
v 0.283531 -0.276962 0.100000
v 0.283531 -0.276962 -0.100000
v 0.287125 -0.275625 0.100000
v 0.287125 -0.275625 -0.100000
v 0.290615 -0.274045 0.100000
v 0.290615 -0.274045 -0.100000
v 0.294000 -0.272222 0.100000
v 0.294000 -0.272222 -0.100000
v 0.297281 -0.270156 0.100000
v 0.297281 -0.270156 -0.100000
v 0.300458 -0.267847 0.100000
v 0.300458 -0.267847 -0.100000
v 0.303531 -0.265295 0.100000
v 0.303531 -0.265295 -0.100000
v 0.306500 -0.262500 0.100000
v 0.306500 -0.262500 -0.100000
v 0.309295 -0.259531 0.100000
v 0.309295 -0.259531 -0.100000
v 0.311847 -0.256458 0.100000
v 0.311847 -0.256458 -0.100000
v 0.314156 -0.253281 0.100000
v 0.314156 -0.253281 -0.100000
v 0.316222 -0.250000 0.100000
v 0.316222 -0.250000 -0.100000
v 0.318045 -0.246615 0.100000
v 0.318045 -0.246615 -0.100000
v 0.319625 -0.243125 0.100000
v 0.319625 -0.243125 -0.100000
v 0.320962 -0.239531 0.100000
v 0.320962 -0.239531 -0.100000
v 0.322056 -0.235833 0.100000
v 0.322056 -0.235833 -0.100000
v 0.322906 -0.232031 0.100000
v 0.322906 -0.232031 -0.100000
v 0.323514 -0.228125 0.100000
v 0.323514 -0.228125 -0.100000
v 0.323878 -0.224115 0.100000
v 0.323878 -0.224115 -0.100000
v 0.324000 -0.220000 0.100000
v 0.324000 -0.220000 -0.100000
v 0.324000 0.012000 0.100000
v 0.324000 0.012000 -0.100000
v 0.324194 0.018160 0.100000
v 0.324194 0.018160 -0.100000
v 0.324778 0.023972 0.100000
v 0.324778 0.023972 -0.100000
v 0.325750 0.029438 0.100000
v 0.325750 0.029438 -0.100000
v 0.327111 0.034556 0.100000
v 0.327111 0.034556 -0.100000
v 0.328861 0.039326 0.100000
v 0.328861 0.039326 -0.100000
v 0.331000 0.043750 0.100000
v 0.331000 0.043750 -0.100000
v 0.333528 0.047826 0.100000
v 0.333528 0.047826 -0.100000
v 0.336444 0.051556 0.100000
v 0.336444 0.051556 -0.100000
v 0.339750 0.054938 0.100000
v 0.339750 0.054938 -0.100000
v 0.343444 0.057972 0.100000
v 0.343444 0.057972 -0.100000
v 0.347528 0.060660 0.100000
v 0.347528 0.060660 -0.100000
v 0.352000 0.063000 0.100000
v 0.352000 0.063000 -0.100000
v 0.356493 0.064493 0.100000
v 0.356493 0.064493 -0.100000
v 0.360972 0.065972 0.100000
v 0.360972 0.065972 -0.100000
v 0.365438 0.067437 0.100000
v 0.365438 0.067437 -0.100000
v 0.369889 0.068889 0.100000
v 0.369889 0.068889 -0.100000
v 0.374326 0.070326 0.100000
v 0.374326 0.070326 -0.100000
v 0.378750 0.071750 0.100000
v 0.378750 0.071750 -0.100000
v 0.383160 0.073160 0.100000
v 0.383160 0.073160 -0.100000
v 0.387556 0.074555 0.100000
v 0.387556 0.074555 -0.100000
v 0.391938 0.075937 0.100000
v 0.391938 0.075937 -0.100000
v 0.396306 0.077305 0.100000
v 0.396306 0.077305 -0.100000
v 0.400660 0.078660 0.100000
v 0.400660 0.078660 -0.100000
v 0.405000 0.080000 0.100000
v 0.405000 0.080000 -0.100000
v 0.409632 0.082326 0.100000
v 0.409632 0.082326 -0.100000
v 0.413861 0.084972 0.100000
v 0.413861 0.084972 -0.100000
v 0.417687 0.087938 0.100000
v 0.417687 0.087938 -0.100000
v 0.421111 0.091222 0.100000
v 0.421111 0.091222 -0.100000
v 0.424132 0.094826 0.100000
v 0.424132 0.094826 -0.100000
v 0.426750 0.098750 0.100000
v 0.426750 0.098750 -0.100000
v 0.428965 0.102993 0.100000
v 0.428965 0.102993 -0.100000
v 0.430778 0.107556 0.100000
v 0.430778 0.107556 -0.100000
v 0.432187 0.112438 0.100000
v 0.432187 0.112438 -0.100000
v 0.433194 0.117639 0.100000
v 0.433194 0.117639 -0.100000
v 0.433798 0.123160 0.100000
v 0.433798 0.123160 -0.100000
v 0.434000 0.129000 0.100000
v 0.434000 0.129000 -0.100000
v 0.433799 0.134681 0.100000
v 0.433799 0.134681 -0.100000
v 0.433194 0.140056 0.100000
v 0.433194 0.140056 -0.100000
v 0.432188 0.145125 0.100000
v 0.432188 0.145125 -0.100000
v 0.430778 0.149889 0.100000
v 0.430778 0.149889 -0.100000
v 0.428965 0.154347 0.100000
v 0.428965 0.154347 -0.100000
v 0.426750 0.158500 0.100000
v 0.426750 0.158500 -0.100000
v 0.424132 0.162347 0.100000
v 0.424132 0.162347 -0.100000
v 0.421111 0.165889 0.100000
v 0.421111 0.165889 -0.100000
v 0.417688 0.169125 0.100000
v 0.417688 0.169125 -0.100000
v 0.413861 0.172056 0.100000
v 0.413861 0.172056 -0.100000
v 0.409632 0.174681 0.100000
v 0.409632 0.174681 -0.100000
v 0.405000 0.177000 0.100000
v 0.405000 0.177000 -0.100000
v 0.400660 0.178340 0.100000
v 0.400660 0.178340 -0.100000
v 0.396306 0.179694 0.100000
v 0.396306 0.179694 -0.100000
v 0.391937 0.181062 0.100000
v 0.391937 0.181062 -0.100000
v 0.387556 0.182444 0.100000
v 0.387556 0.182444 -0.100000
v 0.383160 0.183840 0.100000
v 0.383160 0.183840 -0.100000
v 0.378750 0.185250 0.100000
v 0.378750 0.185250 -0.100000
v 0.374326 0.186674 0.100000
v 0.374326 0.186674 -0.100000
v 0.369889 0.188111 0.100000
v 0.369889 0.188111 -0.100000
v 0.365437 0.189562 0.100000
v 0.365437 0.189562 -0.100000
v 0.360972 0.191028 0.100000
v 0.360972 0.191028 -0.100000
v 0.356493 0.192507 0.100000
v 0.356493 0.192507 -0.100000
v 0.352000 0.194000 0.100000
v 0.352000 0.194000 -0.100000
v 0.347528 0.196340 0.100000
v 0.347528 0.196340 -0.100000
v 0.343444 0.199028 0.100000
v 0.343444 0.199028 -0.100000
v 0.339750 0.202063 0.100000
v 0.339750 0.202063 -0.100000
v 0.336444 0.205444 0.100000
v 0.336444 0.205444 -0.100000
v 0.333528 0.209174 0.100000
v 0.333528 0.209174 -0.100000
v 0.331000 0.213250 0.100000
v 0.331000 0.213250 -0.100000
v 0.328861 0.217674 0.100000
v 0.328861 0.217674 -0.100000
v 0.327111 0.222444 0.100000
v 0.327111 0.222444 -0.100000
v 0.325750 0.227563 0.100000
v 0.325750 0.227563 -0.100000
v 0.324778 0.233028 0.100000
v 0.324778 0.233028 -0.100000
v 0.324194 0.238840 0.100000
v 0.324194 0.238840 -0.100000
v 0.324000 0.245000 0.100000
v 0.324000 0.245000 -0.100000
v 0.324000 0.340000 0.100000
v 0.324000 0.340000 -0.100000
v 0.323878 0.344115 0.100000
v 0.323878 0.344115 -0.100000
v 0.323514 0.348125 0.100000
v 0.323514 0.348125 -0.100000
v 0.322906 0.352031 0.100000
v 0.322906 0.352031 -0.100000
v 0.322056 0.355833 0.100000
v 0.322056 0.355833 -0.100000
v 0.320962 0.359531 0.100000
v 0.320962 0.359531 -0.100000
v 0.319625 0.363125 0.100000
v 0.319625 0.363125 -0.100000
v 0.318045 0.366615 0.100000
v 0.318045 0.366615 -0.100000
v 0.316222 0.370000 0.100000
v 0.316222 0.370000 -0.100000
v 0.314156 0.373281 0.100000
v 0.314156 0.373281 -0.100000
v 0.311847 0.376458 0.100000
v 0.311847 0.376458 -0.100000
v 0.309295 0.379531 0.100000
v 0.309295 0.379531 -0.100000
v 0.306500 0.382500 0.100000
v 0.306500 0.382500 -0.100000
v 0.303531 0.385295 0.100000
v 0.303531 0.385295 -0.100000
v 0.300458 0.387847 0.100000
v 0.300458 0.387847 -0.100000
v 0.297281 0.390156 0.100000
v 0.297281 0.390156 -0.100000
v 0.294000 0.392222 0.100000
v 0.294000 0.392222 -0.100000
v 0.290615 0.394045 0.100000
v 0.290615 0.394045 -0.100000
v 0.287125 0.395625 0.100000
v 0.287125 0.395625 -0.100000
v 0.283531 0.396962 0.100000
v 0.283531 0.396962 -0.100000
v 0.279833 0.398056 0.100000
v 0.279833 0.398056 -0.100000
v 0.276031 0.398906 0.100000
v 0.276031 0.398906 -0.100000
v 0.272125 0.399514 0.100000
v 0.272125 0.399514 -0.100000
v 0.268115 0.399878 0.100000
v 0.268115 0.399878 -0.100000
v 0.264000 0.400000 0.100000
v 0.264000 0.400000 -0.100000
v 0.163000 0.400000 0.100000
v 0.163000 0.400000 -0.100000
v 0.158885 0.399878 0.100000
v 0.158885 0.399878 -0.100000
v 0.154875 0.399514 0.100000
v 0.154875 0.399514 -0.100000
v 0.150969 0.398906 0.100000
v 0.150969 0.398906 -0.100000
v 0.147167 0.398056 0.100000
v 0.147167 0.398056 -0.100000
v 0.143469 0.396962 0.100000
v 0.143469 0.396962 -0.100000
v 0.139875 0.395625 0.100000
v 0.139875 0.395625 -0.100000
v 0.136385 0.394045 0.100000
v 0.136385 0.394045 -0.100000
v 0.133000 0.392222 0.100000
v 0.133000 0.392222 -0.100000
v 0.129719 0.390156 0.100000
v 0.129719 0.390156 -0.100000
v 0.126542 0.387847 0.100000
v 0.126542 0.387847 -0.100000
v 0.123469 0.385295 0.100000
v 0.123469 0.385295 -0.100000
v 0.120500 0.382500 0.100000
v 0.120500 0.382500 -0.100000
v 0.117705 0.379531 0.100000
v 0.117705 0.379531 -0.100000
v 0.115153 0.376458 0.100000
v 0.115153 0.376458 -0.100000
v 0.112844 0.373281 0.100000
v 0.112844 0.373281 -0.100000
v 0.110778 0.370000 0.100000
v 0.110778 0.370000 -0.100000
v 0.108955 0.366615 0.100000
v 0.108955 0.366615 -0.100000
v 0.107375 0.363125 0.100000
v 0.107375 0.363125 -0.100000
v 0.106038 0.359531 0.100000
v 0.106038 0.359531 -0.100000
v 0.104944 0.355833 0.100000
v 0.104944 0.355833 -0.100000
v 0.104094 0.352031 0.100000
v 0.104094 0.352031 -0.100000
v 0.103486 0.348125 0.100000
v 0.103486 0.348125 -0.100000
v 0.103122 0.344115 0.100000
v 0.103122 0.344115 -0.100000
v 0.103000 0.340000 0.100000
v 0.103000 0.340000 -0.100000
v 0.103000 0.245000 0.100000
v 0.103000 0.245000 -0.100000
v 0.102878 0.240885 0.100000
v 0.102878 0.240885 -0.100000
v 0.102514 0.236875 0.100000
v 0.102514 0.236875 -0.100000
v 0.101906 0.232969 0.100000
v 0.101906 0.232969 -0.100000
v 0.101056 0.229167 0.100000
v 0.101056 0.229167 -0.100000
v 0.099962 0.225469 0.100000
v 0.099962 0.225469 -0.100000
v 0.098625 0.221875 0.100000
v 0.098625 0.221875 -0.100000
v 0.097045 0.218385 0.100000
v 0.097045 0.218385 -0.100000
v 0.095222 0.215000 0.100000
v 0.095222 0.215000 -0.100000
v 0.093156 0.211719 0.100000
v 0.093156 0.211719 -0.100000
v 0.090847 0.208542 0.100000
v 0.090847 0.208542 -0.100000
v 0.088295 0.205469 0.100000
v 0.088295 0.205469 -0.100000
v 0.085500 0.202500 0.100000
v 0.085500 0.202500 -0.100000
v 0.082531 0.199705 0.100000
v 0.082531 0.199705 -0.100000
v 0.079458 0.197153 0.100000
v 0.079458 0.197153 -0.100000
v 0.076281 0.194844 0.100000
v 0.076281 0.194844 -0.100000
v 0.073000 0.192778 0.100000
v 0.073000 0.192778 -0.100000
v 0.069615 0.190955 0.100000
v 0.069615 0.190955 -0.100000
v 0.066125 0.189375 0.100000
v 0.066125 0.189375 -0.100000
v 0.062531 0.188038 0.100000
v 0.062531 0.188038 -0.100000
v 0.058833 0.186944 0.100000
v 0.058833 0.186944 -0.100000
v 0.055031 0.186094 0.100000
v 0.055031 0.186094 -0.100000
v 0.051125 0.185486 0.100000
v 0.051125 0.185486 -0.100000
v 0.047115 0.185122 0.100000
v 0.047115 0.185122 -0.100000
v 0.043000 0.185000 0.100000
v 0.043000 0.185000 -0.100000
v -0.076000 0.185000 0.100000
v -0.076000 0.185000 -0.100000
v -0.080115 0.184878 0.100000
v -0.080115 0.184878 -0.100000
v -0.084125 0.184514 0.100000
v -0.084125 0.184514 -0.100000
v -0.088031 0.183906 0.100000
v -0.088031 0.183906 -0.100000
v -0.091833 0.183056 0.100000
v -0.091833 0.183056 -0.100000
v -0.095531 0.181962 0.100000
v -0.095531 0.181962 -0.100000
v -0.099125 0.180625 0.100000
v -0.099125 0.180625 -0.100000
v -0.102615 0.179045 0.100000
v -0.102615 0.179045 -0.100000
v -0.106000 0.177222 0.100000
v -0.106000 0.177222 -0.100000
v -0.109281 0.175156 0.100000
v -0.109281 0.175156 -0.100000
v -0.112458 0.172847 0.100000
v -0.112458 0.172847 -0.100000
v -0.115531 0.170295 0.100000
v -0.115531 0.170295 -0.100000
v -0.118500 0.167500 0.100000
v -0.118500 0.167500 -0.100000
v -0.121295 0.164531 0.100000
v -0.121295 0.164531 -0.100000
v -0.123847 0.161458 0.100000
v -0.123847 0.161458 -0.100000
v -0.126156 0.158281 0.100000
v -0.126156 0.158281 -0.100000
v -0.128222 0.155000 0.100000
v -0.128222 0.155000 -0.100000
v -0.130045 0.151615 0.100000
v -0.130045 0.151615 -0.100000
v -0.131625 0.148125 0.100000
v -0.131625 0.148125 -0.100000
v -0.132962 0.144531 0.100000
v -0.132962 0.144531 -0.100000
v -0.134056 0.140833 0.100000
v -0.134056 0.140833 -0.100000
v -0.134906 0.137031 0.100000
v -0.134906 0.137031 -0.100000
v -0.135514 0.133125 0.100000
v -0.135514 0.133125 -0.100000
v -0.135878 0.129115 0.100000
v -0.135878 0.129115 -0.100000
v -0.136000 0.125000 0.100000
v -0.136000 0.125000 -0.100000
v -0.135879 0.121045 0.100000
v -0.135879 0.121045 -0.100000
v -0.135514 0.117181 0.100000
v -0.135514 0.117181 -0.100000
v -0.134906 0.113406 0.100000
v -0.134906 0.113406 -0.100000
v -0.134056 0.109722 0.100000
v -0.134056 0.109722 -0.100000
v -0.132962 0.106128 0.100000
v -0.132962 0.106128 -0.100000
v -0.131625 0.102625 0.100000
v -0.131625 0.102625 -0.100000
v -0.130045 0.099212 0.100000
v -0.130045 0.099212 -0.100000
v -0.128222 0.095889 0.100000
v -0.128222 0.095889 -0.100000
v -0.126156 0.092656 0.100000
v -0.126156 0.092656 -0.100000
v -0.123847 0.089514 0.100000
v -0.123847 0.089514 -0.100000
v -0.121295 0.086462 0.100000
v -0.121295 0.086462 -0.100000
v -0.118500 0.083500 0.100000
v -0.118500 0.083500 -0.100000
v -0.115531 0.080705 0.100000
v -0.115531 0.080705 -0.100000
v -0.112458 0.078153 0.100000
v -0.112458 0.078153 -0.100000
v -0.109281 0.075844 0.100000
v -0.109281 0.075844 -0.100000
v -0.106000 0.073778 0.100000
v -0.106000 0.073778 -0.100000
v -0.102615 0.071955 0.100000
v -0.102615 0.071955 -0.100000
v -0.099125 0.070375 0.100000
v -0.099125 0.070375 -0.100000
v -0.095531 0.069038 0.100000
v -0.095531 0.069038 -0.100000
v -0.091833 0.067944 0.100000
v -0.091833 0.067944 -0.100000
v -0.088031 0.067094 0.100000
v -0.088031 0.067094 -0.100000
v -0.084125 0.066486 0.100000
v -0.084125 0.066486 -0.100000
v -0.080115 0.066122 0.100000
v -0.080115 0.066122 -0.100000
v -0.076000 0.066000 0.100000
v -0.076000 0.066000 -0.100000
v 0.043000 0.066000 0.100000
v 0.043000 0.066000 -0.100000
v 0.047115 0.065875 0.100000
v 0.047115 0.065875 -0.100000
v 0.051125 0.065500 0.100000
v 0.051125 0.065500 -0.100000
v 0.055031 0.064875 0.100000
v 0.055031 0.064875 -0.100000
v 0.058833 0.064000 0.100000
v 0.058833 0.064000 -0.100000
v 0.062531 0.062875 0.100000
v 0.062531 0.062875 -0.100000
v 0.066125 0.061500 0.100000
v 0.066125 0.061500 -0.100000
v 0.069615 0.059875 0.100000
v 0.069615 0.059875 -0.100000
v 0.073000 0.058000 0.100000
v 0.073000 0.058000 -0.100000
v 0.076281 0.055875 0.100000
v 0.076281 0.055875 -0.100000
v 0.079458 0.053500 0.100000
v 0.079458 0.053500 -0.100000
v 0.082531 0.050875 0.100000
v 0.082531 0.050875 -0.100000
v 0.085500 0.048000 0.100000
v 0.085500 0.048000 -0.100000
v 0.088295 0.044958 0.100000
v 0.088295 0.044958 -0.100000
v 0.090847 0.041833 0.100000
v 0.090847 0.041833 -0.100000
v 0.093156 0.038625 0.100000
v 0.093156 0.038625 -0.100000
v 0.095222 0.035333 0.100000
v 0.095222 0.035333 -0.100000
v 0.097045 0.031958 0.100000
v 0.097045 0.031958 -0.100000
v 0.098625 0.028500 0.100000
v 0.098625 0.028500 -0.100000
v 0.099962 0.024958 0.100000
v 0.099962 0.024958 -0.100000
v 0.101056 0.021333 0.100000
v 0.101056 0.021333 -0.100000
v 0.101906 0.017625 0.100000
v 0.101906 0.017625 -0.100000
v 0.102514 0.013833 0.100000
v 0.102514 0.013833 -0.100000
v 0.102878 0.009958 0.100000
v 0.102878 0.009958 -0.100000
v 0.103000 0.006000 0.100000
v 0.103000 0.006000 -0.100000
v 0.103000 -0.220000 0.100000
v 0.103000 -0.220000 -0.100000
v 0.102878 -0.224115 0.100000
v 0.102878 -0.224115 -0.100000
v 0.102514 -0.228125 0.100000
v 0.102514 -0.228125 -0.100000
v 0.101906 -0.232031 0.100000
v 0.101906 -0.232031 -0.100000
v 0.101056 -0.235833 0.100000
v 0.101056 -0.235833 -0.100000
v 0.099962 -0.239531 0.100000
v 0.099962 -0.239531 -0.100000
v 0.098625 -0.243125 0.100000
v 0.098625 -0.243125 -0.100000
v 0.097045 -0.246615 0.100000
v 0.097045 -0.246615 -0.100000
v 0.095222 -0.250000 0.100000
v 0.095222 -0.250000 -0.100000
v 0.093156 -0.253281 0.100000
v 0.093156 -0.253281 -0.100000
v 0.090847 -0.256458 0.100000
v 0.090847 -0.256458 -0.100000
v 0.088295 -0.259531 0.100000
v 0.088295 -0.259531 -0.100000
v 0.085500 -0.262500 0.100000
v 0.085500 -0.262500 -0.100000
v 0.082531 -0.265295 0.100000
v 0.082531 -0.265295 -0.100000
v 0.079458 -0.267847 0.100000
v 0.079458 -0.267847 -0.100000
v 0.076281 -0.270156 0.100000
v 0.076281 -0.270156 -0.100000
v 0.073000 -0.272222 0.100000
v 0.073000 -0.272222 -0.100000
v 0.069615 -0.274045 0.100000
v 0.069615 -0.274045 -0.100000
v 0.066125 -0.275625 0.100000
v 0.066125 -0.275625 -0.100000
v 0.062531 -0.276962 0.100000
v 0.062531 -0.276962 -0.100000
v 0.058833 -0.278056 0.100000
v 0.058833 -0.278056 -0.100000
v 0.055031 -0.278906 0.100000
v 0.055031 -0.278906 -0.100000
v 0.051125 -0.279514 0.100000
v 0.051125 -0.279514 -0.100000
v 0.047115 -0.279878 0.100000
v 0.047115 -0.279878 -0.100000
v 0.043000 -0.280000 0.100000
v 0.043000 -0.280000 -0.100000
v -0.076000 -0.280000 0.100000
v -0.076000 -0.280000 -0.100000
v -0.080115 -0.280125 0.100000
v -0.080115 -0.280125 -0.100000
v -0.084125 -0.280500 0.100000
v -0.084125 -0.280500 -0.100000
v -0.088031 -0.281125 0.100000
v -0.088031 -0.281125 -0.100000
v -0.091833 -0.282000 0.100000
v -0.091833 -0.282000 -0.100000
v -0.095531 -0.283125 0.100000
v -0.095531 -0.283125 -0.100000
v -0.099125 -0.284500 0.100000
v -0.099125 -0.284500 -0.100000
v -0.102615 -0.286125 0.100000
v -0.102615 -0.286125 -0.100000
v -0.106000 -0.288000 0.100000
v -0.106000 -0.288000 -0.100000
v -0.109281 -0.290125 0.100000
v -0.109281 -0.290125 -0.100000
v -0.112458 -0.292500 0.100000
v -0.112458 -0.292500 -0.100000
v -0.115531 -0.295125 0.100000
v -0.115531 -0.295125 -0.100000
v -0.118500 -0.298000 0.100000
v -0.118500 -0.298000 -0.100000
v -0.121295 -0.301042 0.100000
v -0.121295 -0.301042 -0.100000
v -0.123847 -0.304167 0.100000
v -0.123847 -0.304167 -0.100000
v -0.126156 -0.307375 0.100000
v -0.126156 -0.307375 -0.100000
v -0.128222 -0.310667 0.100000
v -0.128222 -0.310667 -0.100000
v -0.130045 -0.314042 0.100000
v -0.130045 -0.314042 -0.100000
v -0.131625 -0.317500 0.100000
v -0.131625 -0.317500 -0.100000
v -0.132962 -0.321042 0.100000
v -0.132962 -0.321042 -0.100000
v -0.134056 -0.324667 0.100000
v -0.134056 -0.324667 -0.100000
v -0.134906 -0.328375 0.100000
v -0.134906 -0.328375 -0.100000
v -0.135514 -0.332167 0.100000
v -0.135514 -0.332167 -0.100000
v -0.135878 -0.336042 0.100000
v -0.135878 -0.336042 -0.100000
v -0.136000 -0.340000 0.100000
v -0.136000 -0.340000 -0.100000
v -0.135879 -0.344115 0.100000
v -0.135879 -0.344115 -0.100000
v -0.135514 -0.348125 0.100000
v -0.135514 -0.348125 -0.100000
v -0.134906 -0.352031 0.100000
v -0.134906 -0.352031 -0.100000
v -0.134056 -0.355833 0.100000
v -0.134056 -0.355833 -0.100000
v -0.132962 -0.359531 0.100000
v -0.132962 -0.359531 -0.100000
v -0.131625 -0.363125 0.100000
v -0.131625 -0.363125 -0.100000
v -0.130045 -0.366615 0.100000
v -0.130045 -0.366615 -0.100000
v -0.128222 -0.370000 0.100000
v -0.128222 -0.370000 -0.100000
v -0.126156 -0.373281 0.100000
v -0.126156 -0.373281 -0.100000
v -0.123847 -0.376458 0.100000
v -0.123847 -0.376458 -0.100000
v -0.121295 -0.379531 0.100000
v -0.121295 -0.379531 -0.100000
v -0.118500 -0.382500 0.100000
v -0.118500 -0.382500 -0.100000
v -0.115531 -0.385295 0.100000
v -0.115531 -0.385295 -0.100000
v -0.112458 -0.387847 0.100000
v -0.112458 -0.387847 -0.100000
v -0.109281 -0.390156 0.100000
v -0.109281 -0.390156 -0.100000
v -0.106000 -0.392222 0.100000
v -0.106000 -0.392222 -0.100000
v -0.102615 -0.394045 0.100000
v -0.102615 -0.394045 -0.100000
v -0.099125 -0.395625 0.100000
v -0.099125 -0.395625 -0.100000
v -0.095531 -0.396962 0.100000
v -0.095531 -0.396962 -0.100000
v -0.091833 -0.398056 0.100000
v -0.091833 -0.398056 -0.100000
v -0.088031 -0.398906 0.100000
v -0.088031 -0.398906 -0.100000
v -0.084125 -0.399514 0.100000
v -0.084125 -0.399514 -0.100000
v -0.080115 -0.399878 0.100000
v -0.080115 -0.399878 -0.100000
v -0.076000 -0.400000 0.100000
v -0.076000 -0.400000 -0.100000
v 0.043000 -0.400000 0.100000
v 0.043000 -0.400000 -0.100000
v 0.049007 -0.399785 0.100000
v 0.049007 -0.399785 -0.100000
v 0.054694 -0.399139 0.100000
v 0.054694 -0.399139 -0.100000
v 0.060062 -0.398062 0.100000
v 0.060062 -0.398062 -0.100000
v 0.065111 -0.396556 0.100000
v 0.065111 -0.396556 -0.100000
v 0.069840 -0.394618 0.100000
v 0.069840 -0.394618 -0.100000
v 0.074250 -0.392250 0.100000
v 0.074250 -0.392250 -0.100000
v 0.078340 -0.389451 0.100000
v 0.078340 -0.389451 -0.100000
v 0.082111 -0.386222 0.100000
v 0.082111 -0.386222 -0.100000
v 0.085562 -0.382562 0.100000
v 0.085562 -0.382563 -0.100000
v 0.088694 -0.378472 0.100000
v 0.088694 -0.378472 -0.100000
v 0.091507 -0.373951 0.100000
v 0.091507 -0.373951 -0.100000
v 0.094000 -0.369000 0.100000
v 0.094000 -0.369000 -0.100000
v 0.095500 -0.364167 0.100000
v 0.095500 -0.364167 -0.100000
v 0.097000 -0.359333 0.100000
v 0.097000 -0.359333 -0.100000
v 0.098500 -0.354500 0.100000
v 0.098500 -0.354500 -0.100000
v 0.100000 -0.349667 0.100000
v 0.100000 -0.349667 -0.100000
v 0.101500 -0.344833 0.100000
v 0.101500 -0.344833 -0.100000
v 0.103000 -0.340000 0.100000
v 0.103000 -0.340000 -0.100000
v 0.104500 -0.335167 0.100000
v 0.104500 -0.335167 -0.100000
v 0.106000 -0.330333 0.100000
v 0.106000 -0.330333 -0.100000
v 0.107500 -0.325500 0.100000
v 0.107500 -0.325500 -0.100000
v 0.109000 -0.320667 0.100000
v 0.109000 -0.320667 -0.100000
v 0.110500 -0.315833 0.100000
v 0.110500 -0.315833 -0.100000
v -0.646827 -0.273340 0.100000
v -0.646827 -0.273340 -0.100000
v -0.651639 -0.274694 0.100000
v -0.651639 -0.274694 -0.100000
v -0.656438 -0.276062 0.100000
v -0.656438 -0.276063 -0.100000
v -0.661222 -0.277444 0.100000
v -0.661222 -0.277444 -0.100000
v -0.665993 -0.278840 0.100000
v -0.665993 -0.278840 -0.100000
v -0.670750 -0.280250 0.100000
v -0.670750 -0.280250 -0.100000
v -0.675493 -0.281674 0.100000
v -0.675493 -0.281674 -0.100000
v -0.680222 -0.283111 0.100000
v -0.680222 -0.283111 -0.100000
v -0.684938 -0.284562 0.100000
v -0.684938 -0.284563 -0.100000
v -0.689639 -0.286028 0.100000
v -0.689639 -0.286028 -0.100000
v -0.694327 -0.287507 0.100000
v -0.694327 -0.287507 -0.100000
v -0.699000 -0.289000 0.100000
v -0.699000 -0.289000 -0.100000
v -0.703952 -0.291493 0.100000
v -0.703952 -0.291493 -0.100000
v -0.708472 -0.294306 0.100000
v -0.708472 -0.294306 -0.100000
v -0.712563 -0.297437 0.100000
v -0.712563 -0.297438 -0.100000
v -0.716222 -0.300889 0.100000
v -0.716222 -0.300889 -0.100000
v -0.719452 -0.304660 0.100000
v -0.719452 -0.304660 -0.100000
v -0.722250 -0.308750 0.100000
v -0.722250 -0.308750 -0.100000
v -0.724618 -0.313160 0.100000
v -0.724618 -0.313160 -0.100000
v -0.726556 -0.317889 0.100000
v -0.726556 -0.317889 -0.100000
v -0.728063 -0.322937 0.100000
v -0.728063 -0.322938 -0.100000
v -0.729139 -0.328306 0.100000
v -0.729139 -0.328306 -0.100000
v -0.729785 -0.333993 0.100000
v -0.729785 -0.333993 -0.100000
v -0.730000 -0.340000 0.100000
v -0.730000 -0.340000 -0.100000
v -0.729879 -0.344115 0.100000
v -0.729879 -0.344115 -0.100000
v -0.729514 -0.348125 0.100000
v -0.729514 -0.348125 -0.100000
v -0.728906 -0.352031 0.100000
v -0.728906 -0.352031 -0.100000
v -0.728056 -0.355833 0.100000
v -0.728056 -0.355833 -0.100000
v -0.726962 -0.359531 0.100000
v -0.726962 -0.359531 -0.100000
v -0.725625 -0.363125 0.100000
v -0.725625 -0.363125 -0.100000
v -0.724045 -0.366615 0.100000
v -0.724045 -0.366615 -0.100000
v -0.722222 -0.370000 0.100000
v -0.722222 -0.370000 -0.100000
v -0.720156 -0.373281 0.100000
v -0.720156 -0.373281 -0.100000
v -0.717847 -0.376458 0.100000
v -0.717847 -0.376458 -0.100000
v -0.715295 -0.379531 0.100000
v -0.715295 -0.379531 -0.100000
v -0.712500 -0.382500 0.100000
v -0.712500 -0.382500 -0.100000
v -0.709538 -0.385295 0.100000
v -0.709538 -0.385295 -0.100000
v -0.706486 -0.387847 0.100000
v -0.706486 -0.387847 -0.100000
v -0.703344 -0.390156 0.100000
v -0.703344 -0.390156 -0.100000
v -0.700111 -0.392222 0.100000
v -0.700111 -0.392222 -0.100000
v -0.696788 -0.394045 0.100000
v -0.696788 -0.394045 -0.100000
v -0.693375 -0.395625 0.100000
v -0.693375 -0.395625 -0.100000
v -0.689872 -0.396962 0.100000
v -0.689872 -0.396962 -0.100000
v -0.686278 -0.398056 0.100000
v -0.686278 -0.398056 -0.100000
v -0.682594 -0.398906 0.100000
v -0.682594 -0.398906 -0.100000
v -0.678820 -0.399514 0.100000
v -0.678820 -0.399514 -0.100000
v -0.674955 -0.399878 0.100000
v -0.674955 -0.399878 -0.100000
v -0.671000 -0.400000 0.100000
v -0.671000 -0.400000 -0.100000
v -0.664840 -0.399785 0.100000
v -0.664840 -0.399785 -0.100000
v -0.659028 -0.399139 0.100000
v -0.659028 -0.399139 -0.100000
v -0.653563 -0.398062 0.100000
v -0.653563 -0.398062 -0.100000
v -0.648445 -0.396556 0.100000
v -0.648445 -0.396556 -0.100000
v -0.643674 -0.394618 0.100000
v -0.643674 -0.394618 -0.100000
v -0.639250 -0.392250 0.100000
v -0.639250 -0.392250 -0.100000
v -0.635174 -0.389451 0.100000
v -0.635174 -0.389451 -0.100000
v -0.631445 -0.386222 0.100000
v -0.631445 -0.386222 -0.100000
v -0.628063 -0.382562 0.100000
v -0.628063 -0.382563 -0.100000
v -0.625028 -0.378472 0.100000
v -0.625028 -0.378472 -0.100000
v -0.622340 -0.373951 0.100000
v -0.622340 -0.373951 -0.100000
v -0.620000 -0.369000 0.100000
v -0.620000 -0.369000 -0.100000
v -0.618500 -0.364167 0.100000
v -0.618500 -0.364167 -0.100000
v -0.617000 -0.359333 0.100000
v -0.617000 -0.359333 -0.100000
v -0.615500 -0.354500 0.100000
v -0.615500 -0.354500 -0.100000
v -0.614000 -0.349667 0.100000
v -0.614000 -0.349667 -0.100000
v -0.612500 -0.344833 0.100000
v -0.612500 -0.344833 -0.100000
v -0.611000 -0.340000 0.100000
v -0.611000 -0.340000 -0.100000
v -0.609500 -0.335167 0.100000
v -0.609500 -0.335167 -0.100000
v -0.608000 -0.330333 0.100000
v -0.608000 -0.330333 -0.100000
v -0.606500 -0.325500 0.100000
v -0.606500 -0.325500 -0.100000
v -0.605000 -0.320667 0.100000
v -0.605000 -0.320667 -0.100000
v -0.603500 -0.315833 0.100000
v -0.603500 -0.315833 -0.100000
v -0.602000 -0.311000 0.100000
v -0.602000 -0.311000 -0.100000
v -0.599660 -0.306049 0.100000
v -0.599660 -0.306049 -0.100000
v -0.596972 -0.301528 0.100000
v -0.596972 -0.301528 -0.100000
v -0.593938 -0.297437 0.100000
v -0.593938 -0.297438 -0.100000
v -0.590556 -0.293778 0.100000
v -0.590556 -0.293778 -0.100000
v -0.586827 -0.290549 0.100000
v -0.586827 -0.290549 -0.100000
v -0.582750 -0.287750 0.100000
v -0.582750 -0.287750 -0.100000
v -0.578327 -0.285382 0.100000
v -0.578327 -0.285382 -0.100000
v -0.573556 -0.283444 0.100000
v -0.573556 -0.283444 -0.100000
v -0.568438 -0.281937 0.100000
v -0.568438 -0.281938 -0.100000
v -0.562972 -0.280861 0.100000
v -0.562972 -0.280861 -0.100000
v -0.557160 -0.280215 0.100000
v -0.557160 -0.280215 -0.100000
v -0.551000 -0.280000 0.100000
v -0.551000 -0.280000 -0.100000
v -0.450000 -0.280000 0.100000
v -0.450000 -0.280000 -0.100000
v -0.445886 -0.279878 0.100000
v -0.445886 -0.279878 -0.100000
v -0.441875 -0.279514 0.100000
v -0.441875 -0.279514 -0.100000
v -0.437969 -0.278906 0.100000
v -0.437969 -0.278906 -0.100000
v -0.434167 -0.278056 0.100000
v -0.434167 -0.278056 -0.100000
v -0.430469 -0.276962 0.100000
v -0.430469 -0.276962 -0.100000
v -0.426875 -0.275625 0.100000
v -0.426875 -0.275625 -0.100000
v -0.423386 -0.274045 0.100000
v -0.423386 -0.274045 -0.100000
v -0.420000 -0.272222 0.100000
v -0.420000 -0.272222 -0.100000
v -0.416719 -0.270156 0.100000
v -0.416719 -0.270156 -0.100000
v -0.413542 -0.267847 0.100000
v -0.413542 -0.267847 -0.100000
v -0.410469 -0.265295 0.100000
v -0.410469 -0.265295 -0.100000
v -0.407500 -0.262500 0.100000
v -0.407500 -0.262500 -0.100000
v -0.404705 -0.259531 0.100000
v -0.404705 -0.259531 -0.100000
v -0.402153 -0.256458 0.100000
v -0.402153 -0.256458 -0.100000
v -0.399844 -0.253281 0.100000
v -0.399844 -0.253281 -0.100000
v -0.397778 -0.250000 0.100000
v -0.397778 -0.250000 -0.100000
v -0.395955 -0.246615 0.100000
v -0.395955 -0.246615 -0.100000
v -0.394375 -0.243125 0.100000
v -0.394375 -0.243125 -0.100000
v -0.393038 -0.239531 0.100000
v -0.393038 -0.239531 -0.100000
v -0.391945 -0.235833 0.100000
v -0.391945 -0.235833 -0.100000
v -0.391094 -0.232031 0.100000
v -0.391094 -0.232031 -0.100000
v -0.390486 -0.228125 0.100000
v -0.390486 -0.228125 -0.100000
v -0.390122 -0.224115 0.100000
v -0.390122 -0.224115 -0.100000
v -0.390000 -0.220000 0.100000
v -0.390000 -0.220000 -0.100000
v -0.390000 0.340000 0.100000
v -0.390000 0.340000 -0.100000
v -0.390122 0.344115 0.100000
v -0.390122 0.344115 -0.100000
v -0.390486 0.348125 0.100000
v -0.390486 0.348125 -0.100000
v -0.391094 0.352031 0.100000
v -0.391094 0.352031 -0.100000
v -0.391945 0.355833 0.100000
v -0.391945 0.355833 -0.100000
v -0.393038 0.359531 0.100000
v -0.393038 0.359531 -0.100000
v -0.394375 0.363125 0.100000
v -0.394375 0.363125 -0.100000
v -0.395955 0.366615 0.100000
v -0.395955 0.366615 -0.100000
v -0.397778 0.370000 0.100000
v -0.397778 0.370000 -0.100000
v -0.399844 0.373281 0.100000
v -0.399844 0.373281 -0.100000
v -0.402153 0.376458 0.100000
v -0.402153 0.376458 -0.100000
v -0.404705 0.379531 0.100000
v -0.404705 0.379531 -0.100000
v -0.407500 0.382500 0.100000
v -0.407500 0.382500 -0.100000
v -0.410469 0.385295 0.100000
v -0.410469 0.385295 -0.100000
v -0.413542 0.387847 0.100000
v -0.413542 0.387847 -0.100000
v -0.416719 0.390156 0.100000
v -0.416719 0.390156 -0.100000
v -0.420000 0.392222 0.100000
v -0.420000 0.392222 -0.100000
v -0.423386 0.394045 0.100000
v -0.423386 0.394045 -0.100000
v -0.426875 0.395625 0.100000
v -0.426875 0.395625 -0.100000
v -0.430469 0.396962 0.100000
v -0.430469 0.396962 -0.100000
v -0.434167 0.398056 0.100000
v -0.434167 0.398056 -0.100000
v -0.437969 0.398906 0.100000
v -0.437969 0.398906 -0.100000
v -0.441875 0.399514 0.100000
v -0.441875 0.399514 -0.100000
v -0.445886 0.399878 0.100000
v -0.445886 0.399878 -0.100000
v -0.450000 0.400000 0.100000
v -0.450000 0.400000 -0.100000
v -0.551000 0.400000 0.100000
v -0.551000 0.400000 -0.100000
v -0.555115 0.399878 0.100000
v -0.555115 0.399878 -0.100000
v -0.559125 0.399514 0.100000
v -0.559125 0.399514 -0.100000
v -0.563031 0.398906 0.100000
v -0.563031 0.398906 -0.100000
v -0.566833 0.398056 0.100000
v -0.566833 0.398056 -0.100000
v -0.570531 0.396962 0.100000
v -0.570531 0.396962 -0.100000
v -0.574125 0.395625 0.100000
v -0.574125 0.395625 -0.100000
v -0.577615 0.394045 0.100000
v -0.577615 0.394045 -0.100000
v -0.581000 0.392222 0.100000
v -0.581000 0.392222 -0.100000
v -0.584281 0.390156 0.100000
v -0.584281 0.390156 -0.100000
v -0.587458 0.387847 0.100000
v -0.587458 0.387847 -0.100000
v -0.590531 0.385295 0.100000
v -0.590531 0.385295 -0.100000
v -0.593500 0.382500 0.100000
v -0.593500 0.382500 -0.100000
v -0.596295 0.379531 0.100000
v -0.596295 0.379531 -0.100000
v -0.598847 0.376458 0.100000
v -0.598847 0.376458 -0.100000
v -0.601156 0.373281 0.100000
v -0.601156 0.373281 -0.100000
v -0.603222 0.370000 0.100000
v -0.603222 0.370000 -0.100000
v -0.605045 0.366615 0.100000
v -0.605045 0.366615 -0.100000
v -0.606625 0.363125 0.100000
v -0.606625 0.363125 -0.100000
v -0.607962 0.359531 0.100000
v -0.607962 0.359531 -0.100000
v -0.609056 0.355833 0.100000
v -0.609056 0.355833 -0.100000
v -0.609906 0.352031 0.100000
v -0.609906 0.352031 -0.100000
v -0.610514 0.348125 0.100000
v -0.610514 0.348125 -0.100000
v -0.610879 0.344115 0.100000
v -0.610879 0.344115 -0.100000
v -0.611000 0.340000 0.100000
v -0.611000 0.340000 -0.100000
v -0.611000 -0.220000 0.100000
v -0.611000 -0.220000 -0.100000
v -0.611215 -0.226167 0.100000
v -0.611215 -0.226167 -0.100000
v -0.611861 -0.232000 0.100000
v -0.611861 -0.232000 -0.100000
v -0.612938 -0.237500 0.100000
v -0.612938 -0.237500 -0.100000
v -0.614445 -0.242667 0.100000
v -0.614445 -0.242667 -0.100000
v -0.616382 -0.247500 0.100000
v -0.616382 -0.247500 -0.100000
v -0.618750 -0.252000 0.100000
v -0.618750 -0.252000 -0.100000
v -0.621549 -0.256167 0.100000
v -0.621549 -0.256167 -0.100000
v -0.624778 -0.260000 0.100000
v -0.624778 -0.260000 -0.100000
v -0.628438 -0.263500 0.100000
v -0.628438 -0.263500 -0.100000
v -0.632528 -0.266667 0.100000
v -0.632528 -0.266667 -0.100000
v -0.637049 -0.269500 0.100000
v -0.637049 -0.269500 -0.100000
v -0.642000 -0.272000 0.100000
v -0.642000 -0.272000 -0.100000
v -1.215122 -0.025115 0.100000
v -1.215122 -0.025115 -0.100000
v -1.215486 -0.029125 0.100000
v -1.215486 -0.029125 -0.100000
v -1.216094 -0.033031 0.100000
v -1.216094 -0.033031 -0.100000
v -1.216945 -0.036833 0.100000
v -1.216945 -0.036833 -0.100000
v -1.218038 -0.040531 0.100000
v -1.218038 -0.040531 -0.100000
v -1.219375 -0.044125 0.100000
v -1.219375 -0.044125 -0.100000
v -1.220955 -0.047615 0.100000
v -1.220955 -0.047615 -0.100000
v -1.222778 -0.051000 0.100000
v -1.222778 -0.051000 -0.100000
v -1.224844 -0.054281 0.100000
v -1.224844 -0.054281 -0.100000
v -1.227153 -0.057458 0.100000
v -1.227153 -0.057458 -0.100000
v -1.229705 -0.060531 0.100000
v -1.229705 -0.060531 -0.100000
v -1.232500 -0.063500 0.100000
v -1.232500 -0.063500 -0.100000
v -1.235469 -0.066295 0.100000
v -1.235469 -0.066295 -0.100000
v -1.238542 -0.068847 0.100000
v -1.238542 -0.068847 -0.100000
v -1.241719 -0.071156 0.100000
v -1.241719 -0.071156 -0.100000
v -1.245000 -0.073222 0.100000
v -1.245000 -0.073222 -0.100000
v -1.248386 -0.075045 0.100000
v -1.248386 -0.075045 -0.100000
v -1.251875 -0.076625 0.100000
v -1.251875 -0.076625 -0.100000
v -1.255469 -0.077962 0.100000
v -1.255469 -0.077962 -0.100000
v -1.259167 -0.079056 0.100000
v -1.259167 -0.079056 -0.100000
v -1.262969 -0.079906 0.100000
v -1.262969 -0.079906 -0.100000
v -1.266875 -0.080514 0.100000
v -1.266875 -0.080514 -0.100000
v -1.270886 -0.080878 0.100000
v -1.270886 -0.080878 -0.100000
v -1.275000 -0.081000 0.100000
v -1.275000 -0.081000 -0.100000
v -1.523000 -0.081000 0.100000
v -1.523000 -0.081000 -0.100000
v -1.526958 -0.080878 0.100000
v -1.526958 -0.080878 -0.100000
v -1.530833 -0.080514 0.100000
v -1.530833 -0.080514 -0.100000
v -1.534625 -0.079906 0.100000
v -1.534625 -0.079906 -0.100000
v -1.538333 -0.079056 0.100000
v -1.538333 -0.079056 -0.100000
v -1.541958 -0.077962 0.100000
v -1.541958 -0.077962 -0.100000
v -1.545500 -0.076625 0.100000
v -1.545500 -0.076625 -0.100000
v -1.548958 -0.075045 0.100000
v -1.548958 -0.075045 -0.100000
v -1.552333 -0.073222 0.100000
v -1.552333 -0.073222 -0.100000
v -1.555625 -0.071156 0.100000
v -1.555625 -0.071156 -0.100000
v -1.558833 -0.068847 0.100000
v -1.558833 -0.068847 -0.100000
v -1.561959 -0.066295 0.100000
v -1.561959 -0.066295 -0.100000
v -1.565000 -0.063500 0.100000
v -1.565000 -0.063500 -0.100000
v -1.567875 -0.060531 0.100000
v -1.567875 -0.060531 -0.100000
v -1.570500 -0.057458 0.100000
v -1.570500 -0.057458 -0.100000
v -1.572875 -0.054281 0.100000
v -1.572875 -0.054281 -0.100000
v -1.575000 -0.051000 0.100000
v -1.575000 -0.051000 -0.100000
v -1.576875 -0.047615 0.100000
v -1.576875 -0.047615 -0.100000
v -1.578500 -0.044125 0.100000
v -1.578500 -0.044125 -0.100000
v -1.579875 -0.040531 0.100000
v -1.579875 -0.040531 -0.100000
v -1.581000 -0.036833 0.100000
v -1.581000 -0.036833 -0.100000
v -1.581875 -0.033031 0.100000
v -1.581875 -0.033031 -0.100000
v -1.582500 -0.029125 0.100000
v -1.582500 -0.029125 -0.100000
v -1.582875 -0.025115 0.100000
v -1.582875 -0.025115 -0.100000
v -1.583000 -0.021000 0.100000
v -1.583000 -0.021000 -0.100000
v -1.583000 0.006000 0.100000
v -1.583000 0.006000 -0.100000
v -1.582875 0.009958 0.100000
v -1.582875 0.009958 -0.100000
v -1.582500 0.013833 0.100000
v -1.582500 0.013833 -0.100000
v -1.581875 0.017625 0.100000
v -1.581875 0.017625 -0.100000
v -1.581000 0.021333 0.100000
v -1.581000 0.021333 -0.100000
v -1.579875 0.024958 0.100000
v -1.579875 0.024958 -0.100000
v -1.578500 0.028500 0.100000
v -1.578500 0.028500 -0.100000
v -1.576875 0.031958 0.100000
v -1.576875 0.031958 -0.100000
v -1.575000 0.035333 0.100000
v -1.575000 0.035333 -0.100000
v -1.572875 0.038625 0.100000
v -1.572875 0.038625 -0.100000
v -1.570500 0.041833 0.100000
v -1.570500 0.041833 -0.100000
v -1.567875 0.044958 0.100000
v -1.567875 0.044958 -0.100000
v -1.565000 0.048000 0.100000
v -1.565000 0.048000 -0.100000
v -1.561959 0.050875 0.100000
v -1.561959 0.050875 -0.100000
v -1.558834 0.053500 0.100000
v -1.558834 0.053500 -0.100000
v -1.555626 0.055875 0.100000
v -1.555626 0.055875 -0.100000
v -1.552334 0.058000 0.100000
v -1.552334 0.058000 -0.100000
v -1.548959 0.059875 0.100000
v -1.548959 0.059875 -0.100000
v -1.545500 0.061500 0.100000
v -1.545500 0.061500 -0.100000
v -1.541959 0.062875 0.100000
v -1.541959 0.062875 -0.100000
v -1.538334 0.064000 0.100000
v -1.538334 0.064000 -0.100000
v -1.534625 0.064875 0.100000
v -1.534625 0.064875 -0.100000
v -1.530834 0.065500 0.100000
v -1.530834 0.065500 -0.100000
v -1.526959 0.065875 0.100000
v -1.526959 0.065875 -0.100000
v -1.523000 0.066000 0.100000
v -1.523000 0.066000 -0.100000
v -1.275000 0.066000 0.100000
v -1.275000 0.066000 -0.100000
v -1.270886 0.065875 0.100000
v -1.270886 0.065875 -0.100000
v -1.266875 0.065500 0.100000
v -1.266875 0.065500 -0.100000
v -1.262969 0.064875 0.100000
v -1.262969 0.064875 -0.100000
v -1.259167 0.064000 0.100000
v -1.259167 0.064000 -0.100000
v -1.255469 0.062875 0.100000
v -1.255469 0.062875 -0.100000
v -1.251875 0.061500 0.100000
v -1.251875 0.061500 -0.100000
v -1.248386 0.059875 0.100000
v -1.248386 0.059875 -0.100000
v -1.245000 0.058000 0.100000
v -1.245000 0.058000 -0.100000
v -1.241719 0.055875 0.100000
v -1.241719 0.055875 -0.100000
v -1.238542 0.053500 0.100000
v -1.238542 0.053500 -0.100000
v -1.235469 0.050875 0.100000
v -1.235469 0.050875 -0.100000
v -1.232500 0.048000 0.100000
v -1.232500 0.048000 -0.100000
v -1.229705 0.044958 0.100000
v -1.229705 0.044958 -0.100000
v -1.227153 0.041833 0.100000
v -1.227153 0.041833 -0.100000
v -1.224844 0.038625 0.100000
v -1.224844 0.038625 -0.100000
v -1.222778 0.035333 0.100000
v -1.222778 0.035333 -0.100000
v -1.220955 0.031958 0.100000
v -1.220955 0.031958 -0.100000
v -1.219375 0.028500 0.100000
v -1.219375 0.028500 -0.100000
v -1.218038 0.024958 0.100000
v -1.218038 0.024958 -0.100000
v -1.216944 0.021333 0.100000
v -1.216944 0.021333 -0.100000
v -1.216094 0.017625 0.100000
v -1.216094 0.017625 -0.100000
v -1.215486 0.013833 0.100000
v -1.215486 0.013833 -0.100000
v -1.215122 0.009958 0.100000
v -1.215122 0.009958 -0.100000
v -1.215000 0.006000 0.100000
v -1.215000 0.006000 -0.100000
v -1.215000 -0.021000 0.100000
v -1.215000 -0.021000 -0.100000
v -1.161007 0.066215 0.100000
v -1.161007 0.066215 -0.100000
v -1.166695 0.066861 0.100000
v -1.166695 0.066861 -0.100000
v -1.172063 0.067937 0.100000
v -1.172063 0.067937 -0.100000
v -1.177111 0.069444 0.100000
v -1.177111 0.069444 -0.100000
v -1.181841 0.071382 0.100000
v -1.181841 0.071382 -0.100000
v -1.186250 0.073750 0.100000
v -1.186250 0.073750 -0.100000
v -1.190341 0.076549 0.100000
v -1.190341 0.076549 -0.100000
v -1.194111 0.079778 0.100000
v -1.194111 0.079778 -0.100000
v -1.197563 0.083438 0.100000
v -1.197563 0.083438 -0.100000
v -1.200695 0.087528 0.100000
v -1.200695 0.087528 -0.100000
v -1.203507 0.092049 0.100000
v -1.203507 0.092049 -0.100000
v -1.206000 0.097000 0.100000
v -1.206000 0.097000 -0.100000
v -1.207500 0.101674 0.100000
v -1.207500 0.101674 -0.100000
v -1.209000 0.106361 0.100000
v -1.209000 0.106361 -0.100000
v -1.210500 0.111063 0.100000
v -1.210500 0.111063 -0.100000
v -1.212000 0.115778 0.100000
v -1.212000 0.115778 -0.100000
v -1.213500 0.120507 0.100000
v -1.213500 0.120507 -0.100000
v -1.215000 0.125250 0.100000
v -1.215000 0.125250 -0.100000
v -1.216500 0.130007 0.100000
v -1.216500 0.130007 -0.100000
v -1.218000 0.134778 0.100000
v -1.218000 0.134778 -0.100000
v -1.219500 0.139563 0.100000
v -1.219500 0.139563 -0.100000
v -1.221000 0.144361 0.100000
v -1.221000 0.144361 -0.100000
v -1.222500 0.149174 0.100000
v -1.222500 0.149174 -0.100000
v -1.224000 0.154000 0.100000
v -1.224000 0.154000 -0.100000
v -1.226493 0.158951 0.100000
v -1.226493 0.158951 -0.100000
v -1.229306 0.163472 0.100000
v -1.229306 0.163472 -0.100000
v -1.232438 0.167563 0.100000
v -1.232438 0.167563 -0.100000
v -1.235889 0.171222 0.100000
v -1.235889 0.171222 -0.100000
v -1.239660 0.174451 0.100000
v -1.239660 0.174451 -0.100000
v -1.243750 0.177250 0.100000
v -1.243750 0.177250 -0.100000
v -1.248160 0.179618 0.100000
v -1.248160 0.179618 -0.100000
v -1.252889 0.181556 0.100000
v -1.252889 0.181556 -0.100000
v -1.257938 0.183063 0.100000
v -1.257938 0.183063 -0.100000
v -1.263306 0.184139 0.100000
v -1.263306 0.184139 -0.100000
v -1.268993 0.184785 0.100000
v -1.268993 0.184785 -0.100000
v -1.275000 0.185000 0.100000
v -1.275000 0.185000 -0.100000
v -1.744000 0.185000 0.100000
v -1.744000 0.185000 -0.100000
v -1.747958 0.184878 0.100000
v -1.747958 0.184878 -0.100000
v -1.751833 0.184514 0.100000
v -1.751833 0.184514 -0.100000
v -1.755625 0.183906 0.100000
v -1.755625 0.183906 -0.100000
v -1.759333 0.183056 0.100000
v -1.759333 0.183056 -0.100000
v -1.762958 0.181962 0.100000
v -1.762958 0.181962 -0.100000
v -1.766500 0.180625 0.100000
v -1.766500 0.180625 -0.100000
v -1.769958 0.179045 0.100000
v -1.769958 0.179045 -0.100000
v -1.773333 0.177222 0.100000
v -1.773333 0.177222 -0.100000
v -1.776625 0.175156 0.100000
v -1.776625 0.175156 -0.100000
v -1.779833 0.172847 0.100000
v -1.779833 0.172847 -0.100000
v -1.782959 0.170295 0.100000
v -1.782959 0.170295 -0.100000
v -1.786000 0.167500 0.100000
v -1.786000 0.167500 -0.100000
v -1.788875 0.164531 0.100000
v -1.788875 0.164531 -0.100000
v -1.791500 0.161458 0.100000
v -1.791500 0.161458 -0.100000
v -1.793875 0.158281 0.100000
v -1.793875 0.158281 -0.100000
v -1.796000 0.155000 0.100000
v -1.796000 0.155000 -0.100000
v -1.797875 0.151615 0.100000
v -1.797875 0.151615 -0.100000
v -1.799500 0.148125 0.100000
v -1.799500 0.148125 -0.100000
v -1.800875 0.144531 0.100000
v -1.800875 0.144531 -0.100000
v -1.802000 0.140833 0.100000
v -1.802000 0.140833 -0.100000
v -1.802875 0.137031 0.100000
v -1.802875 0.137031 -0.100000
v -1.803500 0.133125 0.100000
v -1.803500 0.133125 -0.100000
v -1.803875 0.129115 0.100000
v -1.803875 0.129115 -0.100000
v -1.804000 0.125000 0.100000
v -1.804000 0.125000 -0.100000
v -1.804000 -0.141000 0.100000
v -1.804000 -0.141000 -0.100000
v -1.803875 -0.144958 0.100000
v -1.803875 -0.144958 -0.100000
v -1.803500 -0.148833 0.100000
v -1.803500 -0.148833 -0.100000
v -1.802875 -0.152625 0.100000
v -1.802875 -0.152625 -0.100000
v -1.802000 -0.156333 0.100000
v -1.802000 -0.156333 -0.100000
v -1.800875 -0.159958 0.100000
v -1.800875 -0.159958 -0.100000
v -1.799500 -0.163500 0.100000
v -1.799500 -0.163500 -0.100000
v -1.797875 -0.166958 0.100000
v -1.797875 -0.166958 -0.100000
v -1.796000 -0.170333 0.100000
v -1.796000 -0.170333 -0.100000
v -1.793875 -0.173625 0.100000
v -1.793875 -0.173625 -0.100000
v -1.791500 -0.176833 0.100000
v -1.791500 -0.176833 -0.100000
v -1.788875 -0.179958 0.100000
v -1.788875 -0.179958 -0.100000
v -1.786000 -0.183000 0.100000
v -1.786000 -0.183000 -0.100000
v -1.782959 -0.185875 0.100000
v -1.782959 -0.185875 -0.100000
v -1.779834 -0.188500 0.100000
v -1.779834 -0.188500 -0.100000
v -1.776626 -0.190875 0.100000
v -1.776626 -0.190875 -0.100000
v -1.773334 -0.193000 0.100000
v -1.773334 -0.193000 -0.100000
v -1.769959 -0.194875 0.100000
v -1.769959 -0.194875 -0.100000
v -1.766500 -0.196500 0.100000
v -1.766500 -0.196500 -0.100000
v -1.762959 -0.197875 0.100000
v -1.762959 -0.197875 -0.100000
v -1.759334 -0.199000 0.100000
v -1.759334 -0.199000 -0.100000
v -1.755625 -0.199875 0.100000
v -1.755625 -0.199875 -0.100000
v -1.751834 -0.200500 0.100000
v -1.751834 -0.200500 -0.100000
v -1.747959 -0.200875 0.100000
v -1.747959 -0.200875 -0.100000
v -1.744000 -0.201000 0.100000
v -1.744000 -0.201000 -0.100000
v -1.275000 -0.201000 0.100000
v -1.275000 -0.201000 -0.100000
v -1.270886 -0.201080 0.100000
v -1.270886 -0.201080 -0.100000
v -1.266875 -0.201319 0.100000
v -1.266875 -0.201319 -0.100000
v -1.262969 -0.201719 0.100000
v -1.262969 -0.201719 -0.100000
v -1.259167 -0.202278 0.100000
v -1.259167 -0.202278 -0.100000
v -1.255469 -0.202997 0.100000
v -1.255469 -0.202997 -0.100000
v -1.251875 -0.203875 0.100000
v -1.251875 -0.203875 -0.100000
v -1.248386 -0.204913 0.100000
v -1.248386 -0.204913 -0.100000
v -1.245000 -0.206111 0.100000
v -1.245000 -0.206111 -0.100000
v -1.241719 -0.207469 0.100000
v -1.241719 -0.207469 -0.100000
v -1.238542 -0.208986 0.100000
v -1.238542 -0.208986 -0.100000
v -1.235469 -0.210663 0.100000
v -1.235469 -0.210663 -0.100000
v -1.232500 -0.212500 0.100000
v -1.232500 -0.212500 -0.100000
v -1.229705 -0.214455 0.100000
v -1.229705 -0.214455 -0.100000
v -1.227153 -0.216486 0.100000
v -1.227153 -0.216486 -0.100000
v -1.224844 -0.218594 0.100000
v -1.224844 -0.218594 -0.100000
v -1.222778 -0.220778 0.100000
v -1.222778 -0.220778 -0.100000
v -1.220955 -0.223038 0.100000
v -1.220955 -0.223038 -0.100000
v -1.219375 -0.225375 0.100000
v -1.219375 -0.225375 -0.100000
v -1.218038 -0.227788 0.100000
v -1.218038 -0.227788 -0.100000
v -1.216944 -0.230278 0.100000
v -1.216944 -0.230278 -0.100000
v -1.216094 -0.232844 0.100000
v -1.216094 -0.232844 -0.100000
v -1.215486 -0.235486 0.100000
v -1.215486 -0.235486 -0.100000
v -1.215122 -0.238205 0.100000
v -1.215122 -0.238205 -0.100000
v -1.215000 -0.241000 0.100000
v -1.215000 -0.241000 -0.100000
v -1.215122 -0.243635 0.100000
v -1.215122 -0.243635 -0.100000
v -1.215486 -0.246208 0.100000
v -1.215486 -0.246208 -0.100000
v -1.216094 -0.248719 0.100000
v -1.216094 -0.248719 -0.100000
v -1.216945 -0.251167 0.100000
v -1.216945 -0.251167 -0.100000
v -1.218038 -0.253552 0.100000
v -1.218038 -0.253552 -0.100000
v -1.219375 -0.255875 0.100000
v -1.219375 -0.255875 -0.100000
v -1.220955 -0.258135 0.100000
v -1.220955 -0.258135 -0.100000
v -1.222778 -0.260333 0.100000
v -1.222778 -0.260333 -0.100000
v -1.224844 -0.262469 0.100000
v -1.224844 -0.262469 -0.100000
v -1.227153 -0.264542 0.100000
v -1.227153 -0.264542 -0.100000
v -1.229705 -0.266552 0.100000
v -1.229705 -0.266552 -0.100000
v -1.232500 -0.268500 0.100000
v -1.232500 -0.268500 -0.100000
v -1.235469 -0.270337 0.100000
v -1.235469 -0.270337 -0.100000
v -1.238542 -0.272014 0.100000
v -1.238542 -0.272014 -0.100000
v -1.241719 -0.273531 0.100000
v -1.241719 -0.273531 -0.100000
v -1.245000 -0.274889 0.100000
v -1.245000 -0.274889 -0.100000
v -1.248386 -0.276087 0.100000
v -1.248386 -0.276087 -0.100000
v -1.251875 -0.277125 0.100000
v -1.251875 -0.277125 -0.100000
v -1.255469 -0.278003 0.100000
v -1.255469 -0.278003 -0.100000
v -1.259167 -0.278722 0.100000
v -1.259167 -0.278722 -0.100000
v -1.262969 -0.279281 0.100000
v -1.262969 -0.279281 -0.100000
v -1.266875 -0.279681 0.100000
v -1.266875 -0.279681 -0.100000
v -1.270886 -0.279920 0.100000
v -1.270886 -0.279920 -0.100000
v -1.275000 -0.280000 0.100000
v -1.275000 -0.280000 -0.100000
v -1.744000 -0.280000 0.100000
v -1.744000 -0.280000 -0.100000
v -1.747958 -0.280125 0.100000
v -1.747958 -0.280125 -0.100000
v -1.751833 -0.280500 0.100000
v -1.751833 -0.280500 -0.100000
v -1.755625 -0.281125 0.100000
v -1.755625 -0.281125 -0.100000
v -1.759333 -0.282000 0.100000
v -1.759333 -0.282000 -0.100000
v -1.762958 -0.283125 0.100000
v -1.762958 -0.283125 -0.100000
v -1.766500 -0.284500 0.100000
v -1.766500 -0.284500 -0.100000
v -1.769958 -0.286125 0.100000
v -1.769958 -0.286125 -0.100000
v -1.773333 -0.288000 0.100000
v -1.773333 -0.288000 -0.100000
v -1.776625 -0.290125 0.100000
v -1.776625 -0.290125 -0.100000
v -1.779833 -0.292500 0.100000
v -1.779833 -0.292500 -0.100000
v -1.782959 -0.295125 0.100000
v -1.782959 -0.295125 -0.100000
v -1.786000 -0.298000 0.100000
v -1.786000 -0.298000 -0.100000
v -1.788875 -0.301042 0.100000
v -1.788875 -0.301042 -0.100000
v -1.791500 -0.304167 0.100000
v -1.791500 -0.304167 -0.100000
v -1.793875 -0.307375 0.100000
v -1.793875 -0.307375 -0.100000
v -1.796000 -0.310667 0.100000
v -1.796000 -0.310667 -0.100000
v -1.797875 -0.314042 0.100000
v -1.797875 -0.314042 -0.100000
v -1.799500 -0.317500 0.100000
v -1.799500 -0.317500 -0.100000
v -1.800875 -0.321042 0.100000
v -1.800875 -0.321042 -0.100000
v -1.802000 -0.324667 0.100000
v -1.802000 -0.324667 -0.100000
v -1.802875 -0.328375 0.100000
v -1.802875 -0.328375 -0.100000
v -1.803500 -0.332167 0.100000
v -1.803500 -0.332167 -0.100000
v -1.803875 -0.336042 0.100000
v -1.803875 -0.336042 -0.100000
v -1.804000 -0.340000 0.100000
v -1.804000 -0.340000 -0.100000
v -1.803875 -0.344115 0.100000
v -1.803875 -0.344115 -0.100000
v -1.803500 -0.348125 0.100000
v -1.803500 -0.348125 -0.100000
v -1.802875 -0.352031 0.100000
v -1.802875 -0.352031 -0.100000
v -1.802000 -0.355833 0.100000
v -1.802000 -0.355833 -0.100000
v -1.800875 -0.359531 0.100000
v -1.800875 -0.359531 -0.100000
v -1.799500 -0.363125 0.100000
v -1.799500 -0.363125 -0.100000
v -1.797875 -0.366615 0.100000
v -1.797875 -0.366615 -0.100000
v -1.796000 -0.370000 0.100000
v -1.796000 -0.370000 -0.100000
v -1.793875 -0.373281 0.100000
v -1.793875 -0.373281 -0.100000
v -1.791500 -0.376458 0.100000
v -1.791500 -0.376458 -0.100000
v -1.788875 -0.379531 0.100000
v -1.788875 -0.379531 -0.100000
v -1.786000 -0.382500 0.100000
v -1.786000 -0.382500 -0.100000
v -1.782959 -0.385295 0.100000
v -1.782959 -0.385295 -0.100000
v -1.779834 -0.387847 0.100000
v -1.779834 -0.387847 -0.100000
v -1.776626 -0.390156 0.100000
v -1.776626 -0.390156 -0.100000
v -1.773334 -0.392222 0.100000
v -1.773334 -0.392222 -0.100000
v -1.769959 -0.394045 0.100000
v -1.769959 -0.394045 -0.100000
v -1.766500 -0.395625 0.100000
v -1.766500 -0.395625 -0.100000
v -1.762959 -0.396962 0.100000
v -1.762959 -0.396962 -0.100000
v -1.759334 -0.398056 0.100000
v -1.759334 -0.398056 -0.100000
v -1.755625 -0.398906 0.100000
v -1.755625 -0.398906 -0.100000
v -1.751834 -0.399514 0.100000
v -1.751834 -0.399514 -0.100000
v -1.747959 -0.399878 0.100000
v -1.747959 -0.399878 -0.100000
v -1.744000 -0.400000 0.100000
v -1.744000 -0.400000 -0.100000
v -1.054000 -0.400000 0.100000
v -1.054000 -0.400000 -0.100000
v -1.049886 -0.399878 0.100000
v -1.049886 -0.399878 -0.100000
v -1.045875 -0.399514 0.100000
v -1.045875 -0.399514 -0.100000
v -1.041969 -0.398906 0.100000
v -1.041969 -0.398906 -0.100000
v -1.038167 -0.398056 0.100000
v -1.038167 -0.398056 -0.100000
v -1.034469 -0.396962 0.100000
v -1.034469 -0.396962 -0.100000
v -1.030875 -0.395625 0.100000
v -1.030875 -0.395625 -0.100000
v -1.027386 -0.394045 0.100000
v -1.027386 -0.394045 -0.100000
v -1.024000 -0.392222 0.100000
v -1.024000 -0.392222 -0.100000
v -1.020719 -0.390156 0.100000
v -1.020719 -0.390156 -0.100000
v -1.017542 -0.387847 0.100000
v -1.017542 -0.387847 -0.100000
v -1.014469 -0.385295 0.100000
v -1.014469 -0.385295 -0.100000
v -1.011500 -0.382500 0.100000
v -1.011500 -0.382500 -0.100000
v -1.008705 -0.379531 0.100000
v -1.008705 -0.379531 -0.100000
v -1.006153 -0.376458 0.100000
v -1.006153 -0.376458 -0.100000
v -1.003844 -0.373281 0.100000
v -1.003844 -0.373281 -0.100000
v -1.001778 -0.370000 0.100000
v -1.001778 -0.370000 -0.100000
v -0.999955 -0.366615 0.100000
v -0.999955 -0.366615 -0.100000
v -0.998375 -0.363125 0.100000
v -0.998375 -0.363125 -0.100000
v -0.997038 -0.359531 0.100000
v -0.997038 -0.359531 -0.100000
v -0.995945 -0.355833 0.100000
v -0.995945 -0.355833 -0.100000
v -0.995094 -0.352031 0.100000
v -0.995094 -0.352031 -0.100000
v -0.994486 -0.348125 0.100000
v -0.994486 -0.348125 -0.100000
v -0.994122 -0.344115 0.100000
v -0.994122 -0.344115 -0.100000
v -0.994000 -0.340000 0.100000
v -0.994000 -0.340000 -0.100000
v -0.994000 0.006000 0.100000
v -0.994000 0.006000 -0.100000
v -0.994122 0.009958 0.100000
v -0.994122 0.009958 -0.100000
v -0.994486 0.013833 0.100000
v -0.994486 0.013833 -0.100000
v -0.995094 0.017625 0.100000
v -0.995094 0.017625 -0.100000
v -0.995944 0.021333 0.100000
v -0.995944 0.021333 -0.100000
v -0.997038 0.024958 0.100000
v -0.997038 0.024958 -0.100000
v -0.998375 0.028500 0.100000
v -0.998375 0.028500 -0.100000
v -0.999955 0.031958 0.100000
v -0.999955 0.031958 -0.100000
v -1.001778 0.035333 0.100000
v -1.001778 0.035333 -0.100000
v -1.003844 0.038625 0.100000
v -1.003844 0.038625 -0.100000
v -1.006153 0.041833 0.100000
v -1.006153 0.041833 -0.100000
v -1.008705 0.044958 0.100000
v -1.008705 0.044958 -0.100000
v -1.011500 0.048000 0.100000
v -1.011500 0.048000 -0.100000
v -1.014469 0.050875 0.100000
v -1.014469 0.050875 -0.100000
v -1.017542 0.053500 0.100000
v -1.017542 0.053500 -0.100000
v -1.020719 0.055875 0.100000
v -1.020719 0.055875 -0.100000
v -1.024000 0.058000 0.100000
v -1.024000 0.058000 -0.100000
v -1.027386 0.059875 0.100000
v -1.027386 0.059875 -0.100000
v -1.030875 0.061500 0.100000
v -1.030875 0.061500 -0.100000
v -1.034469 0.062875 0.100000
v -1.034469 0.062875 -0.100000
v -1.038167 0.064000 0.100000
v -1.038167 0.064000 -0.100000
v -1.041969 0.064875 0.100000
v -1.041969 0.064875 -0.100000
v -1.045875 0.065500 0.100000
v -1.045875 0.065500 -0.100000
v -1.049886 0.065875 0.100000
v -1.049886 0.065875 -0.100000
v -1.054000 0.066000 0.100000
v -1.054000 0.066000 -0.100000
v -1.155000 0.066000 0.100000
v -1.155000 0.066000 -0.100000
vn -0.0000 -0.0000 -1.0000
vn 0.0016 -0.0000 -1.0000
vn -0.0002 -0.0000 -1.0000
vn -0.0000 -0.0000 1.0000
vn 0.0016 -0.0000 1.0000
vn -0.0002 -0.0000 1.0000
vn -0.1222 0.9925 -0.0000
vn -0.0601 0.9982 -0.0000
vn -0.1861 0.9825 -0.0000
vn -0.2511 0.9680 -0.0000
vn -0.3163 0.9487 -0.0000
vn -0.3808 0.9247 -0.0000
vn -0.4435 0.8963 -0.0000
vn -0.5038 0.8638 -0.0000
vn -0.5607 0.8280 -0.0000
vn -0.5037 0.8639 -0.0000
vn -0.6137 0.7895 -0.0000
vn -0.5607 0.8281 -0.0000
vn -0.6625 0.7490 -0.0000
vn -0.7071 0.7071 -0.0000
vn -0.7491 0.6625 -0.0000
vn -0.7895 0.6137 -0.0000
vn -0.8280 0.5607 -0.0000
vn -0.8638 0.5038 -0.0000
vn -0.8963 0.4435 -0.0000
vn -0.9247 0.3808 -0.0000
vn -0.8962 0.4436 -0.0000
vn -0.9487 0.3163 -0.0000
vn -0.9680 0.2511 -0.0000
vn -0.9486 0.3163 -0.0000
vn -0.9825 0.1861 -0.0000
vn -0.9925 0.1222 -0.0000
vn -0.9982 0.0601 -0.0000
vn -0.9999 0.0148 -0.0000
vn -0.9999 -0.0147 -0.0000
vn -0.9982 -0.0600 -0.0000
vn -0.9925 -0.1222 -0.0000
vn -0.9825 -0.1862 -0.0000
vn -0.9925 -0.1221 -0.0000
vn -0.9679 -0.2511 -0.0000
vn -0.9825 -0.1861 -0.0000
vn -0.9486 -0.3163 -0.0000
vn -0.9680 -0.2511 -0.0000
vn -0.9247 -0.3808 -0.0000
vn -0.9487 -0.3163 -0.0000
vn -0.8962 -0.4436 -0.0000
vn -0.9247 -0.3807 -0.0000
vn -0.8638 -0.5038 -0.0000
vn -0.8963 -0.4435 -0.0000
vn -0.8280 -0.5607 -0.0000
vn -0.8639 -0.5037 -0.0000
vn -0.7895 -0.6137 -0.0000
vn -0.7490 -0.6625 -0.0000
vn -0.7071 -0.7071 -0.0000
vn -0.6625 -0.7490 -0.0000
vn -0.6138 -0.7895 -0.0000
vn -0.6625 -0.7491 -0.0000
vn -0.5607 -0.8280 -0.0000
vn -0.6137 -0.7895 -0.0000
vn -0.5038 -0.8638 -0.0000
vn -0.4435 -0.8963 -0.0000
vn -0.5037 -0.8639 -0.0000
vn -0.3808 -0.9247 -0.0000
vn -0.3163 -0.9486 -0.0000
vn -0.3807 -0.9247 -0.0000
vn -0.2511 -0.9680 -0.0000
vn -0.3163 -0.9487 -0.0000
vn -0.1861 -0.9825 -0.0000
vn -0.1222 -0.9925 -0.0000
vn -0.0601 -0.9982 -0.0000
vn -0.0148 -0.9999 -0.0000
vn -0.8638 -0.5037 -0.0000
vn -0.9486 -0.3164 -0.0000
vn -0.9982 -0.0601 -0.0000
vn -0.9999 -0.0148 -0.0000
vn -0.7075 -0.7067 -0.0000
vn -0.7491 -0.6625 -0.0000
vn -0.6642 -0.7476 -0.0000
vn -0.7076 -0.7067 -0.0000
vn -0.6171 -0.7869 -0.0000
vn -0.6642 -0.7475 -0.0000
vn -0.5656 -0.8247 -0.0000
vn -0.5100 -0.8602 -0.0000
vn -0.4508 -0.8926 -0.0000
vn -0.5101 -0.8601 -0.0000
vn -0.3885 -0.9214 -0.0000
vn -0.3240 -0.9461 -0.0000
vn -0.2582 -0.9661 -0.0000
vn -0.3240 -0.9460 -0.0000
vn -0.1921 -0.9814 -0.0000
vn -0.1265 -0.9920 -0.0000
vn -0.0624 -0.9981 -0.0000
vn -0.0154 -0.9999 -0.0000
vn 0.0148 -0.9999 -0.0000
vn 0.0601 -0.9982 -0.0000
vn 0.1222 -0.9925 -0.0000
vn 0.1861 -0.9825 -0.0000
vn 0.2511 -0.9680 -0.0000
vn 0.3163 -0.9487 -0.0000
vn 0.3807 -0.9247 -0.0000
vn 0.3163 -0.9486 -0.0000
vn 0.4435 -0.8963 -0.0000
vn 0.3808 -0.9247 -0.0000
vn 0.5037 -0.8639 -0.0000
vn 0.5607 -0.8280 -0.0000
vn 0.6137 -0.7895 -0.0000
vn 0.6625 -0.7491 -0.0000
vn 0.6138 -0.7895 -0.0000
vn 0.7071 -0.7071 -0.0000
vn 0.6625 -0.7490 -0.0000
vn 0.7490 -0.6625 -0.0000
vn 0.7895 -0.6137 -0.0000
vn 0.7491 -0.6625 -0.0000
vn 0.8280 -0.5607 -0.0000
vn 0.8638 -0.5038 -0.0000
vn 0.8962 -0.4436 -0.0000
vn 0.8639 -0.5037 -0.0000
vn 0.9247 -0.3808 -0.0000
vn 0.8963 -0.4435 -0.0000
vn 0.9487 -0.3163 -0.0000
vn 0.9680 -0.2511 -0.0000
vn 0.9486 -0.3163 -0.0000
vn 0.9825 -0.1861 -0.0000
vn 0.9679 -0.2511 -0.0000
vn 0.9925 -0.1222 -0.0000
vn 0.9982 -0.0601 -0.0000
vn 0.9925 -0.1221 -0.0000
vn 0.9999 -0.0148 -0.0000
vn 0.9982 -0.0600 -0.0000
vn 0.9999 -0.0147 -0.0000
vn 0.9825 -0.1862 -0.0000
vn 0.9247 -0.3807 -0.0000
vn 0.7075 -0.7067 -0.0000
vn 0.6642 -0.7475 -0.0000
vn 0.6171 -0.7869 -0.0000
vn 0.5656 -0.8247 -0.0000
vn 0.5100 -0.8602 -0.0000
vn 0.4508 -0.8926 -0.0000
vn 0.3885 -0.9214 -0.0000
vn 0.3240 -0.9461 -0.0000
vn 0.2582 -0.9661 -0.0000
vn 0.3240 -0.9460 -0.0000
vn 0.1921 -0.9814 -0.0000
vn 0.1265 -0.9920 -0.0000
vn 0.0624 -0.9981 -0.0000
vn 0.0154 -0.9999 -0.0000
vn 0.5038 -0.8638 -0.0000
vn 0.9486 -0.3164 -0.0000
vn 0.9679 -0.2512 -0.0000
vn 0.9999 0.0148 -0.0000
vn 0.9982 0.0601 -0.0000
vn 0.9925 0.1221 -0.0000
vn 0.9825 0.1861 -0.0000
vn 0.9925 0.1222 -0.0000
vn 0.9679 0.2511 -0.0000
vn 0.9486 0.3163 -0.0000
vn 0.9680 0.2511 -0.0000
vn 0.9247 0.3808 -0.0000
vn 0.9487 0.3163 -0.0000
vn 0.8963 0.4435 -0.0000
vn 0.8639 0.5037 -0.0000
vn 0.8962 0.4436 -0.0000
vn 0.8280 0.5607 -0.0000
vn 0.8638 0.5038 -0.0000
vn 0.7895 0.6137 -0.0000
vn 0.7490 0.6625 -0.0000
vn 0.7071 0.7071 -0.0000
vn 0.7491 0.6625 -0.0000
vn 0.6625 0.7491 -0.0000
vn 0.6137 0.7895 -0.0000
vn 0.6625 0.7490 -0.0000
vn 0.5607 0.8280 -0.0000
vn 0.5037 0.8639 -0.0000
vn 0.4435 0.8963 -0.0000
vn 0.5038 0.8638 -0.0000
vn 0.3808 0.9247 -0.0000
vn 0.3163 0.9487 -0.0000
vn 0.2511 0.9680 -0.0000
vn 0.3163 0.9486 -0.0000
vn 0.1861 0.9825 -0.0000
vn 0.1222 0.9925 -0.0000
vn 0.0601 0.9982 -0.0000
vn 0.0148 0.9999 -0.0000
vn -0.0148 0.9999 -0.0000
vn -0.7490 0.6625 -0.0000
vn -0.8639 0.5037 -0.0000
vn -0.9982 0.0600 -0.0000
vn 0.9982 0.0600 -0.0000
vn 0.8962 0.4435 -0.0000
vn -0.8962 0.4435 -0.0000
vn -0.5037 -0.8638 -0.0000
vn 0.5037 -0.8638 -0.0000
vn 0.8828 -0.4697 -0.0000
vn 0.9319 -0.3628 -0.0000
vn 0.8324 -0.5541 -0.0000
vn 0.7699 -0.6382 -0.0000
vn 0.6956 -0.7184 -0.0000
vn 0.6113 -0.7914 -0.0000
vn 0.5198 -0.8543 -0.0000
vn 0.4247 -0.9053 -0.0000
vn 0.3298 -0.9441 -0.0000
vn 0.2381 -0.9712 -0.0000
vn 0.1520 -0.9884 -0.0000
vn 0.0727 -0.9974 -0.0000
vn 0.0175 -0.9998 -0.0000
vn 0.9999 -0.0158 -0.0000
vn 0.9978 -0.0657 -0.0000
vn 0.9905 -0.1376 -0.0000
vn 0.9763 -0.2163 -0.0000
vn 0.9536 -0.3010 -0.0000
vn 0.9207 -0.3903 -0.0000
vn 0.8763 -0.4818 -0.0000
vn 0.8200 -0.5724 -0.0000
vn 0.7526 -0.6585 -0.0000
vn 0.6759 -0.7370 -0.0000
vn 0.5931 -0.8051 -0.0000
vn 0.5073 -0.8617 -0.0000
vn 0.3908 -0.9205 -0.0000
vn 0.3145 -0.9493 -0.0000
vn 0.3127 -0.9499 -0.0000
vn 0.3109 -0.9504 -0.0000
vn 0.3091 -0.9510 -0.0000
vn 0.3073 -0.9516 -0.0000
vn 0.3054 -0.9522 -0.0000
vn 0.3036 -0.9528 -0.0000
vn 0.3017 -0.9534 -0.0000
vn 0.2998 -0.9540 -0.0000
vn 0.2979 -0.9546 -0.0000
vn 0.2960 -0.9552 -0.0000
vn 0.3732 -0.9277 -0.0000
vn 0.4901 -0.8716 -0.0000
vn 0.5722 -0.8201 -0.0000
vn 0.6533 -0.7571 -0.0000
vn 0.7304 -0.6830 -0.0000
vn 0.8003 -0.5996 -0.0000
vn 0.8604 -0.5097 -0.0000
vn 0.9091 -0.4166 -0.0000
vn 0.9462 -0.3237 -0.0000
vn 0.9722 -0.2340 -0.0000
vn 0.9888 -0.1495 -0.0000
vn 0.9974 -0.0717 -0.0000
vn 1.0000 0.0005 -0.0000
vn 0.9973 0.0736 -0.0000
vn 0.9882 0.1534 -0.0000
vn 0.9709 0.2395 -0.0000
vn 0.9438 0.3306 -0.0000
vn 0.9056 0.4242 -0.0000
vn 0.8558 0.5174 -0.0000
vn 0.7950 0.6067 -0.0000
vn 0.7249 0.6888 -0.0000
vn 0.6484 0.7613 -0.0000
vn 0.5684 0.8228 -0.0000
vn 0.4881 0.8728 -0.0000
vn 0.3727 0.9280 -0.0000
vn 0.2960 0.9552 -0.0000
vn 0.2979 0.9546 -0.0000
vn 0.2998 0.9540 -0.0000
vn 0.3017 0.9534 -0.0000
vn 0.3036 0.9528 -0.0000
vn 0.3054 0.9522 -0.0000
vn 0.3073 0.9516 -0.0000
vn 0.3091 0.9510 -0.0000
vn 0.3109 0.9504 -0.0000
vn 0.3127 0.9499 -0.0000
vn 0.3145 0.9493 -0.0000
vn 0.3908 0.9205 -0.0000
vn 0.5073 0.8617 -0.0000
vn 0.5931 0.8051 -0.0000
vn 0.6759 0.7370 -0.0000
vn 0.7526 0.6585 -0.0000
vn 0.6760 0.7369 -0.0000
vn 0.8200 0.5724 -0.0000
vn 0.8763 0.4818 -0.0000
vn 0.9207 0.3903 -0.0000
vn 0.9536 0.3010 -0.0000
vn 0.9763 0.2163 -0.0000
vn 0.9905 0.1376 -0.0000
vn 0.9978 0.0657 -0.0000
vn 0.9999 0.0158 -0.0000
vn 0.8638 0.5037 -0.0000
vn -0.8638 0.5037 -0.0000
vn -1.0000 -0.0006 -0.0000
vn -0.9981 -0.0624 -0.0000
vn -0.9920 -0.1265 -0.0000
vn -0.9981 -0.0623 -0.0000
vn -0.9814 -0.1921 -0.0000
vn -0.9661 -0.2582 -0.0000
vn -0.9460 -0.3240 -0.0000
vn -0.9214 -0.3885 -0.0000
vn -0.9461 -0.3240 -0.0000
vn -0.8926 -0.4508 -0.0000
vn -0.8602 -0.5100 -0.0000
vn -0.8247 -0.5656 -0.0000
vn -0.7869 -0.6171 -0.0000
vn -0.7475 -0.6642 -0.0000
vn -0.7067 -0.7075 -0.0000
vn -0.0152 -0.9999 -0.0000
vn -0.0618 -0.9981 -0.0000
vn -0.1256 -0.9921 -0.0000
vn -0.1912 -0.9815 -0.0000
vn -0.2578 -0.9662 -0.0000
vn -0.3244 -0.9459 -0.0000
vn -0.3900 -0.9208 -0.0000
vn -0.4536 -0.8912 -0.0000
vn -0.5143 -0.8576 -0.0000
vn -0.5715 -0.8206 -0.0000
vn -0.6245 -0.7811 -0.0000
vn -0.6729 -0.7397 -0.0000
vn -0.7163 -0.6978 -0.0000
vn -0.7557 -0.6549 -0.0000
vn -0.7935 -0.6086 -0.0000
vn -0.8297 -0.5582 -0.0000
vn -0.8952 -0.4456 -0.0000
vn -0.9231 -0.3845 -0.0000
vn -0.9470 -0.3212 -0.0000
vn -0.9231 -0.3846 -0.0000
vn -0.9666 -0.2564 -0.0000
vn -0.9816 -0.1910 -0.0000
vn -0.9920 -0.1260 -0.0000
vn -0.9981 -0.0622 -0.0000
vn -0.9999 -0.0153 -0.0000
vn -0.0152 0.9999 -0.0000
vn -0.0618 0.9981 -0.0000
vn -0.1256 0.9921 -0.0000
vn -0.1912 0.9815 -0.0000
vn -0.2578 0.9662 -0.0000
vn -0.3244 0.9459 -0.0000
vn -0.3900 0.9208 -0.0000
vn -0.4536 0.8912 -0.0000
vn -0.5143 0.8576 -0.0000
vn -0.5715 0.8206 -0.0000
vn -0.6245 0.7811 -0.0000
vn -0.6729 0.7397 -0.0000
vn -0.7163 0.6978 -0.0000
vn -0.7557 0.6549 -0.0000
vn -0.7935 0.6086 -0.0000
vn -0.8297 0.5582 -0.0000
vn -0.8952 0.4456 -0.0000
vn -0.9231 0.3845 -0.0000
vn -0.9470 0.3212 -0.0000
vn -0.9666 0.2564 -0.0000
vn -0.9816 0.1910 -0.0000
vn -0.9920 0.1260 -0.0000
vn -0.9981 0.0622 -0.0000
vn -1.0000 0.0006 -0.0000
vn 0.0179 -0.9998 -0.0000
vn 0.0744 -0.9972 -0.0000
vn 0.1549 -0.9879 -0.0000
vn 0.2416 -0.9704 -0.0000
vn 0.3330 -0.9429 -0.0000
vn 0.4267 -0.9044 -0.0000
vn 0.5196 -0.8544 -0.0000
vn 0.6085 -0.7936 -0.0000
vn 0.6900 -0.7239 -0.0000
vn 0.7617 -0.6479 -0.0000
vn 0.8225 -0.5688 -0.0000
vn 0.8720 -0.4895 -0.0000
vn 0.9273 -0.3743 -0.0000
vn 0.9551 -0.2964 -0.0000
vn -0.2725 0.9621 -0.0000
vn -0.2692 0.9631 -0.0000
vn -0.2758 0.9612 -0.0000
vn -0.2725 0.9622 -0.0000
vn -0.2791 0.9602 -0.0000
vn -0.2825 0.9593 -0.0000
vn -0.2791 0.9603 -0.0000
vn -0.2858 0.9583 -0.0000
vn -0.2892 0.9573 -0.0000
vn -0.2925 0.9563 -0.0000
vn -0.2959 0.9552 -0.0000
vn -0.2992 0.9542 -0.0000
vn -0.3026 0.9531 -0.0000
vn -0.3782 0.9257 -0.0000
vn -0.4895 0.8720 -0.0000
vn -0.5688 0.8225 -0.0000
vn -0.6479 0.7617 -0.0000
vn -0.7239 0.6900 -0.0000
vn -0.7936 0.6084 -0.0000
vn -0.8544 0.5196 -0.0000
vn -0.7936 0.6085 -0.0000
vn -0.9044 0.4267 -0.0000
vn -0.9429 0.3330 -0.0000
vn -0.9704 0.2416 -0.0000
vn -0.9879 0.1548 -0.0000
vn -0.9972 0.0744 -0.0000
vn -0.9879 0.1549 -0.0000
vn -1.0000 0.0031 -0.0000
vn -1.0000 0.0032 -0.0000
vn -0.0623 -0.9981 -0.0000
vn 0.0021 -1.0000 -0.0000
vn 0.9319 -0.3627 -0.0000
vn -0.9998 0.0175 -0.0000
vn -0.9974 0.0725 -0.0000
vn -0.9885 0.1512 -0.0000
vn -0.9717 0.2363 -0.0000
vn -0.9452 0.3264 -0.0000
vn -0.9078 0.4194 -0.0000
vn -0.8588 0.5124 -0.0000
vn -0.7986 0.6018 -0.0000
vn -0.7290 0.6845 -0.0000
vn -0.6526 0.7577 -0.0000
vn -0.5723 0.8200 -0.0000
vn -0.4914 0.8709 -0.0000
vn -0.3609 0.9326 -0.0000
vn -0.9679 0.2511 -0.0000
vn -0.6625 0.7491 -0.0000
vn -0.6138 0.7895 -0.0000
vn 0.0153 0.9999 -0.0000
vn 0.0622 0.9981 -0.0000
vn 0.1260 0.9920 -0.0000
vn 0.1910 0.9816 -0.0000
vn 0.2564 0.9666 -0.0000
vn 0.3212 0.9470 -0.0000
vn 0.3845 0.9231 -0.0000
vn 0.4456 0.8952 -0.0000
vn 0.5581 0.8297 -0.0000
vn 0.6086 0.7935 -0.0000
vn 0.6549 0.7557 -0.0000
vn 0.6978 0.7163 -0.0000
vn 0.6548 0.7558 -0.0000
vn 0.7397 0.6729 -0.0000
vn 0.7810 0.6245 -0.0000
vn 0.8206 0.5715 -0.0000
vn 0.7811 0.6245 -0.0000
vn 0.8576 0.5144 -0.0000
vn 0.8912 0.4536 -0.0000
vn 0.9208 0.3900 -0.0000
vn 0.9459 0.3244 -0.0000
vn 0.9662 0.2578 -0.0000
vn 0.9815 0.1913 -0.0000
vn 0.9921 0.1256 -0.0000
vn 0.9815 0.1912 -0.0000
vn 0.9981 0.0618 -0.0000
vn 0.9999 0.0152 -0.0000
vn 0.9980 -0.0640 -0.0000
vn 0.9916 -0.1295 -0.0000
vn 0.9806 -0.1963 -0.0000
vn 0.9916 -0.1296 -0.0000
vn 0.9647 -0.2632 -0.0000
vn 0.9442 -0.3293 -0.0000
vn 0.9192 -0.3938 -0.0000
vn 0.9442 -0.3294 -0.0000
vn 0.8901 -0.4557 -0.0000
vn 0.8576 -0.5143 -0.0000
vn 0.8224 -0.5690 -0.0000
vn 0.7851 -0.6194 -0.0000
vn 0.7465 -0.6653 -0.0000
vn 0.6654 -0.7465 -0.0000
vn 0.6193 -0.7851 -0.0000
vn 0.5689 -0.8224 -0.0000
vn 0.6194 -0.7851 -0.0000
vn 0.5143 -0.8576 -0.0000
vn 0.5690 -0.8224 -0.0000
vn 0.4557 -0.8901 -0.0000
vn 0.3938 -0.9192 -0.0000
vn 0.3293 -0.9442 -0.0000
vn 0.2632 -0.9647 -0.0000
vn 0.3294 -0.9442 -0.0000
vn 0.1962 -0.9806 -0.0000
vn 0.1295 -0.9916 -0.0000
vn 0.1963 -0.9806 -0.0000
vn 0.0640 -0.9980 -0.0000
vn 0.1296 -0.9916 -0.0000
vn 0.0158 -0.9999 -0.0000
vn -0.5144 -0.8576 -0.0000
vn -0.6245 -0.7810 -0.0000
vn -0.6244 -0.7811 -0.0000
vn -0.9999 -0.0154 -0.0000
vn 0.1549 0.9879 -0.0000
vn 0.0744 0.9972 -0.0000
vn 0.2416 0.9704 -0.0000
vn 0.3330 0.9429 -0.0000
vn 0.4267 0.9044 -0.0000
vn 0.5196 0.8544 -0.0000
vn 0.6084 0.7936 -0.0000
vn 0.6900 0.7239 -0.0000
vn 0.6085 0.7936 -0.0000
vn 0.7618 0.6479 -0.0000
vn 0.6900 0.7238 -0.0000
vn 0.8225 0.5688 -0.0000
vn 0.7617 0.6479 -0.0000
vn 0.8720 0.4895 -0.0000
vn 0.9255 0.3788 -0.0000
vn 0.9523 0.3052 -0.0000
vn 0.9526 0.3044 -0.0000
vn 0.9528 0.3035 -0.0000
vn 0.9531 0.3027 -0.0000
vn 0.9528 0.3036 -0.0000
vn 0.9533 0.3019 -0.0000
vn 0.9536 0.3011 -0.0000
vn 0.9538 0.3003 -0.0000
vn 0.9541 0.2995 -0.0000
vn 0.9543 0.2987 -0.0000
vn 0.9546 0.2980 -0.0000
vn 0.9543 0.2988 -0.0000
vn 0.9548 0.2972 -0.0000
vn 0.9272 0.3745 -0.0000
vn 0.0179 0.9998 -0.0000
vn -0.0153 0.9999 -0.0000
vn -0.0622 0.9981 -0.0000
vn -0.1260 0.9920 -0.0000
vn -0.1910 0.9816 -0.0000
vn -0.2564 0.9666 -0.0000
vn -0.3212 0.9470 -0.0000
vn -0.3846 0.9231 -0.0000
vn -0.4456 0.8952 -0.0000
vn -0.3845 0.9231 -0.0000
vn -0.5582 0.8297 -0.0000
vn -0.6086 0.7935 -0.0000
vn -0.5581 0.8297 -0.0000
vn -0.6548 0.7558 -0.0000
vn -0.6978 0.7163 -0.0000
vn -0.6549 0.7557 -0.0000
vn -0.7397 0.6729 -0.0000
vn -0.7811 0.6244 -0.0000
vn -0.8206 0.5714 -0.0000
vn -0.7810 0.6245 -0.0000
vn -0.8576 0.5143 -0.0000
vn -0.8206 0.5715 -0.0000
vn -0.8912 0.4536 -0.0000
vn -0.8576 0.5144 -0.0000
vn -0.9208 0.3899 -0.0000
vn -0.9459 0.3243 -0.0000
vn -0.9208 0.3900 -0.0000
vn -0.9662 0.2578 -0.0000
vn -0.9459 0.3244 -0.0000
vn -0.9816 0.1912 -0.0000
vn -0.9662 0.2579 -0.0000
vn -0.9921 0.1256 -0.0000
vn -0.9815 0.1913 -0.0000
vn -0.9981 0.0617 -0.0000
vn -0.9921 0.1257 -0.0000
vn -0.9999 0.0152 -0.0000
vn -0.9981 0.0618 -0.0000
vn -0.9999 -0.0158 -0.0000
vn -0.9979 -0.0640 -0.0000
vn -0.9916 -0.1296 -0.0000
vn -0.9980 -0.0640 -0.0000
vn -0.9805 -0.1963 -0.0000
vn -0.9916 -0.1295 -0.0000
vn -0.9647 -0.2632 -0.0000
vn -0.9806 -0.1962 -0.0000
vn -0.9442 -0.3294 -0.0000
vn -0.9648 -0.2632 -0.0000
vn -0.9192 -0.3938 -0.0000
vn -0.9442 -0.3293 -0.0000
vn -0.8901 -0.4557 -0.0000
vn -0.8576 -0.5143 -0.0000
vn -0.8223 -0.5690 -0.0000
vn -0.7851 -0.6194 -0.0000
vn -0.8224 -0.5689 -0.0000
vn -0.7465 -0.6654 -0.0000
vn -0.7851 -0.6193 -0.0000
vn -0.7466 -0.6653 -0.0000
vn -0.6654 -0.7465 -0.0000
vn -0.6194 -0.7851 -0.0000
vn -0.5690 -0.8224 -0.0000
vn -0.4557 -0.8901 -0.0000
vn -0.3938 -0.9192 -0.0000
vn -0.3293 -0.9442 -0.0000
vn -0.2632 -0.9647 -0.0000
vn -0.3294 -0.9442 -0.0000
vn -0.1963 -0.9806 -0.0000
vn -0.1296 -0.9916 -0.0000
vn -0.0640 -0.9980 -0.0000
vn -0.0158 -0.9999 -0.0000
vn -0.0097 -1.0000 -0.0000
vn -0.0395 -0.9992 -0.0000
vn -0.0807 -0.9967 -0.0000
vn -0.1236 -0.9923 -0.0000
vn -0.1682 -0.9858 -0.0000
vn -0.2142 -0.9768 -0.0000
vn -0.2614 -0.9652 -0.0000
vn -0.3095 -0.9509 -0.0000
vn -0.3581 -0.9337 -0.0000
vn -0.4068 -0.9135 -0.0000
vn -0.4552 -0.8904 -0.0000
vn -0.5028 -0.8644 -0.0000
vn -0.5498 -0.8353 -0.0000
vn -0.5982 -0.8013 -0.0000
vn -0.6488 -0.7609 -0.0000
vn -0.7008 -0.7134 -0.0000
vn -0.7530 -0.6580 -0.0000
vn -0.8041 -0.5944 -0.0000
vn -0.8524 -0.5228 -0.0000
vn -0.8041 -0.5945 -0.0000
vn -0.8961 -0.4439 -0.0000
vn -0.8524 -0.5229 -0.0000
vn -0.9334 -0.3588 -0.0000
vn -0.9630 -0.2697 -0.0000
vn -0.9334 -0.3589 -0.0000
vn -0.9839 -0.1787 -0.0000
vn -0.9629 -0.2697 -0.0000
vn -0.9961 -0.0882 -0.0000
vn -1.0000 0.0013 -0.0000
vn -0.9961 -0.0883 -0.0000
vn -0.9956 0.0933 -0.0000
vn -0.9822 0.1880 -0.0000
vn -0.9594 0.2821 -0.0000
vn -0.9279 0.3729 -0.0000
vn -0.8888 0.4583 -0.0000
vn -0.9278 0.3730 -0.0000
vn -0.8440 0.5363 -0.0000
vn -0.7954 0.6061 -0.0000
vn -0.8440 0.5364 -0.0000
vn -0.7447 0.6673 -0.0000
vn -0.7953 0.6062 -0.0000
vn -0.6938 0.7202 -0.0000
vn -0.7447 0.6674 -0.0000
vn -0.6438 0.7652 -0.0000
vn -0.5955 0.8033 -0.0000
vn -0.5492 0.8357 -0.0000
vn -0.5028 0.8644 -0.0000
vn -0.4552 0.8904 -0.0000
vn -0.4068 0.9135 -0.0000
vn -0.3581 0.9337 -0.0000
vn -0.3095 0.9509 -0.0000
vn -0.2614 0.9652 -0.0000
vn -0.2142 0.9768 -0.0000
vn -0.1682 0.9858 -0.0000
vn -0.1236 0.9923 -0.0000
vn -0.0807 0.9967 -0.0000
vn -0.0395 0.9992 -0.0000
vn -0.0097 1.0000 -0.0000
vn -0.0158 0.9999 -0.0000
vn -0.0640 0.9980 -0.0000
vn -0.1296 0.9916 -0.0000
vn -0.1963 0.9806 -0.0000
vn -0.1295 0.9916 -0.0000
vn -0.2632 0.9647 -0.0000
vn -0.3294 0.9442 -0.0000
vn -0.3938 0.9192 -0.0000
vn -0.3293 0.9442 -0.0000
vn -0.4557 0.8901 -0.0000
vn -0.5690 0.8224 -0.0000
vn -0.6194 0.7851 -0.0000
vn -0.6653 0.7466 -0.0000
vn -0.6653 0.7465 -0.0000
vn -0.7466 0.6653 -0.0000
vn -0.7851 0.6193 -0.0000
vn -0.7465 0.6654 -0.0000
vn -0.8224 0.5689 -0.0000
vn -0.7851 0.6194 -0.0000
vn -0.8223 0.5690 -0.0000
vn -0.8901 0.4557 -0.0000
vn -0.9192 0.3938 -0.0000
vn -0.9442 0.3293 -0.0000
vn -0.9648 0.2632 -0.0000
vn -0.9442 0.3294 -0.0000
vn -0.9806 0.1962 -0.0000
vn -0.9647 0.2632 -0.0000
vn -0.9916 0.1295 -0.0000
vn -0.9805 0.1963 -0.0000
vn -0.9980 0.0640 -0.0000
vn -0.9916 0.1296 -0.0000
vn -0.9979 0.0640 -0.0000
vn -0.9981 -0.0618 -0.0000
vn -0.9921 -0.1257 -0.0000
vn -0.9981 -0.0617 -0.0000
vn -0.9815 -0.1913 -0.0000
vn -0.9921 -0.1256 -0.0000
vn -0.9662 -0.2579 -0.0000
vn -0.9816 -0.1912 -0.0000
vn -0.9459 -0.3244 -0.0000
vn -0.9662 -0.2578 -0.0000
vn -0.9208 -0.3900 -0.0000
vn -0.9459 -0.3243 -0.0000
vn -0.8912 -0.4536 -0.0000
vn -0.9208 -0.3899 -0.0000
vn -0.8576 -0.5144 -0.0000
vn -0.8206 -0.5715 -0.0000
vn -0.7810 -0.6245 -0.0000
vn -0.8206 -0.5714 -0.0000
vn -0.7397 -0.6729 -0.0000
vn -0.7811 -0.6244 -0.0000
vn -0.6978 -0.7163 -0.0000
vn -0.6549 -0.7557 -0.0000
vn -0.6086 -0.7935 -0.0000
vn -0.5582 -0.8297 -0.0000
vn -0.5581 -0.8297 -0.0000
vn -0.4456 -0.8952 -0.0000
vn -0.3845 -0.9231 -0.0000
vn -0.3212 -0.9470 -0.0000
vn -0.2564 -0.9666 -0.0000
vn -0.1910 -0.9816 -0.0000
vn -0.1260 -0.9920 -0.0000
vn -0.0622 -0.9981 -0.0000
vn -0.0153 -0.9999 -0.0000
vn 0.9999 0.0153 -0.0000
vn 0.9981 0.0622 -0.0000
vn 0.9999 0.0154 -0.0000
vn 0.9920 0.1260 -0.0000
vn 0.9816 0.1910 -0.0000
vn 0.9666 0.2564 -0.0000
vn 0.9470 0.3212 -0.0000
vn 0.9231 0.3846 -0.0000
vn 0.8952 0.4456 -0.0000
vn 0.9231 0.3845 -0.0000
vn 0.8297 0.5582 -0.0000
vn 0.7934 0.6086 -0.0000
vn 0.7557 0.6549 -0.0000
vn 0.7935 0.6086 -0.0000
vn 0.7163 0.6978 -0.0000
vn 0.7558 0.6548 -0.0000
vn 0.6729 0.7397 -0.0000
vn 0.6245 0.7811 -0.0000
vn 0.5715 0.8206 -0.0000
vn 0.6245 0.7810 -0.0000
vn 0.5143 0.8576 -0.0000
vn 0.4536 0.8912 -0.0000
vn 0.5144 0.8576 -0.0000
vn 0.3900 0.9208 -0.0000
vn 0.3244 0.9459 -0.0000
vn 0.2578 0.9662 -0.0000
vn 0.1912 0.9815 -0.0000
vn 0.1256 0.9921 -0.0000
vn 0.0618 0.9981 -0.0000
vn 0.0152 0.9999 -0.0000
vt 0.401198 0.000000
vt 0.407186 0.000000
vt 0.404192 0.000000
vt 0.410180 0.000000
vt 0.413174 0.000000
vt 0.398204 0.000000
vt 0.416168 0.000000
vt 0.395210 0.000000
vt 0.419162 0.000000
vt 0.392216 0.000000
vt 0.422156 0.000000
vt 0.425150 0.000000
vt 0.389222 0.000000
vt 0.428144 0.000000
vt 0.386228 0.000000
vt 0.431138 0.000000
vt 0.383234 0.000000
vt 0.434132 0.000000
vt 0.437126 0.000000
vt 0.380240 0.000000
vt 0.440120 0.000000
vt 0.377246 0.000000
vt 0.443114 0.000000
vt 0.374251 0.000000
vt 0.446108 0.000000
vt 0.449102 0.000000
vt 0.371257 0.000000
vt 0.452096 0.000000
vt 0.368263 0.000000
vt 0.455090 0.000000
vt 0.458084 0.000000
vt 0.365269 0.000000
vt 0.461078 0.000000
vt 0.362275 0.000000
vt 0.464072 0.000000
vt 0.467066 0.000000
vt 0.359281 0.000000
vt 0.470060 0.000000
vt 0.356287 0.000000
vt 0.473054 0.000000
vt 0.353293 0.000000
vt 0.476048 0.000000
vt 0.350299 0.000000
vt 0.479042 0.000000
vt 0.347305 0.000000
vt 0.209581 0.000000
vt 0.206587 0.000000
vt 0.203593 0.000000
vt 0.200599 0.000000
vt 0.197605 0.000000
vt 0.194611 0.000000
vt 0.191617 0.000000
vt 0.188623 0.000000
vt 0.482036 0.000000
vt 0.344311 0.000000
vt 0.212575 0.000000
vt 0.341317 0.000000
vt 0.338323 0.000000
vt 0.335329 0.000000
vt 0.332335 0.000000
vt 0.329341 0.000000
vt 0.215569 0.000000
vt 0.326347 0.000000
vt 0.323353 0.000000
vt 0.320359 0.000000
vt 0.317365 0.000000
vt 0.314371 0.000000
vt 0.218563 0.000000
vt 0.311377 0.000000
vt 0.308383 0.000000
vt 0.305389 0.000000
vt 0.302395 0.000000
vt 0.299401 0.000000
vt 1.000000 0.000000
vt 0.994012 0.000000
vt 0.997006 0.000000
vt 0.221557 0.000000
vt 0.224551 0.000000
vt 0.991018 0.000000
vt 0.227545 0.000000
vt 0.988024 0.000000
vt 0.230539 0.000000
vt 0.985030 0.000000
vt 0.233533 0.000000
vt 0.982036 0.000000
vt 0.236527 0.000000
vt 0.979042 0.000000
vt 0.239521 0.000000
vt 0.976048 0.000000
vt 0.242515 0.000000
vt 0.973054 0.000000
vt 0.245509 0.000000
vt 0.970060 0.000000
vt 0.248503 0.000000
vt 0.967066 0.000000
vt 0.251497 0.000000
vt 0.964072 0.000000
vt 0.254491 0.000000
vt 0.185629 0.000000
vt 0.961078 0.000000
vt 0.257485 0.000000
vt 0.182635 0.000000
vt 0.958084 0.000000
vt 0.260479 0.000000
vt 0.179641 0.000000
vt 0.955090 0.000000
vt 0.263473 0.000000
vt 0.176647 0.000000
vt 0.952096 0.000000
vt 0.266467 0.000000
vt 0.173653 0.000000
vt 0.949102 0.000000
vt 0.269461 0.000000
vt 0.170659 0.000000
vt 0.946108 0.000000
vt 0.272455 0.000000
vt 0.167665 0.000000
vt 0.943114 0.000000
vt 0.275449 0.000000
vt 0.164671 0.000000
vt 0.940120 0.000000
vt 0.278443 0.000000
vt 0.161677 0.000000
vt 0.937126 0.000000
vt 0.281437 0.000000
vt 0.158683 0.000000
vt 0.934132 0.000000
vt 0.284431 0.000000
vt 0.155689 0.000000
vt 0.931138 0.000000
vt 0.287425 0.000000
vt 0.152695 0.000000
vt 0.928144 0.000000
vt 0.290419 0.000000
vt 0.149701 0.000000
vt 0.925150 0.000000
vt 0.293413 0.000000
vt 0.146707 0.000000
vt 0.922156 0.000000
vt 0.296407 0.000000
vt 0.143713 0.000000
vt 0.000000 0.000000
vt 0.140719 0.000000
vt 0.002994 0.000000
vt 0.137725 0.000000
vt 0.005988 0.000000
vt 0.134731 0.000000
vt 0.008982 0.000000
vt 0.131737 0.000000
vt 0.011976 0.000000
vt 0.128743 0.000000
vt 0.014970 0.000000
vt 0.125749 0.000000
vt 0.017964 0.000000
vt 0.122754 0.000000
vt 0.020958 0.000000
vt 0.119760 0.000000
vt 0.023952 0.000000
vt 0.116766 0.000000
vt 0.026946 0.000000
vt 0.113772 0.000000
vt 0.029940 0.000000
vt 0.110778 0.000000
vt 0.032934 0.000000
vt 0.107784 0.000000
vt 0.035928 0.000000
vt 0.104790 0.000000
vt 0.038922 0.000000
vt 0.101796 0.000000
vt 0.041916 0.000000
vt 0.098802 0.000000
vt 0.044910 0.000000
vt 0.095808 0.000000
vt 0.047904 0.000000
vt 0.092814 0.000000
vt 0.050898 0.000000
vt 0.089820 0.000000
vt 0.053892 0.000000
vt 0.086826 0.000000
vt 0.056886 0.000000
vt 0.083832 0.000000
vt 0.059880 0.000000
vt 0.080838 0.000000
vt 0.062874 0.000000
vt 0.077844 0.000000
vt 0.065868 0.000000
vt 0.074850 0.000000
vt 0.068862 0.000000
vt 0.071856 0.000000
vt 0.586826 0.000000
vt 0.583832 0.000000
vt 0.580838 0.000000
vt 0.577844 0.000000
vt 0.574850 0.000000
vt 0.571856 0.000000
vt 0.568862 0.000000
vt 0.565868 0.000000
vt 0.485030 0.000000
vt 0.562874 0.000000
vt 0.488024 0.000000
vt 0.491018 0.000000
vt 0.494012 0.000000
vt 0.497006 0.000000
vt 0.500000 0.000000
vt 0.502994 0.000000
vt 0.559880 0.000000
vt 0.505988 0.000000
vt 0.508982 0.000000
vt 0.511976 0.000000
vt 0.514970 0.000000
vt 0.517964 0.000000
vt 0.520958 0.000000
vt 0.523952 0.000000
vt 0.526946 0.000000
vt 0.556886 0.000000
vt 0.529940 0.000000
vt 0.532934 0.000000
vt 0.535928 0.000000
vt 0.538922 0.000000
vt 0.541916 0.000000
vt 0.544910 0.000000
vt 0.547904 0.000000
vt 0.550898 0.000000
vt 0.553892 0.000000
vt 0.589820 0.000000
vt 0.592814 0.000000
vt 0.595808 0.000000
vt 0.598802 0.000000
vt 0.601796 0.000000
vt 0.604790 0.000000
vt 0.607784 0.000000
vt 0.610778 0.000000
vt 0.613772 0.000000
vt 0.616766 0.000000
vt 0.619760 0.000000
vt 0.622755 0.000000
vt 0.625749 0.000000
vt 0.628743 0.000000
vt 0.631737 0.000000
vt 0.634731 0.000000
vt 0.637725 0.000000
vt 0.640719 0.000000
vt 0.643713 0.000000
vt 0.646707 0.000000
vt 0.649701 0.000000
vt 0.652695 0.000000
vt 0.655689 0.000000
vt 0.658683 0.000000
vt 0.661677 0.000000
vt 0.664671 0.000000
vt 0.667665 0.000000
vt 0.670659 0.000000
vt 0.673653 0.000000
vt 0.676647 0.000000
vt 0.679641 0.000000
vt 0.682635 0.000000
vt 0.685629 0.000000
vt 0.688623 0.000000
vt 0.691617 0.000000
vt 0.694611 0.000000
vt 0.697605 0.000000
vt 0.700599 0.000000
vt 0.703593 0.000000
vt 0.706587 0.000000
vt 0.709581 0.000000
vt 0.712575 0.000000
vt 0.715569 0.000000
vt 0.718563 0.000000
vt 0.721557 0.000000
vt 0.724551 0.000000
vt 0.727545 0.000000
vt 0.730539 0.000000
vt 0.733533 0.000000
vt 0.736527 0.000000
vt 0.739521 0.000000
vt 0.742515 0.000000
vt 0.745509 0.000000
vt 0.748503 0.000000
vt 0.751497 0.000000
vt 0.754491 0.000000
vt 0.757485 0.000000
vt 0.760479 0.000000
vt 0.763473 0.000000
vt 0.766467 0.000000
vt 0.769461 0.000000
vt 0.772455 0.000000
vt 0.775449 0.000000
vt 0.919162 0.000000
vt 0.778443 0.000000
vt 0.781437 0.000000
vt 0.916168 0.000000
vt 0.784431 0.000000
vt 0.913174 0.000000
vt 0.787425 0.000000
vt 0.910180 0.000000
vt 0.790419 0.000000
vt 0.907186 0.000000
vt 0.793413 0.000000
vt 0.904192 0.000000
vt 0.796407 0.000000
vt 0.901198 0.000000
vt 0.799401 0.000000
vt 0.898204 0.000000
vt 0.802395 0.000000
vt 0.895210 0.000000
vt 0.805389 0.000000
vt 0.892216 0.000000
vt 0.808383 0.000000
vt 0.889222 0.000000
vt 0.811377 0.000000
vt 0.886228 0.000000
vt 0.883234 0.000000
vt 0.814371 0.000000
vt 0.817365 0.000000
vt 0.880240 0.000000
vt 0.877245 0.000000
vt 0.820359 0.000000
vt 0.874251 0.000000
vt 0.823353 0.000000
vt 0.871257 0.000000
vt 0.826347 0.000000
vt 0.868263 0.000000
vt 0.829341 0.000000
vt 0.865269 0.000000
vt 0.832335 0.000000
vt 0.862275 0.000000
vt 0.835329 0.000000
vt 0.859281 0.000000
vt 0.838323 0.000000
vt 0.856287 0.000000
vt 0.841317 0.000000
vt 0.853293 0.000000
vt 0.844311 0.000000
vt 0.850299 0.000000
vt 0.847305 0.000000
vt 0.771930 0.000000
vt 0.783626 0.000000
vt 0.777778 0.000000
vt 0.789474 0.000000
vt 0.766082 0.000000
vt 0.795322 0.000000
vt 0.760234 0.000000
vt 0.801170 0.000000
vt 0.754386 0.000000
vt 0.807018 0.000000
vt 0.748538 0.000000
vt 0.812865 0.000000
vt 0.742690 0.000000
vt 0.818713 0.000000
vt 0.736842 0.000000
vt 0.824561 0.000000
vt 0.730994 0.000000
vt 0.830409 0.000000
vt 0.725146 0.000000
vt 0.836257 0.000000
vt 0.719298 0.000000
vt 0.842105 0.000000
vt 0.713450 0.000000
vt 0.847953 0.000000
vt 0.707602 0.000000
vt 0.853801 0.000000
vt 0.701754 0.000000
vt 0.859649 0.000000
vt 0.695906 0.000000
vt 0.865497 0.000000
vt 0.690058 0.000000
vt 0.871345 0.000000
vt 0.684211 0.000000
vt 0.877193 0.000000
vt 0.678363 0.000000
vt 0.883041 0.000000
vt 0.672515 0.000000
vt 0.888889 0.000000
vt 0.666667 0.000000
vt 0.894737 0.000000
vt 0.660819 0.000000
vt 0.900585 0.000000
vt 0.654971 0.000000
vt 0.906433 0.000000
vt 0.649123 0.000000
vt 0.912281 0.000000
vt 0.643275 0.000000
vt 0.918129 0.000000
vt 0.637427 0.000000
vt 0.923977 0.000000
vt 0.631579 0.000000
vt 0.929825 0.000000
vt 0.625731 0.000000
vt 0.935673 0.000000
vt 0.619883 0.000000
vt 0.941520 0.000000
vt 0.614035 0.000000
vt 0.947368 0.000000
vt 0.608187 0.000000
vt 0.602339 0.000000
vt 0.953216 0.000000
vt 0.596491 0.000000
vt 0.959064 0.000000
vt 0.590643 0.000000
vt 0.584795 0.000000
vt 0.964912 0.000000
vt 0.578947 0.000000
vt 0.970760 0.000000
vt 0.573099 0.000000
vt 0.976608 0.000000
vt 0.567251 0.000000
vt 0.561404 0.000000
vt 0.982456 0.000000
vt 0.555556 0.000000
vt 0.988304 0.000000
vt 0.549708 0.000000
vt 0.994152 0.000000
vt 0.543860 0.000000
vt 0.538012 0.000000
vt 0.532164 0.000000
vt 0.005848 0.000000
vt 0.526316 0.000000
vt 0.011696 0.000000
vt 0.520468 0.000000
vt 0.017544 0.000000
vt 0.514620 0.000000
vt 0.023392 0.000000
vt 0.508772 0.000000
vt 0.029240 0.000000
vt 0.502924 0.000000
vt 0.497076 0.000000
vt 0.485380 0.000000
vt 0.491228 0.000000
vt 0.479532 0.000000
vt 0.473684 0.000000
vt 0.035088 0.000000
vt 0.467836 0.000000
vt 0.040936 0.000000
vt 0.461988 0.000000
vt 0.046784 0.000000
vt 0.456140 0.000000
vt 0.052632 0.000000
vt 0.450292 0.000000
vt 0.058480 0.000000
vt 0.064327 0.000000
vt 0.444444 0.000000
vt 0.070175 0.000000
vt 0.438596 0.000000
vt 0.076023 0.000000
vt 0.432749 0.000000
vt 0.081871 0.000000
vt 0.426901 0.000000
vt 0.087719 0.000000
vt 0.093567 0.000000
vt 0.421053 0.000000
vt 0.099415 0.000000
vt 0.415205 0.000000
vt 0.105263 0.000000
vt 0.409357 0.000000
vt 0.111111 0.000000
vt 0.403509 0.000000
vt 0.116959 0.000000
vt 0.397661 0.000000
vt 0.122807 0.000000
vt 0.391813 0.000000
vt 0.128655 0.000000
vt 0.385965 0.000000
vt 0.134503 0.000000
vt 0.380117 0.000000
vt 0.374269 0.000000
vt 0.140351 0.000000
vt 0.146199 0.000000
vt 0.368421 0.000000
vt 0.152047 0.000000
vt 0.362573 0.000000
vt 0.157895 0.000000
vt 0.356725 0.000000
vt 0.163743 0.000000
vt 0.350877 0.000000
vt 0.169591 0.000000
vt 0.175439 0.000000
vt 0.345029 0.000000
vt 0.181287 0.000000
vt 0.339181 0.000000
vt 0.187135 0.000000
vt 0.192982 0.000000
vt 0.333333 0.000000
vt 0.198830 0.000000
vt 0.327485 0.000000
vt 0.204678 0.000000
vt 0.210526 0.000000
vt 0.321637 0.000000
vt 0.216374 0.000000
vt 0.315789 0.000000
vt 0.222222 0.000000
vt 0.309942 0.000000
vt 0.228070 0.000000
vt 0.233918 0.000000
vt 0.304094 0.000000
vt 0.239766 0.000000
vt 0.298246 0.000000
vt 0.245614 0.000000
vt 0.292398 0.000000
vt 0.251462 0.000000
vt 0.257310 0.000000
vt 0.286550 0.000000
vt 0.263158 0.000000
vt 0.280702 0.000000
vt 0.269006 0.000000
vt 0.274854 0.000000
vt 0.375350 0.000000
vt 0.380952 0.000000
vt 0.378151 0.000000
vt 0.383754 0.000000
vt 0.372549 0.000000
vt 0.386555 0.000000
vt 0.369748 0.000000
vt 0.389356 0.000000
vt 0.366947 0.000000
vt 0.392157 0.000000
vt 0.364146 0.000000
vt 0.394958 0.000000
vt 0.361345 0.000000
vt 0.397759 0.000000
vt 0.358543 0.000000
vt 0.400560 0.000000
vt 0.355742 0.000000
vt 0.403361 0.000000
vt 0.352941 0.000000
vt 0.406162 0.000000
vt 0.350140 0.000000
vt 0.408964 0.000000
vt 0.347339 0.000000
vt 0.411765 0.000000
vt 0.344538 0.000000
vt 0.414566 0.000000
vt 0.341737 0.000000
vt 0.417367 0.000000
vt 0.338936 0.000000
vt 0.420168 0.000000
vt 0.336134 0.000000
vt 0.422969 0.000000
vt 0.425770 0.000000
vt 0.330532 0.000000
vt 0.428571 0.000000
vt 0.327731 0.000000
vt 0.431373 0.000000
vt 0.324930 0.000000
vt 0.434174 0.000000
vt 0.322129 0.000000
vt 0.436975 0.000000
vt 0.319328 0.000000
vt 0.439776 0.000000
vt 0.316527 0.000000
vt 0.442577 0.000000
vt 0.313726 0.000000
vt 0.445378 0.000000
vt 0.310924 0.000000
vt 0.448179 0.000000
vt 0.308123 0.000000
vt 0.450980 0.000000
vt 0.305322 0.000000
vt 0.453782 0.000000
vt 0.456583 0.000000
vt 0.302521 0.000000
vt 0.459384 0.000000
vt 0.299720 0.000000
vt 0.462185 0.000000
vt 0.464986 0.000000
vt 0.296919 0.000000
vt 0.467787 0.000000
vt 0.294118 0.000000
vt 0.470588 0.000000
vt 0.473389 0.000000
vt 0.291317 0.000000
vt 0.476190 0.000000
vt 0.288515 0.000000
vt 0.478992 0.000000
vt 0.285714 0.000000
vt 0.481793 0.000000
vt 0.484594 0.000000
vt 0.282913 0.000000
vt 0.487395 0.000000
vt 0.280112 0.000000
vt 0.490196 0.000000
vt 0.277311 0.000000
vt 0.492997 0.000000
vt 0.274510 0.000000
vt 0.495798 0.000000
vt 0.271709 0.000000
vt 0.498599 0.000000
vt 0.268908 0.000000
vt 0.266106 0.000000
vt 0.501401 0.000000
vt 0.263305 0.000000
vt 0.504202 0.000000
vt 0.260504 0.000000
vt 0.507003 0.000000
vt 0.509804 0.000000
vt 0.257703 0.000000
vt 0.512605 0.000000
vt 0.515406 0.000000
vt 0.254902 0.000000
vt 0.518207 0.000000
vt 0.521008 0.000000
vt 0.523810 0.000000
vt 0.526611 0.000000
vt 0.529412 0.000000
vt 0.532213 0.000000
vt 0.252101 0.000000
vt 0.535014 0.000000
vt 0.249300 0.000000
vt 0.537815 0.000000
vt 0.246499 0.000000
vt 0.540616 0.000000
vt 0.243697 0.000000
vt 0.543417 0.000000
vt 0.240896 0.000000
vt 0.546219 0.000000
vt 0.238095 0.000000
vt 0.549020 0.000000
vt 0.235294 0.000000
vt 0.551821 0.000000
vt 0.232493 0.000000
vt 0.554622 0.000000
vt 0.229692 0.000000
vt 0.557423 0.000000
vt 0.226891 0.000000
vt 0.560224 0.000000
vt 0.224090 0.000000
vt 0.563025 0.000000
vt 0.221289 0.000000
vt 0.565826 0.000000
vt 0.568627 0.000000
vt 0.218487 0.000000
vt 0.571429 0.000000
vt 0.215686 0.000000
vt 0.574230 0.000000
vt 0.212885 0.000000
vt 0.577031 0.000000
vt 0.579832 0.000000
vt 0.210084 0.000000
vt 0.582633 0.000000
vt 0.207283 0.000000
vt 0.585434 0.000000
vt 0.588235 0.000000
vt 0.204482 0.000000
vt 0.591036 0.000000
vt 0.201681 0.000000
vt 0.593838 0.000000
vt 0.198880 0.000000
vt 0.596639 0.000000
vt 0.599440 0.000000
vt 0.196078 0.000000
vt 0.602241 0.000000
vt 0.193277 0.000000
vt 0.605042 0.000000
vt 0.190476 0.000000
vt 0.607843 0.000000
vt 0.610644 0.000000
vt 0.187675 0.000000
vt 0.613445 0.000000
vt 0.184874 0.000000
vt 0.616247 0.000000
vt 0.182073 0.000000
vt 0.619048 0.000000
vt 0.179272 0.000000
vt 0.621849 0.000000
vt 0.176471 0.000000
vt 0.624650 0.000000
vt 0.173669 0.000000
vt 0.627451 0.000000
vt 0.170868 0.000000
vt 0.168067 0.000000
vt 0.630252 0.000000
vt 0.165266 0.000000
vt 0.162465 0.000000
vt 0.633053 0.000000
vt 0.159664 0.000000
vt 0.635854 0.000000
vt 0.156863 0.000000
vt 0.638655 0.000000
vt 0.154062 0.000000
vt 0.641457 0.000000
vt 0.151261 0.000000
vt 0.644258 0.000000
vt 0.148459 0.000000
vt 0.647059 0.000000
vt 0.145658 0.000000
vt 0.649860 0.000000
vt 0.652661 0.000000
vt 0.658263 0.000000
vt 0.655462 0.000000
vt 0.661064 0.000000
vt 0.142857 0.000000
vt 0.663866 0.000000
vt 0.669468 0.000000
vt 0.140056 0.000000
vt 0.672269 0.000000
vt 0.137255 0.000000
vt 0.675070 0.000000
vt 0.677871 0.000000
vt 0.134454 0.000000
vt 0.680672 0.000000
vt 0.683473 0.000000
vt 0.131653 0.000000
vt 0.686275 0.000000
vt 0.128852 0.000000
vt 0.689076 0.000000
vt 0.126050 0.000000
vt 0.691877 0.000000
vt 0.694678 0.000000
vt 0.123249 0.000000
vt 0.697479 0.000000
vt 0.120448 0.000000
vt 0.700280 0.000000
vt 0.117647 0.000000
vt 0.703081 0.000000
vt 0.705882 0.000000
vt 0.114846 0.000000
vt 0.708683 0.000000
vt 0.112045 0.000000
vt 0.711485 0.000000
vt 0.714286 0.000000
vt 0.109244 0.000000
vt 0.717087 0.000000
vt 0.106443 0.000000
vt 0.719888 0.000000
vt 0.722689 0.000000
vt 0.103641 0.000000
vt 0.725490 0.000000
vt 0.728291 0.000000
vt 0.100840 0.000000
vt 0.731092 0.000000
vt 0.098039 0.000000
vt 0.733894 0.000000
vt 0.095238 0.000000
vt 0.736695 0.000000
vt 0.092437 0.000000
vt 0.739496 0.000000
vt 0.089636 0.000000
vt 0.742297 0.000000
vt 0.086835 0.000000
vt 0.745098 0.000000
vt 0.084034 0.000000
vt 0.747899 0.000000
vt 0.081232 0.000000
vt 0.750700 0.000000
vt 0.078431 0.000000
vt 0.753501 0.000000
vt 0.075630 0.000000
vt 0.756303 0.000000
vt 0.072829 0.000000
vt 0.759104 0.000000
vt 0.070028 0.000000
vt 0.761905 0.000000
vt 0.067227 0.000000
vt 0.764706 0.000000
vt 0.064426 0.000000
vt 0.767507 0.000000
vt 0.061625 0.000000
vt 0.770308 0.000000
vt 0.058824 0.000000
vt 0.773109 0.000000
vt 0.056022 0.000000
vt 0.775910 0.000000
vt 0.053221 0.000000
vt 0.778711 0.000000
vt 0.050420 0.000000
vt 0.781513 0.000000
vt 0.047619 0.000000
vt 0.784314 0.000000
vt 0.044818 0.000000
vt 0.787115 0.000000
vt 0.042017 0.000000
vt 0.789916 0.000000
vt 0.039216 0.000000
vt 0.792717 0.000000
vt 0.036415 0.000000
vt 0.795518 0.000000
vt 0.033613 0.000000
vt 0.030812 0.000000
vt 0.798319 0.000000
vt 0.801120 0.000000
vt 0.803922 0.000000
vt 0.028011 0.000000
vt 0.806723 0.000000
vt 0.025210 0.000000
vt 0.809524 0.000000
vt 0.022409 0.000000
vt 0.812325 0.000000
vt 0.815126 0.000000
vt 0.019608 0.000000
vt 0.817927 0.000000
vt 0.016807 0.000000
vt 0.820728 0.000000
vt 0.014006 0.000000
vt 0.823529 0.000000
vt 0.826331 0.000000
vt 0.011204 0.000000
vt 0.829132 0.000000
vt 0.008403 0.000000
vt 0.831933 0.000000
vt 0.005602 0.000000
vt 0.834734 0.000000
vt 0.837535 0.000000
vt 0.002801 0.000000
vt 0.840336 0.000000
vt 0.843137 0.000000
vt 0.845938 0.000000
vt 0.848740 0.000000
vt 0.997199 0.000000
vt 0.851541 0.000000
vt 0.994398 0.000000
vt 0.854342 0.000000
vt 0.857143 0.000000
vt 0.991597 0.000000
vt 0.859944 0.000000
vt 0.988796 0.000000
vt 0.862745 0.000000
vt 0.985994 0.000000
vt 0.865546 0.000000
vt 0.983193 0.000000
vt 0.868347 0.000000
vt 0.871148 0.000000
vt 0.980392 0.000000
vt 0.873950 0.000000
vt 0.977591 0.000000
vt 0.876751 0.000000
vt 0.974790 0.000000
vt 0.879552 0.000000
vt 0.971989 0.000000
vt 0.882353 0.000000
vt 0.885154 0.000000
vt 0.969188 0.000000
vt 0.887955 0.000000
vt 0.966387 0.000000
vt 0.890756 0.000000
vt 0.893557 0.000000
vt 0.963585 0.000000
vt 0.896359 0.000000
vt 0.960784 0.000000
vt 0.899160 0.000000
vt 0.901961 0.000000
vt 0.957983 0.000000
vt 0.904762 0.000000
vt 0.955182 0.000000
vt 0.907563 0.000000
vt 0.952381 0.000000
vt 0.910364 0.000000
vt 0.913165 0.000000
vt 0.949580 0.000000
vt 0.915966 0.000000
vt 0.946779 0.000000
vt 0.918768 0.000000
vt 0.943978 0.000000
vt 0.921569 0.000000
vt 0.924370 0.000000
vt 0.941176 0.000000
vt 0.927171 0.000000
vt 0.938375 0.000000
vt 0.929972 0.000000
vt 0.935574 0.000000
vt 0.932773 0.000000
vt 0.989950 0.000000
vt 0.994975 0.000000
vt 0.502513 0.000000
vt 0.984925 0.000000
vt 0.507538 0.000000
vt 0.979900 0.000000
vt 0.512563 0.000000
vt 0.974874 0.000000
vt 0.517588 0.000000
vt 0.969849 0.000000
vt 0.522613 0.000000
vt 0.964824 0.000000
vt 0.527638 0.000000
vt 0.959799 0.000000
vt 0.532663 0.000000
vt 0.954774 0.000000
vt 0.537688 0.000000
vt 0.949749 0.000000
vt 0.542714 0.000000
vt 0.944724 0.000000
vt 0.547739 0.000000
vt 0.939699 0.000000
vt 0.552764 0.000000
vt 0.934673 0.000000
vt 0.557789 0.000000
vt 0.929648 0.000000
vt 0.562814 0.000000
vt 0.924623 0.000000
vt 0.567839 0.000000
vt 0.919598 0.000000
vt 0.572864 0.000000
vt 0.914573 0.000000
vt 0.577889 0.000000
vt 0.909548 0.000000
vt 0.582915 0.000000
vt 0.904523 0.000000
vt 0.587940 0.000000
vt 0.899498 0.000000
vt 0.592965 0.000000
vt 0.894472 0.000000
vt 0.597990 0.000000
vt 0.889447 0.000000
vt 0.603015 0.000000
vt 0.884422 0.000000
vt 0.608040 0.000000
vt 0.879397 0.000000
vt 0.613065 0.000000
vt 0.874372 0.000000
vt 0.618090 0.000000
vt 0.869347 0.000000
vt 0.623116 0.000000
vt 0.864322 0.000000
vt 0.628141 0.000000
vt 0.859297 0.000000
vt 0.633166 0.000000
vt 0.854271 0.000000
vt 0.638191 0.000000
vt 0.849246 0.000000
vt 0.643216 0.000000
vt 0.844221 0.000000
vt 0.648241 0.000000
vt 0.839196 0.000000
vt 0.653266 0.000000
vt 0.834171 0.000000
vt 0.658291 0.000000
vt 0.829146 0.000000
vt 0.663317 0.000000
vt 0.824121 0.000000
vt 0.668342 0.000000
vt 0.819095 0.000000
vt 0.673367 0.000000
vt 0.814070 0.000000
vt 0.678392 0.000000
vt 0.809045 0.000000
vt 0.683417 0.000000
vt 0.804020 0.000000
vt 0.688442 0.000000
vt 0.798995 0.000000
vt 0.693467 0.000000
vt 0.793970 0.000000
vt 0.698492 0.000000
vt 0.788945 0.000000
vt 0.703518 0.000000
vt 0.783920 0.000000
vt 0.708543 0.000000
vt 0.778894 0.000000
vt 0.713568 0.000000
vt 0.773869 0.000000
vt 0.718593 0.000000
vt 0.768844 0.000000
vt 0.723618 0.000000
vt 0.763819 0.000000
vt 0.728643 0.000000
vt 0.758794 0.000000
vt 0.733668 0.000000
vt 0.753769 0.000000
vt 0.738693 0.000000
vt 0.748744 0.000000
vt 0.743719 0.000000
vt 0.110553 0.000000
vt 0.120603 0.000000
vt 0.115578 0.000000
vt 0.125628 0.000000
vt 0.105528 0.000000
vt 0.130653 0.000000
vt 0.100503 0.000000
vt 0.135678 0.000000
vt 0.095477 0.000000
vt 0.140704 0.000000
vt 0.090452 0.000000
vt 0.145729 0.000000
vt 0.085427 0.000000
vt 0.150754 0.000000
vt 0.080402 0.000000
vt 0.155779 0.000000
vt 0.075377 0.000000
vt 0.160804 0.000000
vt 0.070352 0.000000
vt 0.165829 0.000000
vt 0.065327 0.000000
vt 0.170854 0.000000
vt 0.060302 0.000000
vt 0.175879 0.000000
vt 0.055276 0.000000
vt 0.180905 0.000000
vt 0.050251 0.000000
vt 0.185930 0.000000
vt 0.190955 0.000000
vt 0.045226 0.000000
vt 0.195980 0.000000
vt 0.040201 0.000000
vt 0.201005 0.000000
vt 0.035176 0.000000
vt 0.206030 0.000000
vt 0.030151 0.000000
vt 0.211055 0.000000
vt 0.025126 0.000000
vt 0.216080 0.000000
vt 0.020101 0.000000
vt 0.221106 0.000000
vt 0.015075 0.000000
vt 0.226131 0.000000
vt 0.010050 0.000000
vt 0.231156 0.000000
vt 0.005025 0.000000
vt 0.236181 0.000000
vt 0.241206 0.000000
vt 0.497487 0.000000
vt 0.492462 0.000000
vt 0.246231 0.000000
vt 0.487437 0.000000
vt 0.251256 0.000000
vt 0.256281 0.000000
vt 0.482412 0.000000
vt 0.261307 0.000000
vt 0.477387 0.000000
vt 0.266332 0.000000
vt 0.472362 0.000000
vt 0.271357 0.000000
vt 0.467337 0.000000
vt 0.276382 0.000000
vt 0.462312 0.000000
vt 0.281407 0.000000
vt 0.457286 0.000000
vt 0.286432 0.000000
vt 0.452261 0.000000
vt 0.291457 0.000000
vt 0.447236 0.000000
vt 0.296482 0.000000
vt 0.442211 0.000000
vt 0.301508 0.000000
vt 0.437186 0.000000
vt 0.306533 0.000000
vt 0.432161 0.000000
vt 0.427136 0.000000
vt 0.311558 0.000000
vt 0.316583 0.000000
vt 0.422111 0.000000
vt 0.417085 0.000000
vt 0.321608 0.000000
vt 0.412060 0.000000
vt 0.326633 0.000000
vt 0.407035 0.000000
vt 0.331658 0.000000
vt 0.402010 0.000000
vt 0.336683 0.000000
vt 0.396985 0.000000
vt 0.341709 0.000000
vt 0.391960 0.000000
vt 0.346734 0.000000
vt 0.386935 0.000000
vt 0.351759 0.000000
vt 0.381910 0.000000
vt 0.356784 0.000000
vt 0.376884 0.000000
vt 0.361809 0.000000
vt 0.371859 0.000000
vt 0.366834 0.000000
vt 0.005000 1.000000
vt 0.000000 1.000000
vt 0.010000 1.000000
vt 0.005000 0.000000
vt 0.015000 1.000000
vt 0.010000 0.000000
vt 0.020000 1.000000
vt 0.015000 0.000000
vt 0.025000 1.000000
vt 0.020000 0.000000
vt 0.030000 1.000000
vt 0.025000 0.000000
vt 0.035000 1.000000
vt 0.030000 0.000000
vt 0.040000 1.000000
vt 0.035000 0.000000
vt 0.045000 1.000000
vt 0.040000 0.000000
vt 0.050000 1.000000
vt 0.045000 0.000000
vt 0.055000 1.000000
vt 0.050000 0.000000
vt 0.060000 1.000000
vt 0.055000 0.000000
vt 0.065000 1.000000
vt 0.060000 0.000000
vt 0.070000 1.000000
vt 0.065000 0.000000
vt 0.075000 1.000000
vt 0.070000 0.000000
vt 0.080000 1.000000
vt 0.075000 0.000000
vt 0.085000 1.000000
vt 0.080000 0.000000
vt 0.090000 1.000000
vt 0.085000 0.000000
vt 0.095000 1.000000
vt 0.090000 0.000000
vt 0.100000 1.000000
vt 0.095000 0.000000
vt 0.105000 1.000000
vt 0.100000 0.000000
vt 0.110000 1.000000
vt 0.105000 0.000000
vt 0.115000 1.000000
vt 0.110000 0.000000
vt 0.120000 1.000000
vt 0.115000 0.000000
vt 0.125000 1.000000
vt 0.120000 0.000000
vt 0.130000 1.000000
vt 0.125000 0.000000
vt 0.135000 1.000000
vt 0.130000 0.000000
vt 0.140000 1.000000
vt 0.135000 0.000000
vt 0.145000 1.000000
vt 0.140000 0.000000
vt 0.150000 1.000000
vt 0.145000 0.000000
vt 0.155000 1.000000
vt 0.150000 0.000000
vt 0.160000 1.000000
vt 0.155000 0.000000
vt 0.165000 1.000000
vt 0.160000 0.000000
vt 0.170000 1.000000
vt 0.165000 0.000000
vt 0.175000 1.000000
vt 0.170000 0.000000
vt 0.180000 1.000000
vt 0.175000 0.000000
vt 0.185000 1.000000
vt 0.180000 0.000000
vt 0.190000 1.000000
vt 0.185000 0.000000
vt 0.195000 1.000000
vt 0.190000 0.000000
vt 0.200000 1.000000
vt 0.195000 0.000000
vt 0.205000 1.000000
vt 0.200000 0.000000
vt 0.210000 1.000000
vt 0.205000 0.000000
vt 0.215000 1.000000
vt 0.210000 0.000000
vt 0.220000 1.000000
vt 0.215000 0.000000
vt 0.225000 1.000000
vt 0.220000 0.000000
vt 0.230000 1.000000
vt 0.225000 0.000000
vt 0.235000 1.000000
vt 0.230000 0.000000
vt 0.240000 1.000000
vt 0.235000 0.000000
vt 0.245000 1.000000
vt 0.240000 0.000000
vt 0.250000 1.000000
vt 0.245000 0.000000
vt 0.255000 1.000000
vt 0.250000 0.000000
vt 0.260000 1.000000
vt 0.255000 0.000000
vt 0.265000 1.000000
vt 0.260000 0.000000
vt 0.270000 1.000000
vt 0.265000 0.000000
vt 0.275000 1.000000
vt 0.270000 0.000000
vt 0.280000 1.000000
vt 0.275000 0.000000
vt 0.285000 1.000000
vt 0.280000 0.000000
vt 0.290000 1.000000
vt 0.285000 0.000000
vt 0.295000 1.000000
vt 0.290000 0.000000
vt 0.300000 1.000000
vt 0.295000 0.000000
vt 0.305000 1.000000
vt 0.300000 0.000000
vt 0.310000 1.000000
vt 0.305000 0.000000
vt 0.315000 1.000000
vt 0.310000 0.000000
vt 0.320000 1.000000
vt 0.315000 0.000000
vt 0.325000 1.000000
vt 0.320000 0.000000
vt 0.330000 1.000000
vt 0.325000 0.000000
vt 0.335000 1.000000
vt 0.330000 0.000000
vt 0.340000 1.000000
vt 0.335000 0.000000
vt 0.345000 1.000000
vt 0.340000 0.000000
vt 0.350000 1.000000
vt 0.345000 0.000000
vt 0.355000 1.000000
vt 0.350000 0.000000
vt 0.360000 1.000000
vt 0.355000 0.000000
vt 0.365000 1.000000
vt 0.360000 0.000000
vt 0.370000 1.000000
vt 0.365000 0.000000
vt 0.375000 1.000000
vt 0.370000 0.000000
vt 0.380000 1.000000
vt 0.375000 0.000000
vt 0.385000 1.000000
vt 0.380000 0.000000
vt 0.390000 1.000000
vt 0.385000 0.000000
vt 0.395000 1.000000
vt 0.390000 0.000000
vt 0.400000 1.000000
vt 0.395000 0.000000
vt 0.405000 1.000000
vt 0.400000 0.000000
vt 0.410000 1.000000
vt 0.405000 0.000000
vt 0.415000 1.000000
vt 0.410000 0.000000
vt 0.420000 1.000000
vt 0.415000 0.000000
vt 0.425000 1.000000
vt 0.420000 0.000000
vt 0.430000 1.000000
vt 0.425000 0.000000
vt 0.435000 1.000000
vt 0.430000 0.000000
vt 0.440000 1.000000
vt 0.435000 0.000000
vt 0.445000 1.000000
vt 0.440000 0.000000
vt 0.450000 1.000000
vt 0.445000 0.000000
vt 0.455000 1.000000
vt 0.450000 0.000000
vt 0.460000 1.000000
vt 0.455000 0.000000
vt 0.465000 1.000000
vt 0.460000 0.000000
vt 0.470000 1.000000
vt 0.465000 0.000000
vt 0.475000 1.000000
vt 0.470000 0.000000
vt 0.480000 1.000000
vt 0.475000 0.000000
vt 0.485000 1.000000
vt 0.480000 0.000000
vt 0.490000 1.000000
vt 0.485000 0.000000
vt 0.495000 1.000000
vt 0.490000 0.000000
vt 0.500000 1.000000
vt 0.495000 0.000000
vt 0.505000 1.000000
vt 0.510000 1.000000
vt 0.505000 0.000000
vt 0.515000 1.000000
vt 0.510000 0.000000
vt 0.520000 1.000000
vt 0.515000 0.000000
vt 0.525000 1.000000
vt 0.520000 0.000000
vt 0.530000 1.000000
vt 0.525000 0.000000
vt 0.535000 1.000000
vt 0.530000 0.000000
vt 0.540000 1.000000
vt 0.535000 0.000000
vt 0.545000 1.000000
vt 0.540000 0.000000
vt 0.550000 1.000000
vt 0.545000 0.000000
vt 0.555000 1.000000
vt 0.550000 0.000000
vt 0.560000 1.000000
vt 0.555000 0.000000
vt 0.565000 1.000000
vt 0.560000 0.000000
vt 0.570000 1.000000
vt 0.565000 0.000000
vt 0.575000 1.000000
vt 0.570000 0.000000
vt 0.580000 1.000000
vt 0.575000 0.000000
vt 0.585000 1.000000
vt 0.580000 0.000000
vt 0.590000 1.000000
vt 0.585000 0.000000
vt 0.595000 1.000000
vt 0.590000 0.000000
vt 0.600000 1.000000
vt 0.595000 0.000000
vt 0.605000 1.000000
vt 0.600000 0.000000
vt 0.610000 1.000000
vt 0.605000 0.000000
vt 0.615000 1.000000
vt 0.610000 0.000000
vt 0.620000 1.000000
vt 0.615000 0.000000
vt 0.625000 1.000000
vt 0.620000 0.000000
vt 0.630000 1.000000
vt 0.625000 0.000000
vt 0.635000 1.000000
vt 0.630000 0.000000
vt 0.640000 1.000000
vt 0.635000 0.000000
vt 0.645000 1.000000
vt 0.640000 0.000000
vt 0.650000 1.000000
vt 0.645000 0.000000
vt 0.655000 1.000000
vt 0.650000 0.000000
vt 0.660000 1.000000
vt 0.655000 0.000000
vt 0.665000 1.000000
vt 0.660000 0.000000
vt 0.670000 1.000000
vt 0.665000 0.000000
vt 0.675000 1.000000
vt 0.670000 0.000000
vt 0.680000 1.000000
vt 0.675000 0.000000
vt 0.685000 1.000000
vt 0.680000 0.000000
vt 0.690000 1.000000
vt 0.685000 0.000000
vt 0.695000 1.000000
vt 0.690000 0.000000
vt 0.700000 1.000000
vt 0.695000 0.000000
vt 0.705000 1.000000
vt 0.700000 0.000000
vt 0.710000 1.000000
vt 0.705000 0.000000
vt 0.715000 1.000000
vt 0.710000 0.000000
vt 0.720000 1.000000
vt 0.715000 0.000000
vt 0.725000 1.000000
vt 0.720000 0.000000
vt 0.730000 1.000000
vt 0.725000 0.000000
vt 0.735000 1.000000
vt 0.730000 0.000000
vt 0.740000 1.000000
vt 0.735000 0.000000
vt 0.745000 1.000000
vt 0.740000 0.000000
vt 0.750000 1.000000
vt 0.745000 0.000000
vt 0.755000 1.000000
vt 0.750000 0.000000
vt 0.760000 1.000000
vt 0.755000 0.000000
vt 0.765000 1.000000
vt 0.760000 0.000000
vt 0.770000 1.000000
vt 0.765000 0.000000
vt 0.775000 1.000000
vt 0.770000 0.000000
vt 0.780000 1.000000
vt 0.775000 0.000000
vt 0.785000 1.000000
vt 0.780000 0.000000
vt 0.790000 1.000000
vt 0.785000 0.000000
vt 0.795000 1.000000
vt 0.790000 0.000000
vt 0.800000 1.000000
vt 0.795000 0.000000
vt 0.805000 1.000000
vt 0.800000 0.000000
vt 0.810000 1.000000
vt 0.805000 0.000000
vt 0.815000 1.000000
vt 0.810000 0.000000
vt 0.820000 1.000000
vt 0.815000 0.000000
vt 0.825000 1.000000
vt 0.820000 0.000000
vt 0.830000 1.000000
vt 0.825000 0.000000
vt 0.835000 1.000000
vt 0.830000 0.000000
vt 0.840000 1.000000
vt 0.835000 0.000000
vt 0.845000 1.000000
vt 0.840000 0.000000
vt 0.850000 1.000000
vt 0.845000 0.000000
vt 0.855000 1.000000
vt 0.850000 0.000000
vt 0.860000 1.000000
vt 0.855000 0.000000
vt 0.865000 1.000000
vt 0.860000 0.000000
vt 0.870000 1.000000
vt 0.865000 0.000000
vt 0.875000 1.000000
vt 0.870000 0.000000
vt 0.880000 1.000000
vt 0.875000 0.000000
vt 0.885000 1.000000
vt 0.880000 0.000000
vt 0.890000 1.000000
vt 0.885000 0.000000
vt 0.895000 1.000000
vt 0.890000 0.000000
vt 0.900000 1.000000
vt 0.895000 0.000000
vt 0.905000 1.000000
vt 0.900000 0.000000
vt 0.910000 1.000000
vt 0.905000 0.000000
vt 0.915000 1.000000
vt 0.910000 0.000000
vt 0.920000 1.000000
vt 0.915000 0.000000
vt 0.925000 1.000000
vt 0.920000 0.000000
vt 0.930000 1.000000
vt 0.925000 0.000000
vt 0.935000 1.000000
vt 0.930000 0.000000
vt 0.940000 1.000000
vt 0.935000 0.000000
vt 0.945000 1.000000
vt 0.940000 0.000000
vt 0.950000 1.000000
vt 0.945000 0.000000
vt 0.955000 1.000000
vt 0.950000 0.000000
vt 0.960000 1.000000
vt 0.955000 0.000000
vt 0.965000 1.000000
vt 0.960000 0.000000
vt 0.970000 1.000000
vt 0.965000 0.000000
vt 0.975000 1.000000
vt 0.970000 0.000000
vt 0.980000 1.000000
vt 0.975000 0.000000
vt 0.985000 1.000000
vt 0.980000 0.000000
vt 0.990000 1.000000
vt 0.985000 0.000000
vt 0.995000 1.000000
vt 0.990000 0.000000
vt 1.000000 1.000000
vt 0.995000 0.000000
vt 0.002793 1.000000
vt 0.005587 1.000000
vt 0.002793 0.000000
vt 0.008380 1.000000
vt 0.005587 0.000000
vt 0.011173 1.000000
vt 0.008380 0.000000
vt 0.013966 1.000000
vt 0.011173 0.000000
vt 0.016760 1.000000
vt 0.013966 0.000000
vt 0.019553 1.000000
vt 0.016760 0.000000
vt 0.022346 1.000000
vt 0.019553 0.000000
vt 0.025140 1.000000
vt 0.022346 0.000000
vt 0.027933 1.000000
vt 0.025140 0.000000
vt 0.030726 1.000000
vt 0.027933 0.000000
vt 0.033520 1.000000
vt 0.030726 0.000000
vt 0.036313 1.000000
vt 0.033520 0.000000
vt 0.039106 1.000000
vt 0.036313 0.000000
vt 0.041899 1.000000
vt 0.039106 0.000000
vt 0.044693 1.000000
vt 0.041899 0.000000
vt 0.047486 1.000000
vt 0.044693 0.000000
vt 0.050279 1.000000
vt 0.047486 0.000000
vt 0.053073 1.000000
vt 0.050279 0.000000
vt 0.055866 1.000000
vt 0.053073 0.000000
vt 0.058659 1.000000
vt 0.055866 0.000000
vt 0.061453 1.000000
vt 0.058659 0.000000
vt 0.064246 1.000000
vt 0.061453 0.000000
vt 0.067039 1.000000
vt 0.064246 0.000000
vt 0.069832 1.000000
vt 0.067039 0.000000
vt 0.072626 1.000000
vt 0.069832 0.000000
vt 0.075419 1.000000
vt 0.072626 0.000000
vt 0.078212 1.000000
vt 0.075419 0.000000
vt 0.081006 1.000000
vt 0.078212 0.000000
vt 0.083799 1.000000
vt 0.081006 0.000000
vt 0.086592 1.000000
vt 0.083799 0.000000
vt 0.089385 1.000000
vt 0.086592 0.000000
vt 0.092179 1.000000
vt 0.089385 0.000000
vt 0.094972 1.000000
vt 0.092179 0.000000
vt 0.097765 1.000000
vt 0.094972 0.000000
vt 0.100559 1.000000
vt 0.097765 0.000000
vt 0.103352 1.000000
vt 0.100559 0.000000
vt 0.106145 1.000000
vt 0.103352 0.000000
vt 0.108939 1.000000
vt 0.106145 0.000000
vt 0.111732 1.000000
vt 0.108939 0.000000
vt 0.114525 1.000000
vt 0.111732 0.000000
vt 0.117318 1.000000
vt 0.114525 0.000000
vt 0.120112 1.000000
vt 0.117318 0.000000
vt 0.122905 1.000000
vt 0.120112 0.000000
vt 0.125698 1.000000
vt 0.122905 0.000000
vt 0.128492 1.000000
vt 0.125698 0.000000
vt 0.131285 1.000000
vt 0.128492 0.000000
vt 0.134078 1.000000
vt 0.131285 0.000000
vt 0.136872 1.000000
vt 0.134078 0.000000
vt 0.139665 1.000000
vt 0.136872 0.000000
vt 0.142458 1.000000
vt 0.139665 0.000000
vt 0.145251 1.000000
vt 0.142458 0.000000
vt 0.148045 1.000000
vt 0.145251 0.000000
vt 0.150838 1.000000
vt 0.148045 0.000000
vt 0.153631 1.000000
vt 0.150838 0.000000
vt 0.156425 1.000000
vt 0.153631 0.000000
vt 0.159218 1.000000
vt 0.156425 0.000000
vt 0.162011 1.000000
vt 0.159218 0.000000
vt 0.164804 1.000000
vt 0.162011 0.000000
vt 0.167598 1.000000
vt 0.164804 0.000000
vt 0.170391 1.000000
vt 0.167598 0.000000
vt 0.173184 1.000000
vt 0.170391 0.000000
vt 0.175978 1.000000
vt 0.173184 0.000000
vt 0.178771 1.000000
vt 0.175978 0.000000
vt 0.181564 1.000000
vt 0.178771 0.000000
vt 0.184358 1.000000
vt 0.181564 0.000000
vt 0.187151 1.000000
vt 0.184358 0.000000
vt 0.189944 1.000000
vt 0.187151 0.000000
vt 0.192737 1.000000
vt 0.189944 0.000000
vt 0.195531 1.000000
vt 0.192737 0.000000
vt 0.198324 1.000000
vt 0.195531 0.000000
vt 0.201117 1.000000
vt 0.198324 0.000000
vt 0.203911 1.000000
vt 0.201117 0.000000
vt 0.206704 1.000000
vt 0.203911 0.000000
vt 0.209497 1.000000
vt 0.206704 0.000000
vt 0.212290 1.000000
vt 0.209497 0.000000
vt 0.215084 1.000000
vt 0.212290 0.000000
vt 0.217877 1.000000
vt 0.215084 0.000000
vt 0.220670 1.000000
vt 0.217877 0.000000
vt 0.223464 1.000000
vt 0.220670 0.000000
vt 0.226257 1.000000
vt 0.223464 0.000000
vt 0.229050 1.000000
vt 0.226257 0.000000
vt 0.231844 1.000000
vt 0.229050 0.000000
vt 0.234637 1.000000
vt 0.231844 0.000000
vt 0.237430 1.000000
vt 0.234637 0.000000
vt 0.240223 1.000000
vt 0.237430 0.000000
vt 0.243017 1.000000
vt 0.240223 0.000000
vt 0.245810 1.000000
vt 0.243017 0.000000
vt 0.248603 1.000000
vt 0.245810 0.000000
vt 0.251397 1.000000
vt 0.248603 0.000000
vt 0.254190 1.000000
vt 0.251397 0.000000
vt 0.256983 1.000000
vt 0.254190 0.000000
vt 0.259777 1.000000
vt 0.256983 0.000000
vt 0.262570 1.000000
vt 0.259777 0.000000
vt 0.265363 1.000000
vt 0.262570 0.000000
vt 0.268156 1.000000
vt 0.265363 0.000000
vt 0.270950 1.000000
vt 0.268156 0.000000
vt 0.273743 1.000000
vt 0.270950 0.000000
vt 0.276536 1.000000
vt 0.273743 0.000000
vt 0.279330 1.000000
vt 0.276536 0.000000
vt 0.282123 1.000000
vt 0.279330 0.000000
vt 0.284916 1.000000
vt 0.282123 0.000000
vt 0.287710 1.000000
vt 0.284916 0.000000
vt 0.290503 1.000000
vt 0.287710 0.000000
vt 0.293296 1.000000
vt 0.290503 0.000000
vt 0.296089 1.000000
vt 0.293296 0.000000
vt 0.298883 1.000000
vt 0.296089 0.000000
vt 0.301676 1.000000
vt 0.298883 0.000000
vt 0.304469 1.000000
vt 0.301676 0.000000
vt 0.307263 1.000000
vt 0.304469 0.000000
vt 0.310056 1.000000
vt 0.307263 0.000000
vt 0.312849 1.000000
vt 0.310056 0.000000
vt 0.315642 1.000000
vt 0.312849 0.000000
vt 0.318436 1.000000
vt 0.315642 0.000000
vt 0.321229 1.000000
vt 0.318436 0.000000
vt 0.324022 1.000000
vt 0.321229 0.000000
vt 0.326816 1.000000
vt 0.324022 0.000000
vt 0.329609 1.000000
vt 0.326816 0.000000
vt 0.332402 1.000000
vt 0.329609 0.000000
vt 0.335196 1.000000
vt 0.332402 0.000000
vt 0.337989 1.000000
vt 0.335196 0.000000
vt 0.340782 1.000000
vt 0.337989 0.000000
vt 0.343575 1.000000
vt 0.340782 0.000000
vt 0.346369 1.000000
vt 0.343575 0.000000
vt 0.349162 1.000000
vt 0.346369 0.000000
vt 0.351955 1.000000
vt 0.349162 0.000000
vt 0.354749 1.000000
vt 0.351955 0.000000
vt 0.357542 1.000000
vt 0.354749 0.000000
vt 0.360335 1.000000
vt 0.357542 0.000000
vt 0.363128 1.000000
vt 0.360335 0.000000
vt 0.365922 1.000000
vt 0.363128 0.000000
vt 0.368715 1.000000
vt 0.365922 0.000000
vt 0.371508 1.000000
vt 0.368715 0.000000
vt 0.374302 1.000000
vt 0.371508 0.000000
vt 0.377095 1.000000
vt 0.374302 0.000000
vt 0.379888 1.000000
vt 0.377095 0.000000
vt 0.382682 1.000000
vt 0.379888 0.000000
vt 0.385475 1.000000
vt 0.382682 0.000000
vt 0.388268 1.000000
vt 0.385475 0.000000
vt 0.391061 1.000000
vt 0.388268 0.000000
vt 0.393855 1.000000
vt 0.391061 0.000000
vt 0.396648 1.000000
vt 0.393855 0.000000
vt 0.399441 1.000000
vt 0.396648 0.000000
vt 0.402235 1.000000
vt 0.399441 0.000000
vt 0.405028 1.000000
vt 0.402235 0.000000
vt 0.407821 1.000000
vt 0.405028 0.000000
vt 0.410615 1.000000
vt 0.407821 0.000000
vt 0.413408 1.000000
vt 0.410615 0.000000
vt 0.416201 1.000000
vt 0.413408 0.000000
vt 0.418994 1.000000
vt 0.416201 0.000000
vt 0.421788 1.000000
vt 0.418994 0.000000
vt 0.424581 1.000000
vt 0.421788 0.000000
vt 0.427374 1.000000
vt 0.424581 0.000000
vt 0.430168 1.000000
vt 0.427374 0.000000
vt 0.432961 1.000000
vt 0.430168 0.000000
vt 0.435754 1.000000
vt 0.432961 0.000000
vt 0.438547 1.000000
vt 0.435754 0.000000
vt 0.441341 1.000000
vt 0.438547 0.000000
vt 0.444134 1.000000
vt 0.441341 0.000000
vt 0.446927 1.000000
vt 0.444134 0.000000
vt 0.449721 1.000000
vt 0.446927 0.000000
vt 0.452514 1.000000
vt 0.449721 0.000000
vt 0.455307 1.000000
vt 0.452514 0.000000
vt 0.458101 1.000000
vt 0.455307 0.000000
vt 0.460894 1.000000
vt 0.458101 0.000000
vt 0.463687 1.000000
vt 0.460894 0.000000
vt 0.466480 1.000000
vt 0.463687 0.000000
vt 0.469274 1.000000
vt 0.466480 0.000000
vt 0.472067 1.000000
vt 0.469274 0.000000
vt 0.474860 1.000000
vt 0.472067 0.000000
vt 0.477654 1.000000
vt 0.474860 0.000000
vt 0.480447 1.000000
vt 0.477654 0.000000
vt 0.483240 1.000000
vt 0.480447 0.000000
vt 0.486034 1.000000
vt 0.483240 0.000000
vt 0.488827 1.000000
vt 0.486034 0.000000
vt 0.491620 1.000000
vt 0.488827 0.000000
vt 0.494413 1.000000
vt 0.491620 0.000000
vt 0.497207 1.000000
vt 0.494413 0.000000
vt 0.497207 0.000000
vt 0.502793 1.000000
vt 0.505587 1.000000
vt 0.502793 0.000000
vt 0.508380 1.000000
vt 0.505587 0.000000
vt 0.511173 1.000000
vt 0.508380 0.000000
vt 0.513967 1.000000
vt 0.511173 0.000000
vt 0.516760 1.000000
vt 0.513967 0.000000
vt 0.519553 1.000000
vt 0.516760 0.000000
vt 0.522346 1.000000
vt 0.519553 0.000000
vt 0.525140 1.000000
vt 0.522346 0.000000
vt 0.527933 1.000000
vt 0.525140 0.000000
vt 0.530726 1.000000
vt 0.527933 0.000000
vt 0.533520 1.000000
vt 0.530726 0.000000
vt 0.536313 1.000000
vt 0.533520 0.000000
vt 0.539106 1.000000
vt 0.536313 0.000000
vt 0.541899 1.000000
vt 0.539106 0.000000
vt 0.544693 1.000000
vt 0.541899 0.000000
vt 0.547486 1.000000
vt 0.544693 0.000000
vt 0.550279 1.000000
vt 0.547486 0.000000
vt 0.553073 1.000000
vt 0.550279 0.000000
vt 0.555866 1.000000
vt 0.553073 0.000000
vt 0.558659 1.000000
vt 0.555866 0.000000
vt 0.561453 1.000000
vt 0.558659 0.000000
vt 0.564246 1.000000
vt 0.561453 0.000000
vt 0.567039 1.000000
vt 0.564246 0.000000
vt 0.569832 1.000000
vt 0.567039 0.000000
vt 0.572626 1.000000
vt 0.569832 0.000000
vt 0.575419 1.000000
vt 0.572626 0.000000
vt 0.578212 1.000000
vt 0.575419 0.000000
vt 0.581006 1.000000
vt 0.578212 0.000000
vt 0.583799 1.000000
vt 0.581006 0.000000
vt 0.586592 1.000000
vt 0.583799 0.000000
vt 0.589385 1.000000
vt 0.586592 0.000000
vt 0.592179 1.000000
vt 0.589385 0.000000
vt 0.594972 1.000000
vt 0.592179 0.000000
vt 0.597765 1.000000
vt 0.594972 0.000000
vt 0.600559 1.000000
vt 0.597765 0.000000
vt 0.603352 1.000000
vt 0.600559 0.000000
vt 0.606145 1.000000
vt 0.603352 0.000000
vt 0.608939 1.000000
vt 0.606145 0.000000
vt 0.611732 1.000000
vt 0.608939 0.000000
vt 0.614525 1.000000
vt 0.611732 0.000000
vt 0.617318 1.000000
vt 0.614525 0.000000
vt 0.620112 1.000000
vt 0.617318 0.000000
vt 0.622905 1.000000
vt 0.620112 0.000000
vt 0.625698 1.000000
vt 0.622905 0.000000
vt 0.628492 1.000000
vt 0.625698 0.000000
vt 0.631285 1.000000
vt 0.628492 0.000000
vt 0.634078 1.000000
vt 0.631285 0.000000
vt 0.636872 1.000000
vt 0.634078 0.000000
vt 0.639665 1.000000
vt 0.636872 0.000000
vt 0.642458 1.000000
vt 0.639665 0.000000
vt 0.645251 1.000000
vt 0.642458 0.000000
vt 0.648045 1.000000
vt 0.645251 0.000000
vt 0.650838 1.000000
vt 0.648045 0.000000
vt 0.653631 1.000000
vt 0.650838 0.000000
vt 0.656425 1.000000
vt 0.653631 0.000000
vt 0.659218 1.000000
vt 0.656425 0.000000
vt 0.662011 1.000000
vt 0.659218 0.000000
vt 0.664804 1.000000
vt 0.662011 0.000000
vt 0.667598 1.000000
vt 0.664804 0.000000
vt 0.670391 1.000000
vt 0.667598 0.000000
vt 0.673184 1.000000
vt 0.670391 0.000000
vt 0.675978 1.000000
vt 0.673184 0.000000
vt 0.678771 1.000000
vt 0.675978 0.000000
vt 0.681564 1.000000
vt 0.678771 0.000000
vt 0.684358 1.000000
vt 0.681564 0.000000
vt 0.687151 1.000000
vt 0.684358 0.000000
vt 0.689944 1.000000
vt 0.687151 0.000000
vt 0.692737 1.000000
vt 0.689944 0.000000
vt 0.695531 1.000000
vt 0.692737 0.000000
vt 0.698324 1.000000
vt 0.695531 0.000000
vt 0.701117 1.000000
vt 0.698324 0.000000
vt 0.703911 1.000000
vt 0.701117 0.000000
vt 0.706704 1.000000
vt 0.703911 0.000000
vt 0.709497 1.000000
vt 0.706704 0.000000
vt 0.712291 1.000000
vt 0.709497 0.000000
vt 0.715084 1.000000
vt 0.712291 0.000000
vt 0.717877 1.000000
vt 0.715084 0.000000
vt 0.720670 1.000000
vt 0.717877 0.000000
vt 0.723464 1.000000
vt 0.720670 0.000000
vt 0.726257 1.000000
vt 0.723464 0.000000
vt 0.729050 1.000000
vt 0.726257 0.000000
vt 0.731844 1.000000
vt 0.729050 0.000000
vt 0.734637 1.000000
vt 0.731844 0.000000
vt 0.737430 1.000000
vt 0.734637 0.000000
vt 0.740223 1.000000
vt 0.737430 0.000000
vt 0.743017 1.000000
vt 0.740223 0.000000
vt 0.745810 1.000000
vt 0.743017 0.000000
vt 0.748603 1.000000
vt 0.745810 0.000000
vt 0.751397 1.000000
vt 0.748603 0.000000
vt 0.754190 1.000000
vt 0.751397 0.000000
vt 0.756983 1.000000
vt 0.754190 0.000000
vt 0.759777 1.000000
vt 0.756983 0.000000
vt 0.762570 1.000000
vt 0.759777 0.000000
vt 0.765363 1.000000
vt 0.762570 0.000000
vt 0.768156 1.000000
vt 0.765363 0.000000
vt 0.770950 1.000000
vt 0.768156 0.000000
vt 0.773743 1.000000
vt 0.770950 0.000000
vt 0.776536 1.000000
vt 0.773743 0.000000
vt 0.779330 1.000000
vt 0.776536 0.000000
vt 0.782123 1.000000
vt 0.779330 0.000000
vt 0.784916 1.000000
vt 0.782123 0.000000
vt 0.787709 1.000000
vt 0.784916 0.000000
vt 0.790503 1.000000
vt 0.787709 0.000000
vt 0.793296 1.000000
vt 0.790503 0.000000
vt 0.796089 1.000000
vt 0.793296 0.000000
vt 0.798883 1.000000
vt 0.796089 0.000000
vt 0.801676 1.000000
vt 0.798883 0.000000
vt 0.804469 1.000000
vt 0.801676 0.000000
vt 0.807263 1.000000
vt 0.804469 0.000000
vt 0.810056 1.000000
vt 0.807263 0.000000
vt 0.812849 1.000000
vt 0.810056 0.000000
vt 0.815642 1.000000
vt 0.812849 0.000000
vt 0.818436 1.000000
vt 0.815642 0.000000
vt 0.821229 1.000000
vt 0.818436 0.000000
vt 0.824022 1.000000
vt 0.821229 0.000000
vt 0.826816 1.000000
vt 0.824022 0.000000
vt 0.829609 1.000000
vt 0.826816 0.000000
vt 0.832402 1.000000
vt 0.829609 0.000000
vt 0.835196 1.000000
vt 0.832402 0.000000
vt 0.837989 1.000000
vt 0.835196 0.000000
vt 0.840782 1.000000
vt 0.837989 0.000000
vt 0.843575 1.000000
vt 0.840782 0.000000
vt 0.846369 1.000000
vt 0.843575 0.000000
vt 0.849162 1.000000
vt 0.846369 0.000000
vt 0.851955 1.000000
vt 0.849162 0.000000
vt 0.854749 1.000000
vt 0.851955 0.000000
vt 0.857542 1.000000
vt 0.854749 0.000000
vt 0.860335 1.000000
vt 0.857542 0.000000
vt 0.863128 1.000000
vt 0.860335 0.000000
vt 0.865922 1.000000
vt 0.863128 0.000000
vt 0.868715 1.000000
vt 0.865922 0.000000
vt 0.871508 1.000000
vt 0.868715 0.000000
vt 0.874302 1.000000
vt 0.871508 0.000000
vt 0.877095 1.000000
vt 0.874302 0.000000
vt 0.879888 1.000000
vt 0.877095 0.000000
vt 0.882682 1.000000
vt 0.879888 0.000000
vt 0.885475 1.000000
vt 0.882682 0.000000
vt 0.888268 1.000000
vt 0.885475 0.000000
vt 0.891061 1.000000
vt 0.888268 0.000000
vt 0.893855 1.000000
vt 0.891061 0.000000
vt 0.896648 1.000000
vt 0.893855 0.000000
vt 0.899441 1.000000
vt 0.896648 0.000000
vt 0.902235 1.000000
vt 0.899441 0.000000
vt 0.905028 1.000000
vt 0.902235 0.000000
vt 0.907821 1.000000
vt 0.905028 0.000000
vt 0.910615 1.000000
vt 0.907821 0.000000
vt 0.913408 1.000000
vt 0.910615 0.000000
vt 0.916201 1.000000
vt 0.913408 0.000000
vt 0.918994 1.000000
vt 0.916201 0.000000
vt 0.921788 1.000000
vt 0.918994 0.000000
vt 0.924581 1.000000
vt 0.921788 0.000000
vt 0.927374 1.000000
vt 0.924581 0.000000
vt 0.930168 1.000000
vt 0.927374 0.000000
vt 0.932961 1.000000
vt 0.930168 0.000000
vt 0.935754 1.000000
vt 0.932961 0.000000
vt 0.938547 1.000000
vt 0.935754 0.000000
vt 0.941341 1.000000
vt 0.938547 0.000000
vt 0.944134 1.000000
vt 0.941341 0.000000
vt 0.946927 1.000000
vt 0.944134 0.000000
vt 0.949721 1.000000
vt 0.946927 0.000000
vt 0.952514 1.000000
vt 0.949721 0.000000
vt 0.955307 1.000000
vt 0.952514 0.000000
vt 0.958101 1.000000
vt 0.955307 0.000000
vt 0.960894 1.000000
vt 0.958101 0.000000
vt 0.963687 1.000000
vt 0.960894 0.000000
vt 0.966480 1.000000
vt 0.963687 0.000000
vt 0.969274 1.000000
vt 0.966480 0.000000
vt 0.972067 1.000000
vt 0.969274 0.000000
vt 0.974860 1.000000
vt 0.972067 0.000000
vt 0.977654 1.000000
vt 0.974860 0.000000
vt 0.980447 1.000000
vt 0.977654 0.000000
vt 0.983240 1.000000
vt 0.980447 0.000000
vt 0.986033 1.000000
vt 0.983240 0.000000
vt 0.988827 1.000000
vt 0.986033 0.000000
vt 0.991620 1.000000
vt 0.988827 0.000000
vt 0.994413 1.000000
vt 0.991620 0.000000
vt 0.997207 1.000000
vt 0.994413 0.000000
vt 0.997207 0.000000
vt 0.005814 1.000000
vt 0.011628 1.000000
vt 0.005814 0.000000
vt 0.017442 1.000000
vt 0.011628 0.000000
vt 0.023256 1.000000
vt 0.017442 0.000000
vt 0.029070 1.000000
vt 0.023256 0.000000
vt 0.034884 1.000000
vt 0.029070 0.000000
vt 0.040698 1.000000
vt 0.034884 0.000000
vt 0.046512 1.000000
vt 0.040698 0.000000
vt 0.052326 1.000000
vt 0.046512 0.000000
vt 0.058140 1.000000
vt 0.052326 0.000000
vt 0.063953 1.000000
vt 0.058140 0.000000
vt 0.069767 1.000000
vt 0.063953 0.000000
vt 0.075581 1.000000
vt 0.069767 0.000000
vt 0.081395 1.000000
vt 0.075581 0.000000
vt 0.087209 1.000000
vt 0.081395 0.000000
vt 0.093023 1.000000
vt 0.087209 0.000000
vt 0.098837 1.000000
vt 0.093023 0.000000
vt 0.104651 1.000000
vt 0.098837 0.000000
vt 0.110465 1.000000
vt 0.104651 0.000000
vt 0.116279 1.000000
vt 0.110465 0.000000
vt 0.122093 1.000000
vt 0.116279 0.000000
vt 0.127907 1.000000
vt 0.122093 0.000000
vt 0.133721 1.000000
vt 0.127907 0.000000
vt 0.139535 1.000000
vt 0.133721 0.000000
vt 0.145349 1.000000
vt 0.139535 0.000000
vt 0.151163 1.000000
vt 0.145349 0.000000
vt 0.156977 1.000000
vt 0.151163 0.000000
vt 0.162791 1.000000
vt 0.156977 0.000000
vt 0.168605 1.000000
vt 0.162791 0.000000
vt 0.174419 1.000000
vt 0.168605 0.000000
vt 0.180233 1.000000
vt 0.174419 0.000000
vt 0.186047 1.000000
vt 0.180233 0.000000
vt 0.191860 1.000000
vt 0.186047 0.000000
vt 0.197674 1.000000
vt 0.191860 0.000000
vt 0.203488 1.000000
vt 0.197674 0.000000
vt 0.209302 1.000000
vt 0.203488 0.000000
vt 0.215116 1.000000
vt 0.209302 0.000000
vt 0.220930 1.000000
vt 0.215116 0.000000
vt 0.226744 1.000000
vt 0.220930 0.000000
vt 0.232558 1.000000
vt 0.226744 0.000000
vt 0.238372 1.000000
vt 0.232558 0.000000
vt 0.244186 1.000000
vt 0.238372 0.000000
vt 0.244186 0.000000
vt 0.255814 1.000000
vt 0.261628 1.000000
vt 0.255814 0.000000
vt 0.267442 1.000000
vt 0.261628 0.000000
vt 0.273256 1.000000
vt 0.267442 0.000000
vt 0.279070 1.000000
vt 0.273256 0.000000
vt 0.284884 1.000000
vt 0.279070 0.000000
vt 0.290698 1.000000
vt 0.284884 0.000000
vt 0.296512 1.000000
vt 0.290698 0.000000
vt 0.302326 1.000000
vt 0.296512 0.000000
vt 0.308140 1.000000
vt 0.302326 0.000000
vt 0.313953 1.000000
vt 0.308140 0.000000
vt 0.319767 1.000000
vt 0.313953 0.000000
vt 0.325581 1.000000
vt 0.319767 0.000000
vt 0.331395 1.000000
vt 0.325581 0.000000
vt 0.337209 1.000000
vt 0.331395 0.000000
vt 0.343023 1.000000
vt 0.337209 0.000000
vt 0.348837 1.000000
vt 0.343023 0.000000
vt 0.354651 1.000000
vt 0.348837 0.000000
vt 0.360465 1.000000
vt 0.354651 0.000000
vt 0.366279 1.000000
vt 0.360465 0.000000
vt 0.372093 1.000000
vt 0.366279 0.000000
vt 0.377907 1.000000
vt 0.372093 0.000000
vt 0.383721 1.000000
vt 0.377907 0.000000
vt 0.389535 1.000000
vt 0.383721 0.000000
vt 0.395349 1.000000
vt 0.389535 0.000000
vt 0.401163 1.000000
vt 0.395349 0.000000
vt 0.406977 1.000000
vt 0.401163 0.000000
vt 0.412791 1.000000
vt 0.406977 0.000000
vt 0.418605 1.000000
vt 0.412791 0.000000
vt 0.424419 1.000000
vt 0.418605 0.000000
vt 0.430233 1.000000
vt 0.424419 0.000000
vt 0.436047 1.000000
vt 0.430233 0.000000
vt 0.441860 1.000000
vt 0.436047 0.000000
vt 0.447674 1.000000
vt 0.441860 0.000000
vt 0.453488 1.000000
vt 0.447674 0.000000
vt 0.459302 1.000000
vt 0.453488 0.000000
vt 0.465116 1.000000
vt 0.459302 0.000000
vt 0.470930 1.000000
vt 0.465116 0.000000
vt 0.476744 1.000000
vt 0.470930 0.000000
vt 0.482558 1.000000
vt 0.476744 0.000000
vt 0.488372 1.000000
vt 0.482558 0.000000
vt 0.494186 1.000000
vt 0.488372 0.000000
vt 0.494186 0.000000
vt 0.505814 1.000000
vt 0.511628 1.000000
vt 0.505814 0.000000
vt 0.517442 1.000000
vt 0.511628 0.000000
vt 0.523256 1.000000
vt 0.517442 0.000000
vt 0.529070 1.000000
vt 0.523256 0.000000
vt 0.534884 1.000000
vt 0.529070 0.000000
vt 0.540698 1.000000
vt 0.534884 0.000000
vt 0.546512 1.000000
vt 0.540698 0.000000
vt 0.552326 1.000000
vt 0.546512 0.000000
vt 0.558140 1.000000
vt 0.552326 0.000000
vt 0.563953 1.000000
vt 0.558140 0.000000
vt 0.569767 1.000000
vt 0.563953 0.000000
vt 0.575581 1.000000
vt 0.569767 0.000000
vt 0.581395 1.000000
vt 0.575581 0.000000
vt 0.587209 1.000000
vt 0.581395 0.000000
vt 0.593023 1.000000
vt 0.587209 0.000000
vt 0.598837 1.000000
vt 0.593023 0.000000
vt 0.604651 1.000000
vt 0.598837 0.000000
vt 0.610465 1.000000
vt 0.604651 0.000000
vt 0.616279 1.000000
vt 0.610465 0.000000
vt 0.622093 1.000000
vt 0.616279 0.000000
vt 0.627907 1.000000
vt 0.622093 0.000000
vt 0.633721 1.000000
vt 0.627907 0.000000
vt 0.639535 1.000000
vt 0.633721 0.000000
vt 0.645349 1.000000
vt 0.639535 0.000000
vt 0.651163 1.000000
vt 0.645349 0.000000
vt 0.656977 1.000000
vt 0.651163 0.000000
vt 0.662791 1.000000
vt 0.656977 0.000000
vt 0.668605 1.000000
vt 0.662791 0.000000
vt 0.674419 1.000000
vt 0.668605 0.000000
vt 0.680233 1.000000
vt 0.674419 0.000000
vt 0.686047 1.000000
vt 0.680233 0.000000
vt 0.691860 1.000000
vt 0.686047 0.000000
vt 0.697674 1.000000
vt 0.691860 0.000000
vt 0.703488 1.000000
vt 0.697674 0.000000
vt 0.709302 1.000000
vt 0.703488 0.000000
vt 0.715116 1.000000
vt 0.709302 0.000000
vt 0.720930 1.000000
vt 0.715116 0.000000
vt 0.726744 1.000000
vt 0.720930 0.000000
vt 0.732558 1.000000
vt 0.726744 0.000000
vt 0.738372 1.000000
vt 0.732558 0.000000
vt 0.744186 1.000000
vt 0.738372 0.000000
vt 0.744186 0.000000
vt 0.755814 1.000000
vt 0.761628 1.000000
vt 0.755814 0.000000
vt 0.767442 1.000000
vt 0.761628 0.000000
vt 0.773256 1.000000
vt 0.767442 0.000000
vt 0.779070 1.000000
vt 0.773256 0.000000
vt 0.784884 1.000000
vt 0.779070 0.000000
vt 0.790698 1.000000
vt 0.784884 0.000000
vt 0.796512 1.000000
vt 0.790698 0.000000
vt 0.802326 1.000000
vt 0.796512 0.000000
vt 0.808140 1.000000
vt 0.802326 0.000000
vt 0.813953 1.000000
vt 0.808140 0.000000
vt 0.819767 1.000000
vt 0.813953 0.000000
vt 0.825581 1.000000
vt 0.819767 0.000000
vt 0.831395 1.000000
vt 0.825581 0.000000
vt 0.837209 1.000000
vt 0.831395 0.000000
vt 0.843023 1.000000
vt 0.837209 0.000000
vt 0.848837 1.000000
vt 0.843023 0.000000
vt 0.854651 1.000000
vt 0.848837 0.000000
vt 0.860465 1.000000
vt 0.854651 0.000000
vt 0.866279 1.000000
vt 0.860465 0.000000
vt 0.872093 1.000000
vt 0.866279 0.000000
vt 0.877907 1.000000
vt 0.872093 0.000000
vt 0.883721 1.000000
vt 0.877907 0.000000
vt 0.889535 1.000000
vt 0.883721 0.000000
vt 0.895349 1.000000
vt 0.889535 0.000000
vt 0.901163 1.000000
vt 0.895349 0.000000
vt 0.906977 1.000000
vt 0.901163 0.000000
vt 0.912791 1.000000
vt 0.906977 0.000000
vt 0.918605 1.000000
vt 0.912791 0.000000
vt 0.924419 1.000000
vt 0.918605 0.000000
vt 0.930233 1.000000
vt 0.924419 0.000000
vt 0.936047 1.000000
vt 0.930233 0.000000
vt 0.941860 1.000000
vt 0.936047 0.000000
vt 0.947674 1.000000
vt 0.941860 0.000000
vt 0.953488 1.000000
vt 0.947674 0.000000
vt 0.959302 1.000000
vt 0.953488 0.000000
vt 0.965116 1.000000
vt 0.959302 0.000000
vt 0.970930 1.000000
vt 0.965116 0.000000
vt 0.976744 1.000000
vt 0.970930 0.000000
vt 0.982558 1.000000
vt 0.976744 0.000000
vt 0.988372 1.000000
vt 0.982558 0.000000
vt 0.994186 1.000000
vt 0.988372 0.000000
vt 0.994186 0.000000
vt 0.004255 1.000000
vt 0.008511 1.000000
vt 0.004255 0.000000
vt 0.012766 1.000000
vt 0.008511 0.000000
vt 0.017021 1.000000
vt 0.012766 0.000000
vt 0.021277 1.000000
vt 0.017021 0.000000
vt 0.025532 1.000000
vt 0.021277 0.000000
vt 0.029787 1.000000
vt 0.025532 0.000000
vt 0.034043 1.000000
vt 0.029787 0.000000
vt 0.038298 1.000000
vt 0.034043 0.000000
vt 0.042553 1.000000
vt 0.038298 0.000000
vt 0.046809 1.000000
vt 0.042553 0.000000
vt 0.051064 1.000000
vt 0.046809 0.000000
vt 0.055319 1.000000
vt 0.051064 0.000000
vt 0.059574 1.000000
vt 0.055319 0.000000
vt 0.063830 1.000000
vt 0.059574 0.000000
vt 0.068085 1.000000
vt 0.063830 0.000000
vt 0.072340 1.000000
vt 0.068085 0.000000
vt 0.076596 1.000000
vt 0.072340 0.000000
vt 0.080851 1.000000
vt 0.076596 0.000000
vt 0.085106 1.000000
vt 0.080851 0.000000
vt 0.089362 1.000000
vt 0.085106 0.000000
vt 0.093617 1.000000
vt 0.089362 0.000000
vt 0.097872 1.000000
vt 0.093617 0.000000
vt 0.102128 1.000000
vt 0.097872 0.000000
vt 0.106383 1.000000
vt 0.102128 0.000000
vt 0.110638 1.000000
vt 0.106383 0.000000
vt 0.114894 1.000000
vt 0.110638 0.000000
vt 0.119149 1.000000
vt 0.114894 0.000000
vt 0.123404 1.000000
vt 0.119149 0.000000
vt 0.127660 1.000000
vt 0.123404 0.000000
vt 0.131915 1.000000
vt 0.127660 0.000000
vt 0.136170 1.000000
vt 0.131915 0.000000
vt 0.140426 1.000000
vt 0.136170 0.000000
vt 0.144681 1.000000
vt 0.140426 0.000000
vt 0.148936 1.000000
vt 0.144681 0.000000
vt 0.153191 1.000000
vt 0.148936 0.000000
vt 0.157447 1.000000
vt 0.153191 0.000000
vt 0.161702 1.000000
vt 0.157447 0.000000
vt 0.165957 1.000000
vt 0.161702 0.000000
vt 0.170213 1.000000
vt 0.165957 0.000000
vt 0.174468 1.000000
vt 0.170213 0.000000
vt 0.178723 1.000000
vt 0.174468 0.000000
vt 0.182979 1.000000
vt 0.178723 0.000000
vt 0.187234 1.000000
vt 0.182979 0.000000
vt 0.191489 1.000000
vt 0.187234 0.000000
vt 0.195745 1.000000
vt 0.191489 0.000000
vt 0.195745 0.000000
vt 0.204255 1.000000
vt 0.208511 1.000000
vt 0.204255 0.000000
vt 0.212766 1.000000
vt 0.208511 0.000000
vt 0.217021 1.000000
vt 0.212766 0.000000
vt 0.221277 1.000000
vt 0.217021 0.000000
vt 0.225532 1.000000
vt 0.221277 0.000000
vt 0.229787 1.000000
vt 0.225532 0.000000
vt 0.234043 1.000000
vt 0.229787 0.000000
vt 0.238298 1.000000
vt 0.234043 0.000000
vt 0.242553 1.000000
vt 0.238298 0.000000
vt 0.246809 1.000000
vt 0.242553 0.000000
vt 0.251064 1.000000
vt 0.246809 0.000000
vt 0.255319 1.000000
vt 0.251064 0.000000
vt 0.259574 1.000000
vt 0.255319 0.000000
vt 0.263830 1.000000
vt 0.259574 0.000000
vt 0.268085 1.000000
vt 0.263830 0.000000
vt 0.272340 1.000000
vt 0.268085 0.000000
vt 0.276596 1.000000
vt 0.272340 0.000000
vt 0.280851 1.000000
vt 0.276596 0.000000
vt 0.285106 1.000000
vt 0.280851 0.000000
vt 0.289362 1.000000
vt 0.285106 0.000000
vt 0.293617 1.000000
vt 0.289362 0.000000
vt 0.297872 1.000000
vt 0.293617 0.000000
vt 0.302128 1.000000
vt 0.297872 0.000000
vt 0.306383 1.000000
vt 0.302128 0.000000
vt 0.310638 1.000000
vt 0.306383 0.000000
vt 0.314894 1.000000
vt 0.310638 0.000000
vt 0.319149 1.000000
vt 0.314894 0.000000
vt 0.323404 1.000000
vt 0.319149 0.000000
vt 0.327660 1.000000
vt 0.323404 0.000000
vt 0.331915 1.000000
vt 0.327660 0.000000
vt 0.336170 1.000000
vt 0.331915 0.000000
vt 0.340426 1.000000
vt 0.336170 0.000000
vt 0.344681 1.000000
vt 0.340426 0.000000
vt 0.348936 1.000000
vt 0.344681 0.000000
vt 0.353191 1.000000
vt 0.348936 0.000000
vt 0.357447 1.000000
vt 0.353191 0.000000
vt 0.361702 1.000000
vt 0.357447 0.000000
vt 0.365957 1.000000
vt 0.361702 0.000000
vt 0.370213 1.000000
vt 0.365957 0.000000
vt 0.374468 1.000000
vt 0.370213 0.000000
vt 0.378723 1.000000
vt 0.374468 0.000000
vt 0.382979 1.000000
vt 0.378723 0.000000
vt 0.387234 1.000000
vt 0.382979 0.000000
vt 0.391489 1.000000
vt 0.387234 0.000000
vt 0.395745 1.000000
vt 0.391489 0.000000
vt 0.395745 0.000000
vt 0.404255 1.000000
vt 0.408511 1.000000
vt 0.404255 0.000000
vt 0.412766 1.000000
vt 0.408511 0.000000
vt 0.417021 1.000000
vt 0.412766 0.000000
vt 0.421277 1.000000
vt 0.417021 0.000000
vt 0.425532 1.000000
vt 0.421277 0.000000
vt 0.429787 1.000000
vt 0.425532 0.000000
vt 0.434043 1.000000
vt 0.429787 0.000000
vt 0.438298 1.000000
vt 0.434043 0.000000
vt 0.442553 1.000000
vt 0.438298 0.000000
vt 0.446809 1.000000
vt 0.442553 0.000000
vt 0.451064 1.000000
vt 0.446809 0.000000
vt 0.455319 1.000000
vt 0.451064 0.000000
vt 0.459574 1.000000
vt 0.455319 0.000000
vt 0.463830 1.000000
vt 0.459574 0.000000
vt 0.468085 1.000000
vt 0.463830 0.000000
vt 0.472340 1.000000
vt 0.468085 0.000000
vt 0.476596 1.000000
vt 0.472340 0.000000
vt 0.480851 1.000000
vt 0.476596 0.000000
vt 0.485106 1.000000
vt 0.480851 0.000000
vt 0.489362 1.000000
vt 0.485106 0.000000
vt 0.493617 1.000000
vt 0.489362 0.000000
vt 0.497872 1.000000
vt 0.493617 0.000000
vt 0.502128 1.000000
vt 0.497872 0.000000
vt 0.506383 1.000000
vt 0.502128 0.000000
vt 0.510638 1.000000
vt 0.506383 0.000000
vt 0.514894 1.000000
vt 0.510638 0.000000
vt 0.519149 1.000000
vt 0.514894 0.000000
vt 0.523404 1.000000
vt 0.519149 0.000000
vt 0.527660 1.000000
vt 0.523404 0.000000
vt 0.531915 1.000000
vt 0.527660 0.000000
vt 0.536170 1.000000
vt 0.531915 0.000000
vt 0.540426 1.000000
vt 0.536170 0.000000
vt 0.544681 1.000000
vt 0.540426 0.000000
vt 0.548936 1.000000
vt 0.544681 0.000000
vt 0.553191 1.000000
vt 0.548936 0.000000
vt 0.557447 1.000000
vt 0.553191 0.000000
vt 0.561702 1.000000
vt 0.557447 0.000000
vt 0.565957 1.000000
vt 0.561702 0.000000
vt 0.570213 1.000000
vt 0.565957 0.000000
vt 0.574468 1.000000
vt 0.570213 0.000000
vt 0.578723 1.000000
vt 0.574468 0.000000
vt 0.582979 1.000000
vt 0.578723 0.000000
vt 0.587234 1.000000
vt 0.582979 0.000000
vt 0.591489 1.000000
vt 0.587234 0.000000
vt 0.595745 1.000000
vt 0.591489 0.000000
vt 0.595745 0.000000
vt 0.604255 1.000000
vt 0.608511 1.000000
vt 0.604255 0.000000
vt 0.612766 1.000000
vt 0.608511 0.000000
vt 0.617021 1.000000
vt 0.612766 0.000000
vt 0.621277 1.000000
vt 0.617021 0.000000
vt 0.625532 1.000000
vt 0.621277 0.000000
vt 0.629787 1.000000
vt 0.625532 0.000000
vt 0.634043 1.000000
vt 0.629787 0.000000
vt 0.638298 1.000000
vt 0.634043 0.000000
vt 0.642553 1.000000
vt 0.638298 0.000000
vt 0.646809 1.000000
vt 0.642553 0.000000
vt 0.651064 1.000000
vt 0.646809 0.000000
vt 0.655319 1.000000
vt 0.651064 0.000000
vt 0.659574 1.000000
vt 0.655319 0.000000
vt 0.663830 1.000000
vt 0.659574 0.000000
vt 0.668085 1.000000
vt 0.663830 0.000000
vt 0.672340 1.000000
vt 0.668085 0.000000
vt 0.676596 1.000000
vt 0.672340 0.000000
vt 0.680851 1.000000
vt 0.676596 0.000000
vt 0.685106 1.000000
vt 0.680851 0.000000
vt 0.689362 1.000000
vt 0.685106 0.000000
vt 0.693617 1.000000
vt 0.689362 0.000000
vt 0.697872 1.000000
vt 0.693617 0.000000
vt 0.702128 1.000000
vt 0.697872 0.000000
vt 0.706383 1.000000
vt 0.702128 0.000000
vt 0.710638 1.000000
vt 0.706383 0.000000
vt 0.714894 1.000000
vt 0.710638 0.000000
vt 0.719149 1.000000
vt 0.714894 0.000000
vt 0.723404 1.000000
vt 0.719149 0.000000
vt 0.727660 1.000000
vt 0.723404 0.000000
vt 0.731915 1.000000
vt 0.727660 0.000000
vt 0.736170 1.000000
vt 0.731915 0.000000
vt 0.740426 1.000000
vt 0.736170 0.000000
vt 0.744681 1.000000
vt 0.740426 0.000000
vt 0.748936 1.000000
vt 0.744681 0.000000
vt 0.753191 1.000000
vt 0.748936 0.000000
vt 0.757447 1.000000
vt 0.753191 0.000000
vt 0.761702 1.000000
vt 0.757447 0.000000
vt 0.765957 1.000000
vt 0.761702 0.000000
vt 0.770213 1.000000
vt 0.765957 0.000000
vt 0.774468 1.000000
vt 0.770213 0.000000
vt 0.778723 1.000000
vt 0.774468 0.000000
vt 0.782979 1.000000
vt 0.778723 0.000000
vt 0.787234 1.000000
vt 0.782979 0.000000
vt 0.791489 1.000000
vt 0.787234 0.000000
vt 0.795745 1.000000
vt 0.791489 0.000000
vt 0.795745 0.000000
vt 0.804255 1.000000
vt 0.808511 1.000000
vt 0.804255 0.000000
vt 0.812766 1.000000
vt 0.808511 0.000000
vt 0.817021 1.000000
vt 0.812766 0.000000
vt 0.821277 1.000000
vt 0.817021 0.000000
vt 0.825532 1.000000
vt 0.821277 0.000000
vt 0.829787 1.000000
vt 0.825532 0.000000
vt 0.834043 1.000000
vt 0.829787 0.000000
vt 0.838298 1.000000
vt 0.834043 0.000000
vt 0.842553 1.000000
vt 0.838298 0.000000
vt 0.846808 1.000000
vt 0.842553 0.000000
vt 0.851064 1.000000
vt 0.846808 0.000000
vt 0.855319 1.000000
vt 0.851064 0.000000
vt 0.859574 1.000000
vt 0.855319 0.000000
vt 0.863830 1.000000
vt 0.859574 0.000000
vt 0.868085 1.000000
vt 0.863830 0.000000
vt 0.872340 1.000000
vt 0.868085 0.000000
vt 0.876596 1.000000
vt 0.872340 0.000000
vt 0.880851 1.000000
vt 0.876596 0.000000
vt 0.885106 1.000000
vt 0.880851 0.000000
vt 0.889362 1.000000
vt 0.885106 0.000000
vt 0.893617 1.000000
vt 0.889362 0.000000
vt 0.897872 1.000000
vt 0.893617 0.000000
vt 0.902128 1.000000
vt 0.897872 0.000000
vt 0.906383 1.000000
vt 0.902128 0.000000
vt 0.910638 1.000000
vt 0.906383 0.000000
vt 0.914894 1.000000
vt 0.910638 0.000000
vt 0.919149 1.000000
vt 0.914894 0.000000
vt 0.923404 1.000000
vt 0.919149 0.000000
vt 0.927660 1.000000
vt 0.923404 0.000000
vt 0.931915 1.000000
vt 0.927660 0.000000
vt 0.936170 1.000000
vt 0.931915 0.000000
vt 0.940426 1.000000
vt 0.936170 0.000000
vt 0.944681 1.000000
vt 0.940426 0.000000
vt 0.948936 1.000000
vt 0.944681 0.000000
vt 0.953192 1.000000
vt 0.948936 0.000000
vt 0.957447 1.000000
vt 0.953192 0.000000
vt 0.961702 1.000000
vt 0.957447 0.000000
vt 0.965957 1.000000
vt 0.961702 0.000000
vt 0.970213 1.000000
vt 0.965957 0.000000
vt 0.974468 1.000000
vt 0.970213 0.000000
vt 0.978723 1.000000
vt 0.974468 0.000000
vt 0.982979 1.000000
vt 0.978723 0.000000
vt 0.987234 1.000000
vt 0.982979 0.000000
vt 0.991489 1.000000
vt 0.987234 0.000000
vt 0.995745 1.000000
vt 0.991489 0.000000
vt 0.995745 0.000000
s 0
f 135/1/1 137/2/1 136/3/1
f 135/1/1 138/4/1 137/2/1
f 135/1/1 139/5/1 138/4/1
f 134/6/1 139/5/1 135/1/1
f 134/6/1 140/7/1 139/5/1
f 133/8/1 140/7/1 134/6/1
f 133/8/1 141/9/1 140/7/1
f 132/10/1 141/9/1 133/8/1
f 132/10/1 142/11/1 141/9/1
f 132/10/1 143/12/1 142/11/1
f 131/13/1 143/12/1 132/10/1
f 131/13/1 144/14/1 143/12/1
f 130/15/1 144/14/1 131/13/1
f 130/15/1 145/16/1 144/14/1
f 129/17/1 145/16/1 130/15/1
f 129/17/1 146/18/1 145/16/1
f 129/17/1 147/19/1 146/18/1
f 128/20/1 147/19/1 129/17/1
f 128/20/1 148/21/1 147/19/1
f 127/22/1 148/21/1 128/20/1
f 127/22/1 149/23/1 148/21/1
f 126/24/1 149/23/1 127/22/1
f 126/24/1 150/25/1 149/23/1
f 126/24/1 151/26/1 150/25/1
f 125/27/1 151/26/1 126/24/1
f 125/27/1 152/28/1 151/26/1
f 124/29/1 152/28/1 125/27/1
f 124/29/1 153/30/1 152/28/1
f 124/29/1 154/31/1 153/30/1
f 123/32/1 154/31/1 124/29/1
f 123/32/1 155/33/1 154/31/1
f 122/34/1 155/33/1 123/32/1
f 122/34/1 156/35/1 155/33/1
f 122/34/1 157/36/1 156/35/1
f 121/37/1 157/36/1 122/34/1
f 121/37/1 158/38/1 157/36/1
f 120/39/1 158/38/1 121/37/1
f 120/39/1 159/40/1 158/38/1
f 119/41/1 159/40/1 120/39/1
f 119/41/1 160/42/1 159/40/1
f 118/43/1 160/42/1 119/41/1
f 118/43/1 161/44/1 160/42/1
f 117/45/1 161/44/1 118/43/1
f 117/45/1 71/46/1 161/44/1
f 71/46/1 70/47/1 161/44/1
f 70/47/1 69/48/1 161/44/1
f 69/48/1 68/49/1 161/44/1
f 68/49/1 67/50/1 161/44/1
f 67/50/1 66/51/1 161/44/1
f 66/51/1 65/52/1 161/44/1
f 65/52/1 64/53/1 161/44/1
f 64/53/1 162/54/1 161/44/1
f 116/55/1 72/56/1 117/45/1
f 72/56/1 71/46/1 117/45/1
f 115/57/1 72/56/1 116/55/1
f 114/58/1 72/56/1 115/57/1
f 113/59/1 72/56/1 114/58/1
f 112/60/1 72/56/1 113/59/1
f 111/61/1 73/62/1 112/60/1
f 73/62/1 72/56/1 112/60/1
f 110/63/1 73/62/1 111/61/1
f 109/64/1 73/62/1 110/63/1
f 108/65/1 73/62/1 109/64/1
f 107/66/1 73/62/1 108/65/1
f 106/67/1 74/68/1 107/66/1
f 74/68/2 73/62/2 107/66/2
f 105/69/1 74/68/1 106/67/1
f 104/70/1 74/68/1 105/69/1
f 103/71/1 74/68/1 104/70/1
f 102/72/1 74/68/1 103/71/1
f 101/73/1 74/68/1 102/72/1
f 335/74/1 74/68/1 101/73/1
f 333/75/1 335/74/1 334/76/1
f 333/75/1 75/77/1 335/74/1
f 75/77/1 74/68/1 335/74/1
f 333/75/1 76/78/1 75/77/1
f 332/79/1 76/78/1 333/75/1
f 332/79/1 77/80/1 76/78/1
f 331/81/1 77/80/1 332/79/1
f 331/81/1 78/82/1 77/80/1
f 330/83/1 78/82/1 331/81/1
f 330/83/1 79/84/1 78/82/1
f 329/85/1 79/84/1 330/83/1
f 329/85/1 80/86/1 79/84/1
f 328/87/1 80/86/1 329/85/1
f 328/87/1 81/88/1 80/86/1
f 327/89/1 81/88/1 328/87/1
f 327/89/1 82/90/1 81/88/1
f 326/91/1 82/90/1 327/89/1
f 326/91/1 83/92/1 82/90/1
f 325/93/1 83/92/1 326/91/1
f 325/93/1 84/94/1 83/92/1
f 324/95/1 84/94/1 325/93/1
f 324/95/1 85/96/1 84/94/1
f 323/97/1 85/96/1 324/95/1
f 323/97/1 86/98/1 85/96/1
f 63/99/1 162/54/1 64/53/1
f 322/100/1 86/98/1 323/97/1
f 322/100/1 87/101/1 86/98/1
f 62/102/1 162/54/1 63/99/1
f 321/103/1 87/101/1 322/100/1
f 321/103/1 88/104/1 87/101/1
f 61/105/1 162/54/1 62/102/1
f 320/106/1 88/104/1 321/103/1
f 320/106/1 89/107/1 88/104/1
f 60/108/1 162/54/1 61/105/1
f 319/109/1 89/107/1 320/106/1
f 319/109/1 90/110/1 89/107/1
f 59/111/1 162/54/1 60/108/1
f 318/112/1 90/110/1 319/109/1
f 318/112/1 91/113/1 90/110/1
f 58/114/1 162/54/1 59/111/1
f 317/115/1 91/113/1 318/112/1
f 317/115/1 92/116/1 91/113/1
f 57/117/1 162/54/1 58/114/1
f 316/118/1 92/116/1 317/115/1
f 316/118/1 93/119/1 92/116/1
f 56/120/1 162/54/1 57/117/1
f 315/121/1 93/119/1 316/118/1
f 315/121/1 94/122/1 93/119/1
f 55/123/1 162/54/1 56/120/1
f 314/124/1 94/122/1 315/121/1
f 314/124/1 95/125/1 94/122/1
f 54/126/1 162/54/1 55/123/1
f 313/127/1 95/125/1 314/124/1
f 313/127/1 96/128/1 95/125/1
f 53/129/1 162/54/1 54/126/1
f 312/130/1 96/128/1 313/127/1
f 312/130/1 97/131/1 96/128/1
f 52/132/1 162/54/1 53/129/1
f 311/133/1 97/131/1 312/130/1
f 311/133/1 98/134/1 97/131/1
f 51/135/1 162/54/1 52/132/1
f 310/136/1 98/134/1 311/133/1
f 310/136/1 99/137/1 98/134/1
f 50/138/1 162/54/1 51/135/1
f 309/139/1 99/137/1 310/136/1
f 309/139/1 100/140/1 99/137/1
f 49/141/1 162/54/1 50/138/1
f 309/139/1 1/142/1 100/140/1
f 48/143/1 162/54/1 49/141/1
f 309/139/1 2/144/1 1/142/1
f 47/145/1 162/54/1 48/143/1
f 309/139/1 3/146/1 2/144/1
f 46/147/1 162/54/1 47/145/1
f 309/139/1 4/148/1 3/146/1
f 45/149/1 162/54/1 46/147/1
f 309/139/1 5/150/1 4/148/1
f 44/151/1 162/54/1 45/149/1
f 309/139/1 6/152/1 5/150/1
f 43/153/1 162/54/1 44/151/1
f 309/139/1 7/154/1 6/152/1
f 42/155/1 162/54/1 43/153/1
f 309/139/1 8/156/1 7/154/1
f 41/157/1 162/54/1 42/155/1
f 309/139/1 9/158/1 8/156/1
f 40/159/1 162/54/1 41/157/1
f 309/139/1 10/160/1 9/158/1
f 39/161/1 162/54/1 40/159/1
f 309/139/1 11/162/1 10/160/1
f 38/163/1 162/54/1 39/161/1
f 309/139/1 12/164/1 11/162/1
f 37/165/1 162/54/1 38/163/1
f 309/139/1 13/166/1 12/164/1
f 36/167/1 162/54/1 37/165/1
f 309/139/1 14/168/1 13/166/1
f 35/169/1 162/54/1 36/167/1
f 309/139/1 15/170/1 14/168/1
f 34/171/1 162/54/1 35/169/1
f 309/139/1 16/172/1 15/170/1
f 33/173/1 162/54/1 34/171/1
f 309/139/1 17/174/1 16/172/1
f 32/175/1 162/54/1 33/173/1
f 309/139/1 18/176/1 17/174/1
f 31/177/1 162/54/1 32/175/1
f 309/139/1 19/178/1 18/176/1
f 30/179/1 162/54/1 31/177/1
f 309/139/1 20/180/1 19/178/1
f 29/181/1 162/54/1 30/179/1
f 309/139/1 21/182/1 20/180/1
f 28/183/1 162/54/1 29/181/1
f 309/139/1 22/184/1 21/182/1
f 27/185/1 162/54/1 28/183/1
f 309/139/1 23/186/1 22/184/1
f 26/187/1 162/54/1 27/185/1
f 309/139/1 24/188/1 23/186/1
f 25/189/1 162/54/1 26/187/1
f 309/139/1 197/190/1 24/188/1
f 197/190/1 196/191/1 24/188/1
f 196/191/1 25/189/1 24/188/1
f 196/191/1 195/192/1 25/189/1
f 195/192/1 194/193/1 25/189/1
f 194/193/1 193/194/1 25/189/1
f 193/194/1 192/195/1 25/189/1
f 192/195/1 191/196/1 25/189/1
f 191/196/1 190/197/1 25/189/1
f 190/197/1 162/54/1 25/189/1
f 190/197/1 163/198/1 162/54/1
f 190/197/1 189/199/1 163/198/1
f 189/199/1 164/200/1 163/198/1
f 189/199/1 165/201/1 164/200/1
f 189/199/1 166/202/1 165/201/1
f 189/199/1 167/203/1 166/202/1
f 189/199/1 168/204/1 167/203/1
f 189/199/1 169/205/1 168/204/1
f 189/199/1 188/206/1 169/205/1
f 188/206/1 170/207/1 169/205/1
f 188/206/1 171/208/1 170/207/1
f 188/206/1 172/209/1 171/208/1
f 188/206/1 173/210/1 172/209/1
f 188/206/1 174/211/1 173/210/1
f 188/206/1 175/212/1 174/211/1
f 188/206/1 176/213/1 175/212/1
f 188/206/1 177/214/1 176/213/1
f 188/206/1 187/215/1 177/214/1
f 187/215/1 178/216/1 177/214/1
f 187/215/1 179/217/1 178/216/1
f 187/215/1 180/218/1 179/217/1
f 187/215/1 181/219/1 180/218/1
f 187/215/1 182/220/1 181/219/1
f 187/215/1 183/221/1 182/220/1
f 187/215/1 184/222/1 183/221/1
f 187/215/1 185/223/1 184/222/1
f 187/215/1 186/224/1 185/223/1
f 309/139/3 198/225/3 197/190/3
f 309/139/1 199/226/1 198/225/1
f 309/139/1 200/227/1 199/226/1
f 309/139/1 201/228/1 200/227/1
f 309/139/1 202/229/1 201/228/1
f 309/139/1 203/230/1 202/229/1
f 309/139/1 204/231/1 203/230/1
f 309/139/1 205/232/1 204/231/1
f 309/139/1 206/233/1 205/232/1
f 309/139/1 207/234/1 206/233/1
f 309/139/1 208/235/1 207/234/1
f 309/139/1 209/236/1 208/235/1
f 309/139/1 210/237/1 209/236/1
f 309/139/1 211/238/1 210/237/1
f 309/139/1 212/239/1 211/238/1
f 309/139/1 213/240/1 212/239/1
f 309/139/1 214/241/1 213/240/1
f 309/139/1 215/242/1 214/241/1
f 309/139/1 216/243/1 215/242/1
f 309/139/1 217/244/1 216/243/1
f 309/139/1 218/245/1 217/244/1
f 309/139/1 219/246/1 218/245/1
f 309/139/1 220/247/1 219/246/1
f 309/139/1 221/248/1 220/247/1
f 309/139/1 222/249/1 221/248/1
f 309/139/1 223/250/1 222/249/1
f 309/139/1 224/251/1 223/250/1
f 309/139/1 225/252/1 224/251/1
f 309/139/1 226/253/1 225/252/1
f 309/139/1 227/254/1 226/253/1
f 309/139/1 228/255/1 227/254/1
f 309/139/1 229/256/1 228/255/1
f 309/139/1 230/257/1 229/256/1
f 309/139/1 231/258/1 230/257/1
f 309/139/1 232/259/1 231/258/1
f 309/139/1 233/260/1 232/259/1
f 309/139/1 234/261/1 233/260/1
f 309/139/1 235/262/1 234/261/1
f 309/139/1 236/263/1 235/262/1
f 309/139/1 237/264/1 236/263/1
f 309/139/1 238/265/1 237/264/1
f 309/139/1 239/266/1 238/265/1
f 309/139/1 240/267/1 239/266/1
f 309/139/1 241/268/1 240/267/1
f 309/139/1 242/269/1 241/268/1
f 309/139/1 243/270/1 242/269/1
f 309/139/1 244/271/1 243/270/1
f 309/139/1 245/272/1 244/271/1
f 309/139/1 246/273/1 245/272/1
f 309/139/1 247/274/1 246/273/1
f 309/139/1 248/275/1 247/274/1
f 309/139/1 249/276/1 248/275/1
f 309/139/1 250/277/1 249/276/1
f 309/139/1 251/278/1 250/277/1
f 309/139/1 252/279/1 251/278/1
f 309/139/1 253/280/1 252/279/1
f 309/139/1 254/281/1 253/280/1
f 309/139/1 255/282/1 254/281/1
f 309/139/1 256/283/1 255/282/1
f 309/139/1 257/284/1 256/283/1
f 309/139/1 258/285/1 257/284/1
f 309/139/1 259/286/1 258/285/1
f 309/139/1 260/287/1 259/286/1
f 308/288/1 260/287/1 309/139/1
f 308/288/1 261/289/1 260/287/1
f 308/288/1 262/290/1 261/289/1
f 307/291/1 262/290/1 308/288/1
f 307/291/1 263/292/1 262/290/1
f 306/293/1 263/292/1 307/291/1
f 306/293/1 264/294/1 263/292/1
f 305/295/1 264/294/1 306/293/1
f 305/295/1 265/296/1 264/294/1
f 304/297/1 265/296/1 305/295/1
f 304/297/1 266/298/1 265/296/1
f 303/299/1 266/298/1 304/297/1
f 303/299/1 267/300/1 266/298/1
f 302/301/1 267/300/1 303/299/1
f 302/301/1 268/302/1 267/300/1
f 301/303/1 268/302/1 302/301/1
f 301/303/1 269/304/1 268/302/1
f 300/305/1 269/304/1 301/303/1
f 300/305/1 270/306/1 269/304/1
f 299/307/1 270/306/1 300/305/1
f 299/307/1 271/308/1 270/306/1
f 298/309/1 271/308/1 299/307/1
f 298/309/1 272/310/1 271/308/1
f 297/311/1 272/310/1 298/309/1
f 296/312/1 272/310/1 297/311/1
f 296/312/1 273/313/1 272/310/1
f 296/312/1 274/314/1 273/313/1
f 295/315/1 274/314/1 296/312/1
f 294/316/1 274/314/1 295/315/1
f 294/316/1 275/317/1 274/314/1
f 293/318/1 275/317/1 294/316/1
f 293/318/1 276/319/1 275/317/1
f 292/320/1 276/319/1 293/318/1
f 292/320/1 277/321/1 276/319/1
f 291/322/1 277/321/1 292/320/1
f 291/322/1 278/323/1 277/321/1
f 290/324/1 278/323/1 291/322/1
f 290/324/1 279/325/1 278/323/1
f 289/326/1 279/325/1 290/324/1
f 289/326/1 280/327/1 279/325/1
f 288/328/1 280/327/1 289/326/1
f 288/328/1 281/329/1 280/327/1
f 287/330/1 281/329/1 288/328/1
f 287/330/1 282/331/1 281/329/1
f 286/332/1 282/331/1 287/330/1
f 286/332/1 283/333/1 282/331/1
f 285/334/1 283/333/1 286/332/1
f 285/334/1 284/335/1 283/333/1
f 468/336/1 470/337/1 469/338/1
f 468/336/1 471/339/1 470/337/1
f 467/340/1 471/339/1 468/336/1
f 467/340/1 472/341/1 471/339/1
f 466/342/1 472/341/1 467/340/1
f 466/342/1 473/343/1 472/341/1
f 465/344/1 473/343/1 466/342/1
f 465/344/1 474/345/1 473/343/1
f 464/346/1 474/345/1 465/344/1
f 464/346/1 475/347/1 474/345/1
f 463/348/1 475/347/1 464/346/1
f 463/348/1 476/349/1 475/347/1
f 462/350/1 476/349/1 463/348/1
f 462/350/1 477/351/1 476/349/1
f 461/352/1 477/351/1 462/350/1
f 461/352/1 478/353/1 477/351/1
f 460/354/1 478/353/1 461/352/1
f 460/354/1 479/355/1 478/353/1
f 459/356/1 479/355/1 460/354/1
f 459/356/1 480/357/1 479/355/1
f 458/358/1 480/357/1 459/356/1
f 458/358/1 481/359/1 480/357/1
f 457/360/1 481/359/1 458/358/1
f 457/360/1 482/361/1 481/359/1
f 456/362/1 482/361/1 457/360/1
f 456/362/1 483/363/1 482/361/1
f 455/364/1 483/363/1 456/362/1
f 455/364/1 484/365/1 483/363/1
f 454/366/1 484/365/1 455/364/1
f 454/366/1 485/367/1 484/365/1
f 453/368/1 485/367/1 454/366/1
f 453/368/1 486/369/1 485/367/1
f 452/370/1 486/369/1 453/368/1
f 452/370/1 487/371/1 486/369/1
f 451/372/1 487/371/1 452/370/1
f 451/372/1 488/373/1 487/371/1
f 450/374/1 488/373/1 451/372/1
f 450/374/1 489/375/1 488/373/1
f 449/376/1 489/375/1 450/374/1
f 449/376/1 490/377/1 489/375/1
f 448/378/1 490/377/1 449/376/1
f 448/378/1 491/379/1 490/377/1
f 447/380/1 491/379/1 448/378/1
f 447/380/1 492/381/1 491/379/1
f 446/382/1 492/381/1 447/380/1
f 446/382/1 493/383/1 492/381/1
f 445/384/1 493/383/1 446/382/1
f 445/384/1 494/385/1 493/383/1
f 444/386/1 494/385/1 445/384/1
f 444/386/1 495/387/1 494/385/1
f 443/388/1 495/387/1 444/386/1
f 443/388/1 496/389/1 495/387/1
f 442/390/1 496/389/1 443/388/1
f 442/390/1 497/391/1 496/389/1
f 441/392/1 497/391/1 442/390/1
f 441/392/1 498/393/1 497/391/1
f 440/394/1 498/393/1 441/392/1
f 439/395/1 498/393/1 440/394/1
f 439/395/1 499/396/1 498/393/1
f 438/397/1 499/396/1 439/395/1
f 438/397/1 500/398/1 499/396/1
f 437/399/1 500/398/1 438/397/1
f 436/400/1 500/398/1 437/399/1
f 436/400/1 501/401/1 500/398/1
f 435/402/1 501/401/1 436/400/1
f 435/402/1 502/403/1 501/401/1
f 434/404/1 502/403/1 435/402/1
f 434/404/1 503/405/1 502/403/1
f 433/406/1 503/405/1 434/404/1
f 432/407/1 503/405/1 433/406/1
f 432/407/1 504/408/1 503/405/1
f 431/409/1 504/408/1 432/407/1
f 431/409/1 505/410/1 504/408/1
f 430/411/1 505/410/1 431/409/1
f 430/411/1 506/412/1 505/410/1
f 429/413/1 506/412/1 430/411/1
f 429/413/1 507/74/1 506/412/1
f 428/414/1 507/74/1 429/413/1
f 428/414/1 336/142/1 507/74/1
f 427/415/1 336/142/1 428/414/1
f 427/415/1 337/416/1 336/142/1
f 426/417/1 337/416/1 427/415/1
f 426/417/1 338/418/1 337/416/1
f 425/419/1 338/418/1 426/417/1
f 425/419/1 339/420/1 338/418/1
f 424/421/1 339/420/1 425/419/1
f 424/421/1 340/422/1 339/420/1
f 423/423/1 340/422/1 424/421/1
f 423/423/1 341/424/1 340/422/1
f 422/425/1 341/424/1 423/423/1
f 421/426/1 419/427/1 422/425/1
f 419/427/1 341/424/1 422/425/1
f 420/428/1 419/427/1 421/426/1
f 418/429/1 341/424/1 419/427/1
f 417/430/1 341/424/1 418/429/1
f 417/430/1 342/431/1 341/424/1
f 416/432/1 342/431/1 417/430/1
f 416/432/1 343/433/1 342/431/1
f 415/434/1 343/433/1 416/432/1
f 415/434/1 344/435/1 343/433/1
f 414/436/1 344/435/1 415/434/1
f 414/436/1 345/437/1 344/435/1
f 413/438/1 345/437/1 414/436/1
f 413/438/1 346/439/1 345/437/1
f 413/438/1 347/440/1 346/439/1
f 412/441/1 347/440/1 413/438/1
f 412/441/1 348/442/1 347/440/1
f 411/443/1 348/442/1 412/441/1
f 411/443/1 349/444/1 348/442/1
f 410/445/1 349/444/1 411/443/1
f 410/445/1 350/446/1 349/444/1
f 409/447/1 350/446/1 410/445/1
f 409/447/1 351/448/1 350/446/1
f 409/447/1 352/449/1 351/448/1
f 408/450/1 352/449/1 409/447/1
f 408/450/1 353/451/1 352/449/1
f 407/452/1 353/451/1 408/450/1
f 407/452/1 354/453/1 353/451/1
f 406/454/1 354/453/1 407/452/1
f 406/454/1 355/455/1 354/453/1
f 405/456/1 355/455/1 406/454/1
f 405/456/1 356/457/1 355/455/1
f 404/458/1 356/457/1 405/456/1
f 404/458/1 357/459/1 356/457/1
f 403/460/1 357/459/1 404/458/1
f 403/460/1 358/461/1 357/459/1
f 402/462/1 358/461/1 403/460/1
f 402/462/1 359/463/1 358/461/1
f 401/464/1 359/463/1 402/462/1
f 400/465/1 359/463/1 401/464/1
f 400/465/1 360/466/1 359/463/1
f 400/465/1 361/467/1 360/466/1
f 399/468/1 361/467/1 400/465/1
f 399/468/1 362/469/1 361/467/1
f 398/470/1 362/469/1 399/468/1
f 398/470/1 363/471/1 362/469/1
f 397/472/1 363/471/1 398/470/1
f 397/472/1 364/473/1 363/471/1
f 396/474/1 364/473/1 397/472/1
f 396/474/1 365/475/1 364/473/1
f 396/474/1 366/476/1 365/475/1
f 395/477/1 366/476/1 396/474/1
f 395/477/1 367/478/1 366/476/1
f 394/479/1 367/478/1 395/477/1
f 394/479/1 368/480/1 367/478/1
f 394/479/1 369/481/1 368/480/1
f 393/482/1 369/481/1 394/479/1
f 393/482/1 370/483/1 369/481/1
f 392/484/1 370/483/1 393/482/1
f 392/484/1 371/485/1 370/483/1
f 392/484/1 372/486/1 371/485/1
f 391/487/1 372/486/1 392/484/1
f 391/487/1 373/488/1 372/486/1
f 390/489/1 373/488/1 391/487/1
f 390/489/1 374/490/1 373/488/1
f 389/491/1 374/490/1 390/489/1
f 389/491/1 375/492/1 374/490/1
f 389/491/1 376/493/1 375/492/1
f 388/494/1 376/493/1 389/491/1
f 388/494/1 377/495/1 376/493/1
f 387/496/1 377/495/1 388/494/1
f 387/496/1 378/497/1 377/495/1
f 386/498/1 378/497/1 387/496/1
f 386/498/1 379/499/1 378/497/1
f 386/498/1 380/500/1 379/499/1
f 385/501/1 380/500/1 386/498/1
f 385/501/1 381/502/1 380/500/1
f 384/503/1 381/502/1 385/501/1
f 384/503/1 382/504/1 381/502/1
f 383/505/1 382/504/1 384/503/1
f 642/506/1 644/507/1 643/508/1
f 642/506/1 645/509/1 644/507/1
f 641/510/1 645/509/1 642/506/1
f 641/510/1 646/511/1 645/509/1
f 640/512/1 646/511/1 641/510/1
f 640/512/1 647/513/1 646/511/1
f 639/514/1 647/513/1 640/512/1
f 639/514/1 648/515/1 647/513/1
f 638/516/1 648/515/1 639/514/1
f 638/516/1 649/517/1 648/515/1
f 637/518/1 649/517/1 638/516/1
f 637/518/1 650/519/1 649/517/1
f 636/520/1 650/519/1 637/518/1
f 636/520/1 651/521/1 650/519/1
f 635/522/1 651/521/1 636/520/1
f 635/522/1 652/523/1 651/521/1
f 634/524/1 652/523/1 635/522/1
f 634/524/1 653/525/1 652/523/1
f 633/526/1 653/525/1 634/524/1
f 633/526/1 654/527/1 653/525/1
f 632/528/1 654/527/1 633/526/1
f 632/528/1 655/529/1 654/527/1
f 631/530/1 655/529/1 632/528/1
f 631/530/1 656/531/1 655/529/1
f 630/532/1 656/531/1 631/530/1
f 630/532/1 657/533/1 656/531/1
f 629/534/1 657/533/1 630/532/1
f 629/534/1 658/535/1 657/533/1
f 628/536/1 658/535/1 629/534/1
f 628/536/1 659/537/1 658/535/1
f 627/482/1 659/537/1 628/536/1
f 627/482/1 660/538/1 659/537/1
f 626/539/1 660/538/1 627/482/1
f 626/539/1 661/540/1 660/538/1
f 625/541/1 661/540/1 626/539/1
f 625/541/1 662/542/1 661/540/1
f 624/543/1 662/542/1 625/541/1
f 624/543/1 663/544/1 662/542/1
f 623/545/1 663/544/1 624/543/1
f 623/545/1 664/546/1 663/544/1
f 622/547/1 664/546/1 623/545/1
f 622/547/1 665/548/1 664/546/1
f 621/549/1 665/548/1 622/547/1
f 621/549/1 666/550/1 665/548/1
f 620/551/1 666/550/1 621/549/1
f 620/551/1 667/552/1 666/550/1
f 619/553/1 667/552/1 620/551/1
f 619/553/1 668/554/1 667/552/1
f 618/555/1 668/554/1 619/553/1
f 618/555/1 669/556/1 668/554/1
f 617/557/1 669/556/1 618/555/1
f 617/557/1 670/558/1 669/556/1
f 617/557/1 671/559/1 670/558/1
f 616/560/1 671/559/1 617/557/1
f 616/560/1 672/561/1 671/559/1
f 615/562/1 672/561/1 616/560/1
f 615/562/1 673/563/1 672/561/1
f 615/562/1 674/564/1 673/563/1
f 614/565/1 674/564/1 615/562/1
f 614/565/1 675/566/1 674/564/1
f 613/567/1 675/566/1 614/565/1
f 613/567/1 676/568/1 675/566/1
f 613/567/1 677/569/1 676/568/1
f 612/570/1 677/569/1 613/567/1
f 612/570/1 678/571/1 677/569/1
f 611/572/1 678/571/1 612/570/1
f 611/572/1 679/573/1 678/571/1
f 610/574/1 679/573/1 611/572/1
f 610/574/1 680/575/1 679/573/1
f 610/574/1 681/576/1 680/575/1
f 609/577/1 681/576/1 610/574/1
f 609/577/1 682/578/1 681/576/1
f 608/579/1 682/578/1 609/577/1
f 608/579/1 683/580/1 682/578/1
f 607/581/1 683/580/1 608/579/1
f 607/581/1 684/582/1 683/580/1
f 606/583/1 684/582/1 607/581/1
f 606/583/1 685/584/1 684/582/1
f 605/585/1 685/584/1 606/583/1
f 605/585/1 686/586/1 685/584/1
f 604/587/1 686/586/1 605/585/1
f 603/588/1 686/586/1 604/587/1
f 603/588/1 687/589/1 686/586/1
f 602/590/1 687/589/1 603/588/1
f 602/590/1 688/591/1 687/589/1
f 601/592/1 688/591/1 602/590/1
f 601/592/1 689/593/1 688/591/1
f 601/592/1 690/594/1 689/593/1
f 600/595/1 690/594/1 601/592/1
f 600/595/1 691/596/1 690/594/1
f 600/595/1 692/597/1 691/596/1
f 599/598/1 692/597/1 600/595/1
f 599/598/1 693/599/1 692/597/1
f 599/598/1 694/600/1 693/599/1
f 599/598/1 695/601/1 694/600/1
f 599/598/1 696/602/1 695/601/1
f 599/598/1 697/603/1 696/602/1
f 599/598/1 698/604/1 697/603/1
f 598/605/1 698/604/1 599/598/1
f 598/605/1 699/606/1 698/604/1
f 597/607/1 699/606/1 598/605/1
f 597/607/1 700/608/1 699/606/1
f 596/609/1 700/608/1 597/607/1
f 596/609/1 701/610/1 700/608/1
f 595/611/1 701/610/1 596/609/1
f 595/611/1 702/612/1 701/610/1
f 594/613/1 702/612/1 595/611/1
f 594/613/1 703/614/1 702/612/1
f 593/615/1 703/614/1 594/613/1
f 593/615/1 704/616/1 703/614/1
f 592/617/1 704/616/1 593/615/1
f 592/617/1 705/618/1 704/616/1
f 591/619/1 705/618/1 592/617/1
f 591/619/1 706/620/1 705/618/1
f 590/621/1 706/620/1 591/619/1
f 590/621/1 707/622/1 706/620/1
f 589/623/1 707/622/1 590/621/1
f 589/623/1 708/624/1 707/622/1
f 588/625/1 708/624/1 589/623/1
f 588/625/1 709/626/1 708/624/1
f 587/627/1 709/626/1 588/625/1
f 587/627/1 710/628/1 709/626/1
f 587/627/1 711/629/1 710/628/1
f 586/630/1 711/629/1 587/627/1
f 586/630/1 712/631/1 711/629/1
f 585/632/1 712/631/1 586/630/1
f 585/632/1 713/633/1 712/631/1
f 584/634/1 713/633/1 585/632/1
f 584/634/1 714/635/1 713/633/1
f 584/634/1 715/636/1 714/635/1
f 583/637/1 715/636/1 584/634/1
f 583/637/1 716/638/1 715/636/1
f 582/639/1 716/638/1 583/637/1
f 582/639/1 717/640/1 716/638/1
f 582/639/1 718/641/1 717/640/1
f 581/642/1 718/641/1 582/639/1
f 581/642/1 719/643/1 718/641/1
f 580/644/1 719/643/1 581/642/1
f 580/644/1 720/645/1 719/643/1
f 579/646/1 720/645/1 580/644/1
f 579/646/1 721/647/1 720/645/1
f 579/646/1 722/648/1 721/647/1
f 578/649/1 722/648/1 579/646/1
f 578/649/1 723/650/1 722/648/1
f 577/651/1 723/650/1 578/649/1
f 577/651/1 724/652/1 723/650/1
f 576/653/1 724/652/1 577/651/1
f 576/653/1 725/654/1 724/652/1
f 576/653/1 726/655/1 725/654/1
f 575/656/1 726/655/1 576/653/1
f 575/656/1 727/657/1 726/655/1
f 574/658/1 727/657/1 575/656/1
f 574/658/1 728/659/1 727/657/1
f 573/660/1 728/659/1 574/658/1
f 573/660/1 729/661/1 728/659/1
f 572/662/1 729/661/1 573/660/1
f 572/662/1 730/663/1 729/661/1
f 571/664/1 730/663/1 572/662/1
f 571/664/1 731/665/1 730/663/1
f 570/666/1 731/665/1 571/664/1
f 570/666/1 732/667/1 731/665/1
f 569/668/1 732/667/1 570/666/1
f 568/669/1 732/667/1 569/668/1
f 568/669/1 733/670/1 732/667/1
f 567/671/1 733/670/1 568/669/1
f 566/672/1 733/670/1 567/671/1
f 566/672/1 734/673/1 733/670/1
f 565/674/1 734/673/1 566/672/1
f 565/674/1 735/675/1 734/673/1
f 564/676/1 735/675/1 565/674/1
f 564/676/1 736/677/1 735/675/1
f 563/678/1 736/677/1 564/676/1
f 563/678/1 737/679/1 736/677/1
f 562/680/1 737/679/1 563/678/1
f 562/680/1 738/681/1 737/679/1
f 561/682/1 738/681/1 562/680/1
f 561/682/1 739/683/1 738/681/1
f 560/684/1 739/683/1 561/682/1
f 560/684/1 740/685/1 739/683/1
f 560/684/1 741/686/1 740/685/1
f 560/684/1 743/687/1 741/686/1
f 743/687/1 742/688/1 741/686/1
f 560/684/1 744/689/1 743/687/1
f 559/690/1 744/689/1 560/684/1
f 559/690/1 745/691/1 744/689/1
f 559/690/1 746/374/1 745/691/1
f 559/690/1 747/692/1 746/374/1
f 558/693/1 747/692/1 559/690/1
f 558/693/1 748/694/1 747/692/1
f 557/695/1 748/694/1 558/693/1
f 557/695/1 749/696/1 748/694/1
f 557/695/1 750/697/1 749/696/1
f 556/698/1 750/697/1 557/695/1
f 556/698/1 751/699/1 750/697/1
f 556/698/1 752/700/1 751/699/1
f 555/701/1 752/700/1 556/698/1
f 555/701/1 753/702/1 752/700/1
f 554/703/1 753/702/1 555/701/1
f 554/703/1 754/704/1 753/702/1
f 553/705/1 754/704/1 554/703/1
f 553/705/1 755/706/1 754/704/1
f 553/705/1 756/707/1 755/706/1
f 552/708/1 756/707/1 553/705/1
f 552/708/1 757/709/1 756/707/1
f 551/710/1 757/709/1 552/708/1
f 551/710/1 758/711/1 757/709/1
f 550/712/1 758/711/1 551/710/1
f 550/712/1 759/713/1 758/711/1
f 550/712/1 760/714/1 759/713/1
f 549/715/1 760/714/1 550/712/1
f 549/715/1 761/716/1 760/714/1
f 548/717/1 761/716/1 549/715/1
f 548/717/1 762/718/1 761/716/1
f 548/717/1 763/719/1 762/718/1
f 547/720/1 763/719/1 548/717/1
f 547/720/1 764/721/1 763/719/1
f 546/722/1 764/721/1 547/720/1
f 546/722/1 765/723/1 764/721/1
f 546/722/1 766/724/1 765/723/1
f 545/725/1 766/724/1 546/722/1
f 545/725/1 767/726/1 766/724/1
f 545/725/1 768/727/1 767/726/1
f 544/728/1 768/727/1 545/725/1
f 544/728/1 769/729/1 768/727/1
f 543/730/1 769/729/1 544/728/1
f 543/730/1 770/731/1 769/729/1
f 542/732/1 770/731/1 543/730/1
f 542/732/1 771/733/1 770/731/1
f 541/734/1 771/733/1 542/732/1
f 541/734/1 772/735/1 771/733/1
f 540/736/1 772/735/1 541/734/1
f 540/736/1 773/737/1 772/735/1
f 539/738/1 773/737/1 540/736/1
f 539/738/1 774/739/1 773/737/1
f 538/740/1 774/739/1 539/738/1
f 538/740/1 775/741/1 774/739/1
f 537/742/1 775/741/1 538/740/1
f 537/742/1 776/743/1 775/741/1
f 536/744/1 776/743/1 537/742/1
f 536/744/1 777/745/1 776/743/1
f 535/746/1 777/745/1 536/744/1
f 535/746/1 778/747/1 777/745/1
f 534/748/1 778/747/1 535/746/1
f 534/748/1 779/749/1 778/747/1
f 533/750/1 779/749/1 534/748/1
f 533/750/1 780/751/1 779/749/1
f 532/752/1 780/751/1 533/750/1
f 532/752/1 781/753/1 780/751/1
f 531/754/1 781/753/1 532/752/1
f 531/754/1 782/755/1 781/753/1
f 530/756/1 782/755/1 531/754/1
f 530/756/1 783/757/1 782/755/1
f 529/758/1 783/757/1 530/756/1
f 529/758/1 784/759/1 783/757/1
f 528/760/1 784/759/1 529/758/1
f 528/760/1 785/761/1 784/759/1
f 527/762/1 785/761/1 528/760/1
f 527/762/1 786/763/1 785/761/1
f 526/764/1 786/763/1 527/762/1
f 526/764/1 787/765/1 786/763/1
f 525/766/1 787/765/1 526/764/1
f 525/766/1 788/767/1 787/765/1
f 524/768/1 788/767/1 525/766/1
f 524/768/1 789/769/1 788/767/1
f 523/770/1 789/769/1 524/768/1
f 523/770/1 790/771/1 789/769/1
f 522/772/1 790/771/1 523/770/1
f 522/772/1 791/773/1 790/771/1
f 521/774/1 791/773/1 522/772/1
f 521/774/1 792/775/1 791/773/1
f 520/776/1 792/775/1 521/774/1
f 519/777/1 792/775/1 520/776/1
f 519/777/1 793/778/1 792/775/1
f 519/777/1 794/779/1 793/778/1
f 519/777/1 795/780/1 794/779/1
f 518/781/1 795/780/1 519/777/1
f 518/781/1 796/782/1 795/780/1
f 517/783/1 796/782/1 518/781/1
f 517/783/1 797/784/1 796/782/1
f 516/785/1 797/784/1 517/783/1
f 516/785/1 798/786/1 797/784/1
f 516/785/1 799/787/1 798/786/1
f 515/788/1 799/787/1 516/785/1
f 515/788/1 800/789/1 799/787/1
f 514/790/1 800/789/1 515/788/1
f 514/790/1 801/791/1 800/789/1
f 513/792/1 801/791/1 514/790/1
f 513/792/1 802/793/1 801/791/1
f 513/792/1 803/794/1 802/793/1
f 512/795/1 803/794/1 513/792/1
f 512/795/1 804/796/1 803/794/1
f 511/797/1 804/796/1 512/795/1
f 511/797/1 805/798/1 804/796/1
f 510/799/1 805/798/1 511/797/1
f 510/799/1 806/800/1 805/798/1
f 510/799/1 807/801/1 806/800/1
f 509/802/1 807/801/1 510/799/1
f 509/802/1 808/803/1 807/801/1
f 508/142/1 808/803/1 509/802/1
f 508/142/1 809/804/1 808/803/1
f 508/142/1 810/805/1 809/804/1
f 865/74/1 810/805/1 508/142/1
f 865/74/1 811/806/1 810/805/1
f 864/807/1 811/806/1 865/74/1
f 864/807/1 812/808/1 811/806/1
f 863/809/1 812/808/1 864/807/1
f 863/809/1 813/810/1 812/808/1
f 863/809/1 814/811/1 813/810/1
f 862/812/1 814/811/1 863/809/1
f 862/812/1 815/813/1 814/811/1
f 861/814/1 815/813/1 862/812/1
f 861/814/1 816/815/1 815/813/1
f 860/816/1 816/815/1 861/814/1
f 860/816/1 817/817/1 816/815/1
f 859/818/1 817/817/1 860/816/1
f 859/818/1 818/819/1 817/817/1
f 859/818/1 819/820/1 818/819/1
f 858/821/1 819/820/1 859/818/1
f 858/821/1 820/822/1 819/820/1
f 857/823/1 820/822/1 858/821/1
f 857/823/1 821/824/1 820/822/1
f 856/825/1 821/824/1 857/823/1
f 856/825/1 822/826/1 821/824/1
f 855/827/1 822/826/1 856/825/1
f 855/827/1 823/828/1 822/826/1
f 855/827/1 824/829/1 823/828/1
f 854/830/1 824/829/1 855/827/1
f 854/830/1 825/831/1 824/829/1
f 853/832/1 825/831/1 854/830/1
f 853/832/1 826/833/1 825/831/1
f 853/832/1 827/834/1 826/833/1
f 852/835/1 827/834/1 853/832/1
f 852/835/1 828/836/1 827/834/1
f 851/837/1 828/836/1 852/835/1
f 851/837/1 829/838/1 828/836/1
f 851/837/1 830/839/1 829/838/1
f 850/840/1 830/839/1 851/837/1
f 850/840/1 831/841/1 830/839/1
f 849/842/1 831/841/1 850/840/1
f 849/842/1 832/843/1 831/841/1
f 848/844/1 832/843/1 849/842/1
f 848/844/1 833/845/1 832/843/1
f 848/844/1 834/846/1 833/845/1
f 847/847/1 834/846/1 848/844/1
f 847/847/1 835/848/1 834/846/1
f 846/849/1 835/848/1 847/847/1
f 846/849/1 836/850/1 835/848/1
f 845/851/1 836/850/1 846/849/1
f 845/851/1 837/852/1 836/850/1
f 845/851/1 838/853/1 837/852/1
f 844/854/1 838/853/1 845/851/1
f 844/854/1 839/855/1 838/853/1
f 843/856/1 839/855/1 844/854/1
f 843/856/1 840/857/1 839/855/1
f 842/858/1 840/857/1 843/856/1
f 842/858/1 841/859/1 840/857/1
f 1063/860/1 1065/74/1 1064/861/1
f 1063/860/1 966/862/1 1065/74/1
f 1062/863/1 966/862/1 1063/860/1
f 1062/863/1 967/864/1 966/862/1
f 1061/865/1 967/864/1 1062/863/1
f 1061/865/1 968/866/1 967/864/1
f 1060/867/1 968/866/1 1061/865/1
f 1060/867/1 969/868/1 968/866/1
f 1059/869/1 969/868/1 1060/867/1
f 1059/869/1 970/870/1 969/868/1
f 1058/871/1 970/870/1 1059/869/1
f 1058/871/1 971/872/1 970/870/1
f 1057/873/1 971/872/1 1058/871/1
f 1057/873/1 972/874/1 971/872/1
f 1056/875/1 972/874/1 1057/873/1
f 1056/875/1 973/876/1 972/874/1
f 1055/877/1 973/876/1 1056/875/1
f 1055/877/1 974/878/1 973/876/1
f 1054/879/1 974/878/1 1055/877/1
f 1054/879/1 975/880/1 974/878/1
f 1053/881/1 975/880/1 1054/879/1
f 1053/881/1 976/882/1 975/880/1
f 1052/883/1 976/882/1 1053/881/1
f 1052/883/1 977/884/1 976/882/1
f 1051/885/1 977/884/1 1052/883/1
f 1051/885/1 978/886/1 977/884/1
f 1050/887/1 978/886/1 1051/885/1
f 1050/887/1 979/888/1 978/886/1
f 1049/889/1 979/888/1 1050/887/1
f 1049/889/1 980/890/1 979/888/1
f 1048/891/1 980/890/1 1049/889/1
f 1048/891/1 981/892/1 980/890/1
f 1047/893/1 981/892/1 1048/891/1
f 1047/893/1 982/894/1 981/892/1
f 1046/895/1 982/894/1 1047/893/1
f 1046/895/1 983/896/1 982/894/1
f 1045/897/1 983/896/1 1046/895/1
f 1045/897/1 984/898/1 983/896/1
f 1044/899/1 984/898/1 1045/897/1
f 1044/899/1 985/900/1 984/898/1
f 1043/901/1 985/900/1 1044/899/1
f 1043/901/1 986/902/1 985/900/1
f 1042/903/1 986/902/1 1043/901/1
f 1042/903/1 987/904/1 986/902/1
f 1041/905/1 987/904/1 1042/903/1
f 1041/905/1 988/906/1 987/904/1
f 1040/907/1 988/906/1 1041/905/1
f 1040/907/1 989/908/1 988/906/1
f 1039/909/1 989/908/1 1040/907/1
f 1039/909/1 990/910/1 989/908/1
f 1038/911/1 990/910/1 1039/909/1
f 1038/911/1 991/912/1 990/910/1
f 1037/913/1 991/912/1 1038/911/1
f 1037/913/1 992/914/1 991/912/1
f 1036/915/1 992/914/1 1037/913/1
f 1036/915/1 993/916/1 992/914/1
f 1035/917/1 993/916/1 1036/915/1
f 1035/917/1 994/918/1 993/916/1
f 1034/919/1 994/918/1 1035/917/1
f 1034/919/1 995/920/1 994/918/1
f 1033/921/1 995/920/1 1034/919/1
f 1033/921/1 996/922/1 995/920/1
f 1032/923/1 996/922/1 1033/921/1
f 1032/923/1 997/924/1 996/922/1
f 1031/925/1 997/924/1 1032/923/1
f 1031/925/1 998/926/1 997/924/1
f 1030/927/1 998/926/1 1031/925/1
f 1030/927/1 999/928/1 998/926/1
f 1029/929/1 999/928/1 1030/927/1
f 1029/929/1 1000/930/1 999/928/1
f 1028/931/1 1000/930/1 1029/929/1
f 1028/931/1 1001/932/1 1000/930/1
f 1027/933/1 1001/932/1 1028/931/1
f 1027/933/1 1002/934/1 1001/932/1
f 1026/935/1 1002/934/1 1027/933/1
f 1026/935/1 1003/936/1 1002/934/1
f 1025/937/1 1003/936/1 1026/935/1
f 1025/937/1 1004/938/1 1003/936/1
f 1024/939/1 1004/938/1 1025/937/1
f 1024/939/1 1005/940/1 1004/938/1
f 1023/941/1 1005/940/1 1024/939/1
f 1023/941/1 1006/942/1 1005/940/1
f 1022/943/1 1006/942/1 1023/941/1
f 1022/943/1 1007/944/1 1006/942/1
f 1021/945/1 1007/944/1 1022/943/1
f 1021/945/1 1008/946/1 1007/944/1
f 1020/947/1 1008/946/1 1021/945/1
f 1020/947/1 1009/948/1 1008/946/1
f 1019/949/1 1009/948/1 1020/947/1
f 1019/949/1 1010/950/1 1009/948/1
f 1018/951/1 1010/950/1 1019/949/1
f 1018/951/1 1011/952/1 1010/950/1
f 1017/953/1 1011/952/1 1018/951/1
f 1017/953/1 1012/954/1 1011/952/1
f 1016/955/1 1012/954/1 1017/953/1
f 1016/955/1 1013/956/1 1012/954/1
f 1015/957/1 1013/956/1 1016/955/1
f 1015/957/1 1014/958/1 1013/956/1
f 888/959/1 890/960/1 889/961/1
f 888/959/1 891/962/1 890/960/1
f 887/963/1 891/962/1 888/959/1
f 887/963/1 892/964/1 891/962/1
f 886/965/1 892/964/1 887/963/1
f 886/965/1 893/966/1 892/964/1
f 885/967/1 893/966/1 886/965/1
f 885/967/1 894/968/1 893/966/1
f 884/969/1 894/968/1 885/967/1
f 884/969/1 895/970/1 894/968/1
f 883/971/1 895/970/1 884/969/1
f 883/971/1 896/972/1 895/970/1
f 882/973/1 896/972/1 883/971/1
f 882/973/1 897/974/1 896/972/1
f 881/975/1 897/974/1 882/973/1
f 881/975/1 898/976/1 897/974/1
f 880/977/1 898/976/1 881/975/1
f 880/977/1 899/978/1 898/976/1
f 879/979/1 899/978/1 880/977/1
f 879/979/1 900/980/1 899/978/1
f 878/981/1 900/980/1 879/979/1
f 878/981/1 901/982/1 900/980/1
f 877/983/1 901/982/1 878/981/1
f 877/983/1 902/984/1 901/982/1
f 876/985/1 902/984/1 877/983/1
f 876/985/1 903/986/1 902/984/1
f 876/985/1 904/987/1 903/986/1
f 875/988/1 904/987/1 876/985/1
f 875/988/1 905/989/1 904/987/1
f 874/990/1 905/989/1 875/988/1
f 874/990/1 906/991/1 905/989/1
f 873/992/1 906/991/1 874/990/1
f 873/992/1 907/993/1 906/991/1
f 872/994/1 907/993/1 873/992/1
f 872/994/1 908/995/1 907/993/1
f 871/996/1 908/995/1 872/994/1
f 871/996/1 909/997/1 908/995/1
f 870/998/1 909/997/1 871/996/1
f 870/998/1 910/999/1 909/997/1
f 869/1000/1 910/999/1 870/998/1
f 869/1000/1 911/1001/1 910/999/1
f 868/1002/1 911/1001/1 869/1000/1
f 868/1002/1 912/1003/1 911/1001/1
f 867/1004/1 912/1003/1 868/1002/1
f 867/1004/1 913/1005/1 912/1003/1
f 866/142/1 913/1005/1 867/1004/1
f 866/142/1 914/1006/1 913/1005/1
f 965/1007/1 914/1006/1 866/142/1
f 964/1008/1 914/1006/1 965/1007/1
f 964/1008/1 915/1009/1 914/1006/1
f 963/1010/1 915/1009/1 964/1008/1
f 963/1010/1 916/1011/1 915/1009/1
f 963/1010/1 917/1012/1 916/1011/1
f 962/1013/1 917/1012/1 963/1010/1
f 962/1013/1 918/1014/1 917/1012/1
f 961/1015/1 918/1014/1 962/1013/1
f 961/1015/1 919/1016/1 918/1014/1
f 960/1017/1 919/1016/1 961/1015/1
f 960/1017/1 920/1018/1 919/1016/1
f 959/1019/1 920/1018/1 960/1017/1
f 959/1019/1 921/1020/1 920/1018/1
f 958/1021/1 921/1020/1 959/1019/1
f 958/1021/1 922/1022/1 921/1020/1
f 957/1023/1 922/1022/1 958/1021/1
f 957/1023/1 923/1024/1 922/1022/1
f 956/1025/1 923/1024/1 957/1023/1
f 956/1025/1 924/1026/1 923/1024/1
f 955/1027/1 924/1026/1 956/1025/1
f 955/1027/1 925/1028/1 924/1026/1
f 954/1029/1 925/1028/1 955/1027/1
f 954/1029/1 926/1030/1 925/1028/1
f 953/1031/1 926/1030/1 954/1029/1
f 953/1031/1 927/1032/1 926/1030/1
f 952/1033/1 927/1032/1 953/1031/1
f 951/1034/1 927/1032/1 952/1033/1
f 951/1034/1 928/1035/1 927/1032/1
f 951/1034/1 929/1036/1 928/1035/1
f 950/1037/1 929/1036/1 951/1034/1
f 949/1038/1 929/1036/1 950/1037/1
f 949/1038/1 930/1039/1 929/1036/1
f 948/1040/1 930/1039/1 949/1038/1
f 948/1040/1 931/1041/1 930/1039/1
f 947/1042/1 931/1041/1 948/1040/1
f 947/1042/1 932/1043/1 931/1041/1
f 946/1044/1 932/1043/1 947/1042/1
f 946/1044/1 933/1045/1 932/1043/1
f 945/1046/1 933/1045/1 946/1044/1
f 945/1046/1 934/1047/1 933/1045/1
f 944/1048/1 934/1047/1 945/1046/1
f 944/1048/1 935/1049/1 934/1047/1
f 943/1050/1 935/1049/1 944/1048/1
f 943/1050/1 936/1051/1 935/1049/1
f 942/1052/1 936/1051/1 943/1050/1
f 942/1052/1 937/1053/1 936/1051/1
f 941/1054/1 937/1053/1 942/1052/1
f 941/1054/1 938/1055/1 937/1053/1
f 940/1056/1 938/1055/1 941/1054/1
f 940/1056/1 939/1057/1 938/1055/1
f 1263/860/1 1265/74/1 1264/861/1
f 1263/860/1 1066/142/1 1265/74/1
f 1262/863/1 1066/142/1 1263/860/1
f 1262/863/1 1067/1004/1 1066/142/1
f 1261/865/1 1067/1004/1 1262/863/1
f 1261/865/1 1068/1002/1 1067/1004/1
f 1260/867/1 1068/1002/1 1261/865/1
f 1260/867/1 1069/1000/1 1068/1002/1
f 1259/869/1 1069/1000/1 1260/867/1
f 1259/869/1 1070/998/1 1069/1000/1
f 1258/871/1 1070/998/1 1259/869/1
f 1258/871/1 1071/996/1 1070/998/1
f 1257/873/1 1071/996/1 1258/871/1
f 1257/873/1 1072/994/1 1071/996/1
f 1256/875/1 1072/994/1 1257/873/1
f 1256/875/1 1073/992/1 1072/994/1
f 1255/877/1 1073/992/1 1256/875/1
f 1255/877/1 1074/990/1 1073/992/1
f 1254/879/1 1074/990/1 1255/877/1
f 1254/879/1 1075/988/1 1074/990/1
f 1253/881/1 1075/988/1 1254/879/1
f 1253/881/1 1076/985/1 1075/988/1
f 1252/883/1 1076/985/1 1253/881/1
f 1252/883/1 1077/983/1 1076/985/1
f 1251/885/1 1077/983/1 1252/883/1
f 1251/885/1 1078/981/1 1077/983/1
f 1250/887/1 1078/981/1 1251/885/1
f 1250/887/1 1079/979/1 1078/981/1
f 1249/889/1 1079/979/1 1250/887/1
f 1249/889/1 1080/977/1 1079/979/1
f 1248/891/1 1080/977/1 1249/889/1
f 1248/891/1 1081/975/1 1080/977/1
f 1247/893/1 1081/975/1 1248/891/1
f 1247/893/1 1082/973/1 1081/975/1
f 1246/895/1 1082/973/1 1247/893/1
f 1246/895/1 1083/971/1 1082/973/1
f 1245/897/1 1083/971/1 1246/895/1
f 1245/897/1 1084/969/1 1083/971/1
f 1244/899/1 1084/969/1 1245/897/1
f 1244/899/1 1085/967/1 1084/969/1
f 1243/901/1 1085/967/1 1244/899/1
f 1243/901/1 1086/965/1 1085/967/1
f 1242/903/1 1086/965/1 1243/901/1
f 1242/903/1 1087/963/1 1086/965/1
f 1241/905/1 1087/963/1 1242/903/1
f 1241/905/1 1088/959/1 1087/963/1
f 1240/907/1 1088/959/1 1241/905/1
f 1240/907/1 1089/961/1 1088/959/1
f 1239/909/1 1089/961/1 1240/907/1
f 1239/909/1 1090/960/1 1089/961/1
f 1238/911/1 1090/960/1 1239/909/1
f 1238/911/1 1091/962/1 1090/960/1
f 1237/913/1 1091/962/1 1238/911/1
f 1237/913/1 1092/964/1 1091/962/1
f 1236/915/1 1092/964/1 1237/913/1
f 1236/915/1 1093/966/1 1092/964/1
f 1235/917/1 1093/966/1 1236/915/1
f 1235/917/1 1094/968/1 1093/966/1
f 1234/919/1 1094/968/1 1235/917/1
f 1234/919/1 1095/970/1 1094/968/1
f 1233/921/1 1095/970/1 1234/919/1
f 1233/921/1 1096/972/1 1095/970/1
f 1232/923/1 1096/972/1 1233/921/1
f 1232/923/1 1097/974/1 1096/972/1
f 1231/925/1 1097/974/1 1232/923/1
f 1231/925/1 1098/976/1 1097/974/1
f 1230/927/1 1098/976/1 1231/925/1
f 1230/927/1 1099/978/1 1098/976/1
f 1229/929/1 1099/978/1 1230/927/1
f 1229/929/1 1100/980/1 1099/978/1
f 1228/931/1 1100/980/1 1229/929/1
f 1228/931/1 1101/982/1 1100/980/1
f 1227/933/1 1101/982/1 1228/931/1
f 1227/933/1 1102/984/1 1101/982/1
f 1226/935/1 1102/984/1 1227/933/1
f 1226/935/1 1103/986/1 1102/984/1
f 1226/935/1 1104/987/1 1103/986/1
f 1225/937/1 1104/987/1 1226/935/1
f 1225/937/1 1105/989/1 1104/987/1
f 1224/939/1 1105/989/1 1225/937/1
f 1224/939/1 1106/991/1 1105/989/1
f 1223/941/1 1106/991/1 1224/939/1
f 1223/941/1 1107/993/1 1106/991/1
f 1222/943/1 1107/993/1 1223/941/1
f 1222/943/1 1108/995/1 1107/993/1
f 1221/945/1 1108/995/1 1222/943/1
f 1221/945/1 1109/997/1 1108/995/1
f 1220/947/1 1109/997/1 1221/945/1
f 1220/947/1 1110/999/1 1109/997/1
f 1219/949/1 1110/999/1 1220/947/1
f 1219/949/1 1111/1001/1 1110/999/1
f 1218/951/1 1111/1001/1 1219/949/1
f 1218/951/1 1112/1003/1 1111/1001/1
f 1217/953/1 1112/1003/1 1218/951/1
f 1217/953/1 1113/1005/1 1112/1003/1
f 1216/955/1 1113/1005/1 1217/953/1
f 1216/955/1 1114/1006/1 1113/1005/1
f 1215/957/1 1114/1006/1 1216/955/1
f 1214/958/1 1114/1006/1 1215/957/1
f 1213/956/1 1115/1009/1 1214/958/1
f 1115/1009/1 1114/1006/1 1214/958/1
f 1213/956/1 1116/1011/1 1115/1009/1
f 1212/954/1 1116/1011/1 1213/956/1
f 1212/954/1 1117/1012/1 1116/1011/1
f 1211/952/1 1117/1012/1 1212/954/1
f 1211/952/1 1118/1014/1 1117/1012/1
f 1210/950/1 1118/1014/1 1211/952/1
f 1210/950/1 1119/1016/1 1118/1014/1
f 1209/948/1 1119/1016/1 1210/950/1
f 1209/948/1 1120/1018/1 1119/1016/1
f 1208/946/1 1120/1018/1 1209/948/1
f 1208/946/1 1121/1020/1 1120/1018/1
f 1207/944/1 1121/1020/1 1208/946/1
f 1207/944/1 1122/1022/1 1121/1020/1
f 1206/942/1 1122/1022/1 1207/944/1
f 1206/942/1 1123/1024/1 1122/1022/1
f 1205/940/1 1123/1024/1 1206/942/1
f 1205/940/1 1124/1026/1 1123/1024/1
f 1204/938/1 1124/1026/1 1205/940/1
f 1204/938/1 1125/1028/1 1124/1026/1
f 1203/936/1 1125/1028/1 1204/938/1
f 1203/936/1 1126/1030/1 1125/1028/1
f 1202/934/1 1126/1030/1 1203/936/1
f 1202/934/1 1127/1032/1 1126/1030/1
f 1201/932/1 1127/1032/1 1202/934/1
f 1201/932/1 1128/1035/1 1127/1032/1
f 1200/930/1 1128/1035/1 1201/932/1
f 1200/930/1 1129/1036/1 1128/1035/1
f 1199/928/1 1129/1036/1 1200/930/1
f 1199/928/1 1130/1039/1 1129/1036/1
f 1198/926/1 1130/1039/1 1199/928/1
f 1198/926/1 1131/1041/1 1130/1039/1
f 1197/924/1 1131/1041/1 1198/926/1
f 1197/924/1 1132/1043/1 1131/1041/1
f 1196/922/1 1132/1043/1 1197/924/1
f 1196/922/1 1133/1045/1 1132/1043/1
f 1195/920/1 1133/1045/1 1196/922/1
f 1195/920/1 1134/1047/1 1133/1045/1
f 1194/918/1 1134/1047/1 1195/920/1
f 1194/918/1 1135/1049/1 1134/1047/1
f 1193/916/1 1135/1049/1 1194/918/1
f 1193/916/1 1136/1051/1 1135/1049/1
f 1192/914/1 1136/1051/1 1193/916/1
f 1192/914/1 1137/1053/1 1136/1051/1
f 1191/912/1 1137/1053/1 1192/914/1
f 1191/912/1 1138/1055/1 1137/1053/1
f 1190/910/1 1138/1055/1 1191/912/1
f 1190/910/1 1139/1057/1 1138/1055/1
f 1189/908/1 1139/1057/1 1190/910/1
f 1189/908/1 1140/1056/1 1139/1057/1
f 1188/906/1 1140/1056/1 1189/908/1
f 1188/906/1 1141/1054/1 1140/1056/1
f 1188/906/1 1142/1052/1 1141/1054/1
f 1187/904/1 1142/1052/1 1188/906/1
f 1187/904/1 1143/1050/1 1142/1052/1
f 1186/902/1 1143/1050/1 1187/904/1
f 1186/902/1 1144/1048/1 1143/1050/1
f 1185/900/1 1144/1048/1 1186/902/1
f 1185/900/1 1145/1046/1 1144/1048/1
f 1184/898/1 1145/1046/1 1185/900/1
f 1184/898/1 1146/1044/1 1145/1046/1
f 1183/896/1 1146/1044/1 1184/898/1
f 1183/896/1 1147/1042/1 1146/1044/1
f 1182/894/1 1147/1042/1 1183/896/1
f 1182/894/1 1148/1040/1 1147/1042/1
f 1181/892/1 1148/1040/1 1182/894/1
f 1181/892/1 1149/1038/1 1148/1040/1
f 1180/890/1 1149/1038/1 1181/892/1
f 1180/890/1 1150/1037/1 1149/1038/1
f 1179/888/1 1150/1037/1 1180/890/1
f 1179/888/1 1151/1034/1 1150/1037/1
f 1178/886/1 1151/1034/1 1179/888/1
f 1178/886/1 1152/1033/1 1151/1034/1
f 1177/884/1 1152/1033/1 1178/886/1
f 1176/882/1 1152/1033/1 1177/884/1
f 1176/882/1 1153/1031/1 1152/1033/1
f 1176/882/1 1154/1029/1 1153/1031/1
f 1175/880/1 1154/1029/1 1176/882/1
f 1174/878/1 1154/1029/1 1175/880/1
f 1174/878/1 1155/1027/1 1154/1029/1
f 1173/876/1 1155/1027/1 1174/878/1
f 1173/876/1 1156/1025/1 1155/1027/1
f 1172/874/1 1156/1025/1 1173/876/1
f 1172/874/1 1157/1023/1 1156/1025/1
f 1171/872/1 1157/1023/1 1172/874/1
f 1171/872/1 1158/1021/1 1157/1023/1
f 1170/870/1 1158/1021/1 1171/872/1
f 1170/870/1 1159/1019/1 1158/1021/1
f 1169/868/1 1159/1019/1 1170/870/1
f 1169/868/1 1160/1017/1 1159/1019/1
f 1168/866/1 1160/1017/1 1169/868/1
f 1168/866/1 1161/1015/1 1160/1017/1
f 1167/864/1 1161/1015/1 1168/866/1
f 1167/864/1 1162/1013/1 1161/1015/1
f 1166/862/1 1162/1013/1 1167/864/1
f 1166/862/1 1163/1010/1 1162/1013/1
f 1165/1007/1 1163/1010/1 1166/862/1
f 1165/1007/1 1164/1008/1 1163/1010/1
f 1400/1/4 1401/3/4 1402/2/4
f 1400/1/4 1402/2/4 1403/4/4
f 1400/1/4 1403/4/4 1404/5/4
f 1399/6/4 1400/1/4 1404/5/4
f 1399/6/4 1404/5/4 1405/7/4
f 1398/8/4 1399/6/4 1405/7/4
f 1398/8/4 1405/7/4 1406/9/4
f 1397/10/4 1398/8/4 1406/9/4
f 1397/10/4 1406/9/4 1407/11/4
f 1397/10/4 1407/11/4 1408/12/4
f 1396/13/4 1397/10/4 1408/12/4
f 1396/13/4 1408/12/4 1409/14/4
f 1395/15/4 1396/13/4 1409/14/4
f 1395/15/4 1409/14/4 1410/16/4
f 1394/17/4 1395/15/4 1410/16/4
f 1394/17/4 1410/16/4 1411/18/4
f 1394/17/4 1411/18/4 1412/19/4
f 1393/20/4 1394/17/4 1412/19/4
f 1393/20/4 1412/19/4 1413/21/4
f 1392/22/4 1393/20/4 1413/21/4
f 1392/22/4 1413/21/4 1414/23/4
f 1391/24/4 1392/22/4 1414/23/4
f 1391/24/4 1414/23/4 1415/25/4
f 1391/24/4 1415/25/4 1416/26/4
f 1390/27/4 1391/24/4 1416/26/4
f 1390/27/4 1416/26/4 1417/28/4
f 1389/29/4 1390/27/4 1417/28/4
f 1389/29/4 1417/28/4 1418/30/4
f 1389/29/4 1418/30/4 1419/31/4
f 1388/32/4 1389/29/4 1419/31/4
f 1388/32/4 1419/31/4 1420/33/4
f 1387/34/4 1388/32/4 1420/33/4
f 1387/34/4 1420/33/4 1421/35/4
f 1387/34/4 1421/35/4 1422/36/4
f 1386/37/4 1387/34/4 1422/36/4
f 1386/37/4 1422/36/4 1423/38/4
f 1385/39/4 1386/37/4 1423/38/4
f 1385/39/4 1423/38/4 1424/40/4
f 1384/41/4 1385/39/4 1424/40/4
f 1384/41/4 1424/40/4 1425/42/4
f 1383/43/4 1384/41/4 1425/42/4
f 1383/43/4 1425/42/4 1426/44/4
f 1382/45/4 1383/43/4 1426/44/4
f 1382/45/4 1426/44/4 1336/46/4
f 1336/46/4 1426/44/4 1335/47/4
f 1335/47/4 1426/44/4 1334/48/4
f 1334/48/4 1426/44/4 1333/49/4
f 1333/49/4 1426/44/4 1332/50/4
f 1332/50/4 1426/44/4 1331/51/4
f 1331/51/4 1426/44/4 1330/52/4
f 1330/52/4 1426/44/4 1329/53/4
f 1329/53/4 1426/44/4 1427/54/4
f 1381/55/4 1382/45/4 1337/56/4
f 1337/56/4 1382/45/4 1336/46/4
f 1380/57/4 1381/55/4 1337/56/4
f 1379/58/4 1380/57/4 1337/56/4
f 1378/59/4 1379/58/4 1337/56/4
f 1377/60/4 1378/59/4 1337/56/4
f 1376/61/4 1377/60/4 1338/62/4
f 1338/62/4 1377/60/4 1337/56/4
f 1375/63/4 1376/61/4 1338/62/4
f 1374/64/4 1375/63/4 1338/62/4
f 1373/65/4 1374/64/4 1338/62/4
f 1372/66/4 1373/65/4 1338/62/4
f 1371/67/4 1372/66/4 1339/68/4
f 1339/68/5 1372/66/5 1338/62/5
f 1370/69/4 1371/67/4 1339/68/4
f 1369/70/4 1370/69/4 1339/68/4
f 1368/71/4 1369/70/4 1339/68/4
f 1367/72/4 1368/71/4 1339/68/4
f 1366/73/4 1367/72/4 1339/68/4
f 1600/74/4 1366/73/4 1339/68/4
f 1598/75/4 1599/76/4 1600/74/4
f 1598/75/4 1600/74/4 1340/77/4
f 1340/77/1 1600/74/1 1339/68/1
f 1598/75/4 1340/77/4 1341/78/4
f 1597/79/4 1598/75/4 1341/78/4
f 1597/79/4 1341/78/4 1342/80/4
f 1596/81/4 1597/79/4 1342/80/4
f 1596/81/4 1342/80/4 1343/82/4
f 1595/83/4 1596/81/4 1343/82/4
f 1595/83/4 1343/82/4 1344/84/4
f 1594/85/4 1595/83/4 1344/84/4
f 1594/85/4 1344/84/4 1345/86/4
f 1593/87/4 1594/85/4 1345/86/4
f 1593/87/4 1345/86/4 1346/88/4
f 1592/89/4 1593/87/4 1346/88/4
f 1592/89/4 1346/88/4 1347/90/4
f 1591/91/4 1592/89/4 1347/90/4
f 1591/91/4 1347/90/4 1348/92/4
f 1590/93/4 1591/91/4 1348/92/4
f 1590/93/4 1348/92/4 1349/94/4
f 1589/95/4 1590/93/4 1349/94/4
f 1589/95/4 1349/94/4 1350/96/4
f 1588/97/4 1589/95/4 1350/96/4
f 1588/97/4 1350/96/4 1351/98/4
f 1328/99/4 1329/53/4 1427/54/4
f 1587/100/4 1588/97/4 1351/98/4
f 1587/100/4 1351/98/4 1352/101/4
f 1327/102/4 1328/99/4 1427/54/4
f 1586/103/4 1587/100/4 1352/101/4
f 1586/103/4 1352/101/4 1353/104/4
f 1326/105/4 1327/102/4 1427/54/4
f 1585/106/4 1586/103/4 1353/104/4
f 1585/106/4 1353/104/4 1354/107/4
f 1325/108/4 1326/105/4 1427/54/4
f 1584/109/4 1585/106/4 1354/107/4
f 1584/109/4 1354/107/4 1355/110/4
f 1324/111/4 1325/108/4 1427/54/4
f 1583/112/4 1584/109/4 1355/110/4
f 1583/112/4 1355/110/4 1356/113/4
f 1323/114/4 1324/111/4 1427/54/4
f 1582/115/4 1583/112/4 1356/113/4
f 1582/115/4 1356/113/4 1357/116/4
f 1322/117/4 1323/114/4 1427/54/4
f 1581/118/4 1582/115/4 1357/116/4
f 1581/118/4 1357/116/4 1358/119/4
f 1321/120/4 1322/117/4 1427/54/4
f 1580/121/4 1581/118/4 1358/119/4
f 1580/121/4 1358/119/4 1359/122/4
f 1320/123/4 1321/120/4 1427/54/4
f 1579/124/4 1580/121/4 1359/122/4
f 1579/124/4 1359/122/4 1360/125/4
f 1319/126/4 1320/123/4 1427/54/4
f 1578/127/4 1579/124/4 1360/125/4
f 1578/127/4 1360/125/4 1361/128/4
f 1318/129/4 1319/126/4 1427/54/4
f 1577/130/4 1578/127/4 1361/128/4
f 1577/130/4 1361/128/4 1362/131/4
f 1317/132/4 1318/129/4 1427/54/4
f 1576/133/4 1577/130/4 1362/131/4
f 1576/133/4 1362/131/4 1363/134/4
f 1316/135/4 1317/132/4 1427/54/4
f 1575/136/4 1576/133/4 1363/134/4
f 1575/136/4 1363/134/4 1364/137/4
f 1315/138/4 1316/135/4 1427/54/4
f 1574/139/4 1575/136/4 1364/137/4
f 1574/139/4 1364/137/4 1365/140/4
f 1314/141/4 1315/138/4 1427/54/4
f 1574/139/4 1365/140/4 1266/142/4
f 1313/143/4 1314/141/4 1427/54/4
f 1574/139/4 1266/142/4 1267/144/4
f 1312/145/4 1313/143/4 1427/54/4
f 1574/139/4 1267/144/4 1268/146/4
f 1311/147/4 1312/145/4 1427/54/4
f 1574/139/4 1268/146/4 1269/148/4
f 1310/149/4 1311/147/4 1427/54/4
f 1574/139/4 1269/148/4 1270/150/4
f 1309/151/4 1310/149/4 1427/54/4
f 1574/139/4 1270/150/4 1271/152/4
f 1308/153/4 1309/151/4 1427/54/4
f 1574/139/4 1271/152/4 1272/154/4
f 1307/155/4 1308/153/4 1427/54/4
f 1574/139/4 1272/154/4 1273/156/4
f 1306/157/4 1307/155/4 1427/54/4
f 1574/139/4 1273/156/4 1274/158/4
f 1305/159/4 1306/157/4 1427/54/4
f 1574/139/4 1274/158/4 1275/160/4
f 1304/161/4 1305/159/4 1427/54/4
f 1574/139/4 1275/160/4 1276/162/4
f 1303/163/4 1304/161/4 1427/54/4
f 1574/139/4 1276/162/4 1277/164/4
f 1302/165/4 1303/163/4 1427/54/4
f 1574/139/4 1277/164/4 1278/166/4
f 1301/167/4 1302/165/4 1427/54/4
f 1574/139/4 1278/166/4 1279/168/4
f 1300/169/4 1301/167/4 1427/54/4
f 1574/139/4 1279/168/4 1280/170/4
f 1299/171/4 1300/169/4 1427/54/4
f 1574/139/4 1280/170/4 1281/172/4
f 1298/173/4 1299/171/4 1427/54/4
f 1574/139/4 1281/172/4 1282/174/4
f 1297/175/4 1298/173/4 1427/54/4
f 1574/139/4 1282/174/4 1283/176/4
f 1296/177/4 1297/175/4 1427/54/4
f 1574/139/4 1283/176/4 1284/178/4
f 1295/179/4 1296/177/4 1427/54/4
f 1574/139/4 1284/178/4 1285/180/4
f 1294/181/4 1295/179/4 1427/54/4
f 1574/139/4 1285/180/4 1286/182/4
f 1293/183/4 1294/181/4 1427/54/4
f 1574/139/4 1286/182/4 1287/184/4
f 1292/185/4 1293/183/4 1427/54/4
f 1574/139/4 1287/184/4 1288/186/4
f 1291/187/4 1292/185/4 1427/54/4
f 1574/139/4 1288/186/4 1289/188/4
f 1290/189/4 1291/187/4 1427/54/4
f 1574/139/4 1289/188/4 1462/190/4
f 1462/190/4 1289/188/4 1461/191/4
f 1461/191/4 1289/188/4 1290/189/4
f 1461/191/4 1290/189/4 1460/192/4
f 1460/192/4 1290/189/4 1459/193/4
f 1459/193/4 1290/189/4 1458/194/4
f 1458/194/4 1290/189/4 1457/195/4
f 1457/195/4 1290/189/4 1456/196/4
f 1456/196/4 1290/189/4 1455/197/4
f 1455/197/4 1290/189/4 1427/54/4
f 1455/197/4 1427/54/4 1428/198/4
f 1455/197/4 1428/198/4 1454/199/4
f 1454/199/4 1428/198/4 1429/200/4
f 1454/199/4 1429/200/4 1430/201/4
f 1454/199/4 1430/201/4 1431/202/4
f 1454/199/4 1431/202/4 1432/203/4
f 1454/199/4 1432/203/4 1433/204/4
f 1454/199/4 1433/204/4 1434/205/4
f 1454/199/4 1434/205/4 1453/206/4
f 1453/206/4 1434/205/4 1435/207/4
f 1453/206/4 1435/207/4 1436/208/4
f 1453/206/4 1436/208/4 1437/209/4
f 1453/206/4 1437/209/4 1438/210/4
f 1453/206/4 1438/210/4 1439/211/4
f 1453/206/4 1439/211/4 1440/212/4
f 1453/206/4 1440/212/4 1441/213/4
f 1453/206/4 1441/213/4 1442/214/4
f 1453/206/4 1442/214/4 1452/215/4
f 1452/215/4 1442/214/4 1443/216/4
f 1452/215/4 1443/216/4 1444/217/4
f 1452/215/4 1444/217/4 1445/218/4
f 1452/215/4 1445/218/4 1446/219/4
f 1452/215/4 1446/219/4 1447/220/4
f 1452/215/4 1447/220/4 1448/221/4
f 1452/215/4 1448/221/4 1449/222/4
f 1452/215/4 1449/222/4 1450/223/4
f 1452/215/4 1450/223/4 1451/224/4
f 1574/139/6 1462/190/6 1463/225/6
f 1574/139/4 1463/225/4 1464/226/4
f 1574/139/4 1464/226/4 1465/227/4
f 1574/139/4 1465/227/4 1466/228/4
f 1574/139/4 1466/228/4 1467/229/4
f 1574/139/4 1467/229/4 1468/230/4
f 1574/139/4 1468/230/4 1469/231/4
f 1574/139/4 1469/231/4 1470/232/4
f 1574/139/4 1470/232/4 1471/233/4
f 1574/139/4 1471/233/4 1472/234/4
f 1574/139/4 1472/234/4 1473/235/4
f 1574/139/4 1473/235/4 1474/236/4
f 1574/139/4 1474/236/4 1475/237/4
f 1574/139/4 1475/237/4 1476/238/4
f 1574/139/4 1476/238/4 1477/239/4
f 1574/139/4 1477/239/4 1478/240/4
f 1574/139/4 1478/240/4 1479/241/4
f 1574/139/4 1479/241/4 1480/242/4
f 1574/139/4 1480/242/4 1481/243/4
f 1574/139/4 1481/243/4 1482/244/4
f 1574/139/4 1482/244/4 1483/245/4
f 1574/139/4 1483/245/4 1484/246/4
f 1574/139/4 1484/246/4 1485/247/4
f 1574/139/4 1485/247/4 1486/248/4
f 1574/139/4 1486/248/4 1487/249/4
f 1574/139/4 1487/249/4 1488/250/4
f 1574/139/4 1488/250/4 1489/251/4
f 1574/139/4 1489/251/4 1490/252/4
f 1574/139/4 1490/252/4 1491/253/4
f 1574/139/4 1491/253/4 1492/254/4
f 1574/139/4 1492/254/4 1493/255/4
f 1574/139/4 1493/255/4 1494/256/4
f 1574/139/4 1494/256/4 1495/257/4
f 1574/139/4 1495/257/4 1496/258/4
f 1574/139/4 1496/258/4 1497/259/4
f 1574/139/4 1497/259/4 1498/260/4
f 1574/139/4 1498/260/4 1499/261/4
f 1574/139/4 1499/261/4 1500/262/4
f 1574/139/4 1500/262/4 1501/263/4
f 1574/139/4 1501/263/4 1502/264/4
f 1574/139/4 1502/264/4 1503/265/4
f 1574/139/4 1503/265/4 1504/266/4
f 1574/139/4 1504/266/4 1505/267/4
f 1574/139/4 1505/267/4 1506/268/4
f 1574/139/4 1506/268/4 1507/269/4
f 1574/139/4 1507/269/4 1508/270/4
f 1574/139/4 1508/270/4 1509/271/4
f 1574/139/4 1509/271/4 1510/272/4
f 1574/139/4 1510/272/4 1511/273/4
f 1574/139/4 1511/273/4 1512/274/4
f 1574/139/4 1512/274/4 1513/275/4
f 1574/139/4 1513/275/4 1514/276/4
f 1574/139/4 1514/276/4 1515/277/4
f 1574/139/4 1515/277/4 1516/278/4
f 1574/139/4 1516/278/4 1517/279/4
f 1574/139/4 1517/279/4 1518/280/4
f 1574/139/4 1518/280/4 1519/281/4
f 1574/139/4 1519/281/4 1520/282/4
f 1574/139/4 1520/282/4 1521/283/4
f 1574/139/4 1521/283/4 1522/284/4
f 1574/139/4 1522/284/4 1523/285/4
f 1574/139/4 1523/285/4 1524/286/4
f 1574/139/4 1524/286/4 1525/287/4
f 1573/288/4 1574/139/4 1525/287/4
f 1573/288/4 1525/287/4 1526/289/4
f 1573/288/4 1526/289/4 1527/290/4
f 1572/291/4 1573/288/4 1527/290/4
f 1572/291/4 1527/290/4 1528/292/4
f 1571/293/4 1572/291/4 1528/292/4
f 1571/293/4 1528/292/4 1529/294/4
f 1570/295/4 1571/293/4 1529/294/4
f 1570/295/4 1529/294/4 1530/296/4
f 1569/297/4 1570/295/4 1530/296/4
f 1569/297/4 1530/296/4 1531/298/4
f 1568/299/4 1569/297/4 1531/298/4
f 1568/299/4 1531/298/4 1532/300/4
f 1567/301/4 1568/299/4 1532/300/4
f 1567/301/4 1532/300/4 1533/302/4
f 1566/303/4 1567/301/4 1533/302/4
f 1566/303/4 1533/302/4 1534/304/4
f 1565/305/4 1566/303/4 1534/304/4
f 1565/305/4 1534/304/4 1535/306/4
f 1564/307/4 1565/305/4 1535/306/4
f 1564/307/4 1535/306/4 1536/308/4
f 1563/309/4 1564/307/4 1536/308/4
f 1563/309/4 1536/308/4 1537/310/4
f 1562/311/4 1563/309/4 1537/310/4
f 1561/312/4 1562/311/4 1537/310/4
f 1561/312/4 1537/310/4 1538/313/4
f 1561/312/4 1538/313/4 1539/314/4
f 1560/315/4 1561/312/4 1539/314/4
f 1559/316/4 1560/315/4 1539/314/4
f 1559/316/4 1539/314/4 1540/317/4
f 1558/318/4 1559/316/4 1540/317/4
f 1558/318/4 1540/317/4 1541/319/4
f 1557/320/4 1558/318/4 1541/319/4
f 1557/320/4 1541/319/4 1542/321/4
f 1556/322/4 1557/320/4 1542/321/4
f 1556/322/4 1542/321/4 1543/323/4
f 1555/324/4 1556/322/4 1543/323/4
f 1555/324/4 1543/323/4 1544/325/4
f 1554/326/4 1555/324/4 1544/325/4
f 1554/326/4 1544/325/4 1545/327/4
f 1553/328/4 1554/326/4 1545/327/4
f 1553/328/4 1545/327/4 1546/329/4
f 1552/330/4 1553/328/4 1546/329/4
f 1552/330/4 1546/329/4 1547/331/4
f 1551/332/4 1552/330/4 1547/331/4
f 1551/332/4 1547/331/4 1548/333/4
f 1550/334/4 1551/332/4 1548/333/4
f 1550/334/4 1548/333/4 1549/335/4
f 1733/336/4 1734/338/4 1735/337/4
f 1733/336/4 1735/337/4 1736/339/4
f 1732/340/4 1733/336/4 1736/339/4
f 1732/340/4 1736/339/4 1737/341/4
f 1731/342/4 1732/340/4 1737/341/4
f 1731/342/4 1737/341/4 1738/343/4
f 1730/344/4 1731/342/4 1738/343/4
f 1730/344/4 1738/343/4 1739/345/4
f 1729/346/4 1730/344/4 1739/345/4
f 1729/346/4 1739/345/4 1740/347/4
f 1728/348/4 1729/346/4 1740/347/4
f 1728/348/4 1740/347/4 1741/349/4
f 1727/350/4 1728/348/4 1741/349/4
f 1727/350/4 1741/349/4 1742/351/4
f 1726/352/4 1727/350/4 1742/351/4
f 1726/352/4 1742/351/4 1743/353/4
f 1725/354/4 1726/352/4 1743/353/4
f 1725/354/4 1743/353/4 1744/355/4
f 1724/356/4 1725/354/4 1744/355/4
f 1724/356/4 1744/355/4 1745/357/4
f 1723/358/4 1724/356/4 1745/357/4
f 1723/358/4 1745/357/4 1746/359/4
f 1722/360/4 1723/358/4 1746/359/4
f 1722/360/4 1746/359/4 1747/361/4
f 1721/362/4 1722/360/4 1747/361/4
f 1721/362/4 1747/361/4 1748/363/4
f 1720/364/4 1721/362/4 1748/363/4
f 1720/364/4 1748/363/4 1749/365/4
f 1719/366/4 1720/364/4 1749/365/4
f 1719/366/4 1749/365/4 1750/367/4
f 1718/368/4 1719/366/4 1750/367/4
f 1718/368/4 1750/367/4 1751/369/4
f 1717/370/4 1718/368/4 1751/369/4
f 1717/370/4 1751/369/4 1752/371/4
f 1716/372/4 1717/370/4 1752/371/4
f 1716/372/4 1752/371/4 1753/373/4
f 1715/374/4 1716/372/4 1753/373/4
f 1715/374/4 1753/373/4 1754/375/4
f 1714/376/4 1715/374/4 1754/375/4
f 1714/376/4 1754/375/4 1755/377/4
f 1713/378/4 1714/376/4 1755/377/4
f 1713/378/4 1755/377/4 1756/379/4
f 1712/380/4 1713/378/4 1756/379/4
f 1712/380/4 1756/379/4 1757/381/4
f 1711/382/4 1712/380/4 1757/381/4
f 1711/382/4 1757/381/4 1758/383/4
f 1710/384/4 1711/382/4 1758/383/4
f 1710/384/4 1758/383/4 1759/385/4
f 1709/386/4 1710/384/4 1759/385/4
f 1709/386/4 1759/385/4 1760/387/4
f 1708/388/4 1709/386/4 1760/387/4
f 1708/388/4 1760/387/4 1761/389/4
f 1707/390/4 1708/388/4 1761/389/4
f 1707/390/4 1761/389/4 1762/391/4
f 1706/392/4 1707/390/4 1762/391/4
f 1706/392/4 1762/391/4 1763/393/4
f 1705/394/4 1706/392/4 1763/393/4
f 1704/395/4 1705/394/4 1763/393/4
f 1704/395/4 1763/393/4 1764/396/4
f 1703/397/4 1704/395/4 1764/396/4
f 1703/397/4 1764/396/4 1765/398/4
f 1702/399/4 1703/397/4 1765/398/4
f 1701/400/4 1702/399/4 1765/398/4
f 1701/400/4 1765/398/4 1766/401/4
f 1700/402/4 1701/400/4 1766/401/4
f 1700/402/4 1766/401/4 1767/403/4
f 1699/404/4 1700/402/4 1767/403/4
f 1699/404/4 1767/403/4 1768/405/4
f 1698/406/4 1699/404/4 1768/405/4
f 1697/407/4 1698/406/4 1768/405/4
f 1697/407/4 1768/405/4 1769/408/4
f 1696/409/4 1697/407/4 1769/408/4
f 1696/409/4 1769/408/4 1770/410/4
f 1695/411/4 1696/409/4 1770/410/4
f 1695/411/4 1770/410/4 1771/412/4
f 1694/413/4 1695/411/4 1771/412/4
f 1694/413/4 1771/412/4 1772/74/4
f 1693/414/4 1694/413/4 1772/74/4
f 1693/414/4 1772/74/4 1601/142/4
f 1692/415/4 1693/414/4 1601/142/4
f 1692/415/4 1601/142/4 1602/416/4
f 1691/417/4 1692/415/4 1602/416/4
f 1691/417/4 1602/416/4 1603/418/4
f 1690/419/4 1691/417/4 1603/418/4
f 1690/419/4 1603/418/4 1604/420/4
f 1689/421/4 1690/419/4 1604/420/4
f 1689/421/4 1604/420/4 1605/422/4
f 1688/423/4 1689/421/4 1605/422/4
f 1688/423/4 1605/422/4 1606/424/4
f 1687/425/4 1688/423/4 1606/424/4
f 1686/426/4 1687/425/4 1684/427/4
f 1684/427/4 1687/425/4 1606/424/4
f 1685/428/4 1686/426/4 1684/427/4
f 1683/429/4 1684/427/4 1606/424/4
f 1682/430/4 1683/429/4 1606/424/4
f 1682/430/4 1606/424/4 1607/431/4
f 1681/432/4 1682/430/4 1607/431/4
f 1681/432/4 1607/431/4 1608/433/4
f 1680/434/4 1681/432/4 1608/433/4
f 1680/434/4 1608/433/4 1609/435/4
f 1679/436/4 1680/434/4 1609/435/4
f 1679/436/4 1609/435/4 1610/437/4
f 1678/438/4 1679/436/4 1610/437/4
f 1678/438/4 1610/437/4 1611/439/4
f 1678/438/4 1611/439/4 1612/440/4
f 1677/441/4 1678/438/4 1612/440/4
f 1677/441/4 1612/440/4 1613/442/4
f 1676/443/4 1677/441/4 1613/442/4
f 1676/443/4 1613/442/4 1614/444/4
f 1675/445/4 1676/443/4 1614/444/4
f 1675/445/4 1614/444/4 1615/446/4
f 1674/447/4 1675/445/4 1615/446/4
f 1674/447/4 1615/446/4 1616/448/4
f 1674/447/4 1616/448/4 1617/449/4
f 1673/450/4 1674/447/4 1617/449/4
f 1673/450/4 1617/449/4 1618/451/4
f 1672/452/4 1673/450/4 1618/451/4
f 1672/452/4 1618/451/4 1619/453/4
f 1671/454/4 1672/452/4 1619/453/4
f 1671/454/4 1619/453/4 1620/455/4
f 1670/456/4 1671/454/4 1620/455/4
f 1670/456/4 1620/455/4 1621/457/4
f 1669/458/4 1670/456/4 1621/457/4
f 1669/458/4 1621/457/4 1622/459/4
f 1668/460/4 1669/458/4 1622/459/4
f 1668/460/4 1622/459/4 1623/461/4
f 1667/462/4 1668/460/4 1623/461/4
f 1667/462/4 1623/461/4 1624/463/4
f 1666/464/4 1667/462/4 1624/463/4
f 1665/465/4 1666/464/4 1624/463/4
f 1665/465/4 1624/463/4 1625/466/4
f 1665/465/4 1625/466/4 1626/467/4
f 1664/468/4 1665/465/4 1626/467/4
f 1664/468/4 1626/467/4 1627/469/4
f 1663/470/4 1664/468/4 1627/469/4
f 1663/470/4 1627/469/4 1628/471/4
f 1662/472/4 1663/470/4 1628/471/4
f 1662/472/4 1628/471/4 1629/473/4
f 1661/474/4 1662/472/4 1629/473/4
f 1661/474/4 1629/473/4 1630/475/4
f 1661/474/4 1630/475/4 1631/476/4
f 1660/477/4 1661/474/4 1631/476/4
f 1660/477/4 1631/476/4 1632/478/4
f 1659/479/4 1660/477/4 1632/478/4
f 1659/479/4 1632/478/4 1633/480/4
f 1659/479/4 1633/480/4 1634/481/4
f 1658/482/4 1659/479/4 1634/481/4
f 1658/482/4 1634/481/4 1635/483/4
f 1657/484/4 1658/482/4 1635/483/4
f 1657/484/4 1635/483/4 1636/485/4
f 1657/484/4 1636/485/4 1637/486/4
f 1656/487/4 1657/484/4 1637/486/4
f 1656/487/4 1637/486/4 1638/488/4
f 1655/489/4 1656/487/4 1638/488/4
f 1655/489/4 1638/488/4 1639/490/4
f 1654/491/4 1655/489/4 1639/490/4
f 1654/491/4 1639/490/4 1640/492/4
f 1654/491/4 1640/492/4 1641/493/4
f 1653/494/4 1654/491/4 1641/493/4
f 1653/494/4 1641/493/4 1642/495/4
f 1652/496/4 1653/494/4 1642/495/4
f 1652/496/4 1642/495/4 1643/497/4
f 1651/498/4 1652/496/4 1643/497/4
f 1651/498/4 1643/497/4 1644/499/4
f 1651/498/4 1644/499/4 1645/500/4
f 1650/501/4 1651/498/4 1645/500/4
f 1650/501/4 1645/500/4 1646/502/4
f 1649/503/4 1650/501/4 1646/502/4
f 1649/503/4 1646/502/4 1647/504/4
f 1648/505/4 1649/503/4 1647/504/4
f 1907/506/4 1908/508/4 1909/507/4
f 1907/506/4 1909/507/4 1910/509/4
f 1906/510/4 1907/506/4 1910/509/4
f 1906/510/4 1910/509/4 1911/511/4
f 1905/512/4 1906/510/4 1911/511/4
f 1905/512/4 1911/511/4 1912/513/4
f 1904/514/4 1905/512/4 1912/513/4
f 1904/514/4 1912/513/4 1913/515/4
f 1903/516/4 1904/514/4 1913/515/4
f 1903/516/4 1913/515/4 1914/517/4
f 1902/518/4 1903/516/4 1914/517/4
f 1902/518/4 1914/517/4 1915/519/4
f 1901/520/4 1902/518/4 1915/519/4
f 1901/520/4 1915/519/4 1916/521/4
f 1900/522/4 1901/520/4 1916/521/4
f 1900/522/4 1916/521/4 1917/523/4
f 1899/524/4 1900/522/4 1917/523/4
f 1899/524/4 1917/523/4 1918/525/4
f 1898/526/4 1899/524/4 1918/525/4
f 1898/526/4 1918/525/4 1919/527/4
f 1897/528/4 1898/526/4 1919/527/4
f 1897/528/4 1919/527/4 1920/529/4
f 1896/530/4 1897/528/4 1920/529/4
f 1896/530/4 1920/529/4 1921/531/4
f 1895/532/4 1896/530/4 1921/531/4
f 1895/532/4 1921/531/4 1922/533/4
f 1894/534/4 1895/532/4 1922/533/4
f 1894/534/4 1922/533/4 1923/535/4
f 1893/536/4 1894/534/4 1923/535/4
f 1893/536/4 1923/535/4 1924/537/4
f 1892/482/4 1893/536/4 1924/537/4
f 1892/482/4 1924/537/4 1925/538/4
f 1891/539/4 1892/482/4 1925/538/4
f 1891/539/4 1925/538/4 1926/540/4
f 1890/541/4 1891/539/4 1926/540/4
f 1890/541/4 1926/540/4 1927/542/4
f 1889/543/4 1890/541/4 1927/542/4
f 1889/543/4 1927/542/4 1928/544/4
f 1888/545/4 1889/543/4 1928/544/4
f 1888/545/4 1928/544/4 1929/546/4
f 1887/547/4 1888/545/4 1929/546/4
f 1887/547/4 1929/546/4 1930/548/4
f 1886/549/4 1887/547/4 1930/548/4
f 1886/549/4 1930/548/4 1931/550/4
f 1885/551/4 1886/549/4 1931/550/4
f 1885/551/4 1931/550/4 1932/552/4
f 1884/553/4 1885/551/4 1932/552/4
f 1884/553/4 1932/552/4 1933/554/4
f 1883/555/4 1884/553/4 1933/554/4
f 1883/555/4 1933/554/4 1934/556/4
f 1882/557/4 1883/555/4 1934/556/4
f 1882/557/4 1934/556/4 1935/558/4
f 1882/557/4 1935/558/4 1936/559/4
f 1881/560/4 1882/557/4 1936/559/4
f 1881/560/4 1936/559/4 1937/561/4
f 1880/562/4 1881/560/4 1937/561/4
f 1880/562/4 1937/561/4 1938/563/4
f 1880/562/4 1938/563/4 1939/564/4
f 1879/565/4 1880/562/4 1939/564/4
f 1879/565/4 1939/564/4 1940/566/4
f 1878/567/4 1879/565/4 1940/566/4
f 1878/567/4 1940/566/4 1941/568/4
f 1878/567/4 1941/568/4 1942/569/4
f 1877/570/4 1878/567/4 1942/569/4
f 1877/570/4 1942/569/4 1943/571/4
f 1876/572/4 1877/570/4 1943/571/4
f 1876/572/4 1943/571/4 1944/573/4
f 1875/574/4 1876/572/4 1944/573/4
f 1875/574/4 1944/573/4 1945/575/4
f 1875/574/4 1945/575/4 1946/576/4
f 1874/577/4 1875/574/4 1946/576/4
f 1874/577/4 1946/576/4 1947/578/4
f 1873/579/4 1874/577/4 1947/578/4
f 1873/579/4 1947/578/4 1948/580/4
f 1872/581/4 1873/579/4 1948/580/4
f 1872/581/4 1948/580/4 1949/582/4
f 1871/583/4 1872/581/4 1949/582/4
f 1871/583/4 1949/582/4 1950/584/4
f 1870/585/4 1871/583/4 1950/584/4
f 1870/585/4 1950/584/4 1951/586/4
f 1869/587/4 1870/585/4 1951/586/4
f 1868/588/4 1869/587/4 1951/586/4
f 1868/588/4 1951/586/4 1952/589/4
f 1867/590/4 1868/588/4 1952/589/4
f 1867/590/4 1952/589/4 1953/591/4
f 1866/592/4 1867/590/4 1953/591/4
f 1866/592/4 1953/591/4 1954/593/4
f 1866/592/4 1954/593/4 1955/594/4
f 1865/595/4 1866/592/4 1955/594/4
f 1865/595/4 1955/594/4 1956/596/4
f 1865/595/4 1956/596/4 1957/597/4
f 1864/598/4 1865/595/4 1957/597/4
f 1864/598/4 1957/597/4 1958/599/4
f 1864/598/4 1958/599/4 1959/600/4
f 1864/598/4 1959/600/4 1960/601/4
f 1864/598/4 1960/601/4 1961/602/4
f 1864/598/4 1961/602/4 1962/603/4
f 1864/598/4 1962/603/4 1963/604/4
f 1863/605/4 1864/598/4 1963/604/4
f 1863/605/4 1963/604/4 1964/606/4
f 1862/607/4 1863/605/4 1964/606/4
f 1862/607/4 1964/606/4 1965/608/4
f 1861/609/4 1862/607/4 1965/608/4
f 1861/609/4 1965/608/4 1966/610/4
f 1860/611/4 1861/609/4 1966/610/4
f 1860/611/4 1966/610/4 1967/612/4
f 1859/613/4 1860/611/4 1967/612/4
f 1859/613/4 1967/612/4 1968/614/4
f 1858/615/4 1859/613/4 1968/614/4
f 1858/615/4 1968/614/4 1969/616/4
f 1857/617/4 1858/615/4 1969/616/4
f 1857/617/4 1969/616/4 1970/618/4
f 1856/619/4 1857/617/4 1970/618/4
f 1856/619/4 1970/618/4 1971/620/4
f 1855/621/4 1856/619/4 1971/620/4
f 1855/621/4 1971/620/4 1972/622/4
f 1854/623/4 1855/621/4 1972/622/4
f 1854/623/4 1972/622/4 1973/624/4
f 1853/625/4 1854/623/4 1973/624/4
f 1853/625/4 1973/624/4 1974/626/4
f 1852/627/4 1853/625/4 1974/626/4
f 1852/627/4 1974/626/4 1975/628/4
f 1852/627/4 1975/628/4 1976/629/4
f 1851/630/4 1852/627/4 1976/629/4
f 1851/630/4 1976/629/4 1977/631/4
f 1850/632/4 1851/630/4 1977/631/4
f 1850/632/4 1977/631/4 1978/633/4
f 1849/634/4 1850/632/4 1978/633/4
f 1849/634/4 1978/633/4 1979/635/4
f 1849/634/4 1979/635/4 1980/636/4
f 1848/637/4 1849/634/4 1980/636/4
f 1848/637/4 1980/636/4 1981/638/4
f 1847/639/4 1848/637/4 1981/638/4
f 1847/639/4 1981/638/4 1982/640/4
f 1847/639/4 1982/640/4 1983/641/4
f 1846/642/4 1847/639/4 1983/641/4
f 1846/642/4 1983/641/4 1984/643/4
f 1845/644/4 1846/642/4 1984/643/4
f 1845/644/4 1984/643/4 1985/645/4
f 1844/646/4 1845/644/4 1985/645/4
f 1844/646/4 1985/645/4 1986/647/4
f 1844/646/4 1986/647/4 1987/648/4
f 1843/649/4 1844/646/4 1987/648/4
f 1843/649/4 1987/648/4 1988/650/4
f 1842/651/4 1843/649/4 1988/650/4
f 1842/651/4 1988/650/4 1989/652/4
f 1841/653/4 1842/651/4 1989/652/4
f 1841/653/4 1989/652/4 1990/654/4
f 1841/653/4 1990/654/4 1991/655/4
f 1840/656/4 1841/653/4 1991/655/4
f 1840/656/4 1991/655/4 1992/657/4
f 1839/658/4 1840/656/4 1992/657/4
f 1839/658/4 1992/657/4 1993/659/4
f 1838/660/4 1839/658/4 1993/659/4
f 1838/660/4 1993/659/4 1994/661/4
f 1837/662/4 1838/660/4 1994/661/4
f 1837/662/4 1994/661/4 1995/663/4
f 1836/664/4 1837/662/4 1995/663/4
f 1836/664/4 1995/663/4 1996/665/4
f 1835/666/4 1836/664/4 1996/665/4
f 1835/666/4 1996/665/4 1997/667/4
f 1834/668/4 1835/666/4 1997/667/4
f 1833/669/4 1834/668/4 1997/667/4
f 1833/669/4 1997/667/4 1998/670/4
f 1832/671/4 1833/669/4 1998/670/4
f 1831/672/4 1832/671/4 1998/670/4
f 1831/672/4 1998/670/4 1999/673/4
f 1830/674/4 1831/672/4 1999/673/4
f 1830/674/4 1999/673/4 2000/675/4
f 1829/676/4 1830/674/4 2000/675/4
f 1829/676/4 2000/675/4 2001/677/4
f 1828/678/4 1829/676/4 2001/677/4
f 1828/678/4 2001/677/4 2002/679/4
f 1827/680/4 1828/678/4 2002/679/4
f 1827/680/4 2002/679/4 2003/681/4
f 1826/682/4 1827/680/4 2003/681/4
f 1826/682/4 2003/681/4 2004/683/4
f 1825/684/4 1826/682/4 2004/683/4
f 1825/684/4 2004/683/4 2005/685/4
f 1825/684/4 2005/685/4 2006/686/4
f 1825/684/4 2006/686/4 2008/687/4
f 2008/687/4 2006/686/4 2007/688/4
f 1825/684/4 2008/687/4 2009/689/4
f 1824/690/4 1825/684/4 2009/689/4
f 1824/690/4 2009/689/4 2010/691/4
f 1824/690/4 2010/691/4 2011/374/4
f 1824/690/4 2011/374/4 2012/692/4
f 1823/693/4 1824/690/4 2012/692/4
f 1823/693/4 2012/692/4 2013/694/4
f 1822/695/4 1823/693/4 2013/694/4
f 1822/695/4 2013/694/4 2014/696/4
f 1822/695/4 2014/696/4 2015/697/4
f 1821/698/4 1822/695/4 2015/697/4
f 1821/698/4 2015/697/4 2016/699/4
f 1821/698/4 2016/699/4 2017/700/4
f 1820/701/4 1821/698/4 2017/700/4
f 1820/701/4 2017/700/4 2018/702/4
f 1819/703/4 1820/701/4 2018/702/4
f 1819/703/4 2018/702/4 2019/704/4
f 1818/705/4 1819/703/4 2019/704/4
f 1818/705/4 2019/704/4 2020/706/4
f 1818/705/4 2020/706/4 2021/707/4
f 1817/708/4 1818/705/4 2021/707/4
f 1817/708/4 2021/707/4 2022/709/4
f 1816/710/4 1817/708/4 2022/709/4
f 1816/710/4 2022/709/4 2023/711/4
f 1815/712/4 1816/710/4 2023/711/4
f 1815/712/4 2023/711/4 2024/713/4
f 1815/712/4 2024/713/4 2025/714/4
f 1814/715/4 1815/712/4 2025/714/4
f 1814/715/4 2025/714/4 2026/716/4
f 1813/717/4 1814/715/4 2026/716/4
f 1813/717/4 2026/716/4 2027/718/4
f 1813/717/4 2027/718/4 2028/719/4
f 1812/720/4 1813/717/4 2028/719/4
f 1812/720/4 2028/719/4 2029/721/4
f 1811/722/4 1812/720/4 2029/721/4
f 1811/722/4 2029/721/4 2030/723/4
f 1811/722/4 2030/723/4 2031/724/4
f 1810/725/4 1811/722/4 2031/724/4
f 1810/725/4 2031/724/4 2032/726/4
f 1810/725/4 2032/726/4 2033/727/4
f 1809/728/4 1810/725/4 2033/727/4
f 1809/728/4 2033/727/4 2034/729/4
f 1808/730/4 1809/728/4 2034/729/4
f 1808/730/4 2034/729/4 2035/731/4
f 1807/732/4 1808/730/4 2035/731/4
f 1807/732/4 2035/731/4 2036/733/4
f 1806/734/4 1807/732/4 2036/733/4
f 1806/734/4 2036/733/4 2037/735/4
f 1805/736/4 1806/734/4 2037/735/4
f 1805/736/4 2037/735/4 2038/737/4
f 1804/738/4 1805/736/4 2038/737/4
f 1804/738/4 2038/737/4 2039/739/4
f 1803/740/4 1804/738/4 2039/739/4
f 1803/740/4 2039/739/4 2040/741/4
f 1802/742/4 1803/740/4 2040/741/4
f 1802/742/4 2040/741/4 2041/743/4
f 1801/744/4 1802/742/4 2041/743/4
f 1801/744/4 2041/743/4 2042/745/4
f 1800/746/4 1801/744/4 2042/745/4
f 1800/746/4 2042/745/4 2043/747/4
f 1799/748/4 1800/746/4 2043/747/4
f 1799/748/4 2043/747/4 2044/749/4
f 1798/750/4 1799/748/4 2044/749/4
f 1798/750/4 2044/749/4 2045/751/4
f 1797/752/4 1798/750/4 2045/751/4
f 1797/752/4 2045/751/4 2046/753/4
f 1796/754/4 1797/752/4 2046/753/4
f 1796/754/4 2046/753/4 2047/755/4
f 1795/756/4 1796/754/4 2047/755/4
f 1795/756/4 2047/755/4 2048/757/4
f 1794/758/4 1795/756/4 2048/757/4
f 1794/758/4 2048/757/4 2049/759/4
f 1793/760/4 1794/758/4 2049/759/4
f 1793/760/4 2049/759/4 2050/761/4
f 1792/762/4 1793/760/4 2050/761/4
f 1792/762/4 2050/761/4 2051/763/4
f 1791/764/4 1792/762/4 2051/763/4
f 1791/764/4 2051/763/4 2052/765/4
f 1790/766/4 1791/764/4 2052/765/4
f 1790/766/4 2052/765/4 2053/767/4
f 1789/768/4 1790/766/4 2053/767/4
f 1789/768/4 2053/767/4 2054/769/4
f 1788/770/4 1789/768/4 2054/769/4
f 1788/770/4 2054/769/4 2055/771/4
f 1787/772/4 1788/770/4 2055/771/4
f 1787/772/4 2055/771/4 2056/773/4
f 1786/774/4 1787/772/4 2056/773/4
f 1786/774/4 2056/773/4 2057/775/4
f 1785/776/1 1786/774/1 2057/775/1
f 1784/777/4 1785/776/4 2057/775/4
f 1784/777/4 2057/775/4 2058/778/4
f 1784/777/4 2058/778/4 2059/779/4
f 1784/777/4 2059/779/4 2060/780/4
f 1783/781/4 1784/777/4 2060/780/4
f 1783/781/4 2060/780/4 2061/782/4
f 1782/783/4 1783/781/4 2061/782/4
f 1782/783/4 2061/782/4 2062/784/4
f 1781/785/4 1782/783/4 2062/784/4
f 1781/785/4 2062/784/4 2063/786/4
f 1781/785/4 2063/786/4 2064/787/4
f 1780/788/4 1781/785/4 2064/787/4
f 1780/788/4 2064/787/4 2065/789/4
f 1779/790/4 1780/788/4 2065/789/4
f 1779/790/4 2065/789/4 2066/791/4
f 1778/792/4 1779/790/4 2066/791/4
f 1778/792/4 2066/791/4 2067/793/4
f 1778/792/4 2067/793/4 2068/794/4
f 1777/795/4 1778/792/4 2068/794/4
f 1777/795/4 2068/794/4 2069/796/4
f 1776/797/4 1777/795/4 2069/796/4
f 1776/797/4 2069/796/4 2070/798/4
f 1775/799/4 1776/797/4 2070/798/4
f 1775/799/4 2070/798/4 2071/800/4
f 1775/799/4 2071/800/4 2072/801/4
f 1774/802/4 1775/799/4 2072/801/4
f 1774/802/4 2072/801/4 2073/803/4
f 1773/142/4 1774/802/4 2073/803/4
f 1773/142/4 2073/803/4 2074/804/4
f 1773/142/4 2074/804/4 2075/805/4
f 2130/74/4 1773/142/4 2075/805/4
f 2130/74/4 2075/805/4 2076/806/4
f 2129/807/4 2130/74/4 2076/806/4
f 2129/807/4 2076/806/4 2077/808/4
f 2128/809/4 2129/807/4 2077/808/4
f 2128/809/4 2077/808/4 2078/810/4
f 2128/809/4 2078/810/4 2079/811/4
f 2127/812/4 2128/809/4 2079/811/4
f 2127/812/4 2079/811/4 2080/813/4
f 2126/814/4 2127/812/4 2080/813/4
f 2126/814/4 2080/813/4 2081/815/4
f 2125/816/4 2126/814/4 2081/815/4
f 2125/816/4 2081/815/4 2082/817/4
f 2124/818/4 2125/816/4 2082/817/4
f 2124/818/4 2082/817/4 2083/819/4
f 2124/818/4 2083/819/4 2084/820/4
f 2123/821/4 2124/818/4 2084/820/4
f 2123/821/4 2084/820/4 2085/822/4
f 2122/823/4 2123/821/4 2085/822/4
f 2122/823/4 2085/822/4 2086/824/4
f 2121/825/4 2122/823/4 2086/824/4
f 2121/825/4 2086/824/4 2087/826/4
f 2120/827/4 2121/825/4 2087/826/4
f 2120/827/4 2087/826/4 2088/828/4
f 2120/827/4 2088/828/4 2089/829/4
f 2119/830/4 2120/827/4 2089/829/4
f 2119/830/4 2089/829/4 2090/831/4
f 2118/832/4 2119/830/4 2090/831/4
f 2118/832/4 2090/831/4 2091/833/4
f 2118/832/4 2091/833/4 2092/834/4
f 2117/835/4 2118/832/4 2092/834/4
f 2117/835/4 2092/834/4 2093/836/4
f 2116/837/4 2117/835/4 2093/836/4
f 2116/837/4 2093/836/4 2094/838/4
f 2116/837/4 2094/838/4 2095/839/4
f 2115/840/4 2116/837/4 2095/839/4
f 2115/840/4 2095/839/4 2096/841/4
f 2114/842/4 2115/840/4 2096/841/4
f 2114/842/4 2096/841/4 2097/843/4
f 2113/844/4 2114/842/4 2097/843/4
f 2113/844/4 2097/843/4 2098/845/4
f 2113/844/4 2098/845/4 2099/846/4
f 2112/847/4 2113/844/4 2099/846/4
f 2112/847/4 2099/846/4 2100/848/4
f 2111/849/4 2112/847/4 2100/848/4
f 2111/849/4 2100/848/4 2101/850/4
f 2110/851/4 2111/849/4 2101/850/4
f 2110/851/4 2101/850/4 2102/852/4
f 2110/851/4 2102/852/4 2103/853/4
f 2109/854/4 2110/851/4 2103/853/4
f 2109/854/4 2103/853/4 2104/855/4
f 2108/856/4 2109/854/4 2104/855/4
f 2108/856/4 2104/855/4 2105/857/4
f 2107/858/4 2108/856/4 2105/857/4
f 2107/858/4 2105/857/4 2106/859/4
f 2328/860/4 2329/861/4 2330/74/4
f 2328/860/4 2330/74/4 2231/862/4
f 2327/863/4 2328/860/4 2231/862/4
f 2327/863/4 2231/862/4 2232/864/4
f 2326/865/4 2327/863/4 2232/864/4
f 2326/865/4 2232/864/4 2233/866/4
f 2325/867/4 2326/865/4 2233/866/4
f 2325/867/4 2233/866/4 2234/868/4
f 2324/869/4 2325/867/4 2234/868/4
f 2324/869/4 2234/868/4 2235/870/4
f 2323/871/4 2324/869/4 2235/870/4
f 2323/871/4 2235/870/4 2236/872/4
f 2322/873/4 2323/871/4 2236/872/4
f 2322/873/4 2236/872/4 2237/874/4
f 2321/875/4 2322/873/4 2237/874/4
f 2321/875/4 2237/874/4 2238/876/4
f 2320/877/4 2321/875/4 2238/876/4
f 2320/877/4 2238/876/4 2239/878/4
f 2319/879/4 2320/877/4 2239/878/4
f 2319/879/4 2239/878/4 2240/880/4
f 2318/881/4 2319/879/4 2240/880/4
f 2318/881/4 2240/880/4 2241/882/4
f 2317/883/4 2318/881/4 2241/882/4
f 2317/883/4 2241/882/4 2242/884/4
f 2316/885/4 2317/883/4 2242/884/4
f 2316/885/4 2242/884/4 2243/886/4
f 2315/887/4 2316/885/4 2243/886/4
f 2315/887/4 2243/886/4 2244/888/4
f 2314/889/4 2315/887/4 2244/888/4
f 2314/889/4 2244/888/4 2245/890/4
f 2313/891/4 2314/889/4 2245/890/4
f 2313/891/4 2245/890/4 2246/892/4
f 2312/893/4 2313/891/4 2246/892/4
f 2312/893/4 2246/892/4 2247/894/4
f 2311/895/4 2312/893/4 2247/894/4
f 2311/895/4 2247/894/4 2248/896/4
f 2310/897/4 2311/895/4 2248/896/4
f 2310/897/4 2248/896/4 2249/898/4
f 2309/899/4 2310/897/4 2249/898/4
f 2309/899/4 2249/898/4 2250/900/4
f 2308/901/4 2309/899/4 2250/900/4
f 2308/901/4 2250/900/4 2251/902/4
f 2307/903/4 2308/901/4 2251/902/4
f 2307/903/4 2251/902/4 2252/904/4
f 2306/905/4 2307/903/4 2252/904/4
f 2306/905/4 2252/904/4 2253/906/4
f 2305/907/4 2306/905/4 2253/906/4
f 2305/907/4 2253/906/4 2254/908/4
f 2304/909/4 2305/907/4 2254/908/4
f 2304/909/4 2254/908/4 2255/910/4
f 2303/911/4 2304/909/4 2255/910/4
f 2303/911/4 2255/910/4 2256/912/4
f 2302/913/4 2303/911/4 2256/912/4
f 2302/913/4 2256/912/4 2257/914/4
f 2301/915/4 2302/913/4 2257/914/4
f 2301/915/4 2257/914/4 2258/916/4
f 2300/917/4 2301/915/4 2258/916/4
f 2300/917/4 2258/916/4 2259/918/4
f 2299/919/4 2300/917/4 2259/918/4
f 2299/919/4 2259/918/4 2260/920/4
f 2298/921/4 2299/919/4 2260/920/4
f 2298/921/4 2260/920/4 2261/922/4
f 2297/923/4 2298/921/4 2261/922/4
f 2297/923/4 2261/922/4 2262/924/4
f 2296/925/4 2297/923/4 2262/924/4
f 2296/925/4 2262/924/4 2263/926/4
f 2295/927/4 2296/925/4 2263/926/4
f 2295/927/4 2263/926/4 2264/928/4
f 2294/929/4 2295/927/4 2264/928/4
f 2294/929/4 2264/928/4 2265/930/4
f 2293/931/4 2294/929/4 2265/930/4
f 2293/931/4 2265/930/4 2266/932/4
f 2292/933/4 2293/931/4 2266/932/4
f 2292/933/4 2266/932/4 2267/934/4
f 2291/935/4 2292/933/4 2267/934/4
f 2291/935/4 2267/934/4 2268/936/4
f 2290/937/4 2291/935/4 2268/936/4
f 2290/937/4 2268/936/4 2269/938/4
f 2289/939/4 2290/937/4 2269/938/4
f 2289/939/4 2269/938/4 2270/940/4
f 2288/941/4 2289/939/4 2270/940/4
f 2288/941/4 2270/940/4 2271/942/4
f 2287/943/4 2288/941/4 2271/942/4
f 2287/943/4 2271/942/4 2272/944/4
f 2286/945/4 2287/943/4 2272/944/4
f 2286/945/4 2272/944/4 2273/946/4
f 2285/947/4 2286/945/4 2273/946/4
f 2285/947/4 2273/946/4 2274/948/4
f 2284/949/4 2285/947/4 2274/948/4
f 2284/949/4 2274/948/4 2275/950/4
f 2283/951/4 2284/949/4 2275/950/4
f 2283/951/4 2275/950/4 2276/952/4
f 2282/953/4 2283/951/4 2276/952/4
f 2282/953/4 2276/952/4 2277/954/4
f 2281/955/4 2282/953/4 2277/954/4
f 2281/955/4 2277/954/4 2278/956/4
f 2280/957/4 2281/955/4 2278/956/4
f 2280/957/4 2278/956/4 2279/958/4
f 2153/959/4 2154/961/4 2155/960/4
f 2153/959/4 2155/960/4 2156/962/4
f 2152/963/4 2153/959/4 2156/962/4
f 2152/963/4 2156/962/4 2157/964/4
f 2151/965/4 2152/963/4 2157/964/4
f 2151/965/4 2157/964/4 2158/966/4
f 2150/967/4 2151/965/4 2158/966/4
f 2150/967/4 2158/966/4 2159/968/4
f 2149/969/4 2150/967/4 2159/968/4
f 2149/969/4 2159/968/4 2160/970/4
f 2148/971/4 2149/969/4 2160/970/4
f 2148/971/4 2160/970/4 2161/972/4
f 2147/973/4 2148/971/4 2161/972/4
f 2147/973/4 2161/972/4 2162/974/4
f 2146/975/4 2147/973/4 2162/974/4
f 2146/975/4 2162/974/4 2163/976/4
f 2145/977/4 2146/975/4 2163/976/4
f 2145/977/4 2163/976/4 2164/978/4
f 2144/979/4 2145/977/4 2164/978/4
f 2144/979/4 2164/978/4 2165/980/4
f 2143/981/4 2144/979/4 2165/980/4
f 2143/981/4 2165/980/4 2166/982/4
f 2142/983/4 2143/981/4 2166/982/4
f 2142/983/4 2166/982/4 2167/984/4
f 2141/985/4 2142/983/4 2167/984/4
f 2141/985/4 2167/984/4 2168/986/4
f 2141/985/4 2168/986/4 2169/987/4
f 2140/988/4 2141/985/4 2169/987/4
f 2140/988/4 2169/987/4 2170/989/4
f 2139/990/4 2140/988/4 2170/989/4
f 2139/990/4 2170/989/4 2171/991/4
f 2138/992/4 2139/990/4 2171/991/4
f 2138/992/4 2171/991/4 2172/993/4
f 2137/994/4 2138/992/4 2172/993/4
f 2137/994/4 2172/993/4 2173/995/4
f 2136/996/4 2137/994/4 2173/995/4
f 2136/996/4 2173/995/4 2174/997/4
f 2135/998/4 2136/996/4 2174/997/4
f 2135/998/4 2174/997/4 2175/999/4
f 2134/1000/4 2135/998/4 2175/999/4
f 2134/1000/4 2175/999/4 2176/1001/4
f 2133/1002/4 2134/1000/4 2176/1001/4
f 2133/1002/4 2176/1001/4 2177/1003/4
f 2132/1004/4 2133/1002/4 2177/1003/4
f 2132/1004/4 2177/1003/4 2178/1005/4
f 2131/142/4 2132/1004/4 2178/1005/4
f 2131/142/4 2178/1005/4 2179/1006/4
f 2230/1007/4 2131/142/4 2179/1006/4
f 2229/1008/4 2230/1007/4 2179/1006/4
f 2229/1008/4 2179/1006/4 2180/1009/4
f 2228/1010/4 2229/1008/4 2180/1009/4
f 2228/1010/4 2180/1009/4 2181/1011/4
f 2228/1010/4 2181/1011/4 2182/1012/4
f 2227/1013/4 2228/1010/4 2182/1012/4
f 2227/1013/4 2182/1012/4 2183/1014/4
f 2226/1015/4 2227/1013/4 2183/1014/4
f 2226/1015/4 2183/1014/4 2184/1016/4
f 2225/1017/4 2226/1015/4 2184/1016/4
f 2225/1017/4 2184/1016/4 2185/1018/4
f 2224/1019/4 2225/1017/4 2185/1018/4
f 2224/1019/4 2185/1018/4 2186/1020/4
f 2223/1021/4 2224/1019/4 2186/1020/4
f 2223/1021/4 2186/1020/4 2187/1022/4
f 2222/1023/4 2223/1021/4 2187/1022/4
f 2222/1023/4 2187/1022/4 2188/1024/4
f 2221/1025/4 2222/1023/4 2188/1024/4
f 2221/1025/4 2188/1024/4 2189/1026/4
f 2220/1027/4 2221/1025/4 2189/1026/4
f 2220/1027/4 2189/1026/4 2190/1028/4
f 2219/1029/4 2220/1027/4 2190/1028/4
f 2219/1029/4 2190/1028/4 2191/1030/4
f 2218/1031/4 2219/1029/4 2191/1030/4
f 2218/1031/4 2191/1030/4 2192/1032/4
f 2217/1033/4 2218/1031/4 2192/1032/4
f 2216/1034/4 2217/1033/4 2192/1032/4
f 2216/1034/4 2192/1032/4 2193/1035/4
f 2216/1034/4 2193/1035/4 2194/1036/4
f 2215/1037/4 2216/1034/4 2194/1036/4
f 2214/1038/4 2215/1037/4 2194/1036/4
f 2214/1038/4 2194/1036/4 2195/1039/4
f 2213/1040/4 2214/1038/4 2195/1039/4
f 2213/1040/4 2195/1039/4 2196/1041/4
f 2212/1042/4 2213/1040/4 2196/1041/4
f 2212/1042/4 2196/1041/4 2197/1043/4
f 2211/1044/4 2212/1042/4 2197/1043/4
f 2211/1044/4 2197/1043/4 2198/1045/4
f 2210/1046/4 2211/1044/4 2198/1045/4
f 2210/1046/4 2198/1045/4 2199/1047/4
f 2209/1048/4 2210/1046/4 2199/1047/4
f 2209/1048/4 2199/1047/4 2200/1049/4
f 2208/1050/4 2209/1048/4 2200/1049/4
f 2208/1050/4 2200/1049/4 2201/1051/4
f 2207/1052/4 2208/1050/4 2201/1051/4
f 2207/1052/4 2201/1051/4 2202/1053/4
f 2206/1054/4 2207/1052/4 2202/1053/4
f 2206/1054/4 2202/1053/4 2203/1055/4
f 2205/1056/4 2206/1054/4 2203/1055/4
f 2205/1056/4 2203/1055/4 2204/1057/4
f 2528/860/4 2529/861/4 2530/74/4
f 2528/860/4 2530/74/4 2331/142/4
f 2527/863/4 2528/860/4 2331/142/4
f 2527/863/4 2331/142/4 2332/1004/4
f 2526/865/4 2527/863/4 2332/1004/4
f 2526/865/4 2332/1004/4 2333/1002/4
f 2525/867/4 2526/865/4 2333/1002/4
f 2525/867/4 2333/1002/4 2334/1000/4
f 2524/869/4 2525/867/4 2334/1000/4
f 2524/869/4 2334/1000/4 2335/998/4
f 2523/871/4 2524/869/4 2335/998/4
f 2523/871/4 2335/998/4 2336/996/4
f 2522/873/4 2523/871/4 2336/996/4
f 2522/873/4 2336/996/4 2337/994/4
f 2521/875/4 2522/873/4 2337/994/4
f 2521/875/4 2337/994/4 2338/992/4
f 2520/877/4 2521/875/4 2338/992/4
f 2520/877/4 2338/992/4 2339/990/4
f 2519/879/4 2520/877/4 2339/990/4
f 2519/879/4 2339/990/4 2340/988/4
f 2518/881/4 2519/879/4 2340/988/4
f 2518/881/4 2340/988/4 2341/985/4
f 2517/883/4 2518/881/4 2341/985/4
f 2517/883/4 2341/985/4 2342/983/4
f 2516/885/4 2517/883/4 2342/983/4
f 2516/885/4 2342/983/4 2343/981/4
f 2515/887/4 2516/885/4 2343/981/4
f 2515/887/4 2343/981/4 2344/979/4
f 2514/889/4 2515/887/4 2344/979/4
f 2514/889/4 2344/979/4 2345/977/4
f 2513/891/4 2514/889/4 2345/977/4
f 2513/891/4 2345/977/4 2346/975/4
f 2512/893/4 2513/891/4 2346/975/4
f 2512/893/4 2346/975/4 2347/973/4
f 2511/895/4 2512/893/4 2347/973/4
f 2511/895/4 2347/973/4 2348/971/4
f 2510/897/4 2511/895/4 2348/971/4
f 2510/897/4 2348/971/4 2349/969/4
f 2509/899/4 2510/897/4 2349/969/4
f 2509/899/4 2349/969/4 2350/967/4
f 2508/901/4 2509/899/4 2350/967/4
f 2508/901/4 2350/967/4 2351/965/4
f 2507/903/4 2508/901/4 2351/965/4
f 2507/903/4 2351/965/4 2352/963/4
f 2506/905/4 2507/903/4 2352/963/4
f 2506/905/4 2352/963/4 2353/959/4
f 2505/907/4 2506/905/4 2353/959/4
f 2505/907/4 2353/959/4 2354/961/4
f 2504/909/4 2505/907/4 2354/961/4
f 2504/909/4 2354/961/4 2355/960/4
f 2503/911/4 2504/909/4 2355/960/4
f 2503/911/4 2355/960/4 2356/962/4
f 2502/913/4 2503/911/4 2356/962/4
f 2502/913/4 2356/962/4 2357/964/4
f 2501/915/4 2502/913/4 2357/964/4
f 2501/915/4 2357/964/4 2358/966/4
f 2500/917/4 2501/915/4 2358/966/4
f 2500/917/4 2358/966/4 2359/968/4
f 2499/919/4 2500/917/4 2359/968/4
f 2499/919/4 2359/968/4 2360/970/4
f 2498/921/4 2499/919/4 2360/970/4
f 2498/921/4 2360/970/4 2361/972/4
f 2497/923/4 2498/921/4 2361/972/4
f 2497/923/4 2361/972/4 2362/974/4
f 2496/925/4 2497/923/4 2362/974/4
f 2496/925/4 2362/974/4 2363/976/4
f 2495/927/4 2496/925/4 2363/976/4
f 2495/927/4 2363/976/4 2364/978/4
f 2494/929/4 2495/927/4 2364/978/4
f 2494/929/4 2364/978/4 2365/980/4
f 2493/931/4 2494/929/4 2365/980/4
f 2493/931/4 2365/980/4 2366/982/4
f 2492/933/4 2493/931/4 2366/982/4
f 2492/933/4 2366/982/4 2367/984/4
f 2491/935/4 2492/933/4 2367/984/4
f 2491/935/4 2367/984/4 2368/986/4
f 2491/935/4 2368/986/4 2369/987/4
f 2490/937/4 2491/935/4 2369/987/4
f 2490/937/4 2369/987/4 2370/989/4
f 2489/939/4 2490/937/4 2370/989/4
f 2489/939/4 2370/989/4 2371/991/4
f 2488/941/4 2489/939/4 2371/991/4
f 2488/941/4 2371/991/4 2372/993/4
f 2487/943/4 2488/941/4 2372/993/4
f 2487/943/4 2372/993/4 2373/995/4
f 2486/945/4 2487/943/4 2373/995/4
f 2486/945/4 2373/995/4 2374/997/4
f 2485/947/4 2486/945/4 2374/997/4
f 2485/947/4 2374/997/4 2375/999/4
f 2484/949/4 2485/947/4 2375/999/4
f 2484/949/4 2375/999/4 2376/1001/4
f 2483/951/4 2484/949/4 2376/1001/4
f 2483/951/4 2376/1001/4 2377/1003/4
f 2482/953/4 2483/951/4 2377/1003/4
f 2482/953/4 2377/1003/4 2378/1005/4
f 2481/955/4 2482/953/4 2378/1005/4
f 2481/955/4 2378/1005/4 2379/1006/4
f 2480/957/4 2481/955/4 2379/1006/4
f 2479/958/1 2480/957/1 2379/1006/1
f 2478/956/4 2479/958/4 2380/1009/4
f 2380/1009/1 2479/958/1 2379/1006/1
f 2478/956/4 2380/1009/4 2381/1011/4
f 2477/954/4 2478/956/4 2381/1011/4
f 2477/954/4 2381/1011/4 2382/1012/4
f 2476/952/4 2477/954/4 2382/1012/4
f 2476/952/4 2382/1012/4 2383/1014/4
f 2475/950/4 2476/952/4 2383/1014/4
f 2475/950/4 2383/1014/4 2384/1016/4
f 2474/948/4 2475/950/4 2384/1016/4
f 2474/948/4 2384/1016/4 2385/1018/4
f 2473/946/4 2474/948/4 2385/1018/4
f 2473/946/4 2385/1018/4 2386/1020/4
f 2472/944/4 2473/946/4 2386/1020/4
f 2472/944/4 2386/1020/4 2387/1022/4
f 2471/942/4 2472/944/4 2387/1022/4
f 2471/942/4 2387/1022/4 2388/1024/4
f 2470/940/4 2471/942/4 2388/1024/4
f 2470/940/4 2388/1024/4 2389/1026/4
f 2469/938/4 2470/940/4 2389/1026/4
f 2469/938/4 2389/1026/4 2390/1028/4
f 2468/936/4 2469/938/4 2390/1028/4
f 2468/936/4 2390/1028/4 2391/1030/4
f 2467/934/4 2468/936/4 2391/1030/4
f 2467/934/4 2391/1030/4 2392/1032/4
f 2466/932/4 2467/934/4 2392/1032/4
f 2466/932/4 2392/1032/4 2393/1035/4
f 2465/930/4 2466/932/4 2393/1035/4
f 2465/930/4 2393/1035/4 2394/1036/4
f 2464/928/4 2465/930/4 2394/1036/4
f 2464/928/4 2394/1036/4 2395/1039/4
f 2463/926/4 2464/928/4 2395/1039/4
f 2463/926/4 2395/1039/4 2396/1041/4
f 2462/924/4 2463/926/4 2396/1041/4
f 2462/924/4 2396/1041/4 2397/1043/4
f 2461/922/4 2462/924/4 2397/1043/4
f 2461/922/4 2397/1043/4 2398/1045/4
f 2460/920/4 2461/922/4 2398/1045/4
f 2460/920/4 2398/1045/4 2399/1047/4
f 2459/918/4 2460/920/4 2399/1047/4
f 2459/918/4 2399/1047/4 2400/1049/4
f 2458/916/4 2459/918/4 2400/1049/4
f 2458/916/4 2400/1049/4 2401/1051/4
f 2457/914/4 2458/916/4 2401/1051/4
f 2457/914/4 2401/1051/4 2402/1053/4
f 2456/912/4 2457/914/4 2402/1053/4
f 2456/912/4 2402/1053/4 2403/1055/4
f 2455/910/4 2456/912/4 2403/1055/4
f 2455/910/4 2403/1055/4 2404/1057/4
f 2454/908/4 2455/910/4 2404/1057/4
f 2454/908/4 2404/1057/4 2405/1056/4
f 2453/906/4 2454/908/4 2405/1056/4
f 2453/906/4 2405/1056/4 2406/1054/4
f 2453/906/4 2406/1054/4 2407/1052/4
f 2452/904/4 2453/906/4 2407/1052/4
f 2452/904/4 2407/1052/4 2408/1050/4
f 2451/902/4 2452/904/4 2408/1050/4
f 2451/902/4 2408/1050/4 2409/1048/4
f 2450/900/4 2451/902/4 2409/1048/4
f 2450/900/4 2409/1048/4 2410/1046/4
f 2449/898/4 2450/900/4 2410/1046/4
f 2449/898/4 2410/1046/4 2411/1044/4
f 2448/896/4 2449/898/4 2411/1044/4
f 2448/896/4 2411/1044/4 2412/1042/4
f 2447/894/4 2448/896/4 2412/1042/4
f 2447/894/4 2412/1042/4 2413/1040/4
f 2446/892/4 2447/894/4 2413/1040/4
f 2446/892/4 2413/1040/4 2414/1038/4
f 2445/890/4 2446/892/4 2414/1038/4
f 2445/890/4 2414/1038/4 2415/1037/4
f 2444/888/4 2445/890/4 2415/1037/4
f 2444/888/4 2415/1037/4 2416/1034/4
f 2443/886/4 2444/888/4 2416/1034/4
f 2443/886/4 2416/1034/4 2417/1033/4
f 2442/884/4 2443/886/4 2417/1033/4
f 2441/882/4 2442/884/4 2417/1033/4
f 2441/882/4 2417/1033/4 2418/1031/4
f 2441/882/4 2418/1031/4 2419/1029/4
f 2440/880/4 2441/882/4 2419/1029/4
f 2439/878/4 2440/880/4 2419/1029/4
f 2439/878/4 2419/1029/4 2420/1027/4
f 2438/876/4 2439/878/4 2420/1027/4
f 2438/876/4 2420/1027/4 2421/1025/4
f 2437/874/4 2438/876/4 2421/1025/4
f 2437/874/4 2421/1025/4 2422/1023/4
f 2436/872/4 2437/874/4 2422/1023/4
f 2436/872/4 2422/1023/4 2423/1021/4
f 2435/870/4 2436/872/4 2423/1021/4
f 2435/870/4 2423/1021/4 2424/1019/4
f 2434/868/4 2435/870/4 2424/1019/4
f 2434/868/4 2424/1019/4 2425/1017/4
f 2433/866/4 2434/868/4 2425/1017/4
f 2433/866/4 2425/1017/4 2426/1015/4
f 2432/864/4 2433/866/4 2426/1015/4
f 2432/864/4 2426/1015/4 2427/1013/4
f 2431/862/4 2432/864/4 2427/1013/4
f 2431/862/4 2427/1013/4 2428/1010/4
f 2430/1007/4 2431/862/4 2428/1010/4
f 2430/1007/4 2428/1010/4 2429/1008/4
s 1
f 2534/1058/7 2531/142/8 2532/1059/8
f 2536/1060/9 2533/1061/7 2534/1058/7
f 2538/1062/10 2535/1063/9 2536/1060/9
f 2540/1064/11 2537/1065/10 2538/1062/10
f 2542/1066/12 2539/1067/11 2540/1064/11
f 2544/1068/13 2541/1069/12 2542/1066/12
f 2546/1070/14 2543/1071/13 2544/1068/13
f 2548/1072/15 2545/1073/16 2546/1070/14
f 2550/1074/17 2547/1075/18 2548/1072/15
f 2552/1076/19 2549/1077/17 2550/1074/17
f 2554/1078/20 2551/1079/19 2552/1076/19
f 2556/1080/21 2553/1081/20 2554/1078/20
f 2558/1082/22 2555/1083/21 2556/1080/21
f 2560/1084/23 2557/1085/22 2558/1082/22
f 2562/1086/24 2559/1087/23 2560/1084/23
f 2564/1088/25 2561/1089/24 2562/1086/24
f 2566/1090/26 2563/1091/27 2564/1088/25
f 2568/1092/28 2565/1093/26 2566/1090/26
f 2570/1094/29 2567/1095/30 2568/1092/28
f 2572/1096/31 2569/1097/29 2570/1094/29
f 2574/1098/32 2571/1099/31 2572/1096/31
f 2576/1100/33 2573/1101/32 2574/1098/32
f 2578/1102/34 2575/1103/33 2576/1100/33
f 2580/1104/35 2577/1105/34 2578/1102/34
f 2582/1106/36 2579/1107/35 2580/1104/35
f 2584/1108/37 2581/1109/36 2582/1106/36
f 2586/1110/38 2583/1111/39 2584/1108/37
f 2588/1112/40 2585/1113/41 2586/1110/38
f 2590/1114/42 2587/1115/43 2588/1112/40
f 2592/1116/44 2589/1117/45 2590/1114/42
f 2594/1118/46 2591/1119/47 2592/1116/44
f 2596/1120/48 2593/1121/49 2594/1118/46
f 2598/1122/50 2595/1123/51 2596/1120/48
f 2600/1124/52 2597/1125/50 2598/1122/50
f 2602/1126/53 2599/1127/52 2600/1124/52
f 2604/1128/54 2601/1129/53 2602/1126/53
f 2606/1130/55 2603/1131/54 2604/1128/54
f 2608/1132/56 2605/1133/57 2606/1130/55
f 2610/1134/58 2607/1135/59 2608/1132/56
f 2612/1136/60 2609/1137/58 2610/1134/58
f 2614/1138/61 2611/1139/62 2612/1136/60
f 2616/1140/63 2613/1141/61 2614/1138/61
f 2618/1142/64 2615/1143/65 2616/1140/63
f 2620/1144/66 2617/1145/67 2618/1142/64
f 2622/1146/68 2619/1147/66 2620/1144/66
f 2624/1148/69 2621/1149/68 2622/1146/68
f 2626/1150/70 2623/1151/69 2624/1148/69
f 2628/1152/71 2625/1153/70 2626/1150/70
f 2630/1154/71 2627/1155/71 2628/1152/71
f 2632/1156/70 2629/1157/71 2630/1154/71
f 2634/1158/69 2631/1159/70 2632/1156/70
f 2636/1160/68 2633/1161/69 2634/1158/69
f 2638/1162/66 2635/1163/68 2636/1160/68
f 2640/1164/67 2637/1165/66 2638/1162/66
f 2642/1166/63 2639/1167/64 2640/1164/67
f 2644/1168/61 2641/1169/63 2642/1166/63
f 2646/1170/62 2643/1171/61 2644/1168/61
f 2648/1172/58 2645/1173/60 2646/1170/62
f 2650/1174/59 2647/1175/58 2648/1172/58
f 2652/1176/57 2649/1177/56 2650/1174/59
f 2654/1178/54 2651/1179/55 2652/1176/57
f 2656/1180/53 2653/1181/54 2654/1178/54
f 2658/1182/52 2655/1183/53 2656/1180/53
f 2660/1184/50 2657/1185/52 2658/1182/52
f 2662/1186/48 2659/1187/50 2660/1184/50
f 2664/1188/49 2661/1189/72 2662/1186/48
f 2666/1190/44 2663/1191/49 2664/1188/49
f 2668/1192/45 2665/1193/44 2666/1190/44
f 2670/1194/43 2667/1195/73 2668/1192/45
f 2672/1196/41 2669/1197/40 2670/1194/43
f 2674/1198/37 2671/1199/41 2672/1196/41
f 2676/1200/74 2673/1201/37 2674/1198/37
f 2678/1202/75 2675/1203/74 2676/1200/74
f 2680/1204/75 2677/1205/75 2678/1202/75
f 2682/1206/74 2679/1207/75 2680/1204/75
f 2684/1208/39 2681/1209/74 2682/1206/74
f 2686/1210/41 2683/1211/37 2684/1208/39
f 2688/1212/43 2685/1213/38 2686/1210/41
f 2690/1214/42 2687/1215/43 2688/1212/43
f 2692/1216/47 2689/1217/42 2690/1214/42
f 2694/1218/49 2691/1219/44 2692/1216/47
f 2696/1220/51 2693/1221/46 2694/1218/49
f 2698/1222/50 2695/1223/72 2696/1220/51
f 2700/1224/52 2697/1225/50 2698/1222/50
f 2702/1226/53 2699/1227/52 2700/1224/52
f 2704/1228/76 2701/1229/77 2702/1226/53
f 2706/1230/78 2703/1231/79 2704/1228/76
f 2708/1232/80 2705/1233/81 2706/1230/78
f 2710/1234/82 2707/1235/80 2708/1232/80
f 2712/1236/83 2709/1237/82 2710/1234/82
f 2714/1238/84 2711/1239/85 2712/1236/83
f 2716/1240/86 2713/1241/84 2714/1238/84
f 2718/1242/87 2715/1243/86 2716/1240/86
f 2720/1244/88 2717/1245/89 2718/1242/87
f 2722/1246/90 2719/1247/88 2720/1244/88
f 2724/1248/91 2721/1249/90 2722/1246/90
f 2726/1250/92 2723/1251/91 2724/1248/91
f 2728/1252/93 2725/1253/92 2726/1250/92
f 2730/1254/94 2727/1255/93 2728/1252/93
f 2732/1256/95 2729/1257/94 2730/1254/94
f 2734/1258/96 2731/204/95 2732/1256/95
f 2736/1259/97 2733/1260/96 2734/1258/96
f 2738/1261/98 2735/1262/97 2736/1259/97
f 2740/1263/99 2737/1264/98 2738/1261/98
f 2742/1265/100 2739/1266/101 2740/1263/99
f 2744/1267/102 2741/1268/103 2742/1265/100
f 2746/1269/104 2743/1270/102 2744/1267/102
f 2748/1271/105 2745/1272/104 2746/1269/104
f 2750/1273/106 2747/1274/105 2748/1271/105
f 2752/1275/107 2749/1276/108 2750/1273/106
f 2754/1277/109 2751/1278/110 2752/1275/107
f 2756/1279/111 2753/1280/109 2754/1277/109
f 2758/1281/112 2755/1282/113 2756/1279/111
f 2760/1283/114 2757/1284/112 2758/1281/112
f 2762/1285/115 2759/1286/114 2760/1283/114
f 2764/1287/116 2761/1288/117 2762/1285/115
f 2766/1289/118 2763/1290/119 2764/1287/116
f 2768/1291/120 2765/1292/118 2766/1289/118
f 2770/1293/121 2767/1294/122 2768/1291/120
f 2772/1295/123 2769/1296/124 2770/1293/121
f 2774/1297/125 2771/1298/123 2772/1295/123
f 2776/1299/126 2773/1300/127 2774/1297/125
f 2778/1301/128 2775/1302/129 2776/1299/126
f 2780/1303/128 2777/1304/130 2778/1301/128
f 2782/1305/126 2779/1306/128 2780/1303/128
f 2784/1307/125 2781/1308/126 2782/1305/126
f 2786/1309/131 2783/1310/127 2784/1307/125
f 2788/1311/121 2785/1312/123 2786/1309/131
f 2790/1313/120 2787/1314/124 2788/1311/121
f 2792/1315/118 2789/1316/122 2790/1313/120
f 2794/1317/116 2791/1318/132 2792/1315/118
f 2796/1319/115 2793/1320/119 2794/1317/116
f 2798/1321/114 2795/1322/115 2796/1319/115
f 2800/1323/112 2797/1324/114 2798/1321/114
f 2802/1325/111 2799/1326/112 2800/1323/112
f 2804/1327/133 2801/1328/111 2802/1325/111
f 2806/1329/134 2803/1330/133 2804/1327/133
f 2808/1331/135 2805/1332/134 2806/1329/134
f 2810/1333/136 2807/1334/135 2808/1331/135
f 2812/1335/137 2809/1336/136 2810/1333/136
f 2814/1337/138 2811/1338/137 2812/1335/137
f 2816/1339/139 2813/1340/138 2814/1337/138
f 2818/1341/140 2815/1342/139 2816/1339/139
f 2820/1343/141 2817/1344/142 2818/1341/140
f 2822/1345/143 2819/1346/141 2820/1343/141
f 2824/1347/144 2821/1348/143 2822/1345/143
f 2826/1349/145 2823/1350/144 2824/1347/144
f 2828/1351/146 2825/1352/145 2826/1349/145
f 2830/1353/94 2827/1354/146 2828/1351/146
f 2832/1355/95 2829/1356/94 2830/1353/94
f 2834/1357/96 2831/1358/95 2832/1355/95
f 2836/1359/97 2833/1360/96 2834/1357/96
f 2838/1361/98 2835/1362/97 2836/1359/97
f 2840/1363/101 2837/1364/98 2838/1361/98
f 2842/1365/103 2839/1366/99 2840/1363/101
f 2844/1367/102 2841/1368/103 2842/1365/103
f 2846/1369/147 2843/1370/102 2844/1367/102
f 2848/1371/105 2845/1372/104 2846/1369/147
f 2850/1373/106 2847/1374/105 2848/1371/105
f 2852/1375/110 2849/1376/106 2850/1373/106
f 2854/1377/109 2851/1378/107 2852/1375/110
f 2856/1379/111 2853/1380/109 2854/1377/109
f 2858/1381/112 2855/1382/111 2856/1379/111
f 2860/1383/114 2857/1384/112 2858/1381/112
f 2862/1385/117 2859/1386/114 2860/1383/114
f 2864/1387/119 2861/1388/115 2862/1385/117
f 2866/1389/132 2863/1390/116 2864/1387/119
f 2868/1391/120 2865/1392/118 2866/1389/132
f 2870/1393/121 2867/1394/148 2868/1391/120
f 2872/1395/123 2869/1396/149 2870/1393/121
f 2874/1397/127 2871/1398/131 2872/1395/123
f 2876/1399/129 2873/1400/125 2874/1397/127
f 2878/1401/130 2875/1402/126 2876/1399/129
f 2880/1403/150 2877/1404/128 2878/1401/130
f 2882/1405/151 2879/1406/150 2880/1403/150
f 2884/1407/152 2881/1408/151 2882/1405/151
f 2886/1409/153 2883/1410/154 2884/1407/152
f 2888/1411/155 2885/1412/153 2886/1409/153
f 2890/1413/156 2887/1414/157 2888/1411/155
f 2892/1415/158 2889/1416/159 2890/1413/156
f 2894/1417/160 2891/1418/158 2892/1415/158
f 2896/1419/161 2893/1420/162 2894/1417/160
f 2898/1421/163 2895/1422/164 2896/1419/161
f 2900/1423/165 2897/1424/163 2898/1421/163
f 2902/1425/166 2899/1426/165 2900/1423/165
f 2904/1427/167 2901/1428/168 2902/1425/166
f 2906/1429/169 2903/1430/167 2904/1427/167
f 2908/1431/170 2905/1432/171 2906/1429/169
f 2910/1433/172 2907/1434/170 2908/1431/170
f 2912/1435/173 2909/1436/172 2910/1433/172
f 2914/1437/174 2911/1438/175 2912/1435/173
f 2916/1439/176 2913/1440/174 2914/1437/174
f 2918/1441/177 2915/1442/176 2916/1439/176
f 2920/1443/178 2917/1444/179 2918/1441/177
f 2922/1445/180 2919/1446/178 2920/1443/178
f 2924/1447/181 2921/1448/180 2922/1445/180
f 2926/1449/182 2923/1450/181 2924/1447/181
f 2928/1451/183 2925/1452/182 2926/1449/182
f 2930/1453/184 2927/1454/183 2928/1451/183
f 2532/1455/8 2929/1456/184 2930/1453/184
f 2934/1060/7 2931/142/8 2932/1059/8
f 2936/1064/9 2933/1063/7 2934/1060/7
f 2938/1068/10 2935/1067/9 2936/1064/9
f 2940/1072/11 2937/1071/10 2938/1068/10
f 2942/1076/12 2939/1075/11 2940/1072/11
f 2944/1080/13 2941/1079/12 2942/1076/12
f 2946/1084/16 2943/1083/13 2944/1080/13
f 2948/1088/15 2945/1087/16 2946/1084/16
f 2950/1092/17 2947/1091/15 2948/1088/15
f 2952/1096/19 2949/1095/17 2950/1092/17
f 2954/1100/20 2951/1099/19 2952/1096/19
f 2956/1104/185 2953/1103/20 2954/1100/20
f 2958/1108/22 2955/1107/21 2956/1104/185
f 2960/1112/23 2957/1111/22 2958/1108/22
f 2962/1116/24 2959/1115/23 2960/1112/23
f 2964/1120/27 2961/1119/186 2962/1116/24
f 2966/1124/26 2963/1123/25 2964/1120/27
f 2968/1128/28 2965/1127/26 2966/1124/26
f 2970/1132/29 2967/1131/30 2968/1128/28
f 2972/1136/31 2969/1135/29 2970/1132/29
f 2974/1140/32 2971/1139/31 2972/1136/31
f 2976/1144/33 2973/1143/32 2974/1140/32
f 2978/1148/34 2975/1147/187 2976/1144/33
f 2980/1152/75 2977/1151/34 2978/1148/34
f 2982/1156/36 2979/1155/75 2980/1152/75
f 2984/1160/37 2981/1159/74 2982/1156/36
f 2986/1164/41 2983/1163/37 2984/1160/37
f 2988/1168/43 2985/1167/41 2986/1164/41
f 2990/1172/42 2987/1171/43 2988/1168/43
f 2992/1176/44 2989/1175/45 2990/1172/42
f 2994/1180/49 2991/1179/44 2992/1176/44
f 2996/1184/51 2993/1183/46 2994/1180/49
f 2998/1188/50 2995/1187/48 2996/1184/51
f 3000/1192/52 2997/1191/50 2998/1188/50
f 3002/1196/77 2999/1195/52 3000/1192/52
f 3004/1200/54 3001/1199/53 3002/1196/77
f 3006/1204/55 3003/1203/54 3004/1200/54
f 3008/1208/59 3005/1207/55 3006/1204/55
f 3010/1212/58 3007/1211/59 3008/1208/59
f 3012/1216/62 3009/1215/58 3010/1212/58
f 3014/1220/61 3011/1219/62 3012/1216/62
f 3016/1224/63 3013/1223/61 3014/1220/61
f 3018/1228/67 3015/1227/63 3016/1224/63
f 3020/1232/66 3017/1231/67 3018/1228/67
f 3022/1236/68 3019/1235/66 3020/1232/66
f 3024/1240/69 3021/1239/68 3022/1236/68
f 3026/1244/70 3023/1243/69 3024/1240/69
f 3028/1248/71 3025/1247/70 3026/1244/70
f 3030/1252/94 3027/1251/71 3028/1248/71
f 3032/1256/95 3029/1255/94 3030/1252/94
f 3034/1259/96 3031/204/95 3032/1256/95
f 3036/1263/97 3033/1262/96 3034/1259/96
f 3038/1267/98 3035/1266/97 3036/1263/97
f 3040/1271/99 3037/1270/98 3038/1267/98
f 3042/1275/103 3039/1274/99 3040/1271/99
f 3044/1279/102 3041/1278/103 3042/1275/103
f 3046/1283/104 3043/1282/102 3044/1279/102
f 3048/1287/105 3045/1286/104 3046/1283/104
f 3050/1291/106 3047/1290/105 3048/1287/105
f 3052/1295/107 3049/1294/106 3050/1291/106
f 3054/1299/109 3051/1298/110 3052/1295/107
f 3056/1303/113 3053/1302/109 3054/1299/109
f 3058/1307/112 3055/1306/111 3056/1303/113
f 3060/1311/114 3057/1310/112 3058/1307/112
f 3062/1315/117 3059/1314/114 3060/1311/114
f 3064/1319/119 3061/1318/115 3062/1315/117
f 3066/1323/118 3063/1322/116 3064/1319/119
f 3068/1327/120 3065/1326/118 3066/1323/118
f 3070/1331/121 3067/1330/120 3068/1327/120
f 3072/1335/123 3069/1334/121 3070/1331/121
f 3074/1339/125 3071/1338/123 3072/1335/123
f 3076/1343/129 3073/1342/125 3074/1339/125
f 3078/1347/128 3075/1346/126 3076/1343/129
f 3080/1351/150 3077/1350/128 3078/1347/128
f 3082/1355/151 3079/1354/150 3080/1351/150
f 3084/1359/154 3081/1358/188 3082/1355/151
f 3086/1363/153 3083/1362/154 3084/1359/154
f 3088/1367/157 3085/1366/153 3086/1363/153
f 3090/1371/159 3087/1370/157 3088/1367/157
f 3092/1375/158 3089/1374/159 3090/1371/159
f 3094/1379/162 3091/1378/158 3092/1375/158
f 3096/1383/164 3093/1382/160 3094/1379/162
f 3098/1387/163 3095/1386/161 3096/1383/164
f 3100/1391/165 3097/1390/163 3098/1387/163
f 3102/1395/166 3099/1394/165 3100/1391/165
f 3104/1399/167 3101/1398/168 3102/1395/166
f 3106/1403/171 3103/1402/167 3104/1399/167
f 3108/1407/170 3105/1406/169 3106/1403/171
f 3110/1411/172 3107/1410/170 3108/1407/170
f 3112/1415/173 3109/1414/172 3110/1411/172
f 3114/1419/174 3111/1418/173 3112/1415/173
f 3116/1423/176 3113/1422/174 3114/1419/174
f 3118/1427/177 3115/1426/176 3116/1423/176
f 3120/1431/178 3117/1430/177 3118/1427/177
f 3122/1435/180 3119/1434/178 3120/1431/178
f 3124/1439/181 3121/1438/180 3122/1435/180
f 3126/1443/182 3123/1442/181 3124/1439/181
f 3128/1447/183 3125/1446/182 3126/1443/182
f 3130/1451/184 3127/1450/183 3128/1447/183
f 2932/1455/8 3129/1454/184 3130/1451/184
f 3134/1060/154 3131/142/188 3132/1059/151
f 3136/1064/153 3133/1063/154 3134/1060/154
f 3138/1068/157 3135/1067/153 3136/1064/153
f 3140/1072/159 3137/1071/157 3138/1068/157
f 3142/1076/158 3139/1075/159 3140/1072/159
f 3144/1080/189 3141/1079/158 3142/1076/158
f 3146/1084/164 3143/1083/160 3144/1080/189
f 3148/1088/163 3145/1087/161 3146/1084/164
f 3150/1092/165 3147/1091/163 3148/1088/163
f 3152/1096/166 3149/1095/165 3150/1092/165
f 3154/1100/167 3151/1099/168 3152/1096/166
f 3156/1104/171 3153/1103/167 3154/1100/167
f 3158/1108/170 3155/1107/169 3156/1104/171
f 3160/1112/172 3157/1111/170 3158/1108/170
f 3162/1116/173 3159/1115/172 3160/1112/172
f 3164/1120/174 3161/1119/173 3162/1116/173
f 3166/1124/176 3163/1123/174 3164/1120/174
f 3168/1128/177 3165/1127/176 3166/1124/176
f 3170/1132/178 3167/1131/177 3168/1128/177
f 3172/1136/180 3169/1135/178 3170/1132/178
f 3174/1140/181 3171/1139/180 3172/1136/180
f 3176/1144/182 3173/1143/181 3174/1140/181
f 3178/1148/183 3175/1147/182 3176/1144/182
f 3180/1152/184 3177/1151/183 3178/1148/183
f 3182/1156/8 3179/1155/184 3180/1152/184
f 3184/1160/7 3181/1159/8 3182/1156/8
f 3186/1164/9 3183/1163/7 3184/1160/7
f 3188/1168/10 3185/1167/9 3186/1164/9
f 3190/1172/11 3187/1171/10 3188/1168/10
f 3192/1176/12 3189/1175/11 3190/1172/11
f 3194/1180/13 3191/1179/12 3192/1176/12
f 3196/1184/16 3193/1183/13 3194/1180/13
f 3198/1188/15 3195/1187/16 3196/1184/16
f 3200/1192/17 3197/1191/15 3198/1188/15
f 3202/1196/19 3199/1195/17 3200/1192/17
f 3204/1200/20 3201/1199/19 3202/1196/19
f 3206/1204/185 3203/1203/20 3204/1200/20
f 3208/1208/22 3205/1207/21 3206/1204/185
f 3210/1212/23 3207/1211/22 3208/1208/22
f 3212/1216/24 3209/1215/23 3210/1212/23
f 3214/1220/190 3211/1219/186 3212/1216/24
f 3216/1224/26 3213/1223/25 3214/1220/190
f 3218/1228/28 3215/1227/26 3216/1224/26
f 3220/1232/29 3217/1231/30 3218/1228/28
f 3222/1236/31 3219/1235/29 3220/1232/29
f 3224/1240/32 3221/1239/31 3222/1236/31
f 3226/1244/33 3223/1243/32 3224/1240/32
f 3228/1248/34 3225/1247/187 3226/1244/33
f 3230/1252/75 3227/1251/34 3228/1248/34
f 3232/1256/36 3229/1255/75 3230/1252/75
f 3234/1259/37 3231/204/74 3232/1256/36
f 3236/1263/41 3233/1262/37 3234/1259/37
f 3238/1267/43 3235/1266/41 3236/1263/41
f 3240/1271/42 3237/1270/43 3238/1267/43
f 3242/1275/44 3239/1274/45 3240/1271/42
f 3244/1279/49 3241/1278/44 3242/1275/44
f 3246/1283/51 3243/1282/46 3244/1279/49
f 3248/1287/50 3245/1286/48 3246/1283/51
f 3250/1291/52 3247/1290/50 3248/1287/50
f 3252/1295/77 3249/1294/52 3250/1291/52
f 3254/1299/54 3251/1298/53 3252/1295/77
f 3256/1303/55 3253/1302/54 3254/1299/54
f 3258/1307/59 3255/1306/55 3256/1303/55
f 3260/1311/58 3257/1310/59 3258/1307/59
f 3262/1315/191 3259/1314/58 3260/1311/58
f 3264/1319/61 3261/1318/191 3262/1315/191
f 3266/1323/63 3263/1322/61 3264/1319/61
f 3268/1327/67 3265/1326/63 3266/1323/63
f 3270/1331/66 3267/1330/67 3268/1327/67
f 3272/1335/68 3269/1334/66 3270/1331/66
f 3274/1339/69 3271/1338/68 3272/1335/68
f 3276/1343/70 3273/1342/69 3274/1339/69
f 3278/1347/71 3275/1346/70 3276/1343/70
f 3280/1351/94 3277/1350/71 3278/1347/71
f 3282/1355/95 3279/1354/94 3280/1351/94
f 3284/1359/96 3281/1358/95 3282/1355/95
f 3286/1363/97 3283/1362/96 3284/1359/96
f 3288/1367/98 3285/1366/97 3286/1363/97
f 3290/1371/99 3287/1370/98 3288/1367/98
f 3292/1375/103 3289/1374/99 3290/1371/99
f 3294/1379/102 3291/1378/103 3292/1375/103
f 3296/1383/192 3293/1382/102 3294/1379/102
f 3298/1387/105 3295/1386/192 3296/1383/192
f 3300/1391/106 3297/1390/105 3298/1387/105
f 3302/1395/107 3299/1394/106 3300/1391/106
f 3304/1399/109 3301/1398/110 3302/1395/107
f 3306/1403/113 3303/1402/109 3304/1399/109
f 3308/1407/112 3305/1406/111 3306/1403/113
f 3310/1411/114 3307/1410/112 3308/1407/112
f 3312/1415/117 3309/1414/114 3310/1411/114
f 3314/1419/119 3311/1418/115 3312/1415/117
f 3316/1423/118 3313/1422/116 3314/1419/119
f 3318/1427/120 3315/1426/118 3316/1423/118
f 3320/1431/121 3317/1430/120 3318/1427/120
f 3322/1435/123 3319/1434/121 3320/1431/121
f 3324/1439/125 3321/1438/123 3322/1435/123
f 3326/1443/129 3323/1442/125 3324/1439/125
f 3328/1447/128 3325/1446/126 3326/1443/129
f 3330/1451/150 3327/1450/128 3328/1447/128
f 3132/1455/151 3329/1454/150 3330/1451/150
f 3334/1457/193 3331/142/194 3332/1059/194
f 3336/1458/195 3333/1459/193 3334/1457/193
f 3338/1460/196 3335/1461/195 3336/1458/195
f 3340/1462/197 3337/1463/196 3338/1460/196
f 3342/1464/198 3339/1465/197 3340/1462/197
f 3344/1466/199 3341/1467/198 3342/1464/198
f 3346/1468/200 3343/1469/199 3344/1466/199
f 3348/1470/201 3345/1471/200 3346/1468/200
f 3350/1472/202 3347/1473/201 3348/1470/201
f 3352/1474/203 3349/1475/202 3350/1472/202
f 3354/1476/204 3351/1477/203 3352/1474/203
f 3356/1478/205 3353/1479/204 3354/1476/204
f 3358/1480/94 3355/1481/205 3356/1478/205
f 3360/1482/95 3357/1483/94 3358/1480/94
f 3362/1484/96 3359/1485/95 3360/1482/95
f 3364/1486/97 3361/1487/96 3362/1484/96
f 3366/1488/98 3363/1489/97 3364/1486/97
f 3368/1490/99 3365/1491/98 3366/1488/98
f 3370/1492/103 3367/1493/99 3368/1490/99
f 3372/1494/102 3369/1495/103 3370/1492/103
f 3374/1496/104 3371/1497/102 3372/1494/102
f 3376/1498/105 3373/1499/104 3374/1496/104
f 3378/1500/106 3375/1501/105 3376/1498/105
f 3380/1502/110 3377/1503/106 3378/1500/106
f 3382/1504/109 3379/1505/110 3380/1502/110
f 3384/1506/111 3381/1507/109 3382/1504/109
f 3386/1508/112 3383/1509/111 3384/1506/111
f 3388/1510/114 3385/1511/112 3386/1508/112
f 3390/1512/117 3387/1513/114 3388/1510/114
f 3392/1514/119 3389/1515/117 3390/1512/117
f 3394/1516/118 3391/1517/119 3392/1514/119
f 3396/1518/120 3393/1519/118 3394/1516/118
f 3398/1520/121 3395/1521/120 3396/1518/120
f 3400/1522/123 3397/1523/121 3398/1520/121
f 3402/1524/125 3399/1525/123 3400/1522/123
f 3404/1526/126 3401/1527/125 3402/1524/125
f 3406/1528/128 3403/1529/126 3404/1526/126
f 3408/1530/206 3405/1531/128 3406/1528/128
f 3410/1532/207 3407/1533/206 3408/1530/206
f 3412/1534/208 3409/1535/207 3410/1532/207
f 3414/1536/209 3411/1537/208 3412/1534/208
f 3416/1538/210 3413/1539/209 3414/1536/209
f 3418/1540/211 3415/1541/210 3416/1538/210
f 3420/1542/212 3417/1543/211 3418/1540/211
f 3422/1544/213 3419/1545/212 3420/1542/212
f 3424/1546/214 3421/1547/213 3422/1544/213
f 3426/1548/215 3423/1549/214 3424/1546/214
f 3428/1550/216 3425/1551/215 3426/1548/215
f 3430/1552/217 3427/1553/216 3428/1550/216
f 3432/1554/218 3429/1555/217 3430/1552/217
f 3434/1556/219 3431/1557/218 3432/1554/218
f 3436/1558/220 3433/1559/219 3434/1556/219
f 3438/1560/221 3435/1561/220 3436/1558/220
f 3440/1562/222 3437/1563/221 3438/1560/221
f 3442/1564/223 3439/1565/222 3440/1562/222
f 3444/1566/224 3441/1567/223 3442/1564/223
f 3446/1568/225 3443/1569/224 3444/1566/224
f 3448/1570/226 3445/1571/225 3446/1568/225
f 3450/1572/227 3447/1573/226 3448/1570/226
f 3452/1574/228 3449/1575/227 3450/1572/227
f 3454/1576/229 3451/1577/228 3452/1574/228
f 3456/1578/230 3453/1579/229 3454/1576/229
f 3458/1580/231 3455/1581/230 3456/1578/230
f 3460/1582/232 3457/1583/231 3458/1580/231
f 3462/1584/233 3459/1585/232 3460/1582/232
f 3464/1586/234 3461/1587/233 3462/1584/233
f 3466/1588/235 3463/1589/234 3464/1586/234
f 3468/1590/236 3465/1591/235 3466/1588/235
f 3470/1592/237 3467/1593/236 3468/1590/236
f 3472/1594/238 3469/1595/237 3470/1592/237
f 3474/1596/239 3471/1597/238 3472/1594/238
f 3476/1598/240 3473/1599/239 3474/1596/239
f 3478/1600/241 3475/1601/240 3476/1598/240
f 3480/1602/242 3477/1603/241 3478/1600/241
f 3482/1604/243 3479/1605/242 3480/1602/242
f 3484/1606/244 3481/1607/243 3482/1604/243
f 3486/1608/245 3483/1609/244 3484/1606/244
f 3488/1610/246 3485/1611/245 3486/1608/245
f 3490/1612/247 3487/1613/246 3488/1610/246
f 3492/1614/248 3489/1615/247 3490/1612/247
f 3494/1616/249 3491/1617/248 3492/1614/248
f 3496/1618/250 3493/1619/249 3494/1616/249
f 3498/1620/251 3495/1621/250 3496/1618/250
f 3500/1622/252 3497/1623/251 3498/1620/251
f 3502/1624/253 3499/1625/252 3500/1622/252
f 3504/1626/254 3501/1627/253 3502/1624/253
f 3506/1628/255 3503/1629/254 3504/1626/254
f 3508/1630/256 3505/1631/255 3506/1628/255
f 3510/1632/257 3507/1633/256 3508/1630/256
f 3512/1634/258 3509/1635/257 3510/1632/257
f 3514/1636/259 3511/1637/258 3512/1634/258
f 3516/1638/260 3513/1639/259 3514/1636/259
f 3518/1640/261 3515/1641/260 3516/1638/260
f 3520/1642/262 3517/1643/261 3518/1640/261
f 3522/1644/263 3519/1645/262 3520/1642/262
f 3524/1646/264 3521/1647/263 3522/1644/263
f 3526/1648/265 3523/1649/264 3524/1646/264
f 3528/1650/266 3525/1651/265 3526/1648/265
f 3530/1652/267 3527/1653/266 3528/1650/266
f 3532/1654/268 3529/1655/267 3530/1652/267
f 3534/1656/269 3531/1657/268 3532/1654/268
f 3536/1658/270 3533/1659/271 3534/1656/269
f 3538/1660/272 3535/1661/270 3536/1658/270
f 3540/1662/273 3537/1663/272 3538/1660/272
f 3542/1664/274 3539/1665/273 3540/1662/273
f 3544/1666/275 3541/1667/274 3542/1664/274
f 3546/1668/276 3543/1669/275 3544/1666/275
f 3548/1670/277 3545/1671/276 3546/1668/276
f 3550/1672/278 3547/1673/277 3548/1670/277
f 3552/1674/279 3549/1675/278 3550/1672/278
f 3554/1676/150 3551/1677/279 3552/1674/279
f 3556/1678/151 3553/1679/150 3554/1676/150
f 3558/1680/154 3555/1681/151 3556/1678/151
f 3560/1682/153 3557/1683/154 3558/1680/154
f 3562/1684/157 3559/1685/153 3560/1682/153
f 3564/1686/159 3561/1687/157 3562/1684/157
f 3566/1688/158 3563/1689/159 3564/1686/159
f 3568/1690/160 3565/1691/158 3566/1688/158
f 3570/1692/280 3567/1693/160 3568/1690/160
f 3572/1694/163 3569/1695/161 3570/1692/280
f 3574/1696/165 3571/1697/163 3572/1694/163
f 3576/1698/166 3573/1699/165 3574/1696/165
f 3578/1700/167 3575/1701/166 3576/1698/166
f 3580/1702/171 3577/1703/167 3578/1700/167
f 3582/1704/170 3579/1705/171 3580/1702/171
f 3584/1706/172 3581/1707/170 3582/1704/170
f 3586/1708/173 3583/1709/172 3584/1706/172
f 3588/1710/174 3585/1711/173 3586/1708/173
f 3590/1712/176 3587/1713/174 3588/1710/174
f 3592/1714/177 3589/1715/176 3590/1712/176
f 3594/1716/178 3591/1717/177 3592/1714/177
f 3596/1718/180 3593/1719/178 3594/1716/178
f 3598/1720/181 3595/1721/180 3596/1718/180
f 3600/1722/182 3597/1723/181 3598/1720/181
f 3602/1724/183 3599/1725/182 3600/1722/182
f 3604/1726/184 3601/1727/183 3602/1724/183
f 3606/1728/8 3603/1729/184 3604/1726/184
f 3608/1730/7 3605/1731/8 3606/1728/8
f 3610/1732/9 3607/1733/7 3608/1730/7
f 3612/1734/10 3609/1735/9 3610/1732/9
f 3614/1736/11 3611/1737/10 3612/1734/10
f 3616/1738/12 3613/1739/11 3614/1736/11
f 3618/1740/13 3615/1741/12 3616/1738/12
f 3620/1742/16 3617/1743/13 3618/1740/13
f 3622/1744/15 3619/1745/16 3620/1742/16
f 3624/1746/17 3621/1747/15 3622/1744/15
f 3626/1748/19 3623/1749/17 3624/1746/17
f 3628/1750/20 3625/1751/19 3626/1748/19
f 3630/1752/185 3627/1753/20 3628/1750/20
f 3632/1754/22 3629/1755/185 3630/1752/185
f 3634/1756/23 3631/1757/22 3632/1754/22
f 3636/1758/186 3633/1759/23 3634/1756/23
f 3638/1760/25 3635/1761/186 3636/1758/186
f 3640/1762/26 3637/1763/25 3638/1760/25
f 3642/1764/28 3639/1765/26 3640/1762/26
f 3644/1766/29 3641/1767/28 3642/1764/28
f 3646/1768/31 3643/1769/29 3644/1766/29
f 3648/1770/32 3645/1771/31 3646/1768/31
f 3650/1772/33 3647/1773/32 3648/1770/32
f 3652/1774/34 3649/1775/33 3650/1772/33
f 3654/1776/34 3651/1777/34 3652/1774/34
f 3656/1778/33 3653/1779/34 3654/1776/34
f 3658/1780/32 3655/1781/33 3656/1778/33
f 3660/1782/31 3657/1783/32 3658/1780/32
f 3662/1784/29 3659/1785/31 3660/1782/31
f 3664/1786/28 3661/1787/29 3662/1784/29
f 3666/1788/26 3663/1789/28 3664/1786/28
f 3668/1790/25 3665/1791/26 3666/1788/26
f 3670/1792/281 3667/1793/25 3668/1790/25
f 3672/1794/23 3669/1795/186 3670/1792/281
f 3674/1796/22 3671/1797/23 3672/1794/23
f 3676/1798/185 3673/1799/22 3674/1796/22
f 3678/1800/20 3675/1801/185 3676/1798/185
f 3680/1802/19 3677/1803/20 3678/1800/20
f 3682/1804/17 3679/1805/19 3680/1802/19
f 3684/1806/15 3681/1807/17 3682/1804/17
f 3686/1808/16 3683/1809/15 3684/1806/15
f 3688/1810/13 3685/1811/16 3686/1808/16
f 3690/1256/12 3687/1812/13 3688/1810/13
f 3692/1813/11 3689/204/12 3690/1256/12
f 3694/1814/10 3691/1815/11 3692/1813/11
f 3696/1816/9 3693/1817/10 3694/1814/10
f 3698/1818/7 3695/1819/9 3696/1816/9
f 3700/1820/8 3697/1821/7 3698/1818/7
f 3702/1822/184 3699/1823/8 3700/1820/8
f 3704/1824/184 3701/1825/184 3702/1822/184
f 3706/1826/8 3703/1827/184 3704/1824/184
f 3708/1828/7 3705/1829/8 3706/1826/8
f 3710/1830/9 3707/1831/7 3708/1828/7
f 3712/1832/10 3709/1833/9 3710/1830/9
f 3714/1834/11 3711/1835/10 3712/1832/10
f 3716/1836/12 3713/1837/11 3714/1834/11
f 3718/1838/13 3715/1839/12 3716/1836/12
f 3720/1840/16 3717/1841/13 3718/1838/13
f 3722/1842/15 3719/1843/16 3720/1840/16
f 3724/1844/17 3721/1845/15 3722/1842/15
f 3726/1846/19 3723/1847/17 3724/1844/17
f 3728/1848/20 3725/1849/19 3726/1846/19
f 3730/1850/185 3727/1851/20 3728/1848/20
f 3732/1852/22 3729/1853/185 3730/1850/185
f 3734/1854/23 3731/1855/22 3732/1852/22
f 3736/1856/186 3733/1857/23 3734/1854/23
f 3738/1858/25 3735/1859/281 3736/1856/186
f 3740/1860/26 3737/1861/25 3738/1858/25
f 3742/1862/28 3739/1863/26 3740/1860/26
f 3744/1864/29 3741/1865/28 3742/1862/28
f 3746/1866/31 3743/1867/29 3744/1864/29
f 3748/1868/32 3745/1869/31 3746/1866/31
f 3750/1870/33 3747/1871/32 3748/1868/32
f 3752/1872/282 3749/1873/33 3750/1870/33
f 3754/1874/283 3751/1875/282 3752/1872/282
f 3756/1876/284 3753/1877/285 3754/1874/283
f 3758/1878/286 3755/1879/284 3756/1876/284
f 3760/1880/287 3757/1881/286 3758/1878/286
f 3762/1882/288 3759/1883/287 3760/1880/287
f 3764/1884/289 3761/1885/290 3762/1882/288
f 3766/1886/291 3763/1887/289 3764/1884/289
f 3768/1888/292 3765/1889/291 3766/1886/291
f 3770/1890/293 3767/1891/292 3768/1888/292
f 3772/1892/294 3769/1893/293 3770/1890/293
f 3774/1894/295 3771/1895/294 3772/1892/294
f 3776/1896/296 3773/1897/295 3774/1894/295
f 3778/1898/55 3775/1899/296 3776/1896/296
f 3780/1900/59 3777/1901/55 3778/1898/55
f 3782/1902/58 3779/1903/59 3780/1900/59
f 3784/1904/62 3781/1905/58 3782/1902/58
f 3786/1906/61 3783/1907/62 3784/1904/62
f 3788/1908/63 3785/1909/61 3786/1906/61
f 3790/1910/67 3787/1911/63 3788/1908/63
f 3792/1912/66 3789/1913/67 3790/1910/67
f 3794/1914/68 3791/1915/66 3792/1912/66
f 3796/1916/69 3793/1917/68 3794/1914/68
f 3798/1918/70 3795/1919/69 3796/1916/69
f 3800/1920/71 3797/1921/70 3798/1918/70
f 3802/1922/297 3799/1923/71 3800/1920/71
f 3804/1924/298 3801/1925/297 3802/1922/297
f 3806/1926/299 3803/1927/298 3804/1924/298
f 3808/1928/300 3805/1929/299 3806/1926/299
f 3810/1930/301 3807/1931/300 3808/1928/300
f 3812/1932/302 3809/1933/301 3810/1930/301
f 3814/1934/303 3811/1935/302 3812/1932/302
f 3816/1936/304 3813/1937/303 3814/1934/303
f 3818/1938/305 3815/1939/304 3816/1936/304
f 3820/1940/306 3817/1941/305 3818/1938/305
f 3822/1942/307 3819/1943/306 3820/1940/306
f 3824/1944/308 3821/1945/307 3822/1942/307
f 3826/1946/309 3823/1947/308 3824/1944/308
f 3828/1948/310 3825/1949/309 3826/1946/309
f 3830/1950/311 3827/1951/310 3828/1948/310
f 3832/1952/312 3829/1953/311 3830/1950/311
f 3834/1954/51 3831/1955/312 3832/1952/312
f 3836/1956/313 3833/1957/51 3834/1954/51
f 3838/1958/314 3835/1959/313 3836/1956/313
f 3840/1960/315 3837/1961/316 3838/1958/314
f 3842/1962/317 3839/1963/315 3840/1960/315
f 3844/1964/318 3841/1965/317 3842/1962/317
f 3846/1966/319 3843/1967/318 3844/1964/318
f 3848/1968/320 3845/1969/319 3846/1966/319
f 3850/1970/321 3847/1971/320 3848/1968/320
f 3852/1972/34 3849/1973/321 3850/1970/321
f 3854/1974/33 3851/1975/34 3852/1972/34
f 3856/1976/32 3853/1977/33 3854/1974/33
f 3858/1978/31 3855/1979/32 3856/1976/32
f 3860/1980/29 3857/1981/31 3858/1978/31
f 3862/1982/28 3859/1983/29 3860/1980/29
f 3864/1984/26 3861/1985/28 3862/1982/28
f 3866/1986/25 3863/1987/26 3864/1984/26
f 3868/1988/186 3865/1989/25 3866/1986/25
f 3870/1990/23 3867/1991/186 3868/1988/186
f 3872/1992/22 3869/1993/23 3870/1990/23
f 3874/1994/185 3871/1995/22 3872/1992/22
f 3876/1996/20 3873/1997/185 3874/1994/185
f 3878/1998/19 3875/1999/20 3876/1996/20
f 3880/2000/17 3877/2001/19 3878/1998/19
f 3882/2002/15 3879/2003/17 3880/2000/17
f 3884/2004/16 3881/2005/15 3882/2002/15
f 3886/2006/13 3883/2007/16 3884/2004/16
f 3888/2008/12 3885/2009/13 3886/2006/13
f 3890/2010/11 3887/2011/12 3888/2008/12
f 3892/2012/10 3889/2013/11 3890/2010/11
f 3894/2014/9 3891/2015/10 3892/2012/10
f 3896/2016/7 3893/2017/9 3894/2014/9
f 3898/2018/8 3895/2019/7 3896/2016/7
f 3900/2020/184 3897/2021/8 3898/2018/8
f 3902/2022/322 3899/2023/184 3900/2020/184
f 3904/2024/323 3901/2025/322 3902/2022/322
f 3906/2026/324 3903/2027/323 3904/2024/323
f 3908/2028/325 3905/2029/324 3906/2026/324
f 3910/2030/326 3907/2031/325 3908/2028/325
f 3912/2032/327 3909/2033/326 3910/2030/326
f 3914/2034/328 3911/2035/327 3912/2032/327
f 3916/2036/329 3913/2037/328 3914/2034/328
f 3918/2038/330 3915/2039/329 3916/2036/329
f 3920/2040/331 3917/2041/330 3918/2038/330
f 3922/2042/332 3919/2043/331 3920/2040/331
f 3924/2044/333 3921/2045/332 3922/2042/332
f 3926/2046/334 3923/2047/333 3924/2044/333
f 3928/2048/335 3925/2049/334 3926/2046/334
f 3930/2050/336 3927/2051/335 3928/2048/335
f 3932/2052/337 3929/2053/336 3930/2050/336
f 3934/2054/186 3931/2055/337 3932/2052/337
f 3936/2056/338 3933/2057/186 3934/2054/186
f 3938/2058/339 3935/2059/338 3936/2056/338
f 3940/2060/340 3937/2061/339 3938/2058/339
f 3942/2062/341 3939/2063/340 3940/2060/340
f 3944/2064/342 3941/2065/341 3942/2062/341
f 3946/2066/343 3943/2067/342 3944/2064/342
f 3948/2068/344 3945/2069/343 3946/2066/343
f 3950/2070/345 3947/2071/344 3948/2068/344
f 3952/2072/74 3949/2073/345 3950/2070/345
f 3954/2074/37 3951/2075/74 3952/2072/74
f 3956/2076/41 3953/2077/37 3954/2074/37
f 3958/2078/43 3955/2079/41 3956/2076/41
f 3960/2080/45 3957/2081/43 3958/2078/43
f 3962/2082/44 3959/2083/45 3960/2080/45
f 3964/2084/49 3961/2085/44 3962/2082/44
f 3966/2086/51 3963/2087/49 3964/2084/49
f 3968/2088/50 3965/2089/51 3966/2086/51
f 3970/2090/52 3967/2091/50 3968/2088/50
f 3972/2092/53 3969/2093/52 3970/2090/52
f 3974/2094/54 3971/2095/53 3972/2092/53
f 3976/2096/55 3973/2097/54 3974/2094/54
f 3978/2098/59 3975/2099/55 3976/2096/55
f 3980/2100/58 3977/2101/59 3978/2098/59
f 3982/2102/62 3979/2103/58 3980/2100/58
f 3984/2104/61 3981/2105/62 3982/2102/62
f 3986/2106/63 3983/2107/61 3984/2104/61
f 3988/2108/67 3985/2109/63 3986/2106/63
f 3990/2110/66 3987/2111/67 3988/2108/67
f 3992/2112/68 3989/2113/66 3990/2110/66
f 3994/2114/69 3991/2115/68 3992/2112/68
f 3996/2116/70 3993/2117/69 3994/2114/69
f 3998/2118/71 3995/2119/70 3996/2116/70
f 4000/2120/346 3997/2121/71 3998/2118/71
f 4002/2122/347 3999/2123/346 4000/2120/346
f 4004/2124/348 4001/2125/347 4002/2122/347
f 4006/2126/349 4003/2127/348 4004/2124/348
f 4008/2128/350 4005/2129/349 4006/2126/349
f 4010/2130/351 4007/2131/350 4008/2128/350
f 4012/2132/352 4009/2133/351 4010/2130/351
f 4014/2134/353 4011/2135/352 4012/2132/352
f 4016/2136/354 4013/2137/353 4014/2134/353
f 4018/2138/355 4015/2139/354 4016/2136/354
f 4020/2140/356 4017/2141/355 4018/2138/355
f 4022/2142/357 4019/2143/356 4020/2140/356
f 4024/2144/358 4021/2145/357 4022/2142/357
f 4026/2146/359 4023/2147/358 4024/2144/358
f 4028/2148/359 4025/2149/359 4026/2146/359
f 4030/2150/359 4027/2151/359 4028/2148/359
f 4032/2152/359 4029/2153/359 4030/2150/359
f 4034/2154/359 4031/2155/359 4032/2152/359
f 4036/2156/359 4033/2157/359 4034/2154/359
f 4038/2158/359 4035/2159/359 4036/2156/359
f 4040/2160/359 4037/2161/359 4038/2158/359
f 4042/2162/359 4039/2163/359 4040/2160/359
f 4044/2164/359 4041/2165/359 4042/2162/359
f 4046/2166/359 4043/2167/359 4044/2164/359
f 3332/1455/194 4045/2168/359 4046/2166/359
f 4050/2169/360 4047/142/361 4048/1059/361
f 4052/2170/362 4049/2171/363 4050/2169/360
f 4054/2172/364 4051/2173/362 4052/2170/362
f 4056/2174/365 4053/2175/366 4054/2172/364
f 4058/2176/367 4055/2177/365 4056/2174/365
f 4060/2178/368 4057/2179/367 4058/2176/367
f 4062/2180/369 4059/2181/368 4060/2178/368
f 4064/2182/370 4061/2183/369 4062/2180/369
f 4066/2184/371 4063/2185/370 4064/2182/370
f 4068/2186/372 4065/2187/371 4066/2184/371
f 4070/2188/373 4067/2189/372 4068/2186/372
f 4072/2190/374 4069/2191/373 4070/2188/373
f 4074/2192/375 4071/2193/374 4072/2190/374
f 4076/2194/376 4073/2195/375 4074/2192/375
f 4078/2196/377 4075/2197/376 4076/2194/376
f 4080/2198/378 4077/2199/377 4078/2196/377
f 4082/2200/379 4079/2201/380 4080/2198/378
f 4084/2202/381 4081/2203/379 4082/2200/379
f 4086/2204/382 4083/2205/381 4084/2202/381
f 4088/2206/383 4085/2207/382 4086/2204/382
f 4090/2208/384 4087/2209/383 4088/2206/383
f 4092/2210/385 4089/2211/386 4090/2208/384
f 4094/2212/387 4091/2213/385 4092/2210/385
f 4096/2214/74 4093/2215/388 4094/2212/387
f 4098/2216/37 4095/2217/74 4096/2214/74
f 4100/2218/41 4097/2219/37 4098/2216/37
f 4102/2220/43 4099/2221/41 4100/2218/41
f 4104/2222/42 4101/2223/43 4102/2220/43
f 4106/2224/44 4103/2225/45 4104/2222/42
f 4108/2226/49 4105/2227/44 4106/2224/44
f 4110/2228/51 4107/2229/46 4108/2226/49
f 4112/2230/50 4109/2231/48 4110/2228/51
f 4114/2232/52 4111/2233/50 4112/2230/50
f 4116/2234/77 4113/2235/52 4114/2232/52
f 4118/2236/76 4115/2237/53 4116/2234/77
f 4120/2238/78 4117/2239/76 4118/2236/76
f 4122/2240/80 4119/2241/81 4120/2238/78
f 4124/2242/82 4121/2243/80 4122/2240/80
f 4126/2244/83 4123/2245/82 4124/2242/82
f 4128/2246/84 4125/2247/83 4126/2244/83
f 4130/2248/86 4127/2249/84 4128/2246/84
f 4132/2250/89 4129/2251/86 4130/2248/86
f 4134/1156/88 4131/2252/89 4132/2250/89
f 4136/2253/90 4133/1159/88 4134/1156/88
f 4138/2254/91 4135/2255/90 4136/2253/90
f 4140/2256/389 4137/2257/91 4138/2254/91
f 4142/2258/390 4139/2259/92 4140/2256/389
f 4144/2260/204 4141/2261/390 4142/2258/390
f 4146/2262/203 4143/2263/204 4144/2260/204
f 4148/2264/202 4145/2265/203 4146/2262/203
f 4150/2266/201 4147/2267/202 4148/2264/202
f 4152/2268/200 4149/2269/201 4150/2266/201
f 4154/2270/199 4151/2271/200 4152/2268/200
f 4156/2272/198 4153/2273/199 4154/2270/199
f 4158/2274/197 4155/2275/198 4156/2272/198
f 4160/2276/196 4157/2277/197 4158/2274/197
f 4162/2278/195 4159/2279/196 4160/2276/196
f 4164/2280/193 4161/2281/195 4162/2278/195
f 4166/2282/391 4163/2283/193 4164/2280/193
f 4168/2284/359 4165/2285/194 4166/2282/391
f 4170/2286/359 4167/2287/359 4168/2284/359
f 4172/2288/359 4169/2289/359 4170/2286/359
f 4174/2290/359 4171/2291/359 4172/2288/359
f 4176/2292/359 4173/2293/359 4174/2290/359
f 4178/2294/359 4175/2295/359 4176/2292/359
f 4180/2296/359 4177/2297/359 4178/2294/359
f 4182/2298/359 4179/2299/359 4180/2296/359
f 4184/2300/359 4181/2301/359 4182/2298/359
f 4186/2302/359 4183/2303/359 4184/2300/359
f 4188/2304/359 4185/2305/359 4186/2302/359
f 4190/2306/194 4187/2307/359 4188/2304/359
f 4192/2308/193 4189/2309/194 4190/2306/194
f 4194/2310/195 4191/2311/193 4192/2308/193
f 4196/2312/196 4193/2313/195 4194/2310/195
f 4198/2314/197 4195/2315/196 4196/2312/196
f 4200/2316/198 4197/2317/197 4198/2314/197
f 4202/2318/199 4199/2319/198 4200/2316/198
f 4204/2320/200 4201/2321/199 4202/2318/199
f 4206/2322/201 4203/2323/200 4204/2320/200
f 4208/2324/202 4205/2325/201 4206/2322/201
f 4210/2326/203 4207/2327/202 4208/2324/202
f 4212/2328/204 4209/2329/203 4210/2326/203
f 4214/2330/205 4211/2331/204 4212/2328/204
f 4216/2332/94 4213/2333/205 4214/2330/205
f 4218/2334/95 4215/2335/94 4216/2332/94
f 4220/1256/96 4217/2336/95 4218/2334/95
f 4222/2337/97 4219/204/96 4220/1256/96
f 4224/2338/98 4221/2339/97 4222/2337/97
f 4226/2340/99 4223/2341/98 4224/2338/98
f 4228/2342/103 4225/2343/99 4226/2340/99
f 4230/2344/102 4227/2345/103 4228/2342/103
f 4232/2346/192 4229/2347/102 4230/2344/102
f 4234/2348/105 4231/2349/104 4232/2346/192
f 4236/2350/106 4233/2351/105 4234/2348/105
f 4238/2352/110 4235/2353/106 4236/2350/106
f 4240/2354/109 4237/2355/110 4238/2352/110
f 4242/2356/111 4239/2357/109 4240/2354/109
f 4244/2358/112 4241/2359/111 4242/2356/111
f 4246/2360/114 4243/2361/112 4244/2358/112
f 4248/2362/117 4245/2363/114 4246/2360/114
f 4250/2364/119 4247/2365/115 4248/2362/117
f 4252/2366/118 4249/2367/119 4250/2364/119
f 4254/2368/120 4251/2369/118 4252/2366/118
f 4256/2370/121 4253/2371/120 4254/2368/120
f 4258/2372/123 4255/2373/121 4256/2370/121
f 4260/2374/125 4257/2375/123 4258/2372/123
f 4262/2376/126 4259/2377/125 4260/2374/125
f 4264/2378/128 4261/2379/126 4262/2376/126
f 4266/2380/150 4263/2381/128 4264/2378/128
f 4268/2382/151 4265/2383/150 4266/2380/150
f 4270/2384/154 4267/2385/151 4268/2382/151
f 4272/2386/153 4269/2387/154 4270/2384/154
f 4274/2388/157 4271/2389/153 4272/2386/153
f 4276/2390/159 4273/2391/157 4274/2388/157
f 4278/2392/158 4275/2393/159 4276/2390/159
f 4280/2394/160 4277/2395/158 4278/2392/158
f 4282/2396/164 4279/2397/160 4280/2394/160
f 4284/2398/163 4281/2399/161 4282/2396/164
f 4286/2400/165 4283/2401/163 4284/2398/163
f 4288/2402/168 4285/2403/165 4286/2400/165
f 4290/2404/167 4287/2405/166 4288/2402/168
f 4292/2406/171 4289/2407/167 4290/2404/167
f 4294/2408/170 4291/2409/171 4292/2406/171
f 4296/2410/172 4293/2411/170 4294/2408/170
f 4298/2412/173 4295/2413/172 4296/2410/172
f 4300/2414/174 4297/2415/173 4298/2412/173
f 4302/2416/176 4299/2417/174 4300/2414/174
f 4304/2418/177 4301/2419/176 4302/2416/176
f 4306/1355/178 4303/2420/177 4304/2418/177
f 4308/2421/180 4305/1358/178 4306/1355/178
f 4310/2422/181 4307/2423/180 4308/2421/180
f 4312/2424/182 4309/2425/181 4310/2422/181
f 4314/2426/183 4311/2427/182 4312/2424/182
f 4316/2428/184 4313/2429/183 4314/2426/183
f 4318/2430/8 4315/2431/184 4316/2428/184
f 4320/2432/7 4317/2433/8 4318/2430/8
f 4322/2434/9 4319/2435/7 4320/2432/7
f 4324/2436/10 4321/2437/9 4322/2434/9
f 4326/2438/11 4323/2439/10 4324/2436/10
f 4328/2440/12 4325/2441/11 4326/2438/11
f 4330/2442/13 4327/2443/12 4328/2440/12
f 4332/2444/16 4329/2445/13 4330/2442/13
f 4334/2446/15 4331/2447/16 4332/2444/16
f 4336/2448/17 4333/2449/15 4334/2446/15
f 4338/2450/19 4335/2451/17 4336/2448/17
f 4340/2452/20 4337/2453/19 4338/2450/19
f 4342/2454/185 4339/2455/20 4340/2452/20
f 4344/2456/22 4341/2457/21 4342/2454/185
f 4346/2458/23 4343/2459/22 4344/2456/22
f 4348/2460/24 4345/2461/23 4346/2458/23
f 4350/2462/25 4347/2463/186 4348/2460/24
f 4352/2464/26 4349/2465/25 4350/2462/25
f 4354/2466/28 4351/2467/26 4352/2464/26
f 4356/2468/29 4353/2469/28 4354/2466/28
f 4358/2470/31 4355/2471/29 4356/2468/29
f 4360/2472/32 4357/2473/31 4358/2470/31
f 4362/2474/33 4359/2475/32 4360/2472/32
f 4364/2476/34 4361/2477/187 4362/2474/33
f 4366/2478/392 4363/2479/34 4364/2476/34
f 4368/2480/393 4365/2481/392 4366/2478/392
f 4370/2482/394 4367/2483/393 4368/2480/393
f 4372/2484/395 4369/2485/394 4370/2482/394
f 4374/2486/396 4371/2487/395 4372/2484/395
f 4376/2488/397 4373/2489/396 4374/2486/396
f 4378/2490/398 4375/2491/397 4376/2488/397
f 4380/2492/399 4377/2493/398 4378/2490/398
f 4382/2494/400 4379/2495/399 4380/2492/399
f 4384/2496/401 4381/2497/400 4382/2494/400
f 4386/2498/402 4383/2499/401 4384/2496/401
f 4388/2500/403 4385/2501/402 4386/2498/402
f 4390/2502/404 4387/2503/403 4388/2500/403
f 4048/1455/361 4389/2504/404 4390/2502/404
f 4394/1060/32 4391/142/33 4392/1059/33
f 4396/1064/31 4393/1063/32 4394/1060/32
f 4398/1068/29 4395/1067/31 4396/1064/31
f 4400/1072/28 4397/1071/405 4398/1068/29
f 4402/1076/26 4399/1075/30 4400/1072/28
f 4404/1080/25 4401/1079/26 4402/1076/26
f 4406/1084/281 4403/1083/25 4404/1080/25
f 4408/1088/23 4405/1087/24 4406/1084/281
f 4410/1092/22 4407/1091/23 4408/1088/23
f 4412/1096/21 4409/1095/22 4410/1092/22
f 4414/1100/20 4411/1099/185 4412/1096/21
f 4416/1104/406 4413/1103/20 4414/1100/20
f 4418/1108/17 4415/1107/19 4416/1104/406
f 4420/1112/15 4417/1111/407 4418/1108/17
f 4422/1116/16 4419/1115/15 4420/1112/15
f 4424/1120/13 4421/1119/14 4422/1116/16
f 4426/1124/12 4423/1123/13 4424/1120/13
f 4428/1128/11 4425/1127/12 4426/1124/12
f 4430/1132/10 4427/1131/11 4428/1128/11
f 4432/1136/9 4429/1135/10 4430/1132/10
f 4434/1140/7 4431/1139/9 4432/1136/9
f 4436/1144/8 4433/1143/7 4434/1140/7
f 4438/1148/184 4435/1147/8 4436/1144/8
f 4440/1152/408 4437/1151/184 4438/1148/184
f 4442/1156/409 4439/1155/408 4440/1152/408
f 4444/1160/410 4441/1159/409 4442/1156/409
f 4446/1164/411 4443/1163/410 4444/1160/410
f 4448/1168/412 4445/1167/411 4446/1164/411
f 4450/1172/413 4447/1171/412 4448/1168/412
f 4452/1176/414 4449/1175/413 4450/1172/413
f 4454/1180/415 4451/1179/414 4452/1176/414
f 4456/1184/173 4453/1183/415 4454/1180/415
f 4458/1188/416 4455/1187/173 4456/1184/173
f 4460/1192/417 4457/1191/416 4458/1188/416
f 4462/1196/418 4459/1195/417 4460/1192/417
f 4464/1200/419 4461/1199/420 4462/1196/418
f 4466/1204/421 4463/1203/419 4464/1200/419
f 4468/1208/422 4465/1207/421 4466/1204/421
f 4470/1212/423 4467/1211/424 4468/1208/422
f 4472/1216/425 4469/1215/423 4470/1212/423
f 4474/1220/426 4471/1219/425 4472/1216/425
f 4476/1224/427 4473/1223/426 4474/1220/426
f 4478/1228/428 4475/1227/427 4476/1224/427
f 4480/1232/429 4477/1231/428 4478/1228/428
f 4482/1236/430 4479/1235/429 4480/1232/429
f 4484/1240/431 4481/1239/432 4482/1236/430
f 4486/1244/433 4483/1243/431 4484/1240/431
f 4488/1248/434 4485/1247/433 4486/1244/433
f 4490/1252/206 4487/1251/434 4488/1248/434
f 4492/1256/435 4489/1255/206 4490/1252/206
f 4494/1259/436 4491/204/435 4492/1256/435
f 4496/1263/437 4493/1262/438 4494/1259/436
f 4498/1267/439 4495/1266/437 4496/1263/437
f 4500/1271/440 4497/1270/439 4498/1267/439
f 4502/1275/441 4499/1274/442 4500/1271/440
f 4504/1279/443 4501/1278/441 4502/1275/441
f 4506/1283/444 4503/1282/443 4504/1279/443
f 4508/1287/445 4505/1286/444 4506/1283/444
f 4510/1291/446 4507/1290/445 4508/1287/445
f 4512/1295/447 4509/1294/446 4510/1291/446
f 4514/1299/109 4511/1298/447 4512/1295/447
f 4516/1303/448 4513/1302/109 4514/1299/109
f 4518/1307/449 4515/1306/448 4516/1303/448
f 4520/1311/450 4517/1310/451 4518/1307/449
f 4522/1315/452 4519/1314/453 4520/1311/450
f 4524/1319/454 4521/1318/452 4522/1315/452
f 4526/1323/455 4523/1322/454 4524/1319/454
f 4528/1327/456 4525/1326/455 4526/1323/455
f 4530/1331/457 4527/1330/458 4528/1327/456
f 4532/1335/459 4529/1334/457 4530/1331/457
f 4534/1339/460 4531/1338/461 4532/1335/459
f 4536/1343/462 4533/1342/463 4534/1339/460
f 4538/1347/464 4535/1346/462 4536/1343/462
f 4540/1351/297 4537/1350/464 4538/1347/464
f 4542/1355/298 4539/1354/297 4540/1351/297
f 4544/1359/299 4541/1358/298 4542/1355/298
f 4546/1363/300 4543/1362/299 4544/1359/299
f 4548/1367/301 4545/1366/300 4546/1363/300
f 4550/1371/302 4547/1370/301 4548/1367/301
f 4552/1375/303 4549/1374/302 4550/1371/302
f 4554/1379/304 4551/1378/303 4552/1375/303
f 4556/1383/465 4553/1382/304 4554/1379/304
f 4558/1387/306 4555/1386/305 4556/1383/465
f 4560/1391/466 4557/1390/306 4558/1387/306
f 4562/1395/308 4559/1394/467 4560/1391/466
f 4564/1399/309 4561/1398/308 4562/1395/308
f 4566/1403/310 4563/1402/309 4564/1399/309
f 4568/1407/311 4565/1406/310 4566/1403/310
f 4570/1411/312 4567/1410/311 4568/1407/311
f 4572/1415/51 4569/1414/312 4570/1411/312
f 4574/1419/313 4571/1418/51 4572/1415/51
f 4576/1423/314 4573/1422/313 4574/1419/313
f 4578/1427/315 4575/1426/316 4576/1423/314
f 4580/1431/317 4577/1430/315 4578/1427/315
f 4582/1435/318 4579/1434/317 4580/1431/317
f 4584/1439/319 4581/1438/318 4582/1435/318
f 4586/1443/320 4583/1442/319 4584/1439/319
f 4588/1447/321 4585/1446/320 4586/1443/320
f 4590/1451/34 4587/1450/468 4588/1447/321
f 4392/1455/33 4589/1454/34 4590/1451/34
f 4594/2505/469 4591/142/470 4592/1059/470
f 4596/2506/471 4593/2507/469 4594/2505/469
f 4598/2508/472 4595/2509/471 4596/2506/471
f 4600/2510/473 4597/2511/472 4598/2508/472
f 4602/2512/474 4599/2513/473 4600/2510/473
f 4604/2514/475 4601/2515/474 4602/2512/474
f 4606/2516/476 4603/2517/477 4604/2514/475
f 4608/2518/478 4605/2519/479 4606/2516/476
f 4610/2520/480 4607/2521/481 4608/2518/478
f 4612/2522/482 4609/2523/480 4610/2520/480
f 4614/2524/483 4611/2525/482 4612/2522/482
f 4616/2526/484 4613/2527/483 4614/2524/483
f 4618/2528/485 4615/2529/484 4616/2526/484
f 4620/2530/486 4617/2531/485 4618/2528/485
f 4622/2532/487 4619/2533/488 4620/2530/486
f 4624/2534/489 4621/2535/487 4622/2532/487
f 4626/2536/490 4623/2537/489 4624/2534/489
f 4628/2538/491 4625/2539/490 4626/2536/490
f 4630/2540/492 4627/2541/491 4628/2538/491
f 4632/2542/493 4629/2543/492 4630/2540/492
f 4634/2544/494 4631/2545/495 4632/2542/493
f 4636/2546/496 4633/2547/494 4634/2544/494
f 4638/2548/497 4635/2549/496 4636/2546/496
f 4640/2550/482 4637/2551/497 4638/2548/497
f 4642/2552/480 4639/2553/482 4640/2550/482
f 4644/2554/481 4641/2555/480 4642/2552/480
f 4646/2556/476 4643/2557/478 4644/2554/481
f 4648/2558/475 4645/2559/479 4646/2556/476
f 4650/2560/474 4647/2561/477 4648/2558/475
f 4652/2562/473 4649/2563/474 4650/2560/474
f 4654/2564/472 4651/2565/473 4652/2562/473
f 4656/2566/471 4653/2567/472 4654/2564/472
f 4658/2568/469 4655/2569/471 4656/2566/471
f 4660/2570/470 4657/2571/469 4658/2568/469
f 4662/2572/498 4659/2573/470 4660/2570/470
f 4664/2574/499 4661/2575/498 4662/2572/498
f 4666/2576/500 4663/2577/499 4664/2574/499
f 4668/2578/501 4665/2579/500 4666/2576/500
f 4670/2580/502 4667/2581/501 4668/2578/501
f 4672/2582/503 4669/2583/502 4670/2580/502
f 4674/2584/504 4671/2585/503 4672/2582/503
f 4676/2586/505 4673/2587/504 4674/2584/504
f 4678/2588/506 4675/2589/507 4676/2586/505
f 4680/2590/16 4677/2591/506 4678/2588/506
f 4682/2592/508 4679/2593/16 4680/2590/16
f 4684/2594/509 4681/2595/510 4682/2592/508
f 4686/1136/511 4683/2596/509 4684/2594/509
f 4688/2597/512 4685/1139/513 4686/1136/511
f 4690/2598/514 4687/2599/512 4688/2597/512
f 4692/2600/515 4689/2601/514 4690/2598/514
f 4694/2602/516 4691/2603/517 4692/2600/515
f 4696/2604/518 4693/2605/519 4694/2602/516
f 4698/2606/520 4695/2607/521 4696/2604/518
f 4700/2608/522 4697/2609/520 4698/2606/520
f 4702/2610/523 4699/2611/524 4700/2608/522
f 4704/2612/525 4701/2613/526 4702/2610/523
f 4706/2614/527 4703/2615/528 4704/2612/525
f 4708/2616/529 4705/2617/530 4706/2614/527
f 4710/2618/531 4707/2619/532 4708/2616/529
f 4712/2620/533 4709/2621/534 4710/2618/531
f 4714/2622/535 4711/2623/533 4712/2620/533
f 4716/2624/536 4713/2625/535 4714/2622/535
f 4718/2626/537 4715/2627/538 4716/2624/536
f 4720/2628/539 4717/2629/540 4718/2626/537
f 4722/2630/541 4719/2631/542 4720/2628/539
f 4724/2632/543 4721/2633/544 4722/2630/541
f 4726/2634/545 4723/2635/546 4724/2632/543
f 4728/2636/547 4725/2637/545 4726/2634/545
f 4730/2638/548 4727/2639/547 4728/2636/547
f 4732/2640/549 4729/2641/548 4730/2638/548
f 4734/2642/550 4731/2643/551 4732/2640/549
f 4736/2644/552 4733/2645/553 4734/2642/550
f 4738/2646/54 4735/2647/554 4736/2644/552
f 4740/2648/555 4737/2649/54 4738/2646/54
f 4742/2650/556 4739/2651/555 4740/2648/555
f 4744/2652/557 4741/2653/556 4742/2650/556
f 4746/2654/305 4743/2655/557 4744/2652/557
f 4748/2656/558 4745/2657/305 4746/2654/305
f 4750/2658/559 4747/2659/558 4748/2656/558
f 4752/2660/560 4749/2661/559 4750/2658/559
f 4754/2662/561 4751/2663/562 4752/2660/560
f 4756/2664/563 4753/2665/561 4754/2662/561
f 4758/2666/564 4755/2667/563 4756/2664/563
f 4760/2668/565 4757/2669/564 4758/2666/564
f 4762/2670/566 4759/2671/565 4760/2668/565
f 4764/2672/567 4761/2673/566 4762/2670/566
f 4766/2674/568 4763/2675/567 4764/2672/567
f 4768/2676/569 4765/2677/568 4766/2674/568
f 4770/2678/570 4767/2679/569 4768/2676/569
f 4772/2680/571 4769/2681/570 4770/2678/570
f 4774/2682/572 4771/2683/571 4772/2680/571
f 4776/2684/573 4773/2685/572 4774/2682/572
f 4778/2686/574 4775/2687/573 4776/2684/573
f 4780/1216/575 4777/2688/574 4778/2686/574
f 4782/2689/576 4779/1219/575 4780/1216/575
f 4784/2690/577 4781/2691/576 4782/2689/576
f 4786/2692/578 4783/2693/577 4784/2690/577
f 4788/2694/579 4785/2695/578 4786/2692/578
f 4790/2696/580 4787/2697/579 4788/2694/579
f 4792/2698/581 4789/2699/580 4790/2696/580
f 4794/2700/582 4791/2701/581 4792/2698/581
f 4796/2702/583 4793/2703/582 4794/2700/582
f 4798/2704/584 4795/2705/583 4796/2702/583
f 4800/2706/585 4797/2707/586 4798/2704/584
f 4802/2708/587 4799/2709/588 4800/2706/585
f 4804/2710/589 4801/2711/587 4802/2708/587
f 4806/2712/590 4803/2713/591 4804/2710/589
f 4808/2714/592 4805/2715/593 4806/2712/590
f 4810/2716/594 4807/2717/592 4808/2714/592
f 4812/2718/595 4809/2719/596 4810/2716/594
f 4814/2720/597 4811/2721/595 4812/2718/595
f 4816/2722/598 4813/2723/597 4814/2720/597
f 4818/2724/599 4815/2725/598 4816/2722/598
f 4820/2726/600 4817/2727/599 4818/2724/599
f 4822/2728/601 4819/2729/602 4820/2726/600
f 4824/2730/603 4821/2731/601 4822/2728/601
f 4826/2732/604 4823/2733/605 4824/2730/603
f 4828/2734/606 4825/2735/607 4826/2732/604
f 4830/2736/608 4827/2737/609 4828/2734/606
f 4832/2738/610 4829/2739/608 4830/2736/608
f 4834/2740/611 4831/2741/610 4832/2738/610
f 4836/2742/612 4833/2743/611 4834/2740/611
f 4838/2744/613 4835/2745/612 4836/2742/612
f 4840/2746/614 4837/2747/613 4838/2744/613
f 4842/2748/615 4839/2749/614 4840/2746/614
f 4844/2750/616 4841/2751/615 4842/2748/615
f 4846/2752/617 4843/2753/616 4844/2750/616
f 4848/2754/618 4845/2755/617 4846/2752/617
f 4850/2756/619 4847/2757/618 4848/2754/618
f 4852/2758/620 4849/2759/619 4850/2756/619
f 4854/2760/621 4851/2761/620 4852/2758/620
f 4856/2762/622 4853/2763/621 4854/2760/621
f 4858/2764/623 4855/2765/622 4856/2762/622
f 4860/2766/624 4857/2767/623 4858/2764/623
f 4862/2768/625 4859/2769/624 4860/2766/624
f 4864/2770/626 4861/2771/625 4862/2768/625
f 4866/2772/627 4863/2773/626 4864/2770/626
f 4868/2774/628 4865/2775/629 4866/2772/627
f 4870/2776/630 4867/2777/628 4868/2774/628
f 4872/2778/631 4869/2779/630 4870/2776/630
f 4874/1295/632 4871/2780/633 4872/2778/631
f 4876/2781/634 4873/1298/632 4874/1295/632
f 4878/2782/330 4875/2783/634 4876/2781/634
f 4880/2784/635 4877/2785/330 4878/2782/330
f 4882/2786/636 4879/2787/635 4880/2784/635
f 4884/2788/637 4881/2789/636 4882/2786/636
f 4886/2790/20 4883/2791/638 4884/2788/637
f 4888/2792/639 4885/2793/20 4886/2790/20
f 4890/2794/640 4887/2795/641 4888/2792/639
f 4892/2796/642 4889/2797/643 4890/2794/640
f 4894/2798/518 4891/2799/644 4892/2796/642
f 4896/2800/645 4893/2801/518 4894/2798/518
f 4898/2802/646 4895/2803/645 4896/2800/645
f 4900/2804/647 4897/2805/646 4898/2802/646
f 4902/2806/648 4899/2807/649 4900/2804/647
f 4904/2808/650 4901/2809/651 4902/2806/648
f 4906/2810/652 4903/2811/653 4904/2808/650
f 4908/2812/654 4905/2813/655 4906/2810/652
f 4910/2814/345 4907/2815/656 4908/2812/654
f 4912/2816/657 4909/2817/345 4910/2814/345
f 4914/2818/658 4911/2819/659 4912/2816/657
f 4916/2820/660 4913/2821/661 4914/2818/658
f 4918/2822/662 4915/2823/663 4916/2820/660
f 4920/2824/664 4917/2825/665 4918/2822/662
f 4922/2826/666 4919/2827/667 4920/2824/664
f 4924/2828/668 4921/2829/669 4922/2826/666
f 4926/2830/670 4923/2831/668 4924/2828/668
f 4928/2832/671 4925/2833/548 4926/2830/670
f 4930/2834/672 4927/2835/673 4928/2832/671
f 4932/2836/674 4929/2837/675 4930/2834/672
f 4934/2838/676 4931/2839/674 4932/2836/674
f 4936/2840/677 4933/2841/676 4934/2838/676
f 4938/2842/678 4935/2843/677 4936/2840/677
f 4940/2844/679 4937/2845/678 4938/2842/678
f 4942/2846/62 4939/2847/680 4940/2844/679
f 4944/2848/681 4941/2849/62 4942/2846/62
f 4946/2850/682 4943/2851/681 4944/2848/681
f 4948/2852/683 4945/2853/682 4946/2850/682
f 4950/2854/684 4947/2855/683 4948/2852/683
f 4952/2856/685 4949/2857/684 4950/2854/684
f 4954/2858/686 4951/2859/685 4952/2856/685
f 4956/2860/687 4953/2861/686 4954/2858/686
f 4958/2862/688 4955/2863/687 4956/2860/687
f 4960/2864/94 4957/2865/688 4958/2862/688
f 4962/2866/95 4959/2867/94 4960/2864/94
f 4964/2868/96 4961/2869/95 4962/2866/95
f 4966/2870/97 4963/2871/96 4964/2868/96
f 4968/1375/98 4965/2872/97 4966/2870/97
f 4970/2873/99 4967/1378/98 4968/1375/98
f 4972/2874/103 4969/2875/99 4970/2873/99
f 4974/2876/102 4971/2877/103 4972/2874/103
f 4976/2878/147 4973/2879/102 4974/2876/102
f 4978/2880/105 4975/2881/104 4976/2878/147
f 4980/2882/106 4977/2883/105 4978/2880/105
f 4982/2884/110 4979/2885/106 4980/2882/106
f 4984/2886/109 4981/2887/110 4982/2884/110
f 4986/2888/111 4983/2889/109 4984/2886/109
f 4988/2890/112 4985/2891/113 4986/2888/111
f 4990/2892/114 4987/2893/112 4988/2890/112
f 4992/2894/115 4989/2895/114 4990/2892/114
f 4994/2896/116 4991/2897/117 4992/2894/115
f 4996/2898/118 4993/2899/119 4994/2896/116
f 4998/2900/120 4995/2901/118 4996/2898/118
f 5000/2902/121 4997/2903/120 4998/2900/120
f 5002/2904/123 4999/2905/121 5000/2902/121
f 5004/2906/125 5001/2907/123 5002/2904/123
f 5006/2908/126 5003/2909/125 5004/2906/125
f 5008/2910/128 5005/2911/126 5006/2908/126
f 5010/2912/689 5007/2913/128 5008/2910/128
f 5012/2914/690 5009/2915/691 5010/2912/689
f 5014/2916/692 5011/2917/690 5012/2914/690
f 5016/2918/693 5013/2919/692 5014/2916/692
f 5018/2920/694 5015/2921/693 5016/2918/693
f 5020/2922/695 5017/2923/694 5018/2920/694
f 5022/2924/696 5019/2925/695 5020/2922/695
f 5024/2926/697 5021/2927/698 5022/2924/696
f 5026/2928/161 5023/2929/697 5024/2926/697
f 5028/2930/699 5025/2931/161 5026/2928/161
f 5030/2932/700 5027/2933/699 5028/2930/699
f 5032/2934/701 5029/2935/702 5030/2932/700
f 5034/2936/703 5031/2937/704 5032/2934/701
f 5036/2938/705 5033/2939/703 5034/2936/703
f 5038/2940/706 5035/2941/705 5036/2938/705
f 5040/2942/707 5037/2943/708 5038/2940/706
f 5042/2944/709 5039/2945/707 5040/2942/707
f 5044/2946/710 5041/2947/711 5042/2944/709
f 5046/2948/712 5043/2949/710 5044/2946/710
f 5048/2950/713 5045/2951/712 5046/2948/712
f 5050/2952/714 5047/2953/713 5048/2950/713
f 5052/2954/715 5049/2955/714 5050/2952/714
f 5054/2956/716 5051/2957/715 5052/2954/715
f 5056/2958/717 5053/2959/716 5054/2956/716
f 5058/2960/718 5055/2961/717 5056/2958/717
f 5060/2962/498 5057/2963/718 5058/2960/718
f 4592/1455/470 5059/2964/498 5060/2962/498
f 2534/1058/7 2533/1061/7 2531/142/8
f 2536/1060/9 2535/1063/9 2533/1061/7
f 2538/1062/10 2537/1065/10 2535/1063/9
f 2540/1064/11 2539/1067/11 2537/1065/10
f 2542/1066/12 2541/1069/12 2539/1067/11
f 2544/1068/13 2543/1071/13 2541/1069/12
f 2546/1070/14 2545/1073/16 2543/1071/13
f 2548/1072/15 2547/1075/18 2545/1073/16
f 2550/1074/17 2549/1077/17 2547/1075/18
f 2552/1076/19 2551/1079/19 2549/1077/17
f 2554/1078/20 2553/1081/20 2551/1079/19
f 2556/1080/21 2555/1083/21 2553/1081/20
f 2558/1082/22 2557/1085/22 2555/1083/21
f 2560/1084/23 2559/1087/23 2557/1085/22
f 2562/1086/24 2561/1089/24 2559/1087/23
f 2564/1088/25 2563/1091/27 2561/1089/24
f 2566/1090/26 2565/1093/26 2563/1091/27
f 2568/1092/28 2567/1095/30 2565/1093/26
f 2570/1094/29 2569/1097/29 2567/1095/30
f 2572/1096/31 2571/1099/31 2569/1097/29
f 2574/1098/32 2573/1101/32 2571/1099/31
f 2576/1100/33 2575/1103/33 2573/1101/32
f 2578/1102/34 2577/1105/34 2575/1103/33
f 2580/1104/35 2579/1107/35 2577/1105/34
f 2582/1106/36 2581/1109/36 2579/1107/35
f 2584/1108/37 2583/1111/39 2581/1109/36
f 2586/1110/38 2585/1113/41 2583/1111/39
f 2588/1112/40 2587/1115/43 2585/1113/41
f 2590/1114/42 2589/1117/45 2587/1115/43
f 2592/1116/44 2591/1119/47 2589/1117/45
f 2594/1118/46 2593/1121/49 2591/1119/47
f 2596/1120/48 2595/1123/51 2593/1121/49
f 2598/1122/50 2597/1125/50 2595/1123/51
f 2600/1124/52 2599/1127/52 2597/1125/50
f 2602/1126/53 2601/1129/53 2599/1127/52
f 2604/1128/54 2603/1131/54 2601/1129/53
f 2606/1130/55 2605/1133/57 2603/1131/54
f 2608/1132/56 2607/1135/59 2605/1133/57
f 2610/1134/58 2609/1137/58 2607/1135/59
f 2612/1136/60 2611/1139/62 2609/1137/58
f 2614/1138/61 2613/1141/61 2611/1139/62
f 2616/1140/63 2615/1143/65 2613/1141/61
f 2618/1142/64 2617/1145/67 2615/1143/65
f 2620/1144/66 2619/1147/66 2617/1145/67
f 2622/1146/68 2621/1149/68 2619/1147/66
f 2624/1148/69 2623/1151/69 2621/1149/68
f 2626/1150/70 2625/1153/70 2623/1151/69
f 2628/1152/71 2627/1155/71 2625/1153/70
f 2630/1154/71 2629/1157/71 2627/1155/71
f 2632/1156/70 2631/1159/70 2629/1157/71
f 2634/1158/69 2633/1161/69 2631/1159/70
f 2636/1160/68 2635/1163/68 2633/1161/69
f 2638/1162/66 2637/1165/66 2635/1163/68
f 2640/1164/67 2639/1167/64 2637/1165/66
f 2642/1166/63 2641/1169/63 2639/1167/64
f 2644/1168/61 2643/1171/61 2641/1169/63
f 2646/1170/62 2645/1173/60 2643/1171/61
f 2648/1172/58 2647/1175/58 2645/1173/60
f 2650/1174/59 2649/1177/56 2647/1175/58
f 2652/1176/57 2651/1179/55 2649/1177/56
f 2654/1178/54 2653/1181/54 2651/1179/55
f 2656/1180/53 2655/1183/53 2653/1181/54
f 2658/1182/52 2657/1185/52 2655/1183/53
f 2660/1184/50 2659/1187/50 2657/1185/52
f 2662/1186/48 2661/1189/72 2659/1187/50
f 2664/1188/49 2663/1191/49 2661/1189/72
f 2666/1190/44 2665/1193/44 2663/1191/49
f 2668/1192/45 2667/1195/73 2665/1193/44
f 2670/1194/43 2669/1197/40 2667/1195/73
f 2672/1196/41 2671/1199/41 2669/1197/40
f 2674/1198/37 2673/1201/37 2671/1199/41
f 2676/1200/74 2675/1203/74 2673/1201/37
f 2678/1202/75 2677/1205/75 2675/1203/74
f 2680/1204/75 2679/1207/75 2677/1205/75
f 2682/1206/74 2681/1209/74 2679/1207/75
f 2684/1208/39 2683/1211/37 2681/1209/74
f 2686/1210/41 2685/1213/38 2683/1211/37
f 2688/1212/43 2687/1215/43 2685/1213/38
f 2690/1214/42 2689/1217/42 2687/1215/43
f 2692/1216/47 2691/1219/44 2689/1217/42
f 2694/1218/49 2693/1221/46 2691/1219/44
f 2696/1220/51 2695/1223/72 2693/1221/46
f 2698/1222/50 2697/1225/50 2695/1223/72
f 2700/1224/52 2699/1227/52 2697/1225/50
f 2702/1226/53 2701/1229/77 2699/1227/52
f 2704/1228/76 2703/1231/79 2701/1229/77
f 2706/1230/78 2705/1233/81 2703/1231/79
f 2708/1232/80 2707/1235/80 2705/1233/81
f 2710/1234/82 2709/1237/82 2707/1235/80
f 2712/1236/83 2711/1239/85 2709/1237/82
f 2714/1238/84 2713/1241/84 2711/1239/85
f 2716/1240/86 2715/1243/86 2713/1241/84
f 2718/1242/87 2717/1245/89 2715/1243/86
f 2720/1244/88 2719/1247/88 2717/1245/89
f 2722/1246/90 2721/1249/90 2719/1247/88
f 2724/1248/91 2723/1251/91 2721/1249/90
f 2726/1250/92 2725/1253/92 2723/1251/91
f 2728/1252/93 2727/1255/93 2725/1253/92
f 2730/1254/94 2729/1257/94 2727/1255/93
f 2732/1256/95 2731/204/95 2729/1257/94
f 2734/1258/96 2733/1260/96 2731/204/95
f 2736/1259/97 2735/1262/97 2733/1260/96
f 2738/1261/98 2737/1264/98 2735/1262/97
f 2740/1263/99 2739/1266/101 2737/1264/98
f 2742/1265/100 2741/1268/103 2739/1266/101
f 2744/1267/102 2743/1270/102 2741/1268/103
f 2746/1269/104 2745/1272/104 2743/1270/102
f 2748/1271/105 2747/1274/105 2745/1272/104
f 2750/1273/106 2749/1276/108 2747/1274/105
f 2752/1275/107 2751/1278/110 2749/1276/108
f 2754/1277/109 2753/1280/109 2751/1278/110
f 2756/1279/111 2755/1282/113 2753/1280/109
f 2758/1281/112 2757/1284/112 2755/1282/113
f 2760/1283/114 2759/1286/114 2757/1284/112
f 2762/1285/115 2761/1288/117 2759/1286/114
f 2764/1287/116 2763/1290/119 2761/1288/117
f 2766/1289/118 2765/1292/118 2763/1290/119
f 2768/1291/120 2767/1294/122 2765/1292/118
f 2770/1293/121 2769/1296/124 2767/1294/122
f 2772/1295/123 2771/1298/123 2769/1296/124
f 2774/1297/125 2773/1300/127 2771/1298/123
f 2776/1299/126 2775/1302/129 2773/1300/127
f 2778/1301/128 2777/1304/130 2775/1302/129
f 2780/1303/128 2779/1306/128 2777/1304/130
f 2782/1305/126 2781/1308/126 2779/1306/128
f 2784/1307/125 2783/1310/127 2781/1308/126
f 2786/1309/131 2785/1312/123 2783/1310/127
f 2788/1311/121 2787/1314/124 2785/1312/123
f 2790/1313/120 2789/1316/122 2787/1314/124
f 2792/1315/118 2791/1318/132 2789/1316/122
f 2794/1317/116 2793/1320/119 2791/1318/132
f 2796/1319/115 2795/1322/115 2793/1320/119
f 2798/1321/114 2797/1324/114 2795/1322/115
f 2800/1323/112 2799/1326/112 2797/1324/114
f 2802/1325/111 2801/1328/111 2799/1326/112
f 2804/1327/133 2803/1330/133 2801/1328/111
f 2806/1329/134 2805/1332/134 2803/1330/133
f 2808/1331/135 2807/1334/135 2805/1332/134
f 2810/1333/136 2809/1336/136 2807/1334/135
f 2812/1335/137 2811/1338/137 2809/1336/136
f 2814/1337/138 2813/1340/138 2811/1338/137
f 2816/1339/139 2815/1342/139 2813/1340/138
f 2818/1341/140 2817/1344/142 2815/1342/139
f 2820/1343/141 2819/1346/141 2817/1344/142
f 2822/1345/143 2821/1348/143 2819/1346/141
f 2824/1347/144 2823/1350/144 2821/1348/143
f 2826/1349/145 2825/1352/145 2823/1350/144
f 2828/1351/146 2827/1354/146 2825/1352/145
f 2830/1353/94 2829/1356/94 2827/1354/146
f 2832/1355/95 2831/1358/95 2829/1356/94
f 2834/1357/96 2833/1360/96 2831/1358/95
f 2836/1359/97 2835/1362/97 2833/1360/96
f 2838/1361/98 2837/1364/98 2835/1362/97
f 2840/1363/101 2839/1366/99 2837/1364/98
f 2842/1365/103 2841/1368/103 2839/1366/99
f 2844/1367/102 2843/1370/102 2841/1368/103
f 2846/1369/147 2845/1372/104 2843/1370/102
f 2848/1371/105 2847/1374/105 2845/1372/104
f 2850/1373/106 2849/1376/106 2847/1374/105
f 2852/1375/110 2851/1378/107 2849/1376/106
f 2854/1377/109 2853/1380/109 2851/1378/107
f 2856/1379/111 2855/1382/111 2853/1380/109
f 2858/1381/112 2857/1384/112 2855/1382/111
f 2860/1383/114 2859/1386/114 2857/1384/112
f 2862/1385/117 2861/1388/115 2859/1386/114
f 2864/1387/119 2863/1390/116 2861/1388/115
f 2866/1389/132 2865/1392/118 2863/1390/116
f 2868/1391/120 2867/1394/148 2865/1392/118
f 2870/1393/121 2869/1396/149 2867/1394/148
f 2872/1395/123 2871/1398/131 2869/1396/149
f 2874/1397/127 2873/1400/125 2871/1398/131
f 2876/1399/129 2875/1402/126 2873/1400/125
f 2878/1401/130 2877/1404/128 2875/1402/126
f 2880/1403/150 2879/1406/150 2877/1404/128
f 2882/1405/151 2881/1408/151 2879/1406/150
f 2884/1407/152 2883/1410/154 2881/1408/151
f 2886/1409/153 2885/1412/153 2883/1410/154
f 2888/1411/155 2887/1414/157 2885/1412/153
f 2890/1413/156 2889/1416/159 2887/1414/157
f 2892/1415/158 2891/1418/158 2889/1416/159
f 2894/1417/160 2893/1420/162 2891/1418/158
f 2896/1419/161 2895/1422/164 2893/1420/162
f 2898/1421/163 2897/1424/163 2895/1422/164
f 2900/1423/165 2899/1426/165 2897/1424/163
f 2902/1425/166 2901/1428/168 2899/1426/165
f 2904/1427/167 2903/1430/167 2901/1428/168
f 2906/1429/169 2905/1432/171 2903/1430/167
f 2908/1431/170 2907/1434/170 2905/1432/171
f 2910/1433/172 2909/1436/172 2907/1434/170
f 2912/1435/173 2911/1438/175 2909/1436/172
f 2914/1437/174 2913/1440/174 2911/1438/175
f 2916/1439/176 2915/1442/176 2913/1440/174
f 2918/1441/177 2917/1444/179 2915/1442/176
f 2920/1443/178 2919/1446/178 2917/1444/179
f 2922/1445/180 2921/1448/180 2919/1446/178
f 2924/1447/181 2923/1450/181 2921/1448/180
f 2926/1449/182 2925/1452/182 2923/1450/181
f 2928/1451/183 2927/1454/183 2925/1452/182
f 2930/1453/184 2929/1456/184 2927/1454/183
f 2532/1455/8 2531/74/8 2929/1456/184
f 2934/1060/7 2933/1063/7 2931/142/8
f 2936/1064/9 2935/1067/9 2933/1063/7
f 2938/1068/10 2937/1071/10 2935/1067/9
f 2940/1072/11 2939/1075/11 2937/1071/10
f 2942/1076/12 2941/1079/12 2939/1075/11
f 2944/1080/13 2943/1083/13 2941/1079/12
f 2946/1084/16 2945/1087/16 2943/1083/13
f 2948/1088/15 2947/1091/15 2945/1087/16
f 2950/1092/17 2949/1095/17 2947/1091/15
f 2952/1096/19 2951/1099/19 2949/1095/17
f 2954/1100/20 2953/1103/20 2951/1099/19
f 2956/1104/185 2955/1107/21 2953/1103/20
f 2958/1108/22 2957/1111/22 2955/1107/21
f 2960/1112/23 2959/1115/23 2957/1111/22
f 2962/1116/24 2961/1119/186 2959/1115/23
f 2964/1120/27 2963/1123/25 2961/1119/186
f 2966/1124/26 2965/1127/26 2963/1123/25
f 2968/1128/28 2967/1131/30 2965/1127/26
f 2970/1132/29 2969/1135/29 2967/1131/30
f 2972/1136/31 2971/1139/31 2969/1135/29
f 2974/1140/32 2973/1143/32 2971/1139/31
f 2976/1144/33 2975/1147/187 2973/1143/32
f 2978/1148/34 2977/1151/34 2975/1147/187
f 2980/1152/75 2979/1155/75 2977/1151/34
f 2982/1156/36 2981/1159/74 2979/1155/75
f 2984/1160/37 2983/1163/37 2981/1159/74
f 2986/1164/41 2985/1167/41 2983/1163/37
f 2988/1168/43 2987/1171/43 2985/1167/41
f 2990/1172/42 2989/1175/45 2987/1171/43
f 2992/1176/44 2991/1179/44 2989/1175/45
f 2994/1180/49 2993/1183/46 2991/1179/44
f 2996/1184/51 2995/1187/48 2993/1183/46
f 2998/1188/50 2997/1191/50 2995/1187/48
f 3000/1192/52 2999/1195/52 2997/1191/50
f 3002/1196/77 3001/1199/53 2999/1195/52
f 3004/1200/54 3003/1203/54 3001/1199/53
f 3006/1204/55 3005/1207/55 3003/1203/54
f 3008/1208/59 3007/1211/59 3005/1207/55
f 3010/1212/58 3009/1215/58 3007/1211/59
f 3012/1216/62 3011/1219/62 3009/1215/58
f 3014/1220/61 3013/1223/61 3011/1219/62
f 3016/1224/63 3015/1227/63 3013/1223/61
f 3018/1228/67 3017/1231/67 3015/1227/63
f 3020/1232/66 3019/1235/66 3017/1231/67
f 3022/1236/68 3021/1239/68 3019/1235/66
f 3024/1240/69 3023/1243/69 3021/1239/68
f 3026/1244/70 3025/1247/70 3023/1243/69
f 3028/1248/71 3027/1251/71 3025/1247/70
f 3030/1252/94 3029/1255/94 3027/1251/71
f 3032/1256/95 3031/204/95 3029/1255/94
f 3034/1259/96 3033/1262/96 3031/204/95
f 3036/1263/97 3035/1266/97 3033/1262/96
f 3038/1267/98 3037/1270/98 3035/1266/97
f 3040/1271/99 3039/1274/99 3037/1270/98
f 3042/1275/103 3041/1278/103 3039/1274/99
f 3044/1279/102 3043/1282/102 3041/1278/103
f 3046/1283/104 3045/1286/104 3043/1282/102
f 3048/1287/105 3047/1290/105 3045/1286/104
f 3050/1291/106 3049/1294/106 3047/1290/105
f 3052/1295/107 3051/1298/110 3049/1294/106
f 3054/1299/109 3053/1302/109 3051/1298/110
f 3056/1303/113 3055/1306/111 3053/1302/109
f 3058/1307/112 3057/1310/112 3055/1306/111
f 3060/1311/114 3059/1314/114 3057/1310/112
f 3062/1315/117 3061/1318/115 3059/1314/114
f 3064/1319/119 3063/1322/116 3061/1318/115
f 3066/1323/118 3065/1326/118 3063/1322/116
f 3068/1327/120 3067/1330/120 3065/1326/118
f 3070/1331/121 3069/1334/121 3067/1330/120
f 3072/1335/123 3071/1338/123 3069/1334/121
f 3074/1339/125 3073/1342/125 3071/1338/123
f 3076/1343/129 3075/1346/126 3073/1342/125
f 3078/1347/128 3077/1350/128 3075/1346/126
f 3080/1351/150 3079/1354/150 3077/1350/128
f 3082/1355/151 3081/1358/188 3079/1354/150
f 3084/1359/154 3083/1362/154 3081/1358/188
f 3086/1363/153 3085/1366/153 3083/1362/154
f 3088/1367/157 3087/1370/157 3085/1366/153
f 3090/1371/159 3089/1374/159 3087/1370/157
f 3092/1375/158 3091/1378/158 3089/1374/159
f 3094/1379/162 3093/1382/160 3091/1378/158
f 3096/1383/164 3095/1386/161 3093/1382/160
f 3098/1387/163 3097/1390/163 3095/1386/161
f 3100/1391/165 3099/1394/165 3097/1390/163
f 3102/1395/166 3101/1398/168 3099/1394/165
f 3104/1399/167 3103/1402/167 3101/1398/168
f 3106/1403/171 3105/1406/169 3103/1402/167
f 3108/1407/170 3107/1410/170 3105/1406/169
f 3110/1411/172 3109/1414/172 3107/1410/170
f 3112/1415/173 3111/1418/173 3109/1414/172
f 3114/1419/174 3113/1422/174 3111/1418/173
f 3116/1423/176 3115/1426/176 3113/1422/174
f 3118/1427/177 3117/1430/177 3115/1426/176
f 3120/1431/178 3119/1434/178 3117/1430/177
f 3122/1435/180 3121/1438/180 3119/1434/178
f 3124/1439/181 3123/1442/181 3121/1438/180
f 3126/1443/182 3125/1446/182 3123/1442/181
f 3128/1447/183 3127/1450/183 3125/1446/182
f 3130/1451/184 3129/1454/184 3127/1450/183
f 2932/1455/8 2931/74/8 3129/1454/184
f 3134/1060/154 3133/1063/154 3131/142/188
f 3136/1064/153 3135/1067/153 3133/1063/154
f 3138/1068/157 3137/1071/157 3135/1067/153
f 3140/1072/159 3139/1075/159 3137/1071/157
f 3142/1076/158 3141/1079/158 3139/1075/159
f 3144/1080/189 3143/1083/160 3141/1079/158
f 3146/1084/164 3145/1087/161 3143/1083/160
f 3148/1088/163 3147/1091/163 3145/1087/161
f 3150/1092/165 3149/1095/165 3147/1091/163
f 3152/1096/166 3151/1099/168 3149/1095/165
f 3154/1100/167 3153/1103/167 3151/1099/168
f 3156/1104/171 3155/1107/169 3153/1103/167
f 3158/1108/170 3157/1111/170 3155/1107/169
f 3160/1112/172 3159/1115/172 3157/1111/170
f 3162/1116/173 3161/1119/173 3159/1115/172
f 3164/1120/174 3163/1123/174 3161/1119/173
f 3166/1124/176 3165/1127/176 3163/1123/174
f 3168/1128/177 3167/1131/177 3165/1127/176
f 3170/1132/178 3169/1135/178 3167/1131/177
f 3172/1136/180 3171/1139/180 3169/1135/178
f 3174/1140/181 3173/1143/181 3171/1139/180
f 3176/1144/182 3175/1147/182 3173/1143/181
f 3178/1148/183 3177/1151/183 3175/1147/182
f 3180/1152/184 3179/1155/184 3177/1151/183
f 3182/1156/8 3181/1159/8 3179/1155/184
f 3184/1160/7 3183/1163/7 3181/1159/8
f 3186/1164/9 3185/1167/9 3183/1163/7
f 3188/1168/10 3187/1171/10 3185/1167/9
f 3190/1172/11 3189/1175/11 3187/1171/10
f 3192/1176/12 3191/1179/12 3189/1175/11
f 3194/1180/13 3193/1183/13 3191/1179/12
f 3196/1184/16 3195/1187/16 3193/1183/13
f 3198/1188/15 3197/1191/15 3195/1187/16
f 3200/1192/17 3199/1195/17 3197/1191/15
f 3202/1196/19 3201/1199/19 3199/1195/17
f 3204/1200/20 3203/1203/20 3201/1199/19
f 3206/1204/185 3205/1207/21 3203/1203/20
f 3208/1208/22 3207/1211/22 3205/1207/21
f 3210/1212/23 3209/1215/23 3207/1211/22
f 3212/1216/24 3211/1219/186 3209/1215/23
f 3214/1220/190 3213/1223/25 3211/1219/186
f 3216/1224/26 3215/1227/26 3213/1223/25
f 3218/1228/28 3217/1231/30 3215/1227/26
f 3220/1232/29 3219/1235/29 3217/1231/30
f 3222/1236/31 3221/1239/31 3219/1235/29
f 3224/1240/32 3223/1243/32 3221/1239/31
f 3226/1244/33 3225/1247/187 3223/1243/32
f 3228/1248/34 3227/1251/34 3225/1247/187
f 3230/1252/75 3229/1255/75 3227/1251/34
f 3232/1256/36 3231/204/74 3229/1255/75
f 3234/1259/37 3233/1262/37 3231/204/74
f 3236/1263/41 3235/1266/41 3233/1262/37
f 3238/1267/43 3237/1270/43 3235/1266/41
f 3240/1271/42 3239/1274/45 3237/1270/43
f 3242/1275/44 3241/1278/44 3239/1274/45
f 3244/1279/49 3243/1282/46 3241/1278/44
f 3246/1283/51 3245/1286/48 3243/1282/46
f 3248/1287/50 3247/1290/50 3245/1286/48
f 3250/1291/52 3249/1294/52 3247/1290/50
f 3252/1295/77 3251/1298/53 3249/1294/52
f 3254/1299/54 3253/1302/54 3251/1298/53
f 3256/1303/55 3255/1306/55 3253/1302/54
f 3258/1307/59 3257/1310/59 3255/1306/55
f 3260/1311/58 3259/1314/58 3257/1310/59
f 3262/1315/191 3261/1318/191 3259/1314/58
f 3264/1319/61 3263/1322/61 3261/1318/191
f 3266/1323/63 3265/1326/63 3263/1322/61
f 3268/1327/67 3267/1330/67 3265/1326/63
f 3270/1331/66 3269/1334/66 3267/1330/67
f 3272/1335/68 3271/1338/68 3269/1334/66
f 3274/1339/69 3273/1342/69 3271/1338/68
f 3276/1343/70 3275/1346/70 3273/1342/69
f 3278/1347/71 3277/1350/71 3275/1346/70
f 3280/1351/94 3279/1354/94 3277/1350/71
f 3282/1355/95 3281/1358/95 3279/1354/94
f 3284/1359/96 3283/1362/96 3281/1358/95
f 3286/1363/97 3285/1366/97 3283/1362/96
f 3288/1367/98 3287/1370/98 3285/1366/97
f 3290/1371/99 3289/1374/99 3287/1370/98
f 3292/1375/103 3291/1378/103 3289/1374/99
f 3294/1379/102 3293/1382/102 3291/1378/103
f 3296/1383/192 3295/1386/192 3293/1382/102
f 3298/1387/105 3297/1390/105 3295/1386/192
f 3300/1391/106 3299/1394/106 3297/1390/105
f 3302/1395/107 3301/1398/110 3299/1394/106
f 3304/1399/109 3303/1402/109 3301/1398/110
f 3306/1403/113 3305/1406/111 3303/1402/109
f 3308/1407/112 3307/1410/112 3305/1406/111
f 3310/1411/114 3309/1414/114 3307/1410/112
f 3312/1415/117 3311/1418/115 3309/1414/114
f 3314/1419/119 3313/1422/116 3311/1418/115
f 3316/1423/118 3315/1426/118 3313/1422/116
f 3318/1427/120 3317/1430/120 3315/1426/118
f 3320/1431/121 3319/1434/121 3317/1430/120
f 3322/1435/123 3321/1438/123 3319/1434/121
f 3324/1439/125 3323/1442/125 3321/1438/123
f 3326/1443/129 3325/1446/126 3323/1442/125
f 3328/1447/128 3327/1450/128 3325/1446/126
f 3330/1451/150 3329/1454/150 3327/1450/128
f 3132/1455/151 3131/74/188 3329/1454/150
f 3334/1457/193 3333/1459/193 3331/142/194
f 3336/1458/195 3335/1461/195 3333/1459/193
f 3338/1460/196 3337/1463/196 3335/1461/195
f 3340/1462/197 3339/1465/197 3337/1463/196
f 3342/1464/198 3341/1467/198 3339/1465/197
f 3344/1466/199 3343/1469/199 3341/1467/198
f 3346/1468/200 3345/1471/200 3343/1469/199
f 3348/1470/201 3347/1473/201 3345/1471/200
f 3350/1472/202 3349/1475/202 3347/1473/201
f 3352/1474/203 3351/1477/203 3349/1475/202
f 3354/1476/204 3353/1479/204 3351/1477/203
f 3356/1478/205 3355/1481/205 3353/1479/204
f 3358/1480/94 3357/1483/94 3355/1481/205
f 3360/1482/95 3359/1485/95 3357/1483/94
f 3362/1484/96 3361/1487/96 3359/1485/95
f 3364/1486/97 3363/1489/97 3361/1487/96
f 3366/1488/98 3365/1491/98 3363/1489/97
f 3368/1490/99 3367/1493/99 3365/1491/98
f 3370/1492/103 3369/1495/103 3367/1493/99
f 3372/1494/102 3371/1497/102 3369/1495/103
f 3374/1496/104 3373/1499/104 3371/1497/102
f 3376/1498/105 3375/1501/105 3373/1499/104
f 3378/1500/106 3377/1503/106 3375/1501/105
f 3380/1502/110 3379/1505/110 3377/1503/106
f 3382/1504/109 3381/1507/109 3379/1505/110
f 3384/1506/111 3383/1509/111 3381/1507/109
f 3386/1508/112 3385/1511/112 3383/1509/111
f 3388/1510/114 3387/1513/114 3385/1511/112
f 3390/1512/117 3389/1515/117 3387/1513/114
f 3392/1514/119 3391/1517/119 3389/1515/117
f 3394/1516/118 3393/1519/118 3391/1517/119
f 3396/1518/120 3395/1521/120 3393/1519/118
f 3398/1520/121 3397/1523/121 3395/1521/120
f 3400/1522/123 3399/1525/123 3397/1523/121
f 3402/1524/125 3401/1527/125 3399/1525/123
f 3404/1526/126 3403/1529/126 3401/1527/125
f 3406/1528/128 3405/1531/128 3403/1529/126
f 3408/1530/206 3407/1533/206 3405/1531/128
f 3410/1532/207 3409/1535/207 3407/1533/206
f 3412/1534/208 3411/1537/208 3409/1535/207
f 3414/1536/209 3413/1539/209 3411/1537/208
f 3416/1538/210 3415/1541/210 3413/1539/209
f 3418/1540/211 3417/1543/211 3415/1541/210
f 3420/1542/212 3419/1545/212 3417/1543/211
f 3422/1544/213 3421/1547/213 3419/1545/212
f 3424/1546/214 3423/1549/214 3421/1547/213
f 3426/1548/215 3425/1551/215 3423/1549/214
f 3428/1550/216 3427/1553/216 3425/1551/215
f 3430/1552/217 3429/1555/217 3427/1553/216
f 3432/1554/218 3431/1557/218 3429/1555/217
f 3434/1556/219 3433/1559/219 3431/1557/218
f 3436/1558/220 3435/1561/220 3433/1559/219
f 3438/1560/221 3437/1563/221 3435/1561/220
f 3440/1562/222 3439/1565/222 3437/1563/221
f 3442/1564/223 3441/1567/223 3439/1565/222
f 3444/1566/224 3443/1569/224 3441/1567/223
f 3446/1568/225 3445/1571/225 3443/1569/224
f 3448/1570/226 3447/1573/226 3445/1571/225
f 3450/1572/227 3449/1575/227 3447/1573/226
f 3452/1574/228 3451/1577/228 3449/1575/227
f 3454/1576/229 3453/1579/229 3451/1577/228
f 3456/1578/230 3455/1581/230 3453/1579/229
f 3458/1580/231 3457/1583/231 3455/1581/230
f 3460/1582/232 3459/1585/232 3457/1583/231
f 3462/1584/233 3461/1587/233 3459/1585/232
f 3464/1586/234 3463/1589/234 3461/1587/233
f 3466/1588/235 3465/1591/235 3463/1589/234
f 3468/1590/236 3467/1593/236 3465/1591/235
f 3470/1592/237 3469/1595/237 3467/1593/236
f 3472/1594/238 3471/1597/238 3469/1595/237
f 3474/1596/239 3473/1599/239 3471/1597/238
f 3476/1598/240 3475/1601/240 3473/1599/239
f 3478/1600/241 3477/1603/241 3475/1601/240
f 3480/1602/242 3479/1605/242 3477/1603/241
f 3482/1604/243 3481/1607/243 3479/1605/242
f 3484/1606/244 3483/1609/244 3481/1607/243
f 3486/1608/245 3485/1611/245 3483/1609/244
f 3488/1610/246 3487/1613/246 3485/1611/245
f 3490/1612/247 3489/1615/247 3487/1613/246
f 3492/1614/248 3491/1617/248 3489/1615/247
f 3494/1616/249 3493/1619/249 3491/1617/248
f 3496/1618/250 3495/1621/250 3493/1619/249
f 3498/1620/251 3497/1623/251 3495/1621/250
f 3500/1622/252 3499/1625/252 3497/1623/251
f 3502/1624/253 3501/1627/253 3499/1625/252
f 3504/1626/254 3503/1629/254 3501/1627/253
f 3506/1628/255 3505/1631/255 3503/1629/254
f 3508/1630/256 3507/1633/256 3505/1631/255
f 3510/1632/257 3509/1635/257 3507/1633/256
f 3512/1634/258 3511/1637/258 3509/1635/257
f 3514/1636/259 3513/1639/259 3511/1637/258
f 3516/1638/260 3515/1641/260 3513/1639/259
f 3518/1640/261 3517/1643/261 3515/1641/260
f 3520/1642/262 3519/1645/262 3517/1643/261
f 3522/1644/263 3521/1647/263 3519/1645/262
f 3524/1646/264 3523/1649/264 3521/1647/263
f 3526/1648/265 3525/1651/265 3523/1649/264
f 3528/1650/266 3527/1653/266 3525/1651/265
f 3530/1652/267 3529/1655/267 3527/1653/266
f 3532/1654/268 3531/1657/268 3529/1655/267
f 3534/1656/269 3533/1659/271 3531/1657/268
f 3536/1658/270 3535/1661/270 3533/1659/271
f 3538/1660/272 3537/1663/272 3535/1661/270
f 3540/1662/273 3539/1665/273 3537/1663/272
f 3542/1664/274 3541/1667/274 3539/1665/273
f 3544/1666/275 3543/1669/275 3541/1667/274
f 3546/1668/276 3545/1671/276 3543/1669/275
f 3548/1670/277 3547/1673/277 3545/1671/276
f 3550/1672/278 3549/1675/278 3547/1673/277
f 3552/1674/279 3551/1677/279 3549/1675/278
f 3554/1676/150 3553/1679/150 3551/1677/279
f 3556/1678/151 3555/1681/151 3553/1679/150
f 3558/1680/154 3557/1683/154 3555/1681/151
f 3560/1682/153 3559/1685/153 3557/1683/154
f 3562/1684/157 3561/1687/157 3559/1685/153
f 3564/1686/159 3563/1689/159 3561/1687/157
f 3566/1688/158 3565/1691/158 3563/1689/159
f 3568/1690/160 3567/1693/160 3565/1691/158
f 3570/1692/280 3569/1695/161 3567/1693/160
f 3572/1694/163 3571/1697/163 3569/1695/161
f 3574/1696/165 3573/1699/165 3571/1697/163
f 3576/1698/166 3575/1701/166 3573/1699/165
f 3578/1700/167 3577/1703/167 3575/1701/166
f 3580/1702/171 3579/1705/171 3577/1703/167
f 3582/1704/170 3581/1707/170 3579/1705/171
f 3584/1706/172 3583/1709/172 3581/1707/170
f 3586/1708/173 3585/1711/173 3583/1709/172
f 3588/1710/174 3587/1713/174 3585/1711/173
f 3590/1712/176 3589/1715/176 3587/1713/174
f 3592/1714/177 3591/1717/177 3589/1715/176
f 3594/1716/178 3593/1719/178 3591/1717/177
f 3596/1718/180 3595/1721/180 3593/1719/178
f 3598/1720/181 3597/1723/181 3595/1721/180
f 3600/1722/182 3599/1725/182 3597/1723/181
f 3602/1724/183 3601/1727/183 3599/1725/182
f 3604/1726/184 3603/1729/184 3601/1727/183
f 3606/1728/8 3605/1731/8 3603/1729/184
f 3608/1730/7 3607/1733/7 3605/1731/8
f 3610/1732/9 3609/1735/9 3607/1733/7
f 3612/1734/10 3611/1737/10 3609/1735/9
f 3614/1736/11 3613/1739/11 3611/1737/10
f 3616/1738/12 3615/1741/12 3613/1739/11
f 3618/1740/13 3617/1743/13 3615/1741/12
f 3620/1742/16 3619/1745/16 3617/1743/13
f 3622/1744/15 3621/1747/15 3619/1745/16
f 3624/1746/17 3623/1749/17 3621/1747/15
f 3626/1748/19 3625/1751/19 3623/1749/17
f 3628/1750/20 3627/1753/20 3625/1751/19
f 3630/1752/185 3629/1755/185 3627/1753/20
f 3632/1754/22 3631/1757/22 3629/1755/185
f 3634/1756/23 3633/1759/23 3631/1757/22
f 3636/1758/186 3635/1761/186 3633/1759/23
f 3638/1760/25 3637/1763/25 3635/1761/186
f 3640/1762/26 3639/1765/26 3637/1763/25
f 3642/1764/28 3641/1767/28 3639/1765/26
f 3644/1766/29 3643/1769/29 3641/1767/28
f 3646/1768/31 3645/1771/31 3643/1769/29
f 3648/1770/32 3647/1773/32 3645/1771/31
f 3650/1772/33 3649/1775/33 3647/1773/32
f 3652/1774/34 3651/1777/34 3649/1775/33
f 3654/1776/34 3653/1779/34 3651/1777/34
f 3656/1778/33 3655/1781/33 3653/1779/34
f 3658/1780/32 3657/1783/32 3655/1781/33
f 3660/1782/31 3659/1785/31 3657/1783/32
f 3662/1784/29 3661/1787/29 3659/1785/31
f 3664/1786/28 3663/1789/28 3661/1787/29
f 3666/1788/26 3665/1791/26 3663/1789/28
f 3668/1790/25 3667/1793/25 3665/1791/26
f 3670/1792/281 3669/1795/186 3667/1793/25
f 3672/1794/23 3671/1797/23 3669/1795/186
f 3674/1796/22 3673/1799/22 3671/1797/23
f 3676/1798/185 3675/1801/185 3673/1799/22
f 3678/1800/20 3677/1803/20 3675/1801/185
f 3680/1802/19 3679/1805/19 3677/1803/20
f 3682/1804/17 3681/1807/17 3679/1805/19
f 3684/1806/15 3683/1809/15 3681/1807/17
f 3686/1808/16 3685/1811/16 3683/1809/15
f 3688/1810/13 3687/1812/13 3685/1811/16
f 3690/1256/12 3689/204/12 3687/1812/13
f 3692/1813/11 3691/1815/11 3689/204/12
f 3694/1814/10 3693/1817/10 3691/1815/11
f 3696/1816/9 3695/1819/9 3693/1817/10
f 3698/1818/7 3697/1821/7 3695/1819/9
f 3700/1820/8 3699/1823/8 3697/1821/7
f 3702/1822/184 3701/1825/184 3699/1823/8
f 3704/1824/184 3703/1827/184 3701/1825/184
f 3706/1826/8 3705/1829/8 3703/1827/184
f 3708/1828/7 3707/1831/7 3705/1829/8
f 3710/1830/9 3709/1833/9 3707/1831/7
f 3712/1832/10 3711/1835/10 3709/1833/9
f 3714/1834/11 3713/1837/11 3711/1835/10
f 3716/1836/12 3715/1839/12 3713/1837/11
f 3718/1838/13 3717/1841/13 3715/1839/12
f 3720/1840/16 3719/1843/16 3717/1841/13
f 3722/1842/15 3721/1845/15 3719/1843/16
f 3724/1844/17 3723/1847/17 3721/1845/15
f 3726/1846/19 3725/1849/19 3723/1847/17
f 3728/1848/20 3727/1851/20 3725/1849/19
f 3730/1850/185 3729/1853/185 3727/1851/20
f 3732/1852/22 3731/1855/22 3729/1853/185
f 3734/1854/23 3733/1857/23 3731/1855/22
f 3736/1856/186 3735/1859/281 3733/1857/23
f 3738/1858/25 3737/1861/25 3735/1859/281
f 3740/1860/26 3739/1863/26 3737/1861/25
f 3742/1862/28 3741/1865/28 3739/1863/26
f 3744/1864/29 3743/1867/29 3741/1865/28
f 3746/1866/31 3745/1869/31 3743/1867/29
f 3748/1868/32 3747/1871/32 3745/1869/31
f 3750/1870/33 3749/1873/33 3747/1871/32
f 3752/1872/282 3751/1875/282 3749/1873/33
f 3754/1874/283 3753/1877/285 3751/1875/282
f 3756/1876/284 3755/1879/284 3753/1877/285
f 3758/1878/286 3757/1881/286 3755/1879/284
f 3760/1880/287 3759/1883/287 3757/1881/286
f 3762/1882/288 3761/1885/290 3759/1883/287
f 3764/1884/289 3763/1887/289 3761/1885/290
f 3766/1886/291 3765/1889/291 3763/1887/289
f 3768/1888/292 3767/1891/292 3765/1889/291
f 3770/1890/293 3769/1893/293 3767/1891/292
f 3772/1892/294 3771/1895/294 3769/1893/293
f 3774/1894/295 3773/1897/295 3771/1895/294
f 3776/1896/296 3775/1899/296 3773/1897/295
f 3778/1898/55 3777/1901/55 3775/1899/296
f 3780/1900/59 3779/1903/59 3777/1901/55
f 3782/1902/58 3781/1905/58 3779/1903/59
f 3784/1904/62 3783/1907/62 3781/1905/58
f 3786/1906/61 3785/1909/61 3783/1907/62
f 3788/1908/63 3787/1911/63 3785/1909/61
f 3790/1910/67 3789/1913/67 3787/1911/63
f 3792/1912/66 3791/1915/66 3789/1913/67
f 3794/1914/68 3793/1917/68 3791/1915/66
f 3796/1916/69 3795/1919/69 3793/1917/68
f 3798/1918/70 3797/1921/70 3795/1919/69
f 3800/1920/71 3799/1923/71 3797/1921/70
f 3802/1922/297 3801/1925/297 3799/1923/71
f 3804/1924/298 3803/1927/298 3801/1925/297
f 3806/1926/299 3805/1929/299 3803/1927/298
f 3808/1928/300 3807/1931/300 3805/1929/299
f 3810/1930/301 3809/1933/301 3807/1931/300
f 3812/1932/302 3811/1935/302 3809/1933/301
f 3814/1934/303 3813/1937/303 3811/1935/302
f 3816/1936/304 3815/1939/304 3813/1937/303
f 3818/1938/305 3817/1941/305 3815/1939/304
f 3820/1940/306 3819/1943/306 3817/1941/305
f 3822/1942/307 3821/1945/307 3819/1943/306
f 3824/1944/308 3823/1947/308 3821/1945/307
f 3826/1946/309 3825/1949/309 3823/1947/308
f 3828/1948/310 3827/1951/310 3825/1949/309
f 3830/1950/311 3829/1953/311 3827/1951/310
f 3832/1952/312 3831/1955/312 3829/1953/311
f 3834/1954/51 3833/1957/51 3831/1955/312
f 3836/1956/313 3835/1959/313 3833/1957/51
f 3838/1958/314 3837/1961/316 3835/1959/313
f 3840/1960/315 3839/1963/315 3837/1961/316
f 3842/1962/317 3841/1965/317 3839/1963/315
f 3844/1964/318 3843/1967/318 3841/1965/317
f 3846/1966/319 3845/1969/319 3843/1967/318
f 3848/1968/320 3847/1971/320 3845/1969/319
f 3850/1970/321 3849/1973/321 3847/1971/320
f 3852/1972/34 3851/1975/34 3849/1973/321
f 3854/1974/33 3853/1977/33 3851/1975/34
f 3856/1976/32 3855/1979/32 3853/1977/33
f 3858/1978/31 3857/1981/31 3855/1979/32
f 3860/1980/29 3859/1983/29 3857/1981/31
f 3862/1982/28 3861/1985/28 3859/1983/29
f 3864/1984/26 3863/1987/26 3861/1985/28
f 3866/1986/25 3865/1989/25 3863/1987/26
f 3868/1988/186 3867/1991/186 3865/1989/25
f 3870/1990/23 3869/1993/23 3867/1991/186
f 3872/1992/22 3871/1995/22 3869/1993/23
f 3874/1994/185 3873/1997/185 3871/1995/22
f 3876/1996/20 3875/1999/20 3873/1997/185
f 3878/1998/19 3877/2001/19 3875/1999/20
f 3880/2000/17 3879/2003/17 3877/2001/19
f 3882/2002/15 3881/2005/15 3879/2003/17
f 3884/2004/16 3883/2007/16 3881/2005/15
f 3886/2006/13 3885/2009/13 3883/2007/16
f 3888/2008/12 3887/2011/12 3885/2009/13
f 3890/2010/11 3889/2013/11 3887/2011/12
f 3892/2012/10 3891/2015/10 3889/2013/11
f 3894/2014/9 3893/2017/9 3891/2015/10
f 3896/2016/7 3895/2019/7 3893/2017/9
f 3898/2018/8 3897/2021/8 3895/2019/7
f 3900/2020/184 3899/2023/184 3897/2021/8
f 3902/2022/322 3901/2025/322 3899/2023/184
f 3904/2024/323 3903/2027/323 3901/2025/322
f 3906/2026/324 3905/2029/324 3903/2027/323
f 3908/2028/325 3907/2031/325 3905/2029/324
f 3910/2030/326 3909/2033/326 3907/2031/325
f 3912/2032/327 3911/2035/327 3909/2033/326
f 3914/2034/328 3913/2037/328 3911/2035/327
f 3916/2036/329 3915/2039/329 3913/2037/328
f 3918/2038/330 3917/2041/330 3915/2039/329
f 3920/2040/331 3919/2043/331 3917/2041/330
f 3922/2042/332 3921/2045/332 3919/2043/331
f 3924/2044/333 3923/2047/333 3921/2045/332
f 3926/2046/334 3925/2049/334 3923/2047/333
f 3928/2048/335 3927/2051/335 3925/2049/334
f 3930/2050/336 3929/2053/336 3927/2051/335
f 3932/2052/337 3931/2055/337 3929/2053/336
f 3934/2054/186 3933/2057/186 3931/2055/337
f 3936/2056/338 3935/2059/338 3933/2057/186
f 3938/2058/339 3937/2061/339 3935/2059/338
f 3940/2060/340 3939/2063/340 3937/2061/339
f 3942/2062/341 3941/2065/341 3939/2063/340
f 3944/2064/342 3943/2067/342 3941/2065/341
f 3946/2066/343 3945/2069/343 3943/2067/342
f 3948/2068/344 3947/2071/344 3945/2069/343
f 3950/2070/345 3949/2073/345 3947/2071/344
f 3952/2072/74 3951/2075/74 3949/2073/345
f 3954/2074/37 3953/2077/37 3951/2075/74
f 3956/2076/41 3955/2079/41 3953/2077/37
f 3958/2078/43 3957/2081/43 3955/2079/41
f 3960/2080/45 3959/2083/45 3957/2081/43
f 3962/2082/44 3961/2085/44 3959/2083/45
f 3964/2084/49 3963/2087/49 3961/2085/44
f 3966/2086/51 3965/2089/51 3963/2087/49
f 3968/2088/50 3967/2091/50 3965/2089/51
f 3970/2090/52 3969/2093/52 3967/2091/50
f 3972/2092/53 3971/2095/53 3969/2093/52
f 3974/2094/54 3973/2097/54 3971/2095/53
f 3976/2096/55 3975/2099/55 3973/2097/54
f 3978/2098/59 3977/2101/59 3975/2099/55
f 3980/2100/58 3979/2103/58 3977/2101/59
f 3982/2102/62 3981/2105/62 3979/2103/58
f 3984/2104/61 3983/2107/61 3981/2105/62
f 3986/2106/63 3985/2109/63 3983/2107/61
f 3988/2108/67 3987/2111/67 3985/2109/63
f 3990/2110/66 3989/2113/66 3987/2111/67
f 3992/2112/68 3991/2115/68 3989/2113/66
f 3994/2114/69 3993/2117/69 3991/2115/68
f 3996/2116/70 3995/2119/70 3993/2117/69
f 3998/2118/71 3997/2121/71 3995/2119/70
f 4000/2120/346 3999/2123/346 3997/2121/71
f 4002/2122/347 4001/2125/347 3999/2123/346
f 4004/2124/348 4003/2127/348 4001/2125/347
f 4006/2126/349 4005/2129/349 4003/2127/348
f 4008/2128/350 4007/2131/350 4005/2129/349
f 4010/2130/351 4009/2133/351 4007/2131/350
f 4012/2132/352 4011/2135/352 4009/2133/351
f 4014/2134/353 4013/2137/353 4011/2135/352
f 4016/2136/354 4015/2139/354 4013/2137/353
f 4018/2138/355 4017/2141/355 4015/2139/354
f 4020/2140/356 4019/2143/356 4017/2141/355
f 4022/2142/357 4021/2145/357 4019/2143/356
f 4024/2144/358 4023/2147/358 4021/2145/357
f 4026/2146/359 4025/2149/359 4023/2147/358
f 4028/2148/359 4027/2151/359 4025/2149/359
f 4030/2150/359 4029/2153/359 4027/2151/359
f 4032/2152/359 4031/2155/359 4029/2153/359
f 4034/2154/359 4033/2157/359 4031/2155/359
f 4036/2156/359 4035/2159/359 4033/2157/359
f 4038/2158/359 4037/2161/359 4035/2159/359
f 4040/2160/359 4039/2163/359 4037/2161/359
f 4042/2162/359 4041/2165/359 4039/2163/359
f 4044/2164/359 4043/2167/359 4041/2165/359
f 4046/2166/359 4045/2168/359 4043/2167/359
f 3332/1455/194 3331/74/194 4045/2168/359
f 4050/2169/360 4049/2171/363 4047/142/361
f 4052/2170/362 4051/2173/362 4049/2171/363
f 4054/2172/364 4053/2175/366 4051/2173/362
f 4056/2174/365 4055/2177/365 4053/2175/366
f 4058/2176/367 4057/2179/367 4055/2177/365
f 4060/2178/368 4059/2181/368 4057/2179/367
f 4062/2180/369 4061/2183/369 4059/2181/368
f 4064/2182/370 4063/2185/370 4061/2183/369
f 4066/2184/371 4065/2187/371 4063/2185/370
f 4068/2186/372 4067/2189/372 4065/2187/371
f 4070/2188/373 4069/2191/373 4067/2189/372
f 4072/2190/374 4071/2193/374 4069/2191/373
f 4074/2192/375 4073/2195/375 4071/2193/374
f 4076/2194/376 4075/2197/376 4073/2195/375
f 4078/2196/377 4077/2199/377 4075/2197/376
f 4080/2198/378 4079/2201/380 4077/2199/377
f 4082/2200/379 4081/2203/379 4079/2201/380
f 4084/2202/381 4083/2205/381 4081/2203/379
f 4086/2204/382 4085/2207/382 4083/2205/381
f 4088/2206/383 4087/2209/383 4085/2207/382
f 4090/2208/384 4089/2211/386 4087/2209/383
f 4092/2210/385 4091/2213/385 4089/2211/386
f 4094/2212/387 4093/2215/388 4091/2213/385
f 4096/2214/74 4095/2217/74 4093/2215/388
f 4098/2216/37 4097/2219/37 4095/2217/74
f 4100/2218/41 4099/2221/41 4097/2219/37
f 4102/2220/43 4101/2223/43 4099/2221/41
f 4104/2222/42 4103/2225/45 4101/2223/43
f 4106/2224/44 4105/2227/44 4103/2225/45
f 4108/2226/49 4107/2229/46 4105/2227/44
f 4110/2228/51 4109/2231/48 4107/2229/46
f 4112/2230/50 4111/2233/50 4109/2231/48
f 4114/2232/52 4113/2235/52 4111/2233/50
f 4116/2234/77 4115/2237/53 4113/2235/52
f 4118/2236/76 4117/2239/76 4115/2237/53
f 4120/2238/78 4119/2241/81 4117/2239/76
f 4122/2240/80 4121/2243/80 4119/2241/81
f 4124/2242/82 4123/2245/82 4121/2243/80
f 4126/2244/83 4125/2247/83 4123/2245/82
f 4128/2246/84 4127/2249/84 4125/2247/83
f 4130/2248/86 4129/2251/86 4127/2249/84
f 4132/2250/89 4131/2252/89 4129/2251/86
f 4134/1156/88 4133/1159/88 4131/2252/89
f 4136/2253/90 4135/2255/90 4133/1159/88
f 4138/2254/91 4137/2257/91 4135/2255/90
f 4140/2256/389 4139/2259/92 4137/2257/91
f 4142/2258/390 4141/2261/390 4139/2259/92
f 4144/2260/204 4143/2263/204 4141/2261/390
f 4146/2262/203 4145/2265/203 4143/2263/204
f 4148/2264/202 4147/2267/202 4145/2265/203
f 4150/2266/201 4149/2269/201 4147/2267/202
f 4152/2268/200 4151/2271/200 4149/2269/201
f 4154/2270/199 4153/2273/199 4151/2271/200
f 4156/2272/198 4155/2275/198 4153/2273/199
f 4158/2274/197 4157/2277/197 4155/2275/198
f 4160/2276/196 4159/2279/196 4157/2277/197
f 4162/2278/195 4161/2281/195 4159/2279/196
f 4164/2280/193 4163/2283/193 4161/2281/195
f 4166/2282/391 4165/2285/194 4163/2283/193
f 4168/2284/359 4167/2287/359 4165/2285/194
f 4170/2286/359 4169/2289/359 4167/2287/359
f 4172/2288/359 4171/2291/359 4169/2289/359
f 4174/2290/359 4173/2293/359 4171/2291/359
f 4176/2292/359 4175/2295/359 4173/2293/359
f 4178/2294/359 4177/2297/359 4175/2295/359
f 4180/2296/359 4179/2299/359 4177/2297/359
f 4182/2298/359 4181/2301/359 4179/2299/359
f 4184/2300/359 4183/2303/359 4181/2301/359
f 4186/2302/359 4185/2305/359 4183/2303/359
f 4188/2304/359 4187/2307/359 4185/2305/359
f 4190/2306/194 4189/2309/194 4187/2307/359
f 4192/2308/193 4191/2311/193 4189/2309/194
f 4194/2310/195 4193/2313/195 4191/2311/193
f 4196/2312/196 4195/2315/196 4193/2313/195
f 4198/2314/197 4197/2317/197 4195/2315/196
f 4200/2316/198 4199/2319/198 4197/2317/197
f 4202/2318/199 4201/2321/199 4199/2319/198
f 4204/2320/200 4203/2323/200 4201/2321/199
f 4206/2322/201 4205/2325/201 4203/2323/200
f 4208/2324/202 4207/2327/202 4205/2325/201
f 4210/2326/203 4209/2329/203 4207/2327/202
f 4212/2328/204 4211/2331/204 4209/2329/203
f 4214/2330/205 4213/2333/205 4211/2331/204
f 4216/2332/94 4215/2335/94 4213/2333/205
f 4218/2334/95 4217/2336/95 4215/2335/94
f 4220/1256/96 4219/204/96 4217/2336/95
f 4222/2337/97 4221/2339/97 4219/204/96
f 4224/2338/98 4223/2341/98 4221/2339/97
f 4226/2340/99 4225/2343/99 4223/2341/98
f 4228/2342/103 4227/2345/103 4225/2343/99
f 4230/2344/102 4229/2347/102 4227/2345/103
f 4232/2346/192 4231/2349/104 4229/2347/102
f 4234/2348/105 4233/2351/105 4231/2349/104
f 4236/2350/106 4235/2353/106 4233/2351/105
f 4238/2352/110 4237/2355/110 4235/2353/106
f 4240/2354/109 4239/2357/109 4237/2355/110
f 4242/2356/111 4241/2359/111 4239/2357/109
f 4244/2358/112 4243/2361/112 4241/2359/111
f 4246/2360/114 4245/2363/114 4243/2361/112
f 4248/2362/117 4247/2365/115 4245/2363/114
f 4250/2364/119 4249/2367/119 4247/2365/115
f 4252/2366/118 4251/2369/118 4249/2367/119
f 4254/2368/120 4253/2371/120 4251/2369/118
f 4256/2370/121 4255/2373/121 4253/2371/120
f 4258/2372/123 4257/2375/123 4255/2373/121
f 4260/2374/125 4259/2377/125 4257/2375/123
f 4262/2376/126 4261/2379/126 4259/2377/125
f 4264/2378/128 4263/2381/128 4261/2379/126
f 4266/2380/150 4265/2383/150 4263/2381/128
f 4268/2382/151 4267/2385/151 4265/2383/150
f 4270/2384/154 4269/2387/154 4267/2385/151
f 4272/2386/153 4271/2389/153 4269/2387/154
f 4274/2388/157 4273/2391/157 4271/2389/153
f 4276/2390/159 4275/2393/159 4273/2391/157
f 4278/2392/158 4277/2395/158 4275/2393/159
f 4280/2394/160 4279/2397/160 4277/2395/158
f 4282/2396/164 4281/2399/161 4279/2397/160
f 4284/2398/163 4283/2401/163 4281/2399/161
f 4286/2400/165 4285/2403/165 4283/2401/163
f 4288/2402/168 4287/2405/166 4285/2403/165
f 4290/2404/167 4289/2407/167 4287/2405/166
f 4292/2406/171 4291/2409/171 4289/2407/167
f 4294/2408/170 4293/2411/170 4291/2409/171
f 4296/2410/172 4295/2413/172 4293/2411/170
f 4298/2412/173 4297/2415/173 4295/2413/172
f 4300/2414/174 4299/2417/174 4297/2415/173
f 4302/2416/176 4301/2419/176 4299/2417/174
f 4304/2418/177 4303/2420/177 4301/2419/176
f 4306/1355/178 4305/1358/178 4303/2420/177
f 4308/2421/180 4307/2423/180 4305/1358/178
f 4310/2422/181 4309/2425/181 4307/2423/180
f 4312/2424/182 4311/2427/182 4309/2425/181
f 4314/2426/183 4313/2429/183 4311/2427/182
f 4316/2428/184 4315/2431/184 4313/2429/183
f 4318/2430/8 4317/2433/8 4315/2431/184
f 4320/2432/7 4319/2435/7 4317/2433/8
f 4322/2434/9 4321/2437/9 4319/2435/7
f 4324/2436/10 4323/2439/10 4321/2437/9
f 4326/2438/11 4325/2441/11 4323/2439/10
f 4328/2440/12 4327/2443/12 4325/2441/11
f 4330/2442/13 4329/2445/13 4327/2443/12
f 4332/2444/16 4331/2447/16 4329/2445/13
f 4334/2446/15 4333/2449/15 4331/2447/16
f 4336/2448/17 4335/2451/17 4333/2449/15
f 4338/2450/19 4337/2453/19 4335/2451/17
f 4340/2452/20 4339/2455/20 4337/2453/19
f 4342/2454/185 4341/2457/21 4339/2455/20
f 4344/2456/22 4343/2459/22 4341/2457/21
f 4346/2458/23 4345/2461/23 4343/2459/22
f 4348/2460/24 4347/2463/186 4345/2461/23
f 4350/2462/25 4349/2465/25 4347/2463/186
f 4352/2464/26 4351/2467/26 4349/2465/25
f 4354/2466/28 4353/2469/28 4351/2467/26
f 4356/2468/29 4355/2471/29 4353/2469/28
f 4358/2470/31 4357/2473/31 4355/2471/29
f 4360/2472/32 4359/2475/32 4357/2473/31
f 4362/2474/33 4361/2477/187 4359/2475/32
f 4364/2476/34 4363/2479/34 4361/2477/187
f 4366/2478/392 4365/2481/392 4363/2479/34
f 4368/2480/393 4367/2483/393 4365/2481/392
f 4370/2482/394 4369/2485/394 4367/2483/393
f 4372/2484/395 4371/2487/395 4369/2485/394
f 4374/2486/396 4373/2489/396 4371/2487/395
f 4376/2488/397 4375/2491/397 4373/2489/396
f 4378/2490/398 4377/2493/398 4375/2491/397
f 4380/2492/399 4379/2495/399 4377/2493/398
f 4382/2494/400 4381/2497/400 4379/2495/399
f 4384/2496/401 4383/2499/401 4381/2497/400
f 4386/2498/402 4385/2501/402 4383/2499/401
f 4388/2500/403 4387/2503/403 4385/2501/402
f 4390/2502/404 4389/2504/404 4387/2503/403
f 4048/1455/361 4047/74/361 4389/2504/404
f 4394/1060/32 4393/1063/32 4391/142/33
f 4396/1064/31 4395/1067/31 4393/1063/32
f 4398/1068/29 4397/1071/405 4395/1067/31
f 4400/1072/28 4399/1075/30 4397/1071/405
f 4402/1076/26 4401/1079/26 4399/1075/30
f 4404/1080/25 4403/1083/25 4401/1079/26
f 4406/1084/281 4405/1087/24 4403/1083/25
f 4408/1088/23 4407/1091/23 4405/1087/24
f 4410/1092/22 4409/1095/22 4407/1091/23
f 4412/1096/21 4411/1099/185 4409/1095/22
f 4414/1100/20 4413/1103/20 4411/1099/185
f 4416/1104/406 4415/1107/19 4413/1103/20
f 4418/1108/17 4417/1111/407 4415/1107/19
f 4420/1112/15 4419/1115/15 4417/1111/407
f 4422/1116/16 4421/1119/14 4419/1115/15
f 4424/1120/13 4423/1123/13 4421/1119/14
f 4426/1124/12 4425/1127/12 4423/1123/13
f 4428/1128/11 4427/1131/11 4425/1127/12
f 4430/1132/10 4429/1135/10 4427/1131/11
f 4432/1136/9 4431/1139/9 4429/1135/10
f 4434/1140/7 4433/1143/7 4431/1139/9
f 4436/1144/8 4435/1147/8 4433/1143/7
f 4438/1148/184 4437/1151/184 4435/1147/8
f 4440/1152/408 4439/1155/408 4437/1151/184
f 4442/1156/409 4441/1159/409 4439/1155/408
f 4444/1160/410 4443/1163/410 4441/1159/409
f 4446/1164/411 4445/1167/411 4443/1163/410
f 4448/1168/412 4447/1171/412 4445/1167/411
f 4450/1172/413 4449/1175/413 4447/1171/412
f 4452/1176/414 4451/1179/414 4449/1175/413
f 4454/1180/415 4453/1183/415 4451/1179/414
f 4456/1184/173 4455/1187/173 4453/1183/415
f 4458/1188/416 4457/1191/416 4455/1187/173
f 4460/1192/417 4459/1195/417 4457/1191/416
f 4462/1196/418 4461/1199/420 4459/1195/417
f 4464/1200/419 4463/1203/419 4461/1199/420
f 4466/1204/421 4465/1207/421 4463/1203/419
f 4468/1208/422 4467/1211/424 4465/1207/421
f 4470/1212/423 4469/1215/423 4467/1211/424
f 4472/1216/425 4471/1219/425 4469/1215/423
f 4474/1220/426 4473/1223/426 4471/1219/425
f 4476/1224/427 4475/1227/427 4473/1223/426
f 4478/1228/428 4477/1231/428 4475/1227/427
f 4480/1232/429 4479/1235/429 4477/1231/428
f 4482/1236/430 4481/1239/432 4479/1235/429
f 4484/1240/431 4483/1243/431 4481/1239/432
f 4486/1244/433 4485/1247/433 4483/1243/431
f 4488/1248/434 4487/1251/434 4485/1247/433
f 4490/1252/206 4489/1255/206 4487/1251/434
f 4492/1256/435 4491/204/435 4489/1255/206
f 4494/1259/436 4493/1262/438 4491/204/435
f 4496/1263/437 4495/1266/437 4493/1262/438
f 4498/1267/439 4497/1270/439 4495/1266/437
f 4500/1271/440 4499/1274/442 4497/1270/439
f 4502/1275/441 4501/1278/441 4499/1274/442
f 4504/1279/443 4503/1282/443 4501/1278/441
f 4506/1283/444 4505/1286/444 4503/1282/443
f 4508/1287/445 4507/1290/445 4505/1286/444
f 4510/1291/446 4509/1294/446 4507/1290/445
f 4512/1295/447 4511/1298/447 4509/1294/446
f 4514/1299/109 4513/1302/109 4511/1298/447
f 4516/1303/448 4515/1306/448 4513/1302/109
f 4518/1307/449 4517/1310/451 4515/1306/448
f 4520/1311/450 4519/1314/453 4517/1310/451
f 4522/1315/452 4521/1318/452 4519/1314/453
f 4524/1319/454 4523/1322/454 4521/1318/452
f 4526/1323/455 4525/1326/455 4523/1322/454
f 4528/1327/456 4527/1330/458 4525/1326/455
f 4530/1331/457 4529/1334/457 4527/1330/458
f 4532/1335/459 4531/1338/461 4529/1334/457
f 4534/1339/460 4533/1342/463 4531/1338/461
f 4536/1343/462 4535/1346/462 4533/1342/463
f 4538/1347/464 4537/1350/464 4535/1346/462
f 4540/1351/297 4539/1354/297 4537/1350/464
f 4542/1355/298 4541/1358/298 4539/1354/297
f 4544/1359/299 4543/1362/299 4541/1358/298
f 4546/1363/300 4545/1366/300 4543/1362/299
f 4548/1367/301 4547/1370/301 4545/1366/300
f 4550/1371/302 4549/1374/302 4547/1370/301
f 4552/1375/303 4551/1378/303 4549/1374/302
f 4554/1379/304 4553/1382/304 4551/1378/303
f 4556/1383/465 4555/1386/305 4553/1382/304
f 4558/1387/306 4557/1390/306 4555/1386/305
f 4560/1391/466 4559/1394/467 4557/1390/306
f 4562/1395/308 4561/1398/308 4559/1394/467
f 4564/1399/309 4563/1402/309 4561/1398/308
f 4566/1403/310 4565/1406/310 4563/1402/309
f 4568/1407/311 4567/1410/311 4565/1406/310
f 4570/1411/312 4569/1414/312 4567/1410/311
f 4572/1415/51 4571/1418/51 4569/1414/312
f 4574/1419/313 4573/1422/313 4571/1418/51
f 4576/1423/314 4575/1426/316 4573/1422/313
f 4578/1427/315 4577/1430/315 4575/1426/316
f 4580/1431/317 4579/1434/317 4577/1430/315
f 4582/1435/318 4581/1438/318 4579/1434/317
f 4584/1439/319 4583/1442/319 4581/1438/318
f 4586/1443/320 4585/1446/320 4583/1442/319
f 4588/1447/321 4587/1450/468 4585/1446/320
f 4590/1451/34 4589/1454/34 4587/1450/468
f 4392/1455/33 4391/74/33 4589/1454/34
f 4594/2505/469 4593/2507/469 4591/142/470
f 4596/2506/471 4595/2509/471 4593/2507/469
f 4598/2508/472 4597/2511/472 4595/2509/471
f 4600/2510/473 4599/2513/473 4597/2511/472
f 4602/2512/474 4601/2515/474 4599/2513/473
f 4604/2514/475 4603/2517/477 4601/2515/474
f 4606/2516/476 4605/2519/479 4603/2517/477
f 4608/2518/478 4607/2521/481 4605/2519/479
f 4610/2520/480 4609/2523/480 4607/2521/481
f 4612/2522/482 4611/2525/482 4609/2523/480
f 4614/2524/483 4613/2527/483 4611/2525/482
f 4616/2526/484 4615/2529/484 4613/2527/483
f 4618/2528/485 4617/2531/485 4615/2529/484
f 4620/2530/486 4619/2533/488 4617/2531/485
f 4622/2532/487 4621/2535/487 4619/2533/488
f 4624/2534/489 4623/2537/489 4621/2535/487
f 4626/2536/490 4625/2539/490 4623/2537/489
f 4628/2538/491 4627/2541/491 4625/2539/490
f 4630/2540/492 4629/2543/492 4627/2541/491
f 4632/2542/493 4631/2545/495 4629/2543/492
f 4634/2544/494 4633/2547/494 4631/2545/495
f 4636/2546/496 4635/2549/496 4633/2547/494
f 4638/2548/497 4637/2551/497 4635/2549/496
f 4640/2550/482 4639/2553/482 4637/2551/497
f 4642/2552/480 4641/2555/480 4639/2553/482
f 4644/2554/481 4643/2557/478 4641/2555/480
f 4646/2556/476 4645/2559/479 4643/2557/478
f 4648/2558/475 4647/2561/477 4645/2559/479
f 4650/2560/474 4649/2563/474 4647/2561/477
f 4652/2562/473 4651/2565/473 4649/2563/474
f 4654/2564/472 4653/2567/472 4651/2565/473
f 4656/2566/471 4655/2569/471 4653/2567/472
f 4658/2568/469 4657/2571/469 4655/2569/471
f 4660/2570/470 4659/2573/470 4657/2571/469
f 4662/2572/498 4661/2575/498 4659/2573/470
f 4664/2574/499 4663/2577/499 4661/2575/498
f 4666/2576/500 4665/2579/500 4663/2577/499
f 4668/2578/501 4667/2581/501 4665/2579/500
f 4670/2580/502 4669/2583/502 4667/2581/501
f 4672/2582/503 4671/2585/503 4669/2583/502
f 4674/2584/504 4673/2587/504 4671/2585/503
f 4676/2586/505 4675/2589/507 4673/2587/504
f 4678/2588/506 4677/2591/506 4675/2589/507
f 4680/2590/16 4679/2593/16 4677/2591/506
f 4682/2592/508 4681/2595/510 4679/2593/16
f 4684/2594/509 4683/2596/509 4681/2595/510
f 4686/1136/511 4685/1139/513 4683/2596/509
f 4688/2597/512 4687/2599/512 4685/1139/513
f 4690/2598/514 4689/2601/514 4687/2599/512
f 4692/2600/515 4691/2603/517 4689/2601/514
f 4694/2602/516 4693/2605/519 4691/2603/517
f 4696/2604/518 4695/2607/521 4693/2605/519
f 4698/2606/520 4697/2609/520 4695/2607/521
f 4700/2608/522 4699/2611/524 4697/2609/520
f 4702/2610/523 4701/2613/526 4699/2611/524
f 4704/2612/525 4703/2615/528 4701/2613/526
f 4706/2614/527 4705/2617/530 4703/2615/528
f 4708/2616/529 4707/2619/532 4705/2617/530
f 4710/2618/531 4709/2621/534 4707/2619/532
f 4712/2620/533 4711/2623/533 4709/2621/534
f 4714/2622/535 4713/2625/535 4711/2623/533
f 4716/2624/536 4715/2627/538 4713/2625/535
f 4718/2626/537 4717/2629/540 4715/2627/538
f 4720/2628/539 4719/2631/542 4717/2629/540
f 4722/2630/541 4721/2633/544 4719/2631/542
f 4724/2632/543 4723/2635/546 4721/2633/544
f 4726/2634/545 4725/2637/545 4723/2635/546
f 4728/2636/547 4727/2639/547 4725/2637/545
f 4730/2638/548 4729/2641/548 4727/2639/547
f 4732/2640/549 4731/2643/551 4729/2641/548
f 4734/2642/550 4733/2645/553 4731/2643/551
f 4736/2644/552 4735/2647/554 4733/2645/553
f 4738/2646/54 4737/2649/54 4735/2647/554
f 4740/2648/555 4739/2651/555 4737/2649/54
f 4742/2650/556 4741/2653/556 4739/2651/555
f 4744/2652/557 4743/2655/557 4741/2653/556
f 4746/2654/305 4745/2657/305 4743/2655/557
f 4748/2656/558 4747/2659/558 4745/2657/305
f 4750/2658/559 4749/2661/559 4747/2659/558
f 4752/2660/560 4751/2663/562 4749/2661/559
f 4754/2662/561 4753/2665/561 4751/2663/562
f 4756/2664/563 4755/2667/563 4753/2665/561
f 4758/2666/564 4757/2669/564 4755/2667/563
f 4760/2668/565 4759/2671/565 4757/2669/564
f 4762/2670/566 4761/2673/566 4759/2671/565
f 4764/2672/567 4763/2675/567 4761/2673/566
f 4766/2674/568 4765/2677/568 4763/2675/567
f 4768/2676/569 4767/2679/569 4765/2677/568
f 4770/2678/570 4769/2681/570 4767/2679/569
f 4772/2680/571 4771/2683/571 4769/2681/570
f 4774/2682/572 4773/2685/572 4771/2683/571
f 4776/2684/573 4775/2687/573 4773/2685/572
f 4778/2686/574 4777/2688/574 4775/2687/573
f 4780/1216/575 4779/1219/575 4777/2688/574
f 4782/2689/576 4781/2691/576 4779/1219/575
f 4784/2690/577 4783/2693/577 4781/2691/576
f 4786/2692/578 4785/2695/578 4783/2693/577
f 4788/2694/579 4787/2697/579 4785/2695/578
f 4790/2696/580 4789/2699/580 4787/2697/579
f 4792/2698/581 4791/2701/581 4789/2699/580
f 4794/2700/582 4793/2703/582 4791/2701/581
f 4796/2702/583 4795/2705/583 4793/2703/582
f 4798/2704/584 4797/2707/586 4795/2705/583
f 4800/2706/585 4799/2709/588 4797/2707/586
f 4802/2708/587 4801/2711/587 4799/2709/588
f 4804/2710/589 4803/2713/591 4801/2711/587
f 4806/2712/590 4805/2715/593 4803/2713/591
f 4808/2714/592 4807/2717/592 4805/2715/593
f 4810/2716/594 4809/2719/596 4807/2717/592
f 4812/2718/595 4811/2721/595 4809/2719/596
f 4814/2720/597 4813/2723/597 4811/2721/595
f 4816/2722/598 4815/2725/598 4813/2723/597
f 4818/2724/599 4817/2727/599 4815/2725/598
f 4820/2726/600 4819/2729/602 4817/2727/599
f 4822/2728/601 4821/2731/601 4819/2729/602
f 4824/2730/603 4823/2733/605 4821/2731/601
f 4826/2732/604 4825/2735/607 4823/2733/605
f 4828/2734/606 4827/2737/609 4825/2735/607
f 4830/2736/608 4829/2739/608 4827/2737/609
f 4832/2738/610 4831/2741/610 4829/2739/608
f 4834/2740/611 4833/2743/611 4831/2741/610
f 4836/2742/612 4835/2745/612 4833/2743/611
f 4838/2744/613 4837/2747/613 4835/2745/612
f 4840/2746/614 4839/2749/614 4837/2747/613
f 4842/2748/615 4841/2751/615 4839/2749/614
f 4844/2750/616 4843/2753/616 4841/2751/615
f 4846/2752/617 4845/2755/617 4843/2753/616
f 4848/2754/618 4847/2757/618 4845/2755/617
f 4850/2756/619 4849/2759/619 4847/2757/618
f 4852/2758/620 4851/2761/620 4849/2759/619
f 4854/2760/621 4853/2763/621 4851/2761/620
f 4856/2762/622 4855/2765/622 4853/2763/621
f 4858/2764/623 4857/2767/623 4855/2765/622
f 4860/2766/624 4859/2769/624 4857/2767/623
f 4862/2768/625 4861/2771/625 4859/2769/624
f 4864/2770/626 4863/2773/626 4861/2771/625
f 4866/2772/627 4865/2775/629 4863/2773/626
f 4868/2774/628 4867/2777/628 4865/2775/629
f 4870/2776/630 4869/2779/630 4867/2777/628
f 4872/2778/631 4871/2780/633 4869/2779/630
f 4874/1295/632 4873/1298/632 4871/2780/633
f 4876/2781/634 4875/2783/634 4873/1298/632
f 4878/2782/330 4877/2785/330 4875/2783/634
f 4880/2784/635 4879/2787/635 4877/2785/330
f 4882/2786/636 4881/2789/636 4879/2787/635
f 4884/2788/637 4883/2791/638 4881/2789/636
f 4886/2790/20 4885/2793/20 4883/2791/638
f 4888/2792/639 4887/2795/641 4885/2793/20
f 4890/2794/640 4889/2797/643 4887/2795/641
f 4892/2796/642 4891/2799/644 4889/2797/643
f 4894/2798/518 4893/2801/518 4891/2799/644
f 4896/2800/645 4895/2803/645 4893/2801/518
f 4898/2802/646 4897/2805/646 4895/2803/645
f 4900/2804/647 4899/2807/649 4897/2805/646
f 4902/2806/648 4901/2809/651 4899/2807/649
f 4904/2808/650 4903/2811/653 4901/2809/651
f 4906/2810/652 4905/2813/655 4903/2811/653
f 4908/2812/654 4907/2815/656 4905/2813/655
f 4910/2814/345 4909/2817/345 4907/2815/656
f 4912/2816/657 4911/2819/659 4909/2817/345
f 4914/2818/658 4913/2821/661 4911/2819/659
f 4916/2820/660 4915/2823/663 4913/2821/661
f 4918/2822/662 4917/2825/665 4915/2823/663
f 4920/2824/664 4919/2827/667 4917/2825/665
f 4922/2826/666 4921/2829/669 4919/2827/667
f 4924/2828/668 4923/2831/668 4921/2829/669
f 4926/2830/670 4925/2833/548 4923/2831/668
f 4928/2832/671 4927/2835/673 4925/2833/548
f 4930/2834/672 4929/2837/675 4927/2835/673
f 4932/2836/674 4931/2839/674 4929/2837/675
f 4934/2838/676 4933/2841/676 4931/2839/674
f 4936/2840/677 4935/2843/677 4933/2841/676
f 4938/2842/678 4937/2845/678 4935/2843/677
f 4940/2844/679 4939/2847/680 4937/2845/678
f 4942/2846/62 4941/2849/62 4939/2847/680
f 4944/2848/681 4943/2851/681 4941/2849/62
f 4946/2850/682 4945/2853/682 4943/2851/681
f 4948/2852/683 4947/2855/683 4945/2853/682
f 4950/2854/684 4949/2857/684 4947/2855/683
f 4952/2856/685 4951/2859/685 4949/2857/684
f 4954/2858/686 4953/2861/686 4951/2859/685
f 4956/2860/687 4955/2863/687 4953/2861/686
f 4958/2862/688 4957/2865/688 4955/2863/687
f 4960/2864/94 4959/2867/94 4957/2865/688
f 4962/2866/95 4961/2869/95 4959/2867/94
f 4964/2868/96 4963/2871/96 4961/2869/95
f 4966/2870/97 4965/2872/97 4963/2871/96
f 4968/1375/98 4967/1378/98 4965/2872/97
f 4970/2873/99 4969/2875/99 4967/1378/98
f 4972/2874/103 4971/2877/103 4969/2875/99
f 4974/2876/102 4973/2879/102 4971/2877/103
f 4976/2878/147 4975/2881/104 4973/2879/102
f 4978/2880/105 4977/2883/105 4975/2881/104
f 4980/2882/106 4979/2885/106 4977/2883/105
f 4982/2884/110 4981/2887/110 4979/2885/106
f 4984/2886/109 4983/2889/109 4981/2887/110
f 4986/2888/111 4985/2891/113 4983/2889/109
f 4988/2890/112 4987/2893/112 4985/2891/113
f 4990/2892/114 4989/2895/114 4987/2893/112
f 4992/2894/115 4991/2897/117 4989/2895/114
f 4994/2896/116 4993/2899/119 4991/2897/117
f 4996/2898/118 4995/2901/118 4993/2899/119
f 4998/2900/120 4997/2903/120 4995/2901/118
f 5000/2902/121 4999/2905/121 4997/2903/120
f 5002/2904/123 5001/2907/123 4999/2905/121
f 5004/2906/125 5003/2909/125 5001/2907/123
f 5006/2908/126 5005/2911/126 5003/2909/125
f 5008/2910/128 5007/2913/128 5005/2911/126
f 5010/2912/689 5009/2915/691 5007/2913/128
f 5012/2914/690 5011/2917/690 5009/2915/691
f 5014/2916/692 5013/2919/692 5011/2917/690
f 5016/2918/693 5015/2921/693 5013/2919/692
f 5018/2920/694 5017/2923/694 5015/2921/693
f 5020/2922/695 5019/2925/695 5017/2923/694
f 5022/2924/696 5021/2927/698 5019/2925/695
f 5024/2926/697 5023/2929/697 5021/2927/698
f 5026/2928/161 5025/2931/161 5023/2929/697
f 5028/2930/699 5027/2933/699 5025/2931/161
f 5030/2932/700 5029/2935/702 5027/2933/699
f 5032/2934/701 5031/2937/704 5029/2935/702
f 5034/2936/703 5033/2939/703 5031/2937/704
f 5036/2938/705 5035/2941/705 5033/2939/703
f 5038/2940/706 5037/2943/708 5035/2941/705
f 5040/2942/707 5039/2945/707 5037/2943/708
f 5042/2944/709 5041/2947/711 5039/2945/707
f 5044/2946/710 5043/2949/710 5041/2947/711
f 5046/2948/712 5045/2951/712 5043/2949/710
f 5048/2950/713 5047/2953/713 5045/2951/712
f 5050/2952/714 5049/2955/714 5047/2953/713
f 5052/2954/715 5051/2957/715 5049/2955/714
f 5054/2956/716 5053/2959/716 5051/2957/715
f 5056/2958/717 5055/2961/717 5053/2959/716
f 5058/2960/718 5057/2963/718 5055/2961/717
f 5060/2962/498 5059/2964/498 5057/2963/718
f 4592/1455/470 4591/74/470 5059/2964/498
